rank,player_id,player_name,years,net_value_k,off_value_k,def_value_k,net_rapm,off,def,possessions,off_poss,def_poss,old_rank,old_years,source_file
1,201939,Stephen Curry,2014-18,3.24414959,3.2570937,-0.01294411,10.249,10.29,-0.041,63224,31653,31571,2,2014-18,weighted_factors_decomp_14_18_all_rb_se_a2000_4000.csv
2,2544,LeBron James,2006-10,3.51011982,2.7409300799999996,0.7691897400000001,10.091,7.869,2.222,69449,34832,34617,1,2012-16,weighted_factors_decomp_06_10_all_rb_se_a2000_4000.csv
3,977,Kobe Bryant,2006-10,2.6427248,2.74050336,-0.09777856000000001,7.327,7.599,-0.272,72012,36064,35948,17,2006-10,weighted_factors_decomp_06_10_all_rb_se_a2000_4000.csv
4,959,Steve Nash,2005-09,2.3738156800000003,2.69558928,-0.3217736,7.797,8.856,-1.06,60794,30438,30356,6,2007-11,weighted_factors_decomp_05_09_all_rb_se_a2000_4000.csv
5,201935,James Harden,2014-18,2.44092154,2.6844711400000003,-0.2435496,7.351,8.086,-0.735,66335,33199,33136,19,2014-18,weighted_factors_decomp_14_18_all_rb_se_a2000_4000.csv
6,203999,Nikola Jokić,2022-26,3.06759805,2.64819205,0.419406,10.312,8.897,1.415,59405,29765,29640,3,2022-26,weighted_factors_decomp_22_26_all_rb_se_a2000_4000.csv
7,203081,Damian Lillard,2017-21,1.6219177399999998,2.10561354,-0.4836958,5.498,7.143,-1.645,58882,29478,29404,32,2017-21,weighted_factors_decomp_17_21_all_rb_se_a2000_4000.csv
8,2548,Dwyane Wade,2006-10,2.3015245200000005,2.05330262,0.24822190000000002,8.505,7.586,0.919,54077,27067,27010,9,2006-10,weighted_factors_decomp_06_10_all_rb_se_a2000_4000.csv
9,1628983,Shai Gilgeous-Alexander,2022-26,2.36826339,2.03323264,0.33503075000000004,8.395,7.208,1.187,56433,28208,28225,10,2022-26,weighted_factors_decomp_22_26_all_rb_se_a2000_4000.csv
10,1717,Dirk Nowitzki,2002-06,2.2586642,1.9817564000000003,0.2769078,6.611,5.798,0.813,68240,34180,34060,11,2008-12,weighted_factors_decomp_02_06_all_rb_se_a2000_4000.csv
11,201566,Russell Westbrook,2015-19,1.74944626,1.91854082,-0.16909456000000003,5.787,6.349,-0.562,60306,30218,30088,18,2013-17,weighted_factors_decomp_15_19_all_rb_se_a2000_4000.csv
12,201142,Kevin Durant,2010-14,2.03445285,1.87154457,0.16290828000000002,5.717,5.257,0.459,71093,35601,35492,26,2010-14,weighted_factors_decomp_10_14_all_rb_se_a2000_4000.csv
13,708,Kevin Garnett,2000-04,3.13524051,1.86121516,1.27402535,9.407,5.572,3.835,66624,33403,33221,5,2000-04,weighted_factors_decomp_00_04_all_rb_se_a2000_4000.csv
14,1503,Tracy McGrady,2001-05,1.65652676,1.81857172,-0.16204496000000002,5.474,6.013,-0.539,60308,30244,30064,47,2001-05,weighted_factors_decomp_01_05_all_rb_se_a2000_4000.csv
15,406,Shaquille O'Neal,2000-04,2.31980496,1.81162344,0.50818152,6.99,5.448,1.542,66209,33253,32956,15,1998-02,weighted_factors_decomp_00_04_all_rb_se_a2000_4000.csv
16,1626164,Devin Booker,2020-24,1.39136097,1.76756848,-0.37620751,5.14,6.533,-1.393,54063,27056,27007,49,2020-24,weighted_factors_decomp_20_24_all_rb_se_a2000_4000.csv
17,252,Karl Malone,1997-01,1.53249084,1.76134644,-0.22885560000000002,5.041,5.796,-0.755,60701,30389,30312,55,1997-01,weighted_factors_decomp_97_01_all_rb_se_a2000_4000.csv
18,1628369,Jayson Tatum,2020-24,2.35504138,1.7437188999999997,0.61132248,7.281,5.39,1.891,64679,32351,32328,20,2020-24,weighted_factors_decomp_20_24_all_rb_se_a2000_4000.csv
19,101108,Chris Paul,2014-18,2.46001373,1.7306271500000001,0.72938658,9.525,6.691,2.834,51602,25865,25737,4,2014-18,weighted_factors_decomp_14_18_all_rb_se_a2000_4000.csv
20,1497,Chauncey Billups,2006-10,1.71093514,1.6962606399999998,0.0146745,5.794,5.744,0.05,58880,29531,29349,41,2006-10,weighted_factors_decomp_06_10_all_rb_se_a2000_4000.csv
21,951,Ray Allen,2001-05,1.55357832,1.61036376,-0.05678544,5.558,5.762,-0.204,55784,27948,27836,44,2001-05,weighted_factors_decomp_01_05_all_rb_se_a2000_4000.csv
22,397,Reggie Miller,1998-02,1.3019660000000002,1.5738297200000002,-0.27186372,4.343,5.251,-0.909,59880,29972,29908,82,1998-02,weighted_factors_decomp_98_02_all_rb_se_a2000_4000.csv
23,203078,Bradley Beal,2017-21,0.8908363599999999,1.5730888,-0.6822524400000001,3.098,5.48,-2.382,57348,28706,28642,205,2017-21,weighted_factors_decomp_17_21_all_rb_se_a2000_4000.csv
24,1718,Paul Pierce,2002-06,1.9762507999999999,1.56272104,0.41352976,6.002,4.744,1.258,65813,32941,32872,29,2003-07,weighted_factors_decomp_02_06_all_rb_se_a2000_4000.csv
25,56,Gary Payton,1997-01,1.5637911000000002,1.501262,0.0625291,5.105,4.9,0.205,61140,30638,30502,53,1997-01,weighted_factors_decomp_97_01_all_rb_se_a2000_4000.csv
26,202689,Kemba Walker,2016-20,1.47834012,1.4547832199999997,0.0235569,5.331,5.247,0.085,55440,27726,27714,46,2016-20,weighted_factors_decomp_16_20_all_rb_se_a2000_4000.csv
27,1629027,Trae Young,2019-23,0.33721202000000017,1.43893005,-1.1017180299999998,1.258,5.297,-4.039,54442,27165,27277,254,2018-22,weighted_factors_decomp_19_23_all_rb_se_a2000_4000.csv
28,467,Jason Kidd,2002-06,1.89909562,1.37962562,0.51947,5.962,4.322,1.64,63596,31921,31675,35,2002-06,weighted_factors_decomp_02_06_all_rb_se_a2000_4000.csv
29,1628973,Jalen Brunson,2022-26,0.8856696199999999,1.3633464999999998,-0.47767688,2.886,4.45,-1.564,61179,30637,30542,127,2020-24,weighted_factors_decomp_22_26_all_rb_se_a2000_4000.csv
30,947,Allen Iverson,1997-01,0.5050986300000001,1.356144,-0.8510453699999999,1.683,4.56,-2.877,59321,29740,29581,151,1999-03,weighted_factors_decomp_97_01_all_rb_se_a2000_4000.csv
31,1884,Baron Davis,2004-08,1.61282361,1.35101505,0.26180856,6.644,5.565,1.079,48541,24277,24264,27,2004-08,weighted_factors_decomp_04_08_all_rb_se_a2000_4000.csv
32,1626157,Karl-Anthony Towns,2018-22,1.0755484000000002,1.34438696,-0.26883855999999995,4.667,5.834,-1.168,46061,23044,23017,62,2018-22,weighted_factors_decomp_18_22_all_rb_se_a2000_4000.csv
33,1713,Vince Carter,2000-04,1.5766556200000001,1.3225690600000002,0.25408656,6.254,5.246,1.008,50418,25211,25207,28,1997-01,weighted_factors_decomp_00_04_all_rb_se_a2000_4000.csv
34,1495,Tim Duncan,1999-03,2.68804272,1.309618,1.37842472,8.418,4.09,4.328,63869,32020,31849,8,2001-05,weighted_factors_decomp_99_03_all_rb_se_a2000_4000.csv
35,1740,Rashard Lewis,2005-09,1.4133325800000003,1.25004048,0.1632921,4.793,4.238,0.555,58918,29496,29422,64,2005-09,weighted_factors_decomp_05_09_all_rb_se_a2000_4000.csv
36,1629029,Luka Doncic,2020-24,1.1594709600000002,1.24782546,-0.0883545,4.253,4.578,-0.325,54443,27257,27186,90,2020-24,weighted_factors_decomp_20_24_all_rb_se_a2000_4000.csv
37,1712,Antawn Jamison,2005-09,1.03531748,1.24327236,-0.20795487999999998,3.405,4.092,-0.688,60609,30383,30226,139,2005-09,weighted_factors_decomp_05_09_all_rb_se_a2000_4000.csv
38,202681,Kyrie Irving,2021-25,1.1913093199999998,1.24233866,-0.051029340000000006,5.602,5.843,-0.241,42436,21262,21174,37,2022-26,weighted_factors_decomp_21_25_all_rb_se_a2000_4000.csv
39,2240,Gilbert Arenas,2003-07,0.7314137800000001,1.22270674,-0.49129295999999995,2.433,4.078,-1.644,59867,29983,29884,249,2005-09,weighted_factors_decomp_03_07_all_rb_se_a2000_4000.csv
40,1938,Manu Ginobili,2004-08,1.8409827399999998,1.2070336,0.6339491399999999,7.389,4.832,2.558,49763,24980,24783,16,2004-08,weighted_factors_decomp_04_08_all_rb_se_a2000_4000.csv
41,202695,Kawhi Leonard,2017-21,1.44196721,1.1875599300000002,0.25440728,6.782,5.583,1.198,42507,21271,21236,12,2020-24,weighted_factors_decomp_17_21_all_rb_se_a2000_4000.csv
42,101114,Deron Williams,2007-11,0.83000957,1.16612157,-0.336112,2.753,3.873,-1.12,60119,30109,30010,187,2006-10,weighted_factors_decomp_07_11_all_rb_se_a2000_4000.csv
43,2207,Joe Johnson,2009-13,1.19588714,1.1625005000000002,0.03338664,4.245,4.126,0.119,56231,28175,28056,86,2009-13,weighted_factors_decomp_09_13_all_rb_se_a2000_4000.csv
44,2072,Michael Redd,2003-07,0.3849577899999999,1.16014647,-0.77518868,1.449,4.403,-2.954,52591,26349,26242,256,2005-09,weighted_factors_decomp_03_07_all_rb_se_a2000_4000.csv
45,200768,Kyle Lowry,2015-19,1.9018620600000002,1.15335246,0.7485096000000001,6.546,3.966,2.58,58093,29081,29012,24,2015-19,weighted_factors_decomp_15_19_all_rb_se_a2000_4000.csv
46,203507,Giannis Antetokounmpo,2022-26,1.70345991,1.1317025,0.57175741,7.541,5.002,2.539,45144,22625,22519,13,2019-23,weighted_factors_decomp_22_26_all_rb_se_a2000_4000.csv
47,1628378,Donovan Mitchell,2022-26,1.30911002,1.12146072,0.18764930000000002,5.001,4.283,0.718,52319,26184,26135,60,2021-25,weighted_factors_decomp_22_26_all_rb_se_a2000_4000.csv
48,1891,Jason Terry,2004-08,0.7181289200000001,1.10409392,-0.385965,2.505,3.854,-1.35,57238,28648,28590,240,2005-09,weighted_factors_decomp_04_08_all_rb_se_a2000_4000.csv
49,978,Peja Stojakovic,2004-08,0.8142814800000001,1.0543951200000001,-0.24011364000000002,3.334,4.322,-0.988,48699,24396,24303,145,2004-08,weighted_factors_decomp_04_08_all_rb_se_a2000_4000.csv
50,1890,Shawn Marion,2002-06,1.58245759,1.0165707099999999,0.5658868799999999,4.573,2.939,1.634,69221,34589,34632,67,2001-05,weighted_factors_decomp_02_06_all_rb_se_a2000_4000.csv
51,202331,Paul George,2017-21,1.78625191,1.0163056,0.76994631,6.473,3.68,2.793,55184,27617,27567,25,2019-23,weighted_factors_decomp_17_21_all_rb_se_a2000_4000.csv
52,201950,Jrue Holiday,2019-23,1.31379608,1.0159889999999998,0.29780708,5.047,3.9,1.147,52015,26051,25964,51,2018-22,weighted_factors_decomp_19_23_all_rb_se_a2000_4000.csv
53,2547,Chris Bosh,2006-10,1.1939823,1.00070116,0.19328114000000002,4.599,3.853,0.746,51881,25972,25909,69,2006-10,weighted_factors_decomp_06_10_all_rb_se_a2000_4000.csv
54,1883,Steve Francis,2001-05,1.29215436,0.9867196799999999,0.30543467999999996,4.521,3.452,1.069,57156,28584,28572,72,2001-05,weighted_factors_decomp_01_05_all_rb_se_a2000_4000.csv
55,101150,Lou Williams,2015-19,0.43887185999999995,0.9724995,-0.5336276400000001,1.938,4.305,-2.366,45144,22590,22554,,,weighted_factors_decomp_15_19_all_rb_se_a2000_4000.csv
56,202710,Jimmy Butler III,2020-24,1.2254310300000002,0.9717913800000001,0.25363964999999994,5.028,3.987,1.041,48739,24374,24365,30,2017-21,weighted_factors_decomp_20_24_all_rb_se_a2000_4000.csv
57,2200,Pau Gasol,2007-11,0.8727281199999999,0.9619428999999999,-0.08921478,2.839,3.13,-0.291,61391,30733,30658,144,2005-09,weighted_factors_decomp_07_11_all_rb_se_a2000_4000.csv
58,1905,Andrei Kirilenko,2002-06,1.46884482,0.96155682,0.507288,6.939,4.538,2.4,42326,21189,21137,23,2002-06,weighted_factors_decomp_02_06_all_rb_se_a2000_4000.csv
59,2546,Carmelo Anthony,2006-10,0.5275759200000001,0.9595877200000001,-0.4320118,1.838,3.337,-1.499,57576,28756,28820,149,2012-16,weighted_factors_decomp_06_10_all_rb_se_a2000_4000.csv
60,304,John Stockton,1999-03,1.71745739,0.94939614,0.7680612499999999,7.523,4.158,3.365,45658,22833,22825,14,1998-02,weighted_factors_decomp_99_03_all_rb_se_a2000_4000.csv
61,893,Michael Jordan,1997-01,1.2661143,0.9456579,0.3204564,8.697,6.49,2.207,29091,14571,14520,7,1997-01,weighted_factors_decomp_97_01_all_rb_se_a2000_4000.csv
62,950,Stephon Marbury,1999-03,0.39837224000000004,0.92392872,-0.52555648,1.48,3.432,-1.952,53845,26921,26924,,,weighted_factors_decomp_99_03_all_rb_se_a2000_4000.csv
63,1630162,Anthony Edwards,2022-26,0.8036605600000001,0.9050557300000001,-0.10139516999999999,2.638,2.971,-0.333,60912,30463,30449,272,2022-26,weighted_factors_decomp_22_26_all_rb_se_a2000_4000.csv
64,1882,Elton Brand,2002-06,0.8768191300000001,0.9004712300000001,-0.023652100000000002,3.144,3.229,-0.085,55713,27887,27826,133,2005-09,weighted_factors_decomp_02_06_all_rb_se_a2000_4000.csv
65,202322,John Wall,2014-18,0.9916019799999999,0.89051928,0.10108269999999998,3.477,3.122,0.355,56998,28524,28474,66,2013-17,weighted_factors_decomp_14_18_all_rb_se_a2000_4000.csv
66,1627783,Pascal Siakam,2020-24,1.0726394399999999,0.8874365399999999,0.18520289999999998,3.984,3.294,0.69,53782,26941,26841,70,2019-23,weighted_factors_decomp_20_24_all_rb_se_a2000_4000.csv
67,1889,Andre Miller,2002-06,0.66836328,0.87936504,-0.21100175999999998,2.311,3.039,-0.729,57880,28936,28944,132,2010-14,weighted_factors_decomp_02_06_all_rb_se_a2000_4000.csv
68,1630169,Tyrese Haliburton,2022-26,0.6952177900000002,0.8781857500000001,-0.18296795999999999,3.192,4.033,-0.841,43531,21775,21756,143,2022-26,weighted_factors_decomp_22_26_all_rb_se_a2000_4000.csv
69,201951,Ty Lawson,2011-15,0.5708778399999999,0.8740809999999999,-0.30320315999999997,2.314,3.55,-1.236,49153,24622,24531,161,2010-14,weighted_factors_decomp_11_15_all_rb_se_a2000_4000.csv
70,201144,Mike Conley,2010-14,1.0196363000000002,0.8697296000000001,0.14990670000000003,3.784,3.226,0.558,53825,26960,26865,42,2015-19,weighted_factors_decomp_10_14_all_rb_se_a2000_4000.csv
71,202738,Isaiah Thomas,2014-18,0.29781043999999995,0.8591614999999999,-0.56135106,1.313,3.827,-2.514,44779,22450,22329,247,2010-14,weighted_factors_decomp_14_18_all_rb_se_a2000_4000.csv
72,299,Glenn Robinson,1997-01,0.4701146799999999,0.8443417199999999,-0.37422704,1.815,3.259,-1.444,51824,25908,25916,,,weighted_factors_decomp_97_01_all_rb_se_a2000_4000.csv
73,203954,Joel Embiid,2020-24,1.48581628,0.8402698799999999,0.6455464,7.087,3.999,3.088,41917,21012,20905,21,2019-23,weighted_factors_decomp_20_24_all_rb_se_a2000_4000.csv
74,255,Grant Hill,1997-01,0.9721435800000001,0.8369335000000001,0.13521008,4.522,3.89,0.632,42909,21515,21394,71,1997-01,weighted_factors_decomp_97_01_all_rb_se_a2000_4000.csv
75,89,Nick Van Exel,1997-01,0.17181474000000002,0.8355337399999999,-0.663719,0.684,3.334,-2.65,50107,25061,25046,,,weighted_factors_decomp_97_01_all_rb_se_a2000_4000.csv
76,136,P.J. Brown,1999-03,0.84862765,0.8341160099999999,0.01451164,3.492,3.433,0.059,48893,24297,24596,92,1998-02,weighted_factors_decomp_99_03_all_rb_se_a2000_4000.csv
77,1628368,De'Aaron Fox,2022-26,0.7619395999999999,0.8313325,-0.0693929,2.904,3.17,-0.265,52411,26225,26186,209,2022-26,weighted_factors_decomp_22_26_all_rb_se_a2000_4000.csv
78,202335,Patrick Patterson,2013-17,0.89068738,0.8312115000000001,0.059475879999999995,4.516,4.214,0.302,39419,19725,19694,74,2013-17,weighted_factors_decomp_13_17_all_rb_se_a2000_4000.csv
79,739,Rasheed Wallace,2002-06,1.64765304,0.8158643999999999,0.83178864,5.68,2.808,2.872,58017,29055,28962,38,2000-04,weighted_factors_decomp_02_06_all_rb_se_a2000_4000.csv
80,2045,Hedo Turkoglu,2007-11,0.6599722100000001,0.81366215,-0.15368994,2.381,2.939,-0.558,55228,27685,27543,169,2004-08,weighted_factors_decomp_07_11_all_rb_se_a2000_4000.csv
81,714,Michael Finley,1998-02,0.10536786999999992,0.81313008,-0.7077622100000001,0.346,2.679,-2.333,60689,30352,30337,,,weighted_factors_decomp_98_02_all_rb_se_a2000_4000.csv
82,203468,CJ McCollum,2018-22,0.42929848000000015,0.8089354800000002,-0.37963699999999995,1.607,3.027,-1.42,53459,26724,26735,76,2012-16,weighted_factors_decomp_18_22_all_rb_se_a2000_4000.csv
83,101112,Channing Frye,2010-14,0.6346,0.7884734600000001,-0.15387346000000002,3.312,4.118,-0.806,38238,19147,19091,102,2010-14,weighted_factors_decomp_10_14_all_rb_se_a2000_4000.csv
84,1710,Mike Bibby,2001-05,0.47265105000000013,0.7876740000000001,-0.31502294999999997,1.545,2.58,-1.035,60967,30530,30437,,,weighted_factors_decomp_01_05_all_rb_se_a2000_4000.csv
85,2037,Jamal Crawford,2007-11,0.14196668999999998,0.78573537,-0.64376868,0.551,3.073,-2.523,51085,25569,25516,,,weighted_factors_decomp_07_11_all_rb_se_a2000_4000.csv
86,208,Sam Cassell,1998-02,0.3995986800000001,0.7838782400000002,-0.38427956,1.728,3.394,-1.666,46162,23096,23066,199,2004-08,weighted_factors_decomp_98_02_all_rb_se_a2000_4000.csv
87,1627750,Jamal Murray,2022-26,0.3400590800000001,0.7800376400000001,-0.43997856,1.515,3.482,-1.967,44770,22402,22368,114,2019-23,weighted_factors_decomp_22_26_all_rb_se_a2000_4000.csv
88,200746,LaMarcus Aldridge,2011-15,1.2007407,0.7667729400000001,0.43396776,4.635,2.962,1.674,51811,25887,25924,63,2011-15,weighted_factors_decomp_11_15_all_rb_se_a2000_4000.csv
89,200755,JJ Redick,2014-18,0.6778947300000001,0.7653451200000001,-0.08745039000000002,2.953,3.336,-0.383,45775,22942,22833,178,2014-18,weighted_factors_decomp_14_18_all_rb_se_a2000_4000.csv
90,120,Steven Smith,1998-02,0.46010341,0.76325886,-0.30315545000000005,1.859,3.094,-1.235,49216,24669,24547,,,weighted_factors_decomp_98_02_all_rb_se_a2000_4000.csv
91,896,Tim Hardaway,1997-01,0.8988770299999999,0.7602825299999999,0.13859449999999998,3.662,3.097,0.565,49079,24549,24530,119,1997-01,weighted_factors_decomp_97_01_all_rb_se_a2000_4000.csv
92,200750,Brandon Roy,2007-11,0.52402683,0.76023675,-0.23620992000000002,2.429,3.525,-1.096,43119,21567,21552,110,2009-13,weighted_factors_decomp_07_11_all_rb_se_a2000_4000.csv
93,2405,Amar'e Stoudemire,2004-08,0.51401887,0.7549368,-0.24091792999999997,2.27,3.336,-1.067,45209,22630,22579,276,2004-08,weighted_factors_decomp_04_08_all_rb_se_a2000_4000.csv
94,203114,Khris Middleton,2015-19,1.0613688,0.7536116,0.30775719999999995,4.194,2.974,1.22,50566,25340,25226,81,2015-19,weighted_factors_decomp_15_19_all_rb_se_a2000_4000.csv
95,1630163,LaMelo Ball,2022-26,0.43973658000000004,0.7531660800000001,-0.3134295,2.671,4.588,-1.917,32766,16416,16350,217,2022-26,weighted_factors_decomp_22_26_all_rb_se_a2000_4000.csv
96,201933,Blake Griffin,2010-14,0.8070092099999999,0.7530948,0.053914409999999996,3.628,3.385,0.243,44435,22248,22187,136,2010-14,weighted_factors_decomp_10_14_all_rb_se_a2000_4000.csv
97,201942,DeMar DeRozan,2018-22,0.11496785000000011,0.7511349700000001,-0.63616712,0.415,2.771,-2.356,54109,27107,27002,,,weighted_factors_decomp_18_22_all_rb_se_a2000_4000.csv
98,203110,Draymond Green,2013-17,1.60793646,0.7480515,0.85988496,6.144,2.865,3.278,52342,26110,26232,31,2015-19,weighted_factors_decomp_13_17_all_rb_se_a2000_4000.csv
99,1749,Cuttino Mobley,2000-04,0.54982624,0.7409606400000001,-0.19113440000000004,1.953,2.632,-0.68,56260,28152,28108,,,weighted_factors_decomp_00_04_all_rb_se_a2000_4000.csv
100,201565,Derrick Rose,2009-13,0.60853314,0.7331148,-0.12458166,2.793,3.366,-0.573,43522,21780,21742,105,2011-15,weighted_factors_decomp_09_13_all_rb_se_a2000_4000.csv
101,203500,Steven Adams,2018-22,0.91629815,0.73209,0.18420815000000001,3.987,3.183,0.805,45883,23000,22883,43,2022-26,weighted_factors_decomp_18_22_all_rb_se_a2000_4000.csv
102,201583,Ryan Anderson,2012-16,0.3811626999999999,0.7135647399999999,-0.33240204,2.231,4.193,-1.962,33960,17018,16942,222,2008-12,weighted_factors_decomp_12_16_all_rb_se_a2000_4000.csv
103,201988,Patty Mills,2016-20,0.6334683800000002,0.7085402100000001,-0.07507183,3.208,3.591,-0.383,39332,19731,19601,163,2016-20,weighted_factors_decomp_16_20_all_rb_se_a2000_4000.csv
104,202330,Gordon Hayward,2013-17,0.64051726,0.7019747599999999,-0.061457500000000005,2.581,2.831,-0.25,49379,24796,24583,173,2019-23,weighted_factors_decomp_13_17_all_rb_se_a2000_4000.csv
105,2202,Jason Richardson,2003-07,0.5281583500000001,0.7015847500000001,-0.1734264,2.036,2.701,-0.666,52015,25975,26040,,,weighted_factors_decomp_03_07_all_rb_se_a2000_4000.csv
106,101145,Monta Ellis,2012-16,0.6501016800000001,0.6942375200000002,-0.04413584,2.301,2.458,-0.157,56356,28244,28112,242,2012-16,weighted_factors_decomp_12_16_all_rb_se_a2000_4000.csv
107,101122,Danny Granger,2008-12,0.68517977,0.68697597,-0.0017962,2.672,2.679,-0.007,51303,25643,25660,146,2009-13,weighted_factors_decomp_08_12_all_rb_se_a2000_4000.csv
108,353,Darrell Armstrong,1998-02,0.56324139,0.6864051299999999,-0.12316373999999998,2.572,3.139,-0.567,43589,21867,21722,241,1997-01,weighted_factors_decomp_98_02_all_rb_se_a2000_4000.csv
109,1629632,Coby White,2022-26,0.39303927999999994,0.6820227,-0.28898342000000005,1.897,3.294,-1.397,41391,20705,20686,,,weighted_factors_decomp_22_26_all_rb_se_a2000_4000.csv
110,1630217,Desmond Bane,2022-26,0.67926558,0.6771072,0.0021583799999999997,2.825,2.816,0.009,48027,24045,23982,91,2019-23,weighted_factors_decomp_22_26_all_rb_se_a2000_4000.csv
111,203944,Julius Randle,2021-25,0.71219167,0.6762070600000001,0.03598460999999999,2.775,2.633,0.141,51203,25682,25521,181,2021-25,weighted_factors_decomp_21_25_all_rb_se_a2000_4000.csv
112,2730,Dwight Howard,2007-11,1.38542238,0.67502763,0.71039475,4.343,2.109,2.235,63792,32007,31785,50,2008-12,weighted_factors_decomp_07_11_all_rb_se_a2000_4000.csv
113,2755,Kevin Martin,2007-11,-0.26584992,0.6718019099999999,-0.9376518299999999,-1.204,3.029,-4.233,44330,22179,22151,,,weighted_factors_decomp_07_11_all_rb_se_a2000_4000.csv
114,2594,Kyle Korver,2012-16,0.9905171,0.663404,0.32711310000000005,4.355,2.9,1.455,45358,22876,22482,48,2012-16,weighted_factors_decomp_12_16_all_rb_se_a2000_4000.csv
115,2747,JR Smith,2008-12,0.5219580399999999,0.6626261199999999,-0.14066808,2.764,3.508,-0.744,37796,18889,18907,219,2008-12,weighted_factors_decomp_08_12_all_rb_se_a2000_4000.csv
116,1888,Richard Hamilton,2001-05,0.5973535099999999,0.66200344,-0.06464993,2.046,2.269,-0.223,58167,29176,28991,274,2004-08,weighted_factors_decomp_01_05_all_rb_se_a2000_4000.csv
117,2734,Devin Harris,2008-12,0.43049712,0.6611308,-0.23063368,2.124,3.256,-1.132,40679,20305,20374,194,2007-11,weighted_factors_decomp_08_12_all_rb_se_a2000_4000.csv
118,201609,Goran Dragic,2014-18,0.7450308,0.65816808,0.08686272,2.872,2.536,0.336,51805,25953,25852,152,2014-18,weighted_factors_decomp_14_18_all_rb_se_a2000_4000.csv
119,84,Latrell Sprewell,1999-03,0.19269984000000004,0.6510041999999999,-0.4583043599999999,0.684,2.31,-1.626,56368,28182,28186,298,2000-04,weighted_factors_decomp_99_03_all_rb_se_a2000_4000.csv
120,937,Scottie Pippen,1997-01,0.64849879,0.64746735,0.0010314400000000002,2.509,2.505,0.004,51633,25847,25786,252,1997-01,weighted_factors_decomp_97_01_all_rb_se_a2000_4000.csv
121,711,Jerry Stackhouse,2000-04,0.25456857000000005,0.6445268700000001,-0.38995830000000004,1.009,2.561,-1.553,50277,25167,25110,,,weighted_factors_decomp_00_04_all_rb_se_a2000_4000.csv
122,1630178,Tyrese Maxey,2022-26,0.27690918000000003,0.64162098,-0.3647118,1.019,2.374,-1.355,53943,27027,26916,,,weighted_factors_decomp_22_26_all_rb_se_a2000_4000.csv
123,757,Damon Stoudamire,2001-05,0.23449586999999997,0.64118796,-0.40669209,0.98,2.681,-1.701,47825,23916,23909,,,weighted_factors_decomp_01_05_all_rb_se_a2000_4000.csv
124,202339,Eric Bledsoe,2015-19,0.8576202399999999,0.6352028799999999,0.22241736,3.724,2.756,0.968,46025,23048,22977,124,2012-16,weighted_factors_decomp_15_19_all_rb_se_a2000_4000.csv
125,782,Mitch Richmond,1997-01,0.6396322,0.63393412,0.00569808,3.031,3.004,0.027,42207,21103,21104,179,1997-01,weighted_factors_decomp_97_01_all_rb_se_a2000_4000.csv
126,1628374,Lauri Markkanen,2022-26,0.7914496199999999,0.6260079999999999,0.16544162,4.301,3.4,0.901,36774,18412,18362,79,2022-26,weighted_factors_decomp_22_26_all_rb_se_a2000_4000.csv
127,201588,George Hill,2012-16,0.843015,0.6194895,0.2235255,3.924,2.878,1.045,42915,21525,21390,88,2011-15,weighted_factors_decomp_12_16_all_rb_se_a2000_4000.csv
128,2430,Carlos Boozer,2006-10,0.16886703999999997,0.59941144,-0.4305444,0.722,2.581,-1.859,46384,23224,23160,,,weighted_factors_decomp_06_10_all_rb_se_a2000_4000.csv
129,203490,Otto Porter Jr.,2015-19,0.66789934,0.59476014,0.0731392,2.918,2.598,0.32,45749,22893,22856,65,2018-22,weighted_factors_decomp_15_19_all_rb_se_a2000_4000.csv
130,2732,Ben Gordon,2006-10,0.16061748000000012,0.5931583400000001,-0.43254085999999997,0.624,2.342,-1.718,50504,25327,25177,192,2003-07,weighted_factors_decomp_06_10_all_rb_se_a2000_4000.csv
131,2738,Andre Iguodala,2013-17,1.14808769,0.5860268900000001,0.5620608,4.379,2.237,2.142,52437,26197,26240,59,2012-16,weighted_factors_decomp_13_17_all_rb_se_a2000_4000.csv
132,2749,Jameer Nelson,2009-13,0.8027768599999999,0.5831675199999999,0.21960934000000001,4.269,3.098,1.171,37578,18824,18754,85,2009-13,weighted_factors_decomp_09_13_all_rb_se_a2000_4000.csv
133,787,Barkley,1997-01,0.35590581999999993,0.57780184,-0.22189602,2.627,4.268,-1.641,27060,13538,13522,202,1998-02,weighted_factors_decomp_97_01_all_rb_se_a2000_4000.csv
134,389,Toni Kukoc,1998-02,0.77219057,0.57485475,0.19733582,4.318,3.207,1.111,35687,17925,17762,84,1998-02,weighted_factors_decomp_98_02_all_rb_se_a2000_4000.csv
135,203992,Bogdan Bogdanovic,2020-24,0.59223016,0.569232,0.022998160000000004,2.996,2.88,0.116,39591,19765,19826,188,2020-24,weighted_factors_decomp_20_24_all_rb_se_a2000_4000.csv
136,1629636,Darius Garland,2022-26,0.49994149000000004,0.5691235,-0.06918201,2.22,2.53,-0.309,44884,22495,22389,175,2019-23,weighted_factors_decomp_22_26_all_rb_se_a2000_4000.csv
137,201954,Darren Collison,2015-19,0.47194996,0.56784948,-0.09589952000000002,2.275,2.739,-0.464,41400,20732,20668,280,2015-19,weighted_factors_decomp_15_19_all_rb_se_a2000_4000.csv
138,202691,Klay Thompson,2014-18,0.7023722399999999,0.56542814,0.13694409999999999,2.103,1.693,0.41,66799,33398,33401,128,2012-16,weighted_factors_decomp_14_18_all_rb_se_a2000_4000.csv
139,445,Wesley Person,1999-03,0.3875979,0.5592391,-0.1716412,2.236,3.227,-0.991,34650,17330,17320,285,1999-03,weighted_factors_decomp_99_03_all_rb_se_a2000_4000.csv
140,1630559,Austin Reaves,2022-26,0.6476272800000001,0.5579899600000001,0.08963732,2.768,2.386,0.383,46790,23386,23404,207,2022-26,weighted_factors_decomp_22_26_all_rb_se_a2000_4000.csv
141,202711,Bojan Bogdanovic,2019-23,0.23627766000000008,0.55712808,-0.32085041999999997,0.993,2.346,-1.353,47462,23748,23714,,,weighted_factors_decomp_19_23_all_rb_se_a2000_4000.csv
142,201567,Kevin Love,2011-15,0.5718523,0.5554528000000001,0.0163995,2.609,2.534,0.075,43786,21920,21866,155,2010-14,weighted_factors_decomp_11_15_all_rb_se_a2000_4000.csv
143,203903,Jordan Clarkson,2019-23,0.025927059999999984,0.55508466,-0.5291576,0.122,2.602,-2.48,42670,21333,21337,,,weighted_factors_decomp_19_23_all_rb_se_a2000_4000.csv
144,1723,Matt Harpring,2003-07,0.27208802000000004,0.5548455999999999,-0.28275757999999995,1.354,2.768,-1.414,40042,20045,19997,,,weighted_factors_decomp_03_07_all_rb_se_a2000_4000.csv
145,952,Antoine Walker,1999-03,-0.01798467000000005,0.55298068,-0.57096535,-0.064,1.838,-1.901,60121,30086,30035,,,weighted_factors_decomp_99_03_all_rb_se_a2000_4000.csv
146,201569,Eric Gordon,2015-19,0.58289064,0.54526128,0.03762936,2.506,2.344,0.162,46490,23262,23228,233,2015-19,weighted_factors_decomp_15_19_all_rb_se_a2000_4000.csv
147,2571,Leandro Barbosa,2006-10,-0.040127570000000105,0.5402019699999999,-0.58032954,-0.196,2.597,-2.793,41579,20801,20778,,,weighted_factors_decomp_06_10_all_rb_se_a2000_4000.csv
148,201587,Nicolas Batum,2013-17,0.44830982999999996,0.5339380499999999,-0.08562822,1.716,2.043,-0.327,52321,26135,26186,265,2021-25,weighted_factors_decomp_13_17_all_rb_se_a2000_4000.csv
149,96,Detlef Schrempf,1997-01,0.49552055999999994,0.5289055199999999,-0.03338496,2.72,2.904,-0.184,36357,18213,18144,226,1997-01,weighted_factors_decomp_97_01_all_rb_se_a2000_4000.csv
150,2572,Josh Howard,2003-07,0.64481409,0.52156125,0.12325283999999999,3.429,2.775,0.654,37641,18795,18846,118,2005-09,weighted_factors_decomp_03_07_all_rb_se_a2000_4000.csv
151,1628969,Mikal Bridges,2020-24,0.94625847,0.51987072,0.42638775000000007,3.231,1.776,1.455,58577,29272,29305,170,2020-24,weighted_factors_decomp_20_24_all_rb_se_a2000_4000.csv
152,1802,Brad Miller,2004-08,0.94366028,0.51863048,0.4250298,3.851,2.111,1.74,48995,24568,24427,104,2004-08,weighted_factors_decomp_04_08_all_rb_se_a2000_4000.csv
153,203932,Aaron Gordon,2019-23,0.90763797,0.51851874,0.38911923000000004,3.795,2.166,1.629,47826,23939,23887,113,2019-23,weighted_factors_decomp_19_23_all_rb_se_a2000_4000.csv
154,2225,Tony Parker,2009-13,0.8059689499999999,0.5176752,0.28829375,3.326,2.13,1.195,48429,24304,24125,154,2009-13,weighted_factors_decomp_09_13_all_rb_se_a2000_4000.csv
155,1630532,Franz Wagner,2021-25,1.1400457000000002,0.5168228800000001,0.62322282,5.678,2.576,3.102,40154,20063,20091,39,2021-25,weighted_factors_decomp_21_25_all_rb_se_a2000_4000.csv
156,201568,Danilo Gallinari,2016-20,0.43887041000000004,0.5163623700000001,-0.07749196000000001,2.41,2.837,-0.427,36349,18201,18148,130,2015-19,weighted_factors_decomp_16_20_all_rb_se_a2000_4000.csv
157,210,Terrell Brandon,1997-01,0.52021951,0.5149865499999999,0.00523296,2.376,2.351,0.024,43709,21905,21804,269,1997-01,weighted_factors_decomp_97_01_all_rb_se_a2000_4000.csv
158,124,Vlade Divac,1997-01,1.18958345,0.5108212,0.6787622500000001,5.022,2.155,2.867,47379,23704,23675,56,1997-01,weighted_factors_decomp_97_01_all_rb_se_a2000_4000.csv
159,1629630,Ja Morant,2020-24,0.35409148000000007,0.507324,-0.15323251999999998,1.868,2.68,-0.812,37801,18930,18871,257,2017-21,weighted_factors_decomp_20_24_all_rb_se_a2000_4000.csv
160,101181,Jose Calderon,2008-12,0.17616984999999993,0.5069697999999999,-0.33079995,0.863,2.51,-1.647,40283,20198,20085,,,weighted_factors_decomp_08_12_all_rb_se_a2000_4000.csv
161,1887,Wally Szczerbiak,1999-03,0.32994338999999995,0.50543385,-0.17549046,1.632,2.505,-0.873,40279,20177,20102,245,1998-02,weighted_factors_decomp_99_03_all_rb_se_a2000_4000.csv
162,204,Hornacek,1997-01,0.53476812,0.4979878,0.036780320000000005,2.721,2.533,0.188,39224,19660,19564,227,1997-01,weighted_factors_decomp_97_01_all_rb_se_a2000_4000.csv
163,1627741,Buddy Hield,2018-22,0.29949509999999996,0.49496520000000005,-0.19547010000000004,1.235,2.04,-0.805,48545,24263,24282,,,weighted_factors_decomp_18_22_all_rb_se_a2000_4000.csv
164,1897,Metta World Peace,2004-08,1.1696188100000002,0.486685,0.6829338100000001,5.716,2.375,3.341,40933,20492,20441,40,2005-09,weighted_factors_decomp_04_08_all_rb_se_a2000_4000.csv
165,1630202,Payton Pritchard,2022-26,0.29873703999999995,0.48205154999999994,-0.18331451,1.596,2.573,-0.977,37498,18735,18763,,,weighted_factors_decomp_22_26_all_rb_se_a2000_4000.csv
166,779,Glen Rice,1997-01,0.10246144999999995,0.48050065000000003,-0.3780392000000001,0.392,1.855,-1.463,51743,25903,25840,,,weighted_factors_decomp_97_01_all_rb_se_a2000_4000.csv
167,101109,Raymond Felton,2010-14,0.25849734,0.47907258,-0.22057523999999998,1.105,2.051,-0.947,46650,23358,23292,,,weighted_factors_decomp_10_14_all_rb_se_a2000_4000.csv
168,1630166,Deni Avdija,2022-26,0.46726887999999994,0.47868676,-0.01141788,2.095,2.146,-0.051,44694,22306,22388,,,weighted_factors_decomp_22_26_all_rb_se_a2000_4000.csv
169,1627827,Dorian Finney-Smith,2021-25,0.7720935,0.478296,0.2937975,3.39,2.1,1.29,45551,22776,22775,137,2018-22,weighted_factors_decomp_21_25_all_rb_se_a2000_4000.csv
170,201980,Danny Green,2018-22,0.7224465299999999,0.4752390799999999,0.24720745,3.286,2.159,1.127,43947,22012,21935,111,2011-15,weighted_factors_decomp_18_22_all_rb_se_a2000_4000.csv
171,2736,Luol Deng,2004-08,0.5884270200000001,0.47495478,0.11347224,3.039,2.451,0.588,38676,19378,19298,115,2007-11,weighted_factors_decomp_04_08_all_rb_se_a2000_4000.csv
172,1800,Damon Jones,2004-08,0.11499817999999994,0.47479774999999996,-0.35979957,0.568,2.401,-1.833,39404,19775,19629,,,weighted_factors_decomp_04_08_all_rb_se_a2000_4000.csv
173,201937,Ricky Rubio,2013-17,0.6767632,0.4719526,0.20481059999999995,3.493,2.434,1.059,38730,19390,19340,52,2012-16,weighted_factors_decomp_13_17_all_rb_se_a2000_4000.csv
174,203482,Kelly Olynyk,2018-22,0.36110575,0.46966,-0.10855425,2.207,2.875,-0.667,32611,16336,16275,,,weighted_factors_decomp_18_22_all_rb_se_a2000_4000.csv
175,101135,David Lee,2007-11,-0.038848710000000036,0.46859009999999995,-0.50743881,-0.155,1.906,-2.061,49206,24585,24621,,,weighted_factors_decomp_07_11_all_rb_se_a2000_4000.csv
176,2561,David West,2009-13,0.6216674400000001,0.46600944000000005,0.155658,2.394,1.794,0.6,51919,25976,25943,200,2012-16,weighted_factors_decomp_09_13_all_rb_se_a2000_4000.csv
177,224,Eddie Jones,2000-04,1.2475731799999998,0.4636214,0.78395178,4.919,1.826,3.093,50736,25390,25346,58,2000-04,weighted_factors_decomp_00_04_all_rb_se_a2000_4000.csv
178,1536,Stephen Jackson,2007-11,0.50133069,0.4603961,0.04093459,1.849,1.697,0.151,54239,27130,27109,284,2005-09,weighted_factors_decomp_07_11_all_rb_se_a2000_4000.csv
179,2419,Tayshaun Prince,2007-11,0.49887946,0.45801749999999997,0.040861959999999996,1.923,1.765,0.158,51812,25950,25862,215,2004-08,weighted_factors_decomp_07_11_all_rb_se_a2000_4000.csv
180,1627832,Fred VanVleet,2021-25,0.87695048,0.45654335999999995,0.42040712,3.612,1.876,1.736,48553,24336,24217,109,2022-26,weighted_factors_decomp_21_25_all_rb_se_a2000_4000.csv
181,203897,Zach LaVine,2019-23,0.03035035000000005,0.45616992,-0.4258195699999999,0.136,1.929,-1.793,47397,23648,23749,,,weighted_factors_decomp_19_23_all_rb_se_a2000_4000.csv
182,2034,Mike Miller,2001-05,0.58611399,0.44997117,0.13614282,2.739,2.101,0.638,42756,21417,21339,224,2001-05,weighted_factors_decomp_01_05_all_rb_se_a2000_4000.csv
183,1629639,Tyler Herro,2021-25,0.18130174,0.44891764,-0.2676159,0.821,2.036,-1.215,44075,22049,22026,,,weighted_factors_decomp_21_25_all_rb_se_a2000_4000.csv
184,2047,Quentin Richardson,2001-05,0.37538104999999994,0.44861345999999996,-0.07323241,1.843,2.202,-0.359,40772,20373,20399,,,weighted_factors_decomp_01_05_all_rb_se_a2000_4000.csv
185,1628379,Luke Kennard,2022-26,0.307667,0.43737293,-0.12970593,1.9,2.701,-0.801,32386,16193,16193,,,weighted_factors_decomp_22_26_all_rb_se_a2000_4000.csv
186,202703,Nikola Mirotic,2015-19,0.53697165,0.42865062000000004,0.10832103,3.079,2.458,0.621,34882,17439,17443,95,2014-18,weighted_factors_decomp_15_19_all_rb_se_a2000_4000.csv
187,15,Eric Piatkowski,1999-03,0.24220343000000003,0.42709455,-0.18489112,1.553,2.745,-1.192,31070,15559,15511,296,2001-05,weighted_factors_decomp_99_03_all_rb_se_a2000_4000.csv
188,202683,Enes Freedom,2015-19,-0.10644321999999999,0.42672708,-0.5331703,-0.559,2.223,-2.782,38361,19196,19165,190,2020-24,weighted_factors_decomp_15_19_all_rb_se_a2000_4000.csv
189,203484,Kentavious Caldwell-Pope,2015-19,0.49210116,0.42618458,0.06591658000000002,1.959,1.697,0.262,50273,25114,25159,228,2012-16,weighted_factors_decomp_15_19_all_rb_se_a2000_4000.csv
190,203501,Tim Hardaway Jr.,2017-21,0.26492452,0.42253288,-0.15760836,1.197,1.912,-0.714,44173,22099,22074,,,weighted_factors_decomp_17_21_all_rb_se_a2000_4000.csv
191,2588,Matt Bonner,2009-13,0.43219055,0.42131584000000005,0.010874710000000001,3.021,2.944,0.077,28434,14311,14123,162,2008-12,weighted_factors_decomp_09_13_all_rb_se_a2000_4000.csv
192,2440,Matt Barnes,2010-14,0.51682045,0.42056604999999997,0.0962544,2.843,2.315,0.528,36397,18167,18230,197,2010-14,weighted_factors_decomp_10_14_all_rb_se_a2000_4000.csv
193,2046,Desmond Mason,2001-05,0.2208784,0.41630352,-0.19542511999999998,0.918,1.732,-0.814,48044,24036,24008,,,weighted_factors_decomp_01_05_all_rb_se_a2000_4000.csv
194,101141,Ersan Ilyasova,2009-13,0.5151810499999999,0.41404294999999997,0.1011381,3.638,2.923,0.714,28330,14165,14165,122,2009-13,weighted_factors_decomp_09_13_all_rb_se_a2000_4000.csv
195,203552,Seth Curry,2018-22,0.43215388,0.4139094,0.01824448,2.739,2.623,0.116,31508,15780,15728,159,2017-21,weighted_factors_decomp_18_22_all_rb_se_a2000_4000.csv
196,202702,Kenneth Faried,2014-18,0.15197305000000005,0.41231632000000007,-0.26034327,0.99,2.672,-1.683,30900,15431,15469,,,weighted_factors_decomp_14_18_all_rb_se_a2000_4000.csv
197,1629008,Michael Porter Jr.,2019-23,0.29917503,0.41095089,-0.11177585999999999,2.35,3.231,-0.882,25392,12719,12673,267,2019-23,weighted_factors_decomp_19_23_all_rb_se_a2000_4000.csv
198,2203,Shane Battier,2007-11,0.84282645,0.40911060000000005,0.43371585,3.235,1.57,1.665,52107,26058,26049,98,2005-09,weighted_factors_decomp_07_11_all_rb_se_a2000_4000.csv
199,1498,Antonio Daniels,2003-07,0.20269838,0.40878542,-0.20608703999999997,1.157,2.341,-1.184,34868,17462,17406,,,weighted_factors_decomp_03_07_all_rb_se_a2000_4000.csv
200,202722,Davis Bertans,2019-23,0.24974751000000003,0.40591785,-0.15617034000000002,1.876,3.055,-1.179,26533,13287,13246,235,2018-22,weighted_factors_decomp_19_23_all_rb_se_a2000_4000.csv
