player_id,player_name,Latest_Year,box_prior_source,prior_total_off,factor_off_poss,factor_def_poss,factor_possessions,prior_oTS,prior_dTS,prior_oTOV,prior_dTOV,prior_oSC,prior_dSC,prior_off,prior_def,prior_net,prior_total_def,prior_total_net,pure_oTS,pure_dTS,pure_oTOV,pure_dTOV,pure_oSC,pure_dSC,pure_off,pure_def,pure_net,box_oTS,box_dTS,box_oTOV,box_dTOV,box_oSC,box_dSC,box_off,box_def,box_net,pure_RESID,prior_RESID,shift_oTS,shift_oTOV,shift_oSC,shift_dTS,shift_dTOV,shift_dSC,shift_off,shift_def,shift_net
203999,Nikola Jokić,2023,"../results/rs_posterior_priors/manifest.json (LOSO; inserted at ps1, a7000_7000; box_ cols unscaled)",6.109,1564,1545,3109,6.087,-0.157,-0.528,0.19,0.548,1.273,6.107,1.306,7.413,1.306,7.415,1.159,0.296,0.157,-0.217,-0.022,0.386,1.294,0.465,1.759,6.889,-0.39,-0.581,0.475,0.546,1.08,6.854,1.165,8.019,0.0,0.002,4.928,-0.685,0.57,-0.453,0.407,0.887,4.813,0.841,5.654
202710,Jimmy Butler III,2023,"../results/rs_posterior_priors/manifest.json (LOSO; inserted at ps1, a7000_7000; box_ cols unscaled)",5.722,1709,1697,3406,2.697,-0.853,2.232,1.66,0.795,0.372,5.724,1.179,6.903,1.179,6.901,-0.465,-0.819,0.013,0.385,-0.35,0.297,-0.802,-0.137,-0.939,3.117,-0.568,2.473,1.669,0.884,0.376,6.474,1.477,7.951,0.0,-0.002,3.162,2.219,1.145,-0.034,1.275,0.075,6.526,1.316,7.842
202695,Kawhi Leonard,2023,"../results/rs_posterior_priors/manifest.json (LOSO; inserted at ps1, a7000_7000; box_ cols unscaled)",4.399,163,162,325,3.148,0.146,2.036,0.496,-0.785,0.354,4.399,0.996,5.395,0.995,5.394,-0.066,-0.353,-0.179,-0.062,0.245,0.128,0.0,-0.287,-0.287,3.841,0.742,2.249,0.531,-0.896,0.362,5.194,1.635,6.829,0.0,-0.001,3.214,2.215,-1.03,0.499,0.558,0.226,4.399,1.283,5.682
201939,Stephen Curry,2023,"../results/rs_posterior_priors/manifest.json (LOSO; inserted at ps1, a7000_7000; box_ cols unscaled)",5.194,1042,1052,2094,5.073,-0.066,-0.025,-0.022,0.144,0.27,5.192,0.182,5.374,0.182,5.376,1.361,-0.019,-0.307,0.123,-0.175,0.061,0.879,0.165,1.044,5.802,-0.098,0.215,-0.098,0.157,0.477,6.174,0.281,6.455,0.0,0.002,3.712,0.282,0.319,-0.047,-0.145,0.209,4.313,0.017,4.33
1628973,Jalen Brunson,2023,"../results/rs_posterior_priors/manifest.json (LOSO; inserted at ps1, a7000_7000; box_ cols unscaled)",5.135,838,841,1679,3.232,-1.156,2.249,1.042,-0.348,-0.068,5.133,-0.182,4.951,-0.183,4.952,0.916,0.107,-0.063,-0.029,0.342,-0.017,1.195,0.061,1.256,3.814,-1.017,2.503,1.045,-0.295,0.039,6.022,0.067,6.089,-0.0,0.001,2.316,2.312,-0.69,-1.263,1.071,-0.051,3.938,-0.243,3.695
203076,Anthony Davis,2023,"../results/rs_posterior_priors/manifest.json (LOSO; inserted at ps1, a7000_7000; box_ cols unscaled)",2.243,1248,1239,2487,0.866,2.154,-0.018,-0.336,1.395,0.792,2.243,2.61,4.853,2.611,4.854,0.277,0.26,0.257,-0.028,0.52,-0.036,1.054,0.196,1.25,1.766,2.514,0.016,-0.417,1.262,0.907,3.044,3.004,6.048,0.0,0.001,0.589,-0.275,0.875,1.894,-0.308,0.828,1.189,2.414,3.603
203954,Joel Embiid,2023,"../results/rs_posterior_priors/manifest.json (LOSO; inserted at ps1, a7000_7000; box_ cols unscaled)",3.431,642,639,1281,4.988,1.166,-0.808,-0.497,-0.75,0.622,3.43,1.291,4.721,1.292,4.723,-0.247,0.033,-0.139,-0.362,-0.097,0.412,-0.483,0.083,-0.4,6.312,1.502,-0.554,-0.369,-1.013,0.55,4.745,1.683,6.428,0.0,0.002,5.235,-0.669,-0.653,1.133,-0.135,0.21,3.913,1.208,5.121
203507,Giannis Antetokounmpo,2023,"../results/rs_posterior_priors/manifest.json (LOSO; inserted at ps1, a7000_7000; box_ cols unscaled)",3.162,201,197,398,2.464,1.689,-0.133,-0.737,0.831,0.584,3.162,1.536,4.698,1.536,4.698,-0.369,-0.327,-0.272,0.053,-0.264,0.053,-0.905,-0.221,-1.126,3.32,2.493,0.06,-0.783,0.912,0.657,4.292,2.367,6.659,0.0,0.0,2.833,0.139,1.095,2.016,-0.79,0.531,4.067,1.757,5.824
1628369,Jayson Tatum,2023,"../results/rs_posterior_priors/manifest.json (LOSO; inserted at ps1, a7000_7000; box_ cols unscaled)",4.205,1569,1563,3132,3.326,0.389,0.82,-0.376,0.061,0.178,4.207,0.191,4.398,0.191,4.396,0.751,0.062,0.147,-0.089,0.245,0.105,1.143,0.078,1.221,4.413,0.752,0.986,-0.364,-0.286,0.458,5.113,0.846,5.959,0.0,-0.002,2.575,0.673,-0.184,0.327,-0.287,0.073,3.064,0.113,3.177
1629630,Ja Morant,2023,"../results/rs_posterior_priors/manifest.json (LOSO; inserted at ps1, a7000_7000; box_ cols unscaled)",3.07,394,391,785,1.403,0.94,1.244,0.275,0.422,-0.223,3.069,0.992,4.061,0.992,4.062,-0.965,-0.021,-0.204,0.142,0.24,-0.215,-0.929,-0.094,-1.023,2.4,1.388,1.539,0.25,0.384,-0.032,4.323,1.606,5.929,0.0,0.001,2.368,1.448,0.182,0.961,0.133,-0.008,3.998,1.086,5.084
201950,Jrue Holiday,2023,"../results/rs_posterior_priors/manifest.json (LOSO; inserted at ps1, a7000_7000; box_ cols unscaled)",2.64,405,399,804,2.107,0.421,0.582,0.324,-0.049,0.259,2.64,1.004,3.644,1.002,3.642,0.271,-0.985,-0.022,0.226,0.021,0.22,0.27,-0.539,-0.269,2.766,1.757,0.682,0.13,-0.073,0.233,3.375,2.12,5.495,0.0,-0.002,1.836,0.604,-0.07,1.406,0.098,0.039,2.37,1.543,3.913
1628378,Donovan Mitchell,2023,"../results/rs_posterior_priors/manifest.json (LOSO; inserted at ps1, a7000_7000; box_ cols unscaled)",3.393,387,381,768,3.11,-0.313,0.791,0.617,-0.51,-0.143,3.391,0.161,3.552,0.161,3.554,0.026,0.413,-0.274,0.085,-0.384,-0.672,-0.632,-0.174,-0.806,3.997,-0.152,1.079,0.576,-0.362,0.294,4.714,0.718,5.432,0.0,0.002,3.084,1.065,-0.126,-0.726,0.532,0.529,4.023,0.335,4.358
201142,Kevin Durant,2023,"../results/rs_posterior_priors/manifest.json (LOSO; inserted at ps1, a7000_7000; box_ cols unscaled)",2.644,950,943,1893,4.179,1.229,-0.457,-0.651,-1.077,-0.068,2.645,0.51,3.155,0.508,3.152,1.149,-0.412,0.154,-0.076,-0.158,-0.113,1.145,-0.601,0.544,4.736,1.978,-0.274,-0.568,-0.973,0.152,3.489,1.562,5.051,-0.0,-0.003,3.03,-0.611,-0.919,1.641,-0.575,0.045,1.5,1.111,2.611
2544,LeBron James,2023,"../results/rs_posterior_priors/manifest.json (LOSO; inserted at ps1, a7000_7000; box_ cols unscaled)",2.724,1261,1265,2526,2.13,0.175,0.867,-0.148,-0.273,0.297,2.724,0.324,3.048,0.324,3.048,0.178,-0.407,-0.121,0.046,-0.091,0.122,-0.034,-0.239,-0.273,3.051,0.863,1.054,-0.294,-0.255,0.306,3.85,0.875,4.725,0.0,0.0,1.952,0.988,-0.182,0.582,-0.194,0.175,2.758,0.563,3.321
1626164,Devin Booker,2023,"../results/rs_posterior_priors/manifest.json (LOSO; inserted at ps1, a7000_7000; box_ cols unscaled)",4.441,935,938,1873,3.749,-0.657,0.989,-0.186,-0.297,-0.596,4.441,-1.439,3.002,-1.44,3.001,1.578,-0.307,-0.149,-0.037,-0.49,-0.463,0.939,-0.807,0.132,4.167,-0.002,1.275,-0.126,-0.084,-0.173,5.358,-0.301,5.057,0.0,-0.001,2.171,1.138,0.193,-0.35,-0.149,-0.133,3.502,-0.632,2.87
1628368,De'Aaron Fox,2023,"../results/rs_posterior_priors/manifest.json (LOSO; inserted at ps1, a7000_7000; box_ cols unscaled)",3.945,587,586,1173,2.027,-1.02,1.618,0.01,0.299,0.066,3.944,-0.944,3.0,-0.943,3.002,-0.235,-0.165,-0.091,-0.104,0.4,-0.067,0.074,-0.336,-0.262,3.114,-0.95,1.814,0.101,0.062,0.223,4.99,-0.626,4.364,0.0,0.002,2.262,1.709,-0.101,-0.855,0.114,0.133,3.87,-0.608,3.262
101108,Chris Paul,2023,"../results/rs_posterior_priors/manifest.json (LOSO; inserted at ps1, a7000_7000; box_ cols unscaled)",1.988,505,502,1007,0.337,0.193,1.962,0.918,-0.311,-0.198,1.988,0.913,2.901,0.912,2.9,0.269,0.167,-0.011,0.25,0.304,-0.151,0.562,0.266,0.828,1.056,0.638,2.213,0.828,-0.398,0.055,2.871,1.521,4.392,0.0,-0.001,0.068,1.973,-0.615,0.026,0.668,-0.047,1.426,0.647,2.073
201935,James Harden,2023,"../results/rs_posterior_priors/manifest.json (LOSO; inserted at ps1, a7000_7000; box_ cols unscaled)",2.801,807,807,1614,2.142,-0.366,0.52,0.347,0.139,0.104,2.801,0.085,2.886,0.086,2.887,-1.121,-0.595,-0.165,0.011,-0.014,0.185,-1.3,-0.399,-1.699,3.589,0.267,0.746,0.322,-0.089,0.181,4.246,0.77,5.016,0.0,0.001,3.263,0.685,0.153,0.229,0.336,-0.081,4.101,0.484,4.585
203932,Aaron Gordon,2023,"../results/rs_posterior_priors/manifest.json (LOSO; inserted at ps1, a7000_7000; box_ cols unscaled)",1.625,1400,1411,2811,0.198,1.198,0.662,-0.505,0.764,0.247,1.624,0.94,2.564,0.94,2.565,1.242,1.017,0.933,-0.113,-0.427,0.318,1.748,1.222,2.97,0.741,0.638,0.41,-0.326,0.95,0.053,2.101,0.365,2.466,0.0,0.001,-1.044,-0.271,1.191,0.181,-0.392,-0.071,-0.124,-0.282,-0.406
1629027,Trae Young,2023,"../results/rs_posterior_priors/manifest.json (LOSO; inserted at ps1, a7000_7000; box_ cols unscaled)",3.663,486,486,972,3.954,-1.083,0.117,0.511,-0.407,-0.53,3.664,-1.102,2.562,-1.101,2.562,-1.147,-0.549,-0.355,-0.031,0.469,0.129,-1.033,-0.451,-1.484,4.923,-0.554,0.409,0.492,-0.595,-0.52,4.737,-0.582,4.155,-0.0,-0.0,5.101,0.472,-0.876,-0.534,0.542,-0.659,4.697,-0.651,4.046
1629636,Darius Garland,2023,"../results/rs_posterior_priors/manifest.json (LOSO; inserted at ps1, a7000_7000; box_ cols unscaled)",2.18,360,358,718,1.72,-0.208,0.687,0.992,-0.229,-0.402,2.178,0.382,2.56,0.382,2.562,-0.808,0.302,-0.253,0.137,-0.202,-0.537,-1.263,-0.098,-1.361,2.835,0.014,0.971,0.93,-0.136,-0.041,3.67,0.903,4.573,-0.0,0.002,2.528,0.94,-0.027,-0.51,0.855,0.135,3.441,0.48,3.921
1630559,Austin Reaves,2023,"../results/rs_posterior_priors/manifest.json (LOSO; inserted at ps1, a7000_7000; box_ cols unscaled)",2.189,1184,1176,2360,2.327,0.555,-0.367,-0.064,0.228,-0.304,2.188,0.187,2.375,0.189,2.378,-0.034,0.519,0.261,0.132,0.409,0.059,0.636,0.71,1.346,3.366,0.71,-0.34,-0.239,0.128,-0.271,3.154,0.2,3.354,0.0,0.003,2.361,-0.628,-0.181,0.036,-0.196,-0.363,1.552,-0.523,1.029
1630193,Immanuel Quickley,2023,"../results/rs_posterior_priors/manifest.json (LOSO; inserted at ps1, a7000_7000; box_ cols unscaled)",0.733,331,337,668,-1.027,1.685,0.995,0.172,0.765,-0.3,0.733,1.557,2.29,1.557,2.29,-1.494,0.757,-0.262,0.121,0.437,-0.084,-1.319,0.794,-0.525,0.08,1.674,1.219,0.106,0.689,-0.196,1.988,1.584,3.572,0.0,0.0,0.467,1.257,0.328,0.928,0.051,-0.216,2.052,0.763,2.815
1630217,Desmond Bane,2023,"../results/rs_posterior_priors/manifest.json (LOSO; inserted at ps1, a7000_7000; box_ cols unscaled)",1.693,476,481,957,1.51,1.027,-0.101,-0.215,0.282,-0.509,1.691,0.303,1.994,0.303,1.996,-0.85,0.373,-0.177,0.192,0.084,-0.46,-0.943,0.105,-0.838,2.467,1.277,0.212,-0.271,0.298,-0.181,2.977,0.825,3.802,-0.0,0.002,2.36,0.076,0.198,0.654,-0.407,-0.049,2.634,0.198,2.832
1628991,Jaren Jackson Jr.,2023,"../results/rs_posterior_priors/manifest.json (LOSO; inserted at ps1, a7000_7000; box_ cols unscaled)",-1.273,456,457,913,-0.898,3.181,-0.578,0.202,0.202,-0.141,-1.274,3.242,1.968,3.241,1.968,-0.877,0.521,-0.148,0.107,-0.418,-0.512,-1.443,0.116,-1.327,0.052,3.357,-0.282,0.187,0.357,0.219,0.127,3.763,3.89,0.0,0.0,-0.021,-0.43,0.62,2.66,0.095,0.371,0.169,3.126,3.295
1629651,Nicolas Claxton,2023,"../results/rs_posterior_priors/manifest.json (LOSO; inserted at ps1, a7000_7000; box_ cols unscaled)",-0.315,218,219,437,0.57,2.915,-0.928,0.016,0.043,-0.742,-0.315,2.189,1.874,2.188,1.873,-0.252,0.415,-0.212,-0.07,-0.256,-0.445,-0.72,-0.1,-0.82,1.328,3.009,-0.7,0.083,0.116,-0.361,0.744,2.731,3.475,0.0,-0.001,0.822,-0.716,0.299,2.5,0.086,-0.297,0.405,2.289,2.694
1627763,Malcolm Brogdon,2023,"../results/rs_posterior_priors/manifest.json (LOSO; inserted at ps1, a7000_7000; box_ cols unscaled)",2.251,934,929,1863,0.71,-0.155,1.04,-0.174,0.503,-0.105,2.253,-0.434,1.819,-0.435,1.816,1.561,0.448,0.128,-0.141,-0.389,-0.232,1.3,0.075,1.375,1.108,-0.012,1.17,-0.108,0.662,0.251,2.94,0.131,3.071,0.0,-0.003,-0.851,0.912,0.892,-0.603,-0.033,0.127,0.953,-0.509,0.444
1630162,Anthony Edwards,2023,"../results/rs_posterior_priors/manifest.json (LOSO; inserted at ps1, a7000_7000; box_ cols unscaled)",1.063,386,384,770,2.09,0.091,-0.135,0.333,-0.891,0.153,1.064,0.577,1.641,0.577,1.64,1.181,-0.477,-0.118,0.006,-0.202,0.038,0.861,-0.433,0.428,2.481,0.673,-0.027,0.434,-0.847,0.218,1.607,1.325,2.932,0.0,-0.001,0.909,-0.017,-0.689,0.568,0.327,0.115,0.203,1.01,1.213
1628401,Derrick White,2023,"../results/rs_posterior_priors/manifest.json (LOSO; inserted at ps1, a7000_7000; box_ cols unscaled)",0.45,1166,1164,2330,-0.489,1.669,0.827,-0.131,0.113,-0.614,0.451,0.924,1.375,0.924,1.374,-0.856,0.223,0.686,-0.377,0.07,-0.606,-0.1,-0.76,-0.86,0.902,2.115,0.824,0.062,-0.09,-0.011,1.636,2.166,3.802,0.0,-0.001,0.367,0.141,0.043,1.446,0.246,-0.008,0.551,1.684,2.235
1629057,Robert Williams III,2023,"../results/rs_posterior_priors/manifest.json (LOSO; inserted at ps1, a7000_7000; box_ cols unscaled)",0.287,817,819,1636,-0.326,1.126,-1.223,-0.533,1.837,0.392,0.288,0.985,1.273,0.984,1.271,1.374,-0.438,-0.378,-0.173,0.403,0.068,1.399,-0.543,0.856,0.063,1.94,-1.053,-0.422,1.809,0.544,0.819,2.062,2.881,0.0,-0.002,-1.7,-0.845,1.434,1.564,-0.36,0.324,-1.111,1.528,0.417
201572,Brook Lopez,2023,"../results/rs_posterior_priors/manifest.json (LOSO; inserted at ps1, a7000_7000; box_ cols unscaled)",-0.844,384,380,764,-0.018,2.887,-0.598,-1.336,-0.228,0.5,-0.844,2.051,1.207,2.049,1.205,0.197,-1.083,-0.239,0.109,-0.24,0.202,-0.282,-0.772,-1.054,0.646,4.315,-0.442,-1.458,-0.18,0.491,0.024,3.348,3.372,0.0,-0.002,-0.215,-0.359,0.012,3.97,-1.445,0.298,-0.562,2.823,2.261
203944,Julius Randle,2023,"../results/rs_posterior_priors/manifest.json (LOSO; inserted at ps1, a7000_7000; box_ cols unscaled)",2.249,625,622,1247,1.641,-0.358,-0.225,-0.748,0.832,0.051,2.248,-1.055,1.193,-1.055,1.194,0.666,0.244,-0.571,-0.037,-0.392,-0.296,-0.297,-0.089,-0.386,2.272,-0.279,0.15,-0.735,1.102,0.333,3.524,-0.681,2.843,0.0,0.001,0.975,0.346,1.224,-0.602,-0.711,0.347,2.545,-0.966,1.579
1627750,Jamal Murray,2023,"../results/rs_posterior_priors/manifest.json (LOSO; inserted at ps1, a7000_7000; box_ cols unscaled)",1.99,1574,1562,3136,0.88,-0.519,1.264,-0.172,-0.155,-0.258,1.989,-0.949,1.04,-0.951,1.039,1.511,0.682,0.623,-0.106,-0.244,0.07,1.89,0.646,2.536,1.373,-0.941,1.117,-0.0,-0.091,-0.317,2.399,-1.258,1.141,-0.0,-0.001,-0.631,0.641,0.089,-1.201,-0.066,-0.328,0.099,-1.595,-1.496
201144,Mike Conley,2023,"../results/rs_posterior_priors/manifest.json (LOSO; inserted at ps1, a7000_7000; box_ cols unscaled)",1.679,357,363,720,0.184,-1.227,1.309,0.7,0.186,-0.166,1.679,-0.693,0.986,-0.693,0.986,0.719,-0.065,-0.399,0.042,-0.379,0.334,-0.059,0.311,0.252,0.69,-0.864,1.515,0.778,0.302,-0.284,2.507,-0.37,2.137,-0.0,0.0,-0.535,1.708,0.565,-1.162,0.658,-0.5,1.738,-1.004,0.734
1626172,Kevon Looney,2023,"../results/rs_posterior_priors/manifest.json (LOSO; inserted at ps1, a7000_7000; box_ cols unscaled)",0.134,685,690,1375,-2.879,1.131,0.354,-0.805,2.659,0.424,0.134,0.75,0.884,0.751,0.885,-0.114,0.569,-0.277,-0.013,0.674,0.063,0.283,0.619,0.902,-1.946,0.86,0.66,-0.861,2.518,0.583,1.232,0.582,1.814,0.0,0.001,-2.765,0.631,1.985,0.562,-0.792,0.361,-0.149,0.131,-0.018
200768,Kyle Lowry,2023,"../results/rs_posterior_priors/manifest.json (LOSO; inserted at ps1, a7000_7000; box_ cols unscaled)",0.542,1151,1155,2306,0.294,-0.558,-0.062,0.889,0.312,-0.013,0.544,0.318,0.862,0.318,0.86,1.325,-0.639,-0.217,0.144,0.096,-0.263,1.204,-0.758,0.446,-0.047,-0.03,0.178,0.977,0.332,0.292,0.463,1.239,1.702,0.0,-0.002,-1.031,0.155,0.216,0.081,0.745,0.25,-0.66,1.076,0.416
1628404,Josh Hart,2023,"../results/rs_posterior_priors/manifest.json (LOSO; inserted at ps1, a7000_7000; box_ cols unscaled)",0.61,665,670,1335,0.735,-0.518,-0.972,0.534,0.846,0.221,0.609,0.237,0.846,0.236,0.846,-0.47,-0.412,-0.666,-0.006,0.582,0.161,-0.554,-0.257,-0.811,1.677,0.001,-0.607,0.555,0.786,0.206,1.856,0.762,2.618,0.0,0.0,1.205,-0.306,0.264,-0.106,0.54,0.06,1.163,0.494,1.657
1629661,Cameron Johnson,2023,"../results/rs_posterior_priors/manifest.json (LOSO; inserted at ps1, a7000_7000; box_ cols unscaled)",-0.172,285,283,568,-0.387,0.504,0.805,0.873,-0.59,-0.529,-0.172,0.848,0.676,0.847,0.675,-0.769,0.153,0.166,0.078,-0.546,-0.48,-1.149,-0.249,-1.398,0.494,0.673,0.951,0.848,-0.434,-0.097,1.011,1.424,2.435,0.0,-0.001,0.382,0.639,-0.044,0.351,0.795,-0.049,0.977,1.097,2.074
1629011,Mitchell Robinson,2023,"../results/rs_posterior_priors/manifest.json (LOSO; inserted at ps1, a7000_7000; box_ cols unscaled)",-1.18,572,580,1152,-3.494,1.698,-0.549,-0.158,2.861,0.154,-1.182,1.694,0.512,1.694,0.514,-1.085,0.363,-0.419,-0.135,0.335,0.106,-1.169,0.334,-0.835,-2.447,1.713,-0.213,-0.085,2.883,0.18,0.223,1.808,2.031,0.0,0.002,-2.409,-0.13,2.526,1.335,-0.023,0.048,-0.013,1.36,1.347
1630178,Tyrese Maxey,2023,"../results/rs_posterior_priors/manifest.json (LOSO; inserted at ps1, a7000_7000; box_ cols unscaled)",1.86,804,803,1607,1.107,-0.961,1.513,-0.79,-0.759,0.337,1.861,-1.414,0.447,-1.414,0.446,-0.418,-0.094,-0.116,-0.332,0.201,0.5,-0.333,0.074,-0.259,2.434,-0.612,1.77,-0.68,-1.123,0.228,3.081,-1.064,2.017,0.0,-0.001,1.525,1.629,-0.96,-0.867,-0.458,-0.163,2.194,-1.488,0.706
1628386,Jarrett Allen,2023,"../results/rs_posterior_priors/manifest.json (LOSO; inserted at ps1, a7000_7000; box_ cols unscaled)",-1.191,358,357,715,-0.635,1.14,-1.261,-0.063,0.705,0.392,-1.191,1.469,0.278,1.468,0.277,-0.526,0.17,-0.099,0.029,-0.144,-0.522,-0.769,-0.323,-1.092,0.402,1.438,-1.032,-0.073,0.784,0.741,0.154,2.106,2.26,0.0,-0.001,-0.109,-1.162,0.849,0.97,-0.092,0.914,-0.422,1.792,1.37
1627734,Domantas Sabonis,2023,"../results/rs_posterior_priors/manifest.json (LOSO; inserted at ps1, a7000_7000; box_ cols unscaled)",1.263,519,522,1041,2.08,-1.472,-1.069,-0.29,0.251,0.772,1.262,-0.99,0.272,-0.988,0.275,-0.891,-0.077,0.02,-0.045,-0.403,-0.23,-1.274,-0.352,-1.626,3.418,-1.413,-0.882,-0.25,0.267,1.022,2.803,-0.641,2.162,0.0,0.003,2.971,-1.089,0.654,-1.395,-0.245,1.002,2.536,-0.638,1.898
203110,Draymond Green,2023,"../results/rs_posterior_priors/manifest.json (LOSO; inserted at ps1, a7000_7000; box_ cols unscaled)",-3.264,771,777,1548,-0.486,2.66,-1.62,0.296,-1.158,0.242,-3.264,3.198,-0.066,3.198,-0.066,-0.377,0.096,0.138,-0.167,0.075,-0.048,-0.164,-0.119,-0.283,0.626,2.804,-1.609,0.459,-1.301,0.471,-2.284,3.734,1.45,0.0,0.0,-0.109,-1.758,-1.233,2.564,0.463,0.29,-3.1,3.317,0.217
202699,Tobias Harris,2023,"../results/rs_posterior_priors/manifest.json (LOSO; inserted at ps1, a7000_7000; box_ cols unscaled)",-0.398,743,746,1489,-0.253,0.153,0.457,-0.296,-0.602,0.444,-0.398,0.301,-0.097,0.301,-0.097,-0.55,-0.306,0.274,-0.226,0.23,0.28,-0.046,-0.252,-0.298,1.031,0.642,0.57,-0.222,-0.93,0.462,0.671,0.882,1.553,-0.0,-0.0,0.297,0.183,-0.832,0.459,-0.07,0.164,-0.352,0.553,0.201
1630688,Ish Wainright,2023,"../results/rs_posterior_priors/manifest.json (LOSO; inserted at ps1, a7000_7000; box_ cols unscaled)",-1.071,43,44,87,-2.707,0.333,0.533,0.698,1.103,-0.07,-1.071,0.961,-0.11,0.962,-0.109,-0.601,-0.036,-0.086,-0.017,-0.062,0.023,-0.749,-0.03,-0.779,-1.88,0.762,0.7,0.749,1.146,0.006,-0.034,1.517,1.483,0.0,0.001,-2.106,0.619,1.165,0.369,0.715,-0.093,-0.322,0.991,0.669
1630596,Evan Mobley,2023,"../results/rs_posterior_priors/manifest.json (LOSO; inserted at ps1, a7000_7000; box_ cols unscaled)",-1.793,357,356,713,-1.631,1.384,-0.862,-0.124,0.7,0.37,-1.793,1.63,-0.163,1.629,-0.164,-0.772,0.413,-0.295,0.177,-0.257,-0.336,-1.324,0.254,-1.07,-0.56,1.549,-0.577,-0.22,0.812,0.612,-0.325,1.941,1.616,0.0,-0.001,-0.859,-0.567,0.957,0.971,-0.301,0.706,-0.469,1.376,0.907
203992,Bogdan Bogdanovic,2023,"../results/rs_posterior_priors/manifest.json (LOSO; inserted at ps1, a7000_7000; box_ cols unscaled)",1.093,324,323,647,0.62,-0.435,0.52,-0.465,-0.048,-0.409,1.092,-1.309,-0.217,-1.309,-0.216,0.828,-0.525,0.299,0.055,-0.401,0.151,0.726,-0.319,0.407,0.953,0.213,0.61,-0.511,0.057,-0.466,1.62,-0.764,0.856,0.0,0.001,-0.208,0.221,0.353,0.09,-0.52,-0.56,0.366,-0.99,-0.624
1630531,Jaden Springer,2023,"../results/rs_posterior_priors/manifest.json (LOSO; inserted at ps1, a7000_7000; box_ cols unscaled)",-0.785,33,31,64,-1.868,-0.309,-0.017,0.799,1.099,0.073,-0.786,0.563,-0.223,0.563,-0.222,-0.228,-0.025,-0.184,-0.034,0.017,-0.023,-0.395,-0.082,-0.477,-1.15,0.102,0.171,0.859,1.099,0.163,0.12,1.124,1.244,0.0,0.001,-1.64,0.167,1.082,-0.284,0.833,0.096,-0.391,0.645,0.254
201143,Al Horford,2023,"../results/rs_posterior_priors/manifest.json (LOSO; inserted at ps1, a7000_7000; box_ cols unscaled)",-0.781,1225,1218,2443,-0.383,0.945,0.525,-0.92,-0.922,0.506,-0.78,0.531,-0.249,0.531,-0.25,-0.408,-0.021,-0.172,0.205,0.158,0.424,-0.422,0.608,0.186,0.934,1.265,0.834,-1.1,-1.312,0.566,0.456,0.731,1.187,0.0,-0.001,0.025,0.697,-1.08,0.966,-1.125,0.082,-0.358,-0.077,-0.435
1629723,John Konchar,2023,"../results/rs_posterior_priors/manifest.json (LOSO; inserted at ps1, a7000_7000; box_ cols unscaled)",-1.621,101,103,204,-2.172,0.45,0.097,1.194,0.454,-0.283,-1.621,1.361,-0.26,1.362,-0.259,-1.305,-0.165,0.026,0.191,-0.064,0.105,-1.343,0.131,-1.212,-1.141,0.979,0.251,1.138,0.485,-0.265,-0.405,1.852,1.447,0.0,0.001,-0.867,0.071,0.518,0.615,1.003,-0.388,-0.278,1.23,0.952
1628971,Bruce Brown,2023,"../results/rs_posterior_priors/manifest.json (LOSO; inserted at ps1, a7000_7000; box_ cols unscaled)",-1.064,1038,1036,2074,-0.485,0.655,-0.427,0.145,-0.153,-0.032,-1.065,0.768,-0.297,0.768,-0.296,0.707,0.667,-0.245,0.05,0.204,0.144,0.666,0.861,1.527,-0.014,0.53,-0.276,0.188,-0.305,-0.095,-0.595,0.623,0.028,0.0,0.001,-1.192,-0.182,-0.357,-0.012,0.095,-0.176,-1.731,-0.093,-1.824
1628389,Bam Adebayo,2023,"../results/rs_posterior_priors/manifest.json (LOSO; inserted at ps1, a7000_7000; box_ cols unscaled)",-1.969,1657,1661,3318,-0.423,0.834,-0.883,0.336,-0.66,0.499,-1.966,1.669,-0.297,1.67,-0.299,-0.647,0.518,0.203,0.31,0.102,0.018,-0.342,0.846,0.504,-0.038,0.433,-0.808,0.366,-0.77,0.69,-1.616,1.489,-0.127,0.0,-0.002,0.224,-1.086,-0.762,0.316,0.026,0.481,-1.624,0.823,-0.801
203991,Clint Capela,2023,"../results/rs_posterior_priors/manifest.json (LOSO; inserted at ps1, a7000_7000; box_ cols unscaled)",0.018,319,323,642,-1.663,-0.516,-0.589,-0.282,2.271,0.476,0.019,-0.322,-0.303,-0.323,-0.305,-0.805,-0.542,0.028,-0.075,0.32,0.31,-0.457,-0.307,-0.764,-0.809,0.025,-0.416,-0.267,2.132,0.42,0.907,0.178,1.085,-0.0,-0.002,-0.858,-0.617,1.951,0.026,-0.207,0.166,0.476,-0.015,0.461
1628978,Donte DiVincenzo,2023,"../results/rs_posterior_priors/manifest.json (LOSO; inserted at ps1, a7000_7000; box_ cols unscaled)",-0.886,493,500,993,-0.046,-0.507,-1.164,1.112,0.322,-0.043,-0.888,0.562,-0.326,0.562,-0.324,-0.019,0.117,-0.66,-0.243,-0.348,-0.087,-1.027,-0.213,-1.24,0.78,-0.261,-0.892,1.354,0.456,0.178,0.344,1.271,1.615,-0.0,0.002,-0.027,-0.504,0.67,-0.624,1.355,0.044,0.139,0.775,0.914
1630168,Onyeka Okongwu,2023,"../results/rs_posterior_priors/manifest.json (LOSO; inserted at ps1, a7000_7000; box_ cols unscaled)",-0.408,269,267,536,-0.69,0.206,-1.268,-0.114,1.549,-0.154,-0.409,-0.062,-0.471,-0.061,-0.469,-0.003,-0.651,-0.057,-0.08,0.322,-0.086,0.262,-0.817,-0.555,-0.097,0.949,-1.079,-0.064,1.447,-0.084,0.271,0.801,1.072,0.0,0.002,-0.687,-1.211,1.227,0.857,-0.034,-0.068,-0.671,0.755,0.084
1627885,Shaquille Harrison,2023,"../results/rs_posterior_priors/manifest.json (LOSO; inserted at ps1, a7000_7000; box_ cols unscaled)",-1.118,59,59,118,-1.051,-0.855,0.211,1.904,-0.278,-0.433,-1.118,0.616,-0.502,0.616,-0.502,-0.29,-0.027,0.012,0.041,-0.182,-0.129,-0.46,-0.115,-0.575,-0.314,-0.464,0.331,1.933,-0.235,-0.284,-0.218,1.185,0.967,0.0,-0.0,-0.761,0.199,-0.096,-0.828,1.863,-0.304,-0.658,0.731,0.073
1629008,Michael Porter Jr.,2023,"../results/rs_posterior_priors/manifest.json (LOSO; inserted at ps1, a7000_7000; box_ cols unscaled)",1.007,1293,1292,2585,1.117,-0.216,0.245,-1.373,-0.356,0.035,1.006,-1.554,-0.548,-1.555,-0.548,1.084,-0.016,0.238,-0.272,0.015,0.481,1.337,0.193,1.53,1.827,-0.189,0.194,-1.142,-0.355,-0.202,1.666,-1.533,0.133,0.0,-0.0,0.033,0.007,-0.371,-0.2,-1.101,-0.446,-0.331,-1.747,-2.078
203952,Andrew Wiggins,2023,"../results/rs_posterior_priors/manifest.json (LOSO; inserted at ps1, a7000_7000; box_ cols unscaled)",-1.662,929,936,1865,-2.006,0.361,0.583,0.678,-0.24,0.074,-1.663,1.113,-0.55,1.114,-0.548,-0.131,0.52,-0.218,0.261,-0.011,0.073,-0.36,0.854,0.494,-0.961,0.039,0.802,0.533,-0.301,0.242,-0.46,0.814,0.354,-0.0,0.002,-1.875,0.801,-0.229,-0.159,0.417,0.001,-1.303,0.259,-1.044
1628969,Mikal Bridges,2023,"../results/rs_posterior_priors/manifest.json (LOSO; inserted at ps1, a7000_7000; box_ cols unscaled)",0.306,291,292,583,-0.034,-0.144,0.636,-0.137,-0.297,-0.577,0.305,-0.858,-0.553,-0.858,-0.552,-0.421,-0.206,0.142,0.063,-0.663,-0.413,-0.942,-0.556,-1.498,0.745,0.215,0.784,-0.157,-0.102,-0.184,1.427,-0.126,1.301,0.0,0.001,0.387,0.494,0.366,0.062,-0.2,-0.164,1.247,-0.302,0.945
1630540,Miles McBride,2023,"../results/rs_posterior_priors/manifest.json (LOSO; inserted at ps1, a7000_7000; box_ cols unscaled)",-2.509,39,40,79,-3.509,0.706,0.402,1.196,0.598,0.054,-2.509,1.956,-0.553,1.956,-0.553,-0.999,-0.028,-0.004,0.126,0.112,-0.048,-0.891,0.05,-0.841,-2.565,1.146,0.535,1.159,0.573,0.166,-1.457,2.471,1.014,0.0,-0.0,-2.51,0.406,0.486,0.734,1.07,0.102,-1.618,1.906,0.288
203935,Marcus Smart,2023,"../results/rs_posterior_priors/manifest.json (LOSO; inserted at ps1, a7000_7000; box_ cols unscaled)",-2.015,1329,1341,2670,-1.069,-0.488,-0.53,2.041,-0.414,-0.116,-2.013,1.437,-0.576,1.437,-0.578,0.176,-0.219,0.043,0.222,0.34,0.21,0.559,0.213,0.772,-0.003,-0.042,-0.406,1.986,-0.795,0.04,-1.204,1.984,0.78,0.0,-0.002,-1.245,-0.573,-0.754,-0.269,1.819,-0.326,-2.572,1.224,-1.348
1629656,Quentin Grimes,2023,"../results/rs_posterior_priors/manifest.json (LOSO; inserted at ps1, a7000_7000; box_ cols unscaled)",-0.201,467,470,937,-0.25,0.168,-0.234,-0.591,0.283,0.044,-0.201,-0.379,-0.58,-0.378,-0.579,-0.079,0.765,-0.357,0.09,-0.476,-0.139,-0.912,0.716,-0.196,0.53,0.073,0.054,-0.669,0.528,0.225,1.112,-0.371,0.741,-0.0,0.001,-0.171,0.123,0.759,-0.597,-0.681,0.183,0.711,-1.095,-0.384
1626145,Tyus Jones,2023,"../results/rs_posterior_priors/manifest.json (LOSO; inserted at ps1, a7000_7000; box_ cols unscaled)",0.674,244,242,486,-0.466,-0.917,1.914,0.466,-0.774,-0.818,0.674,-1.269,-0.595,-1.269,-0.595,-0.688,0.348,0.083,0.065,-0.498,-0.303,-1.103,0.11,-0.993,0.382,-0.714,2.121,0.48,-0.625,-0.58,1.878,-0.814,1.064,0.0,0.0,0.222,1.831,-0.276,-1.265,0.401,-0.515,1.777,-1.379,0.398
1626156,D'Angelo Russell,2023,"../results/rs_posterior_priors/manifest.json (LOSO; inserted at ps1, a7000_7000; box_ cols unscaled)",0.073,978,971,1949,0.729,-0.322,-0.385,-0.015,-0.272,-0.339,0.072,-0.676,-0.604,-0.675,-0.602,-0.156,-0.317,-0.185,-0.138,0.33,0.046,-0.011,-0.409,-0.42,1.689,0.313,-0.224,0.034,-0.367,-0.297,1.098,0.05,1.148,0.0,0.002,0.885,-0.2,-0.602,-0.005,0.123,-0.385,0.083,-0.267,-0.184
203471,Dennis Schroder,2023,"../results/rs_posterior_priors/manifest.json (LOSO; inserted at ps1, a7000_7000; box_ cols unscaled)",-0.683,837,844,1681,-0.736,0.453,0.584,-0.034,-0.532,-0.358,-0.684,0.061,-0.623,0.063,-0.62,-0.092,0.86,0.294,0.145,-0.288,-0.238,-0.086,0.767,0.681,0.03,0.426,0.662,-0.234,-0.486,-0.128,0.206,0.064,0.27,-0.0,0.003,-0.644,0.29,-0.244,-0.407,-0.179,-0.12,-0.598,-0.706,-1.304
1628379,Luke Kennard,2023,"../results/rs_posterior_priors/manifest.json (LOSO; inserted at ps1, a7000_7000; box_ cols unscaled)",0.249,218,219,437,1.336,-0.201,-0.048,-0.547,-1.039,-0.138,0.249,-0.886,-0.637,-0.886,-0.637,0.835,0.097,0.307,-0.011,0.097,0.163,1.239,0.249,1.488,1.79,0.194,0.049,-0.512,-1.078,-0.155,0.761,-0.473,0.288,0.0,-0.0,0.501,-0.355,-1.136,-0.298,-0.536,-0.301,-0.99,-1.135,-2.125
202691,Klay Thompson,2023,"../results/rs_posterior_priors/manifest.json (LOSO; inserted at ps1, a7000_7000; box_ cols unscaled)",-0.212,986,987,1973,-0.417,0.607,0.119,-0.931,0.085,-0.151,-0.213,-0.475,-0.688,-0.474,-0.686,-1.001,0.333,-0.121,-0.296,0.735,0.031,-0.387,0.068,-0.319,0.879,0.374,0.301,-0.792,-0.19,0.043,0.99,-0.375,0.615,0.0,0.002,0.584,0.24,-0.65,0.274,-0.635,-0.182,0.174,-0.543,-0.369
201933,Blake Griffin,2023,"../results/rs_posterior_priors/manifest.json (LOSO; inserted at ps1, a7000_7000; box_ cols unscaled)",-2.596,12,12,24,-2.143,0.24,-0.255,0.942,-0.198,0.684,-2.596,1.866,-0.73,1.867,-0.729,-0.048,-0.11,-0.029,-0.007,-0.059,-0.017,-0.136,-0.134,-0.27,-1.454,0.695,-0.111,0.982,-0.181,0.778,-1.746,2.455,0.709,0.0,0.001,-2.095,-0.226,-0.139,0.35,0.949,0.701,-2.46,2.0,-0.46
1628989,Kevin Huerter,2023,"../results/rs_posterior_priors/manifest.json (LOSO; inserted at ps1, a7000_7000; box_ cols unscaled)",0.482,393,389,782,0.614,-1.272,-0.081,0.091,-0.051,-0.071,0.482,-1.252,-0.77,-1.251,-0.769,-1.828,0.439,0.216,0.155,0.344,-0.165,-1.268,0.429,-0.839,2.131,-1.423,0.02,0.023,-0.223,0.139,1.928,-1.261,0.667,-0.0,0.001,2.442,-0.297,-0.395,-1.711,-0.064,0.094,1.75,-1.681,0.069
1629216,Gabe Vincent,2023,"../results/rs_posterior_priors/manifest.json (LOSO; inserted at ps1, a7000_7000; box_ cols unscaled)",-1.776,1326,1329,2655,-1.364,0.802,-0.136,0.385,-0.275,-0.219,-1.775,0.968,-0.807,0.97,-0.806,-0.686,0.923,0.852,0.162,-0.457,-0.114,-0.291,0.971,0.68,-0.876,0.246,-0.289,0.425,-0.221,-0.016,-1.386,0.655,-0.731,0.0,0.001,-0.678,-0.988,0.182,-0.121,0.223,-0.105,-1.484,-0.003,-1.487
1628997,Caleb Martin,2023,"../results/rs_posterior_priors/manifest.json (LOSO; inserted at ps1, a7000_7000; box_ cols unscaled)",-0.618,1335,1331,2666,-0.437,-0.364,-0.389,0.427,0.211,-0.354,-0.615,-0.291,-0.906,-0.291,-0.909,1.882,0.714,0.169,0.155,-0.107,-0.551,1.944,0.318,2.262,-1.028,-0.773,-0.302,0.517,0.292,0.157,-1.038,-0.099,-1.137,0.0,-0.003,-2.319,-0.558,0.318,-1.078,0.272,0.197,-2.559,-0.609,-3.168
1630573,Sam Hauser,2023,"../results/rs_posterior_priors/manifest.json (LOSO; inserted at ps1, a7000_7000; box_ cols unscaled)",-0.377,214,211,425,0.101,0.384,-0.018,-0.695,-0.46,-0.278,-0.377,-0.589,-0.966,-0.59,-0.967,1.34,0.138,0.001,-0.001,-0.347,-0.335,0.994,-0.198,0.796,0.364,0.83,0.116,-0.704,-0.323,-0.007,0.157,0.119,0.276,0.0,-0.001,-1.239,-0.019,-0.113,0.246,-0.694,0.057,-1.371,-0.391,-1.762
203484,Kentavious Caldwell-Pope,2023,"../results/rs_posterior_priors/manifest.json (LOSO; inserted at ps1, a7000_7000; box_ cols unscaled)",-1.56,1322,1323,2645,-0.701,-0.561,-0.05,1.24,-0.809,-0.108,-1.56,0.571,-0.989,0.57,-0.99,-0.173,0.044,0.45,-0.222,-0.264,0.212,0.013,0.034,0.047,0.37,-0.584,-0.198,1.549,-0.732,-0.203,-0.56,0.762,0.202,0.0,-0.001,-0.528,-0.5,-0.545,-0.605,1.462,-0.32,-1.573,0.537,-1.036
1626224,Cedi Osman,2023,"../results/rs_posterior_priors/manifest.json (LOSO; inserted at ps1, a7000_7000; box_ cols unscaled)",-0.598,176,173,349,-0.38,0.026,0.183,0.21,-0.402,-0.628,-0.599,-0.392,-0.991,-0.393,-0.991,-0.557,-0.106,-0.293,0.0,-0.063,-0.28,-0.913,-0.386,-1.299,0.53,0.482,0.434,0.234,-0.376,-0.403,0.588,0.313,0.901,0.0,0.0,0.177,0.476,-0.339,0.132,0.21,-0.348,0.314,-0.006,0.308
203497,Rudy Gobert,2023,"../results/rs_posterior_priors/manifest.json (LOSO; inserted at ps1, a7000_7000; box_ cols unscaled)",-1.845,342,342,684,-0.661,1.462,-1.987,-0.871,0.803,0.218,-1.845,0.809,-1.036,0.809,-1.036,1.036,-0.164,-0.27,-0.117,-0.189,-0.092,0.577,-0.373,0.204,-0.262,1.901,-1.843,-0.718,0.862,0.35,-1.243,1.533,0.29,0.0,0.0,-1.697,-1.717,0.992,1.626,-0.754,0.31,-2.422,1.182,-1.24
1626157,Karl-Anthony Towns,2023,"../results/rs_posterior_priors/manifest.json (LOSO; inserted at ps1, a7000_7000; box_ cols unscaled)",-1.172,342,348,690,0.612,0.461,-1.267,-0.482,-0.515,0.084,-1.17,0.063,-1.107,0.063,-1.109,0.057,-0.111,-0.122,0.059,-0.572,0.025,-0.637,-0.027,-0.664,1.318,0.853,-1.149,-0.423,-0.356,0.146,-0.187,0.576,0.389,0.0,-0.002,0.555,-1.145,0.057,0.572,-0.541,0.059,-0.533,0.09,-0.443
1630237,Anthony Lamb,2023,"../results/rs_posterior_priors/manifest.json (LOSO; inserted at ps1, a7000_7000; box_ cols unscaled)",-1.11,67,66,133,-0.713,-0.183,-0.355,-0.05,-0.043,0.226,-1.111,-0.007,-1.118,-0.006,-1.116,-0.856,0.143,-0.323,-0.073,0.112,0.054,-1.067,0.124,-0.943,0.24,0.13,-0.15,0.039,-0.073,0.289,0.017,0.458,0.475,-0.0,0.002,0.143,-0.032,-0.155,-0.326,0.023,0.172,-0.044,-0.131,-0.175
1629001,De'Anthony Melton,2023,"../results/rs_posterior_priors/manifest.json (LOSO; inserted at ps1, a7000_7000; box_ cols unscaled)",-1.565,520,520,1040,-1.313,-0.709,-0.517,1.172,0.265,-0.036,-1.565,0.427,-1.138,0.428,-1.137,-0.949,0.055,-0.103,0.061,0.499,0.255,-0.553,0.371,-0.182,-0.185,-0.421,-0.361,1.206,0.001,-0.109,-0.545,0.676,0.131,0.0,0.001,-0.364,-0.414,-0.234,-0.764,1.111,-0.291,-1.012,0.056,-0.956
203915,Spencer Dinwiddie,2023,"../results/rs_posterior_priors/manifest.json (LOSO; inserted at ps1, a7000_7000; box_ cols unscaled)",0.477,299,293,592,0.082,-0.75,1.646,-0.232,-1.251,-0.635,0.477,-1.617,-1.14,-1.617,-1.14,-0.22,-0.026,-0.177,0.082,-0.692,-0.537,-1.089,-0.481,-1.57,0.809,-0.475,1.887,-0.26,-1.06,-0.183,1.636,-0.918,0.718,-0.0,0.0,0.302,1.823,-0.559,-0.724,-0.314,-0.098,1.566,-1.136,0.43
1630556,Kessler Edwards,2023,"../results/rs_posterior_priors/manifest.json (LOSO; inserted at ps1, a7000_7000; box_ cols unscaled)",-1.116,12,12,24,-2.422,-0.502,-0.058,0.478,1.364,-0.003,-1.116,-0.027,-1.143,-0.027,-1.143,-0.11,-0.114,-0.101,-0.007,0.059,0.029,-0.152,-0.092,-0.244,-1.72,-0.052,0.102,0.525,1.346,0.063,-0.272,0.536,0.264,-0.0,-0.0,-2.312,0.043,1.305,-0.388,0.485,-0.032,-0.964,0.065,-0.899
1627759,Jaylen Brown,2023,"../results/rs_posterior_priors/manifest.json (LOSO; inserted at ps1, a7000_7000; box_ cols unscaled)",-1.247,1491,1476,2967,0.165,0.35,-0.386,-0.078,-1.024,-0.181,-1.245,0.091,-1.154,0.09,-1.157,-0.372,0.05,-0.244,-0.018,-0.313,0.065,-0.929,0.097,-0.832,1.466,0.716,-0.146,-0.101,-1.22,0.096,0.1,0.711,0.811,0.0,-0.003,0.537,-0.142,-0.711,0.3,-0.06,-0.246,-0.316,-0.006,-0.322
1629639,Tyler Herro,2023,"../results/rs_posterior_priors/manifest.json (LOSO; inserted at ps1, a7000_7000; box_ cols unscaled)",0.216,42,42,84,0.356,-0.848,0.199,-0.645,-0.339,0.103,0.216,-1.39,-1.174,-1.389,-1.173,0.322,0.031,-0.183,0.071,-0.068,-0.159,0.071,-0.057,0.014,0.918,-0.477,0.4,-0.651,-0.325,0.278,0.993,-0.85,0.143,0.0,0.001,0.034,0.382,-0.271,-0.879,-0.716,0.262,0.145,-1.333,-1.188
1629611,Terance Mann,2023,"../results/rs_posterior_priors/manifest.json (LOSO; inserted at ps1, a7000_7000; box_ cols unscaled)",0.116,268,267,535,-0.433,-0.397,-0.228,-0.549,0.778,-0.359,0.117,-1.305,-1.188,-1.305,-1.189,-0.588,-0.022,-0.125,-0.022,1.379,-0.183,0.666,-0.227,0.439,0.333,-0.046,-0.075,-0.545,0.298,-0.197,0.556,-0.788,-0.232,0.0,-0.001,0.155,-0.103,-0.601,-0.375,-0.527,-0.176,-0.549,-1.078,-1.627
203114,Khris Middleton,2023,"../results/rs_posterior_priors/manifest.json (LOSO; inserted at ps1, a7000_7000; box_ cols unscaled)",-1.337,369,358,727,-1.023,-0.15,0.166,0.134,-0.481,0.162,-1.338,0.146,-1.192,0.146,-1.191,0.89,-0.493,-0.051,0.214,-0.37,0.194,0.469,-0.085,0.384,-0.57,0.903,0.277,-0.031,-0.393,0.154,-0.686,1.026,0.34,-0.0,0.001,-1.913,0.217,-0.111,0.343,-0.08,-0.032,-1.807,0.231,-1.576
1627749,Dejounte Murray,2023,"../results/rs_posterior_priors/manifest.json (LOSO; inserted at ps1, a7000_7000; box_ cols unscaled)",-0.183,404,404,808,-1.151,-1.5,1.388,0.112,-0.42,0.362,-0.183,-1.026,-1.209,-1.026,-1.209,-1.266,-0.895,0.043,0.1,0.62,0.365,-0.603,-0.43,-1.033,-0.212,-0.754,1.588,0.019,-0.665,0.25,0.711,-0.485,0.226,0.0,-0.0,0.115,1.345,-1.04,-0.605,0.012,-0.003,0.42,-0.596,-0.176
1629006,Josh Okogie,2023,"../results/rs_posterior_priors/manifest.json (LOSO; inserted at ps1, a7000_7000; box_ cols unscaled)",-2.697,357,352,709,-3.41,0.479,-0.741,1.331,1.453,-0.354,-2.698,1.456,-1.242,1.456,-1.241,-0.515,-0.181,-0.381,0.058,-0.054,-0.508,-0.95,-0.631,-1.581,-2.516,1.018,-0.468,1.384,1.516,0.066,-1.468,2.468,1.0,0.0,0.001,-2.895,-0.36,1.507,0.66,1.273,0.154,-1.748,2.087,0.339
1628988,Aaron Holiday,2023,"../results/rs_posterior_priors/manifest.json (LOSO; inserted at ps1, a7000_7000; box_ cols unscaled)",-1.136,7,8,15,-2.233,-0.583,0.208,0.939,0.889,-0.473,-1.136,-0.117,-1.253,-0.118,-1.254,0.043,-0.169,-0.07,-0.03,-0.112,-0.075,-0.139,-0.274,-0.413,-1.575,-0.099,0.364,0.99,0.922,-0.349,-0.289,0.542,0.253,0.0,-0.001,-2.276,0.278,1.001,-0.414,0.969,-0.398,-0.997,0.157,-0.84
1630214,Xavier Tillman,2023,"../results/rs_posterior_priors/manifest.json (LOSO; inserted at ps1, a7000_7000; box_ cols unscaled)",-2.23,371,370,741,-2.312,0.019,-0.561,1.049,0.643,-0.112,-2.23,0.956,-1.274,0.956,-1.274,-0.918,0.133,0.072,0.164,0.081,-0.074,-0.765,0.223,-0.542,-1.386,0.335,-0.362,1.03,0.651,-0.009,-1.097,1.356,0.259,0.0,0.0,-1.394,-0.633,0.562,-0.114,0.885,-0.038,-1.465,0.733,-0.732
1627780,Gary Payton II,2023,"../results/rs_posterior_priors/manifest.json (LOSO; inserted at ps1, a7000_7000; box_ cols unscaled)",-0.717,395,404,799,-1.123,-1.18,-0.719,0.793,1.124,-0.173,-0.718,-0.56,-1.278,-0.56,-1.277,0.076,-0.659,-0.065,-0.169,0.06,-0.052,0.071,-0.88,-0.809,-0.353,-0.53,-0.617,0.971,1.109,-0.001,0.139,0.44,0.579,0.0,0.001,-1.199,-0.654,1.064,-0.521,0.962,-0.121,-0.789,0.32,-0.469
2617,Udonis Haslem,2023,"../results/rs_posterior_priors/manifest.json (LOSO; inserted at ps1, a7000_7000; box_ cols unscaled)",-1.41,7,7,14,-1.794,-1.022,0.618,0.945,-0.235,0.139,-1.411,0.062,-1.349,0.062,-1.348,-0.286,-0.121,-0.104,-0.025,-0.107,0.016,-0.497,-0.13,-0.627,-1.039,-0.56,0.784,0.996,-0.205,0.214,-0.46,0.65,0.19,0.0,0.001,-1.508,0.722,-0.128,-0.901,0.97,0.123,-0.914,0.192,-0.722
1629638,Nickeil Alexander-Walker,2023,"../results/rs_posterior_priors/manifest.json (LOSO; inserted at ps1, a7000_7000; box_ cols unscaled)",-2.297,287,286,573,-1.313,0.324,-0.508,0.74,-0.476,-0.139,-2.297,0.925,-1.372,0.927,-1.37,0.48,0.383,-0.007,-0.023,-0.405,0.025,0.068,0.385,0.453,-0.761,0.465,-0.416,0.841,-0.355,-0.079,-1.532,1.227,-0.305,0.0,0.002,-1.793,-0.501,-0.071,-0.059,0.763,-0.164,-2.365,0.54,-1.825
202684,Tristan Thompson,2023,"../results/rs_posterior_priors/manifest.json (LOSO; inserted at ps1, a7000_7000; box_ cols unscaled)",-0.909,68,62,130,-0.795,-0.302,-0.097,-0.007,-0.017,-0.154,-0.909,-0.463,-1.372,-0.462,-1.371,-0.437,0.127,0.103,0.067,-0.108,-0.13,-0.442,0.064,-0.378,,,,,,,,,,0.0,0.001,-0.358,-0.2,0.091,-0.429,-0.074,-0.024,-0.467,-0.527,-0.994
203084,Harrison Barnes,2023,"../results/rs_posterior_priors/manifest.json (LOSO; inserted at ps1, a7000_7000; box_ cols unscaled)",-0.636,425,425,850,-0.939,-0.284,0.501,-0.296,-0.2,-0.157,-0.638,-0.737,-1.375,-0.735,-1.371,-1.413,-0.394,-0.019,0.151,-0.221,-0.148,-1.653,-0.391,-2.044,0.488,0.035,0.709,-0.374,-0.213,0.037,0.984,-0.302,0.682,0.0,0.004,0.474,0.52,0.021,0.11,-0.447,-0.009,1.015,-0.346,0.669
1630551,Justin Champagnie,2023,"../results/rs_posterior_priors/manifest.json (LOSO; inserted at ps1, a7000_7000; box_ cols unscaled)",-0.943,21,21,42,-0.813,-0.363,-0.145,0.059,0.015,-0.139,-0.943,-0.443,-1.386,-0.443,-1.386,-0.02,-0.021,-0.09,0.017,-0.115,-0.125,-0.225,-0.129,-0.354,-0.14,0.061,0.014,0.079,0.049,0.013,-0.077,0.153,0.076,0.0,0.0,-0.793,-0.055,0.13,-0.342,0.042,-0.014,-0.718,-0.314,-1.032
1628408,P.J. Dozier,2023,"../results/rs_posterior_priors/manifest.json (LOSO; inserted at ps1, a7000_7000; box_ cols unscaled)",-2.574,11,11,22,-1.894,-0.781,-0.318,1.875,-0.362,0.048,-2.574,1.142,-1.432,1.143,-1.431,-0.053,-0.068,-0.108,-0.003,0.066,0.025,-0.095,-0.046,-0.141,-1.208,-0.355,-0.156,1.92,-0.382,0.116,-1.746,1.681,-0.065,0.0,0.001,-1.841,-0.21,-0.428,-0.713,1.878,0.023,-2.479,1.188,-1.291
1628975,Jevon Carter,2023,"../results/rs_posterior_priors/manifest.json (LOSO; inserted at ps1, a7000_7000; box_ cols unscaled)",-1.528,101,101,202,-1.784,0.378,0.135,-0.065,0.12,-0.232,-1.529,0.081,-1.448,0.081,-1.447,-0.372,-0.681,0.038,0.136,-0.167,0.186,-0.501,-0.359,-0.86,-1.032,1.283,0.244,-0.116,0.161,-0.26,-0.627,0.907,0.28,-0.0,0.001,-1.412,0.097,0.287,1.059,-0.201,-0.418,-1.028,0.44,-0.588
1628960,Grayson Allen,2023,"../results/rs_posterior_priors/manifest.json (LOSO; inserted at ps1, a7000_7000; box_ cols unscaled)",-1.124,320,310,630,-0.928,-0.808,-0.022,0.276,-0.174,0.126,-1.124,-0.406,-1.53,-0.408,-1.532,-0.026,-0.702,0.199,0.097,0.033,0.33,0.206,-0.275,-0.069,-0.219,0.311,0.019,0.199,-0.204,0.038,-0.404,0.548,0.144,-0.0,-0.002,-0.902,-0.221,-0.207,-0.106,0.179,-0.204,-1.33,-0.131,-1.461
1626166,Cameron Payne,2023,"../results/rs_posterior_priors/manifest.json (LOSO; inserted at ps1, a7000_7000; box_ cols unscaled)",-1.429,306,303,609,-2.381,-0.557,0.551,0.902,0.402,-0.452,-1.428,-0.107,-1.535,-0.108,-1.537,-0.15,0.101,-0.036,-0.125,-0.622,-0.189,-0.808,-0.213,-1.021,-1.64,-0.232,0.69,1.02,0.656,-0.277,-0.294,0.511,0.217,0.0,-0.002,-2.231,0.587,1.024,-0.658,1.027,-0.263,-0.62,0.106,-0.514
1629610,DaQuan Jeffries,2023,"../results/rs_posterior_priors/manifest.json (LOSO; inserted at ps1, a7000_7000; box_ cols unscaled)",-0.999,12,11,23,-0.837,-0.474,-0.139,0.003,-0.024,-0.095,-1.0,-0.566,-1.566,-0.567,-1.566,-0.571,-0.126,-0.015,0.068,-0.076,-0.019,-0.662,-0.077,-0.739,,,,,,,,,,0.0,0.0,-0.266,-0.124,0.052,-0.348,-0.065,-0.076,-0.338,-0.489,-0.827
1630194,Paul Reed,2023,"../results/rs_posterior_priors/manifest.json (LOSO; inserted at ps1, a7000_7000; box_ cols unscaled)",-2.141,289,293,582,-2.684,-1.16,-1.79,1.695,2.332,0.021,-2.142,0.556,-1.586,0.557,-1.584,0.173,0.033,0.075,0.144,0.27,-0.232,0.518,-0.055,0.463,-2.132,-0.857,-1.718,1.701,2.267,0.236,-1.583,1.08,-0.503,-0.0,0.002,-2.857,-1.865,2.062,-1.193,1.551,0.253,-2.66,0.611,-2.049
1626181,Norman Powell,2023,"../results/rs_posterior_priors/manifest.json (LOSO; inserted at ps1, a7000_7000; box_ cols unscaled)",-0.076,346,347,693,0.878,-0.874,-0.285,-0.111,-0.669,-0.607,-0.076,-1.592,-1.668,-1.593,-1.669,-0.024,-0.18,-0.188,-0.097,0.036,-0.143,-0.176,-0.42,-0.596,1.431,-0.431,-0.129,-0.107,-0.762,-0.459,0.54,-0.997,-0.457,-0.0,-0.001,0.902,-0.097,-0.705,-0.694,-0.014,-0.464,0.1,-1.172,-1.072
203506,Victor Oladipo,2023,"../results/rs_posterior_priors/manifest.json (LOSO; inserted at ps1, a7000_7000; box_ cols unscaled)",-2.989,91,96,187,-1.653,-0.442,-1.046,1.323,-0.291,0.409,-2.99,1.29,-1.7,1.29,-1.699,0.582,-0.324,-0.301,-0.087,-0.333,0.077,-0.052,-0.334,-0.386,-1.273,0.152,-0.828,1.426,-0.193,0.459,-2.294,2.037,-0.257,0.0,0.001,-2.235,-0.745,0.042,-0.118,1.41,0.332,-2.938,1.624,-1.314
203496,Robert Covington,2023,"../results/rs_posterior_priors/manifest.json (LOSO; inserted at ps1, a7000_7000; box_ cols unscaled)",-2.625,22,20,42,-1.558,0.17,-0.409,0.882,-0.658,-0.148,-2.625,0.904,-1.721,0.903,-1.722,-0.191,-0.166,-0.027,-0.069,-0.011,-0.01,-0.229,-0.245,-0.474,-0.839,0.65,-0.271,0.955,-0.663,-0.061,-1.773,1.544,-0.229,0.0,-0.001,-1.367,-0.382,-0.647,0.336,0.951,-0.138,-2.396,1.149,-1.247
203526,Raul Neto,2023,"../results/rs_posterior_priors/manifest.json (LOSO; inserted at ps1, a7000_7000; box_ cols unscaled)",-1.707,16,17,33,-1.251,-0.646,-0.151,0.824,-0.306,-0.219,-1.708,-0.041,-1.749,-0.041,-1.748,-0.065,-0.076,-0.265,-0.069,-0.082,0.02,-0.412,-0.125,-0.537,-0.569,-0.205,0.06,0.898,-0.287,-0.154,-0.796,0.539,-0.257,0.0,0.001,-1.186,0.114,-0.224,-0.57,0.893,-0.239,-1.296,0.084,-1.212
203486,Mason Plumlee,2023,"../results/rs_posterior_priors/manifest.json (LOSO; inserted at ps1, a7000_7000; box_ cols unscaled)",0.397,182,184,366,0.168,-1.376,-1.189,-0.717,1.419,-0.1,0.398,-2.193,-1.795,-2.193,-1.796,-0.304,-0.295,-0.025,0.079,0.935,-0.059,0.606,-0.275,0.331,0.881,-0.859,-1.069,-0.755,1.091,-0.006,0.903,-1.62,-0.717,0.0,-0.001,0.472,-1.164,0.484,-1.081,-0.796,-0.041,-0.208,-1.918,-2.126
204060,Joe Ingles,2023,"../results/rs_posterior_priors/manifest.json (LOSO; inserted at ps1, a7000_7000; box_ cols unscaled)",-0.615,186,192,378,0.241,-1.324,-0.54,0.005,-0.318,0.14,-0.617,-1.179,-1.796,-1.18,-1.795,0.617,-0.755,-0.267,0.03,-0.096,0.237,0.254,-0.488,-0.234,0.747,-0.313,-0.358,-0.012,-0.305,0.086,0.084,-0.239,-0.155,0.0,0.001,-0.376,-0.273,-0.222,-0.569,-0.025,-0.097,-0.871,-0.691,-1.562
203937,Kyle Anderson,2023,"../results/rs_posterior_priors/manifest.json (LOSO; inserted at ps1, a7000_7000; box_ cols unscaled)",-1.761,209,207,416,-0.455,-0.661,0.17,0.792,-1.476,-0.178,-1.761,-0.047,-1.808,-0.047,-1.808,-0.801,-0.458,0.042,0.123,-0.09,0.021,-0.849,-0.314,-1.163,0.486,-0.014,0.278,0.803,-1.481,-0.09,-0.717,0.699,-0.018,0.0,0.0,0.346,0.128,-1.386,-0.203,0.669,-0.199,-0.912,0.267,-0.645
1630558,Davion Mitchell,2023,"../results/rs_posterior_priors/manifest.json (LOSO; inserted at ps1, a7000_7000; box_ cols unscaled)",-2.137,295,301,596,-1.995,-0.56,0.307,1.247,-0.449,-0.378,-2.137,0.309,-1.828,0.309,-1.828,-1.509,-0.0,-0.203,0.114,0.065,0.042,-1.647,0.156,-1.491,-0.748,-0.358,0.48,1.26,-0.537,-0.324,-0.805,0.578,-0.227,-0.0,-0.0,-0.486,0.51,-0.514,-0.56,1.133,-0.42,-0.49,0.153,-0.337
1628392,Isaiah Hartenstein,2023,"../results/rs_posterior_priors/manifest.json (LOSO; inserted at ps1, a7000_7000; box_ cols unscaled)",-2.233,407,408,815,-3.228,0.51,-0.99,-0.067,1.985,-0.047,-2.233,0.396,-1.837,0.395,-1.838,-0.2,0.005,0.069,0.202,0.041,-0.327,-0.09,-0.12,-0.21,-2.462,0.944,-0.879,-0.188,2.03,0.222,-1.311,0.978,-0.333,0.0,-0.001,-3.028,-1.059,1.944,0.505,-0.269,0.28,-2.143,0.516,-1.627
1628370,Malik Monk,2023,"../results/rs_posterior_priors/manifest.json (LOSO; inserted at ps1, a7000_7000; box_ cols unscaled)",-0.659,443,441,884,0.751,-0.515,-0.85,-0.497,-0.561,-0.184,-0.66,-1.196,-1.856,-1.196,-1.855,0.02,0.242,-0.148,-0.169,0.853,0.202,0.725,0.275,1.0,1.606,-0.552,-0.715,-0.329,-0.926,-0.216,-0.035,-1.097,-1.132,0.0,0.001,0.731,-0.702,-1.414,-0.757,-0.328,-0.386,-1.385,-1.471,-2.856
1629117,Wenyen Gabriel,2023,"../results/rs_posterior_priors/manifest.json (LOSO; inserted at ps1, a7000_7000; box_ cols unscaled)",-1.346,77,79,156,-2.156,0.173,-0.564,-0.652,1.373,-0.152,-1.347,-0.631,-1.978,-0.631,-1.977,-0.777,-0.339,-0.206,0.014,0.018,0.127,-0.965,-0.198,-1.163,-1.279,0.754,-0.377,-0.64,1.374,-0.155,-0.282,-0.041,-0.323,0.0,0.001,-1.379,-0.358,1.355,0.512,-0.666,-0.279,-0.382,-0.433,-0.815
1629667,Jalen McDaniels,2023,"../results/rs_posterior_priors/manifest.json (LOSO; inserted at ps1, a7000_7000; box_ cols unscaled)",-2.613,183,189,372,-2.362,-0.187,-0.838,0.795,0.587,-0.031,-2.613,0.577,-2.036,0.577,-2.036,0.294,-0.117,-0.349,0.072,0.094,0.167,0.039,0.122,0.161,-1.77,0.261,-0.61,0.81,0.55,-0.052,-1.83,1.019,-0.811,0.0,0.0,-2.656,-0.489,0.493,-0.07,0.723,-0.198,-2.652,0.455,-2.197
1626171,Bobby Portis,2023,"../results/rs_posterior_priors/manifest.json (LOSO; inserted at ps1, a7000_7000; box_ cols unscaled)",-0.529,222,225,447,-1.501,-0.974,0.323,-0.85,0.647,0.292,-0.531,-1.532,-2.063,-1.533,-2.062,0.573,-0.996,0.156,0.183,0.052,0.208,0.781,-0.605,0.176,-1.012,0.168,0.393,-0.972,0.625,0.258,0.006,-0.546,-0.54,0.0,0.001,-2.074,0.167,0.595,0.022,-1.033,0.084,-1.312,-0.927,-2.239
1629013,Landry Shamet,2023,"../results/rs_posterior_priors/manifest.json (LOSO; inserted at ps1, a7000_7000; box_ cols unscaled)",-1.959,381,382,763,-2.033,-0.229,0.312,0.426,-0.237,-0.303,-1.958,-0.106,-2.064,-0.105,-2.064,0.139,-0.152,0.016,-0.151,-0.401,-0.106,-0.246,-0.409,-0.655,-1.386,0.249,0.467,0.543,-0.066,-0.138,-0.985,0.654,-0.331,0.0,-0.0,-2.172,0.296,0.164,-0.077,0.577,-0.197,-1.712,0.303,-1.409
1630171,Isaac Okoro,2023,"../results/rs_posterior_priors/manifest.json (LOSO; inserted at ps1, a7000_7000; box_ cols unscaled)",-1.871,146,140,286,-1.489,-0.48,-0.44,0.308,0.057,-0.043,-1.872,-0.215,-2.087,-0.214,-2.085,-0.645,0.267,-0.493,-0.044,0.05,0.007,-1.088,0.23,-0.858,-0.591,-0.227,-0.134,0.363,0.051,0.016,-0.674,0.152,-0.522,0.0,0.002,-0.844,0.053,0.007,-0.747,0.352,-0.05,-0.784,-0.445,-1.229
1629111,Jock Landale,2023,"../results/rs_posterior_priors/manifest.json (LOSO; inserted at ps1, a7000_7000; box_ cols unscaled)",-1.516,222,219,441,-1.273,0.202,-1.172,-0.942,0.927,0.14,-1.518,-0.6,-2.118,-0.599,-2.115,1.373,0.299,-0.137,0.003,-0.598,-0.049,0.638,0.253,0.891,-1.004,0.434,-0.992,-0.918,1.17,0.26,-0.826,-0.224,-1.05,0.0,0.003,-2.646,-1.035,1.525,-0.097,-0.945,0.189,-2.156,-0.853,-3.009
1626168,Trey Lyles,2023,"../results/rs_posterior_priors/manifest.json (LOSO; inserted at ps1, a7000_7000; box_ cols unscaled)",-0.684,255,255,510,-0.774,-1.001,-0.849,-0.597,0.938,0.155,-0.685,-1.443,-2.128,-1.442,-2.126,0.14,-0.211,-0.403,-0.103,0.702,0.307,0.439,-0.007,0.432,-0.114,-0.654,-0.653,-0.459,0.673,0.061,-0.094,-1.052,-1.146,0.0,0.002,-0.914,-0.446,0.236,-0.79,-0.494,-0.152,-1.124,-1.436,-2.56
1631169,Josh Minott,2023,"../results/rs_posterior_priors/manifest.json (LOSO; inserted at ps1, a7000_7000; box_ cols unscaled)",-1.646,14,13,27,-1.776,-0.77,0.153,0.095,-0.024,0.189,-1.647,-0.486,-2.133,-0.487,-2.133,-0.263,-0.11,-0.147,0.016,-0.166,-0.017,-0.576,-0.111,-0.687,-1.027,-0.318,0.335,0.125,0.021,0.28,-0.671,0.087,-0.584,0.0,0.0,-1.513,0.3,0.142,-0.66,0.079,0.206,-1.071,-0.375,-1.446
201937,Ricky Rubio,2023,"../results/rs_posterior_priors/manifest.json (LOSO; inserted at ps1, a7000_7000; box_ cols unscaled)",-3.212,34,30,64,-3.307,-0.102,0.74,1.457,-0.646,-0.35,-3.213,1.005,-2.208,1.004,-2.208,-0.455,-0.147,-0.254,0.003,-0.115,0.007,-0.824,-0.137,-0.961,-2.512,0.374,0.958,1.494,-0.617,-0.279,-2.171,1.589,-0.582,0.0,0.0,-2.852,0.994,-0.531,0.045,1.454,-0.357,-2.389,1.142,-1.247
1626192,Pat Connaughton,2023,"../results/rs_posterior_priors/manifest.json (LOSO; inserted at ps1, a7000_7000; box_ cols unscaled)",-2.036,187,183,370,-2.46,0.327,0.227,-0.415,0.197,-0.103,-2.036,-0.191,-2.227,-0.191,-2.227,-0.49,-0.472,0.109,0.095,-0.257,0.119,-0.638,-0.258,-0.896,-1.645,1.25,0.307,-0.46,0.262,-0.095,-1.076,0.695,-0.381,0.0,0.0,-1.97,0.118,0.454,0.799,-0.51,-0.222,-1.398,0.067,-1.331
203109,Jae Crowder,2023,"../results/rs_posterior_priors/manifest.json (LOSO; inserted at ps1, a7000_7000; box_ cols unscaled)",-1.119,86,89,175,-1.533,-1.345,0.57,0.245,-0.157,-0.012,-1.12,-1.112,-2.232,-1.111,-2.23,-0.528,-0.464,-0.045,0.055,0.19,0.039,-0.383,-0.37,-0.753,-0.716,-0.623,0.711,0.233,-0.223,0.046,-0.228,-0.344,-0.572,-0.0,0.002,-1.005,0.615,-0.347,-0.881,0.19,-0.051,-0.737,-0.742,-1.479
201566,Russell Westbrook,2023,"../results/rs_posterior_priors/manifest.json (LOSO; inserted at ps1, a7000_7000; box_ cols unscaled)",-2.837,395,394,789,-1.397,0.263,-1.382,0.21,-0.058,0.097,-2.837,0.57,-2.267,0.569,-2.268,0.509,-0.442,-0.402,-0.112,-0.065,-0.216,0.042,-0.77,-0.728,-1.036,0.858,-1.158,0.214,-0.123,0.308,-2.317,1.38,-0.937,0.0,-0.001,-1.906,-0.98,0.007,0.705,0.322,0.313,-2.879,1.34,-1.539
1631254,Kenneth Lofton Jr.,2023,"../results/rs_posterior_priors/manifest.json (LOSO; inserted at ps1, a7000_7000; box_ cols unscaled)",-1.198,26,25,51,-2.076,-1.029,0.241,-0.169,0.637,0.1,-1.198,-1.098,-2.296,-1.099,-2.297,-0.617,-0.15,-0.075,-0.003,-0.12,0.02,-0.812,-0.133,-0.945,-1.231,-0.538,0.401,-0.129,0.674,0.174,-0.156,-0.493,-0.649,0.0,-0.001,-1.459,0.316,0.757,-0.879,-0.166,0.08,-0.386,-0.965,-1.351
1628470,Torrey Craig,2023,"../results/rs_posterior_priors/manifest.json (LOSO; inserted at ps1, a7000_7000; box_ cols unscaled)",-2.264,379,380,759,-2.838,0.108,-0.592,0.014,1.166,-0.234,-2.264,-0.112,-2.376,-0.113,-2.377,-0.498,-0.047,0.226,0.222,-0.178,-0.158,-0.45,0.017,-0.433,-1.999,0.657,-0.462,-0.096,1.257,-0.005,-1.204,0.556,-0.648,0.0,-0.001,-2.34,-0.818,1.344,0.155,-0.208,-0.076,-1.814,-0.129,-1.943
1629684,Grant Williams,2023,"../results/rs_posterior_priors/manifest.json (LOSO; inserted at ps1, a7000_7000; box_ cols unscaled)",-1.041,511,514,1025,-0.861,-1.222,-0.521,-0.325,0.341,0.181,-1.041,-1.366,-2.407,-1.366,-2.407,0.213,-0.954,0.109,0.017,0.339,-0.124,0.661,-1.061,-0.4,-0.178,-0.112,-0.492,-0.328,0.224,0.378,-0.446,-0.062,-0.508,0.0,0.0,-1.074,-0.63,0.002,-0.268,-0.342,0.305,-1.702,-0.305,-2.007
1627814,Damion Lee,2023,"../results/rs_posterior_priors/manifest.json (LOSO; inserted at ps1, a7000_7000; box_ cols unscaled)",-1.336,176,175,351,-1.017,-0.938,-1.089,-0.258,0.769,0.086,-1.337,-1.11,-2.447,-1.11,-2.446,-0.271,-0.251,0.153,0.043,0.111,-0.052,-0.007,-0.26,-0.267,-0.246,-0.343,-1.013,-0.236,0.781,0.222,-0.478,-0.357,-0.835,0.0,0.001,-0.746,-1.242,0.658,-0.687,-0.301,0.138,-1.33,-0.85,-2.18
1629312,Haywood Highsmith,2023,"../results/rs_posterior_priors/manifest.json (LOSO; inserted at ps1, a7000_7000; box_ cols unscaled)",-3.338,313,321,634,-2.937,0.561,-0.76,0.012,0.358,0.307,-3.339,0.88,-2.459,0.88,-2.458,0.556,-0.277,-0.474,-0.073,-0.061,-0.014,0.021,-0.364,-0.343,-2.765,1.095,-0.488,0.119,0.392,0.44,-2.861,1.654,-1.207,0.0,0.001,-3.493,-0.286,0.419,0.838,0.085,0.321,-3.36,1.244,-2.116
203488,Mike Muscala,2023,"../results/rs_posterior_priors/manifest.json (LOSO; inserted at ps1, a7000_7000; box_ cols unscaled)",-1.559,46,47,93,-0.843,0.111,0.029,-0.762,-0.746,-0.275,-1.56,-0.926,-2.486,-0.927,-2.486,0.562,-0.232,-0.09,0.135,0.031,-0.089,0.503,-0.186,0.317,-0.345,0.673,0.185,-0.826,-0.757,-0.14,-0.917,-0.293,-1.21,0.0,0.0,-1.405,0.119,-0.777,0.343,-0.897,-0.186,-2.063,-0.74,-2.803
1629731,Dean Wade,2023,"../results/rs_posterior_priors/manifest.json (LOSO; inserted at ps1, a7000_7000; box_ cols unscaled)",-2.942,26,27,53,-2.467,0.083,0.583,0.412,-1.058,-0.04,-2.942,0.455,-2.487,0.455,-2.487,-0.405,-0.01,-0.269,0.001,-0.144,-0.023,-0.818,-0.032,-0.85,-1.687,0.482,0.801,0.449,-1.023,0.047,-1.909,0.978,-0.931,0.0,0.0,-2.062,0.852,-0.914,0.093,0.411,-0.017,-2.124,0.487,-1.637
1631099,Keegan Murray,2023,"../results/rs_posterior_priors/manifest.json (LOSO; inserted at ps1, a7000_7000; box_ cols unscaled)",-1.211,427,419,846,-1.106,-1.148,0.113,-0.085,-0.218,-0.056,-1.211,-1.289,-2.5,-1.287,-2.498,-0.934,0.017,0.044,0.145,0.073,-0.157,-0.817,0.005,-0.812,0.091,-1.086,0.277,-0.143,-0.323,0.146,0.045,-1.083,-1.038,0.0,0.002,-0.172,0.069,-0.291,-1.165,-0.23,0.101,-0.394,-1.294,-1.688
1627826,Ivica Zubac,2023,"../results/rs_posterior_priors/manifest.json (LOSO; inserted at ps1, a7000_7000; box_ cols unscaled)",-2.765,269,268,537,-1.243,1.396,-2.006,-1.526,0.483,0.378,-2.766,0.248,-2.518,0.248,-2.517,-0.001,-0.425,-0.423,-0.129,-0.262,0.017,-0.686,-0.537,-1.223,-0.671,2.026,-1.752,-1.496,0.512,0.463,-1.911,0.993,-0.918,0.0,0.001,-1.242,-1.583,0.745,1.821,-1.397,0.361,-2.08,0.785,-1.295
1630527,Brandon Boston Jr.,2023,"../results/rs_posterior_priors/manifest.json (LOSO; inserted at ps1, a7000_7000; box_ cols unscaled)",-1.985,2,2,4,-2.874,-1.12,0.751,0.41,0.138,0.1,-1.985,-0.61,-2.595,-0.609,-2.594,-0.174,-0.078,-0.105,-0.014,-0.074,-0.055,-0.353,-0.147,-0.5,-2.15,-0.683,0.916,0.453,0.158,0.213,-1.076,-0.017,-1.093,0.0,0.001,-2.7,0.856,0.212,-1.042,0.424,0.155,-1.632,-0.463,-2.095
1630583,Santi Aldama,2023,"../results/rs_posterior_priors/manifest.json (LOSO; inserted at ps1, a7000_7000; box_ cols unscaled)",-1.247,208,209,417,-1.283,-0.707,-0.208,-0.257,0.245,-0.392,-1.246,-1.356,-2.602,-1.355,-2.602,-0.302,-0.397,-0.028,-0.082,-0.008,-0.294,-0.338,-0.773,-1.111,-0.546,-0.059,-0.004,-0.166,0.25,-0.15,-0.3,-0.375,-0.675,0.0,0.0,-0.981,-0.18,0.253,-0.31,-0.175,-0.098,-0.908,-0.583,-1.491
1629060,Rui Hachimura,2023,"../results/rs_posterior_priors/manifest.json (LOSO; inserted at ps1, a7000_7000; box_ cols unscaled)",-2.61,779,774,1553,-2.436,1.348,0.121,-1.159,-0.295,-0.242,-2.61,-0.053,-2.663,-0.051,-2.661,0.239,0.257,0.257,-0.213,-0.389,-0.394,0.107,-0.35,-0.243,-1.873,1.707,0.198,-1.181,-0.198,0.072,-1.873,0.598,-1.275,-0.0,0.002,-2.675,-0.136,0.094,1.091,-0.946,0.152,-2.717,0.297,-2.42
202694,Marcus Morris Sr.,2023,"../results/rs_posterior_priors/manifest.json (LOSO; inserted at ps1, a7000_7000; box_ cols unscaled)",-1.516,144,147,291,-1.733,-0.848,0.734,-0.516,-0.518,0.207,-1.517,-1.157,-2.674,-1.157,-2.673,-0.646,-0.393,-0.001,-0.136,-0.088,-0.182,-0.735,-0.711,-1.446,-0.952,-0.253,0.854,-0.446,-0.523,0.395,-0.621,-0.304,-0.925,0.0,0.001,-1.087,0.735,-0.43,-0.455,-0.38,0.389,-0.782,-0.446,-1.228
201569,Eric Gordon,2023,"../results/rs_posterior_priors/manifest.json (LOSO; inserted at ps1, a7000_7000; box_ cols unscaled)",-1.179,310,308,618,-0.062,-0.682,-0.555,-0.611,-0.562,-0.269,-1.179,-1.562,-2.741,-1.562,-2.741,0.054,-0.404,-0.35,-0.069,-0.461,-0.073,-0.757,-0.546,-1.303,0.481,-0.081,-0.322,-0.623,-0.489,-0.137,-0.33,-0.841,-1.171,0.0,-0.0,-0.116,-0.205,-0.101,-0.278,-0.542,-0.196,-0.422,-1.016,-1.438
1629673,Jordan Poole,2023,"../results/rs_posterior_priors/manifest.json (LOSO; inserted at ps1, a7000_7000; box_ cols unscaled)",-1.744,602,597,1199,-0.127,-0.462,-0.836,-0.501,-0.782,-0.035,-1.745,-0.998,-2.743,-0.998,-2.742,-0.577,-0.738,0.15,-0.033,-0.418,0.424,-0.845,-0.347,-1.192,0.886,0.199,-0.777,-0.478,-0.673,-0.122,-0.564,-0.401,-0.965,0.0,0.001,0.45,-0.986,-0.364,0.276,-0.468,-0.459,-0.9,-0.651,-1.551
201587,Nicolas Batum,2023,"../results/rs_posterior_priors/manifest.json (LOSO; inserted at ps1, a7000_7000; box_ cols unscaled)",-1.616,191,191,382,-0.865,-0.744,-0.187,0.061,-0.564,-0.45,-1.616,-1.133,-2.749,-1.134,-2.75,-0.454,-0.469,-0.511,-0.006,0.329,0.067,-0.636,-0.408,-1.044,-0.113,-0.101,0.097,0.059,-0.708,-0.416,-0.724,-0.458,-1.182,0.0,-0.001,-0.411,0.324,-0.893,-0.275,0.067,-0.517,-0.98,-0.725,-1.705
1631111,Wendell Moore Jr.,2023,"../results/rs_posterior_priors/manifest.json (LOSO; inserted at ps1, a7000_7000; box_ cols unscaled)",-2.469,6,4,10,-2.185,-1.061,-0.598,0.772,0.313,-0.006,-2.47,-0.295,-2.765,-0.294,-2.763,-0.162,-0.079,-0.136,0.031,-0.105,-0.049,-0.403,-0.097,-0.5,-1.463,-0.623,-0.421,0.792,0.342,0.104,-1.542,0.273,-1.269,0.0,0.002,-2.023,-0.462,0.418,-0.982,0.741,0.043,-2.067,-0.198,-2.265
1627747,Caris LeVert,2023,"../results/rs_posterior_priors/manifest.json (LOSO; inserted at ps1, a7000_7000; box_ cols unscaled)",-2.229,324,323,647,-1.786,-0.538,0.069,0.543,-0.513,-0.584,-2.23,-0.579,-2.809,-0.579,-2.808,-0.895,-0.025,-0.327,0.081,-0.225,-0.355,-1.447,-0.299,-1.746,-0.722,-0.141,0.354,0.51,-0.426,-0.331,-0.794,0.038,-0.756,0.0,0.001,-0.891,0.396,-0.288,-0.513,0.462,-0.229,-0.783,-0.28,-1.063
1629020,Jarred Vanderbilt,2023,"../results/rs_posterior_priors/manifest.json (LOSO; inserted at ps1, a7000_7000; box_ cols unscaled)",-1.889,519,513,1032,-2.485,-1.749,-0.564,0.945,1.159,-0.125,-1.89,-0.929,-2.819,-0.928,-2.817,-0.999,-0.27,-0.503,-0.032,0.032,0.169,-1.47,-0.133,-1.603,-1.424,-1.223,-0.311,1.006,1.202,-0.153,-0.533,-0.37,-0.903,0.0,0.002,-1.486,-0.061,1.127,-1.479,0.977,-0.294,-0.42,-0.796,-1.216
1630180,Saddiq Bey,2023,"../results/rs_posterior_priors/manifest.json (LOSO; inserted at ps1, a7000_7000; box_ cols unscaled)",0.066,279,275,554,-1.782,-2.534,0.717,-0.207,1.13,-0.153,0.065,-2.894,-2.829,-2.895,-2.829,-0.12,-1.171,-0.182,-0.243,0.795,0.067,0.493,-1.347,-0.854,-1.157,-1.515,0.953,-0.063,0.896,-0.166,0.692,-1.744,-1.052,-0.0,0.0,-1.662,0.899,0.335,-1.363,0.036,-0.22,-0.428,-1.547,-1.975
1629631,De'Andre Hunter,2023,"../results/rs_posterior_priors/manifest.json (LOSO; inserted at ps1, a7000_7000; box_ cols unscaled)",-1.907,464,471,935,-2.087,-0.768,0.336,-0.231,-0.156,0.049,-1.907,-0.95,-2.857,-0.95,-2.857,-0.46,-0.886,0.303,-0.014,0.92,0.363,0.763,-0.537,0.226,-1.384,-0.036,0.454,-0.275,-0.492,-0.066,-1.422,-0.377,-1.799,0.0,0.0,-1.627,0.033,-1.076,0.118,-0.217,-0.314,-2.67,-0.413,-3.083
203925,Joe Harris,2023,"../results/rs_posterior_priors/manifest.json (LOSO; inserted at ps1, a7000_7000; box_ cols unscaled)",-1.495,86,77,163,-0.747,-0.36,0.009,-0.698,-0.757,-0.335,-1.495,-1.393,-2.888,-1.393,-2.888,-0.32,0.02,-0.208,0.113,-0.113,0.033,-0.641,0.166,-0.475,0.033,0.018,0.203,-0.728,-0.736,-0.272,-0.5,-0.982,-1.482,0.0,0.0,-0.427,0.217,-0.644,-0.38,-0.811,-0.368,-0.854,-1.559,-2.413
1628436,Luke Kornet,2023,"../results/rs_posterior_priors/manifest.json (LOSO; inserted at ps1, a7000_7000; box_ cols unscaled)",-1.544,67,67,134,-1.62,0.347,-0.573,-1.295,0.649,-0.411,-1.544,-1.359,-2.903,-1.359,-2.903,0.128,-0.172,-0.037,0.063,-0.005,-0.099,0.086,-0.208,-0.122,-1.003,0.898,-0.437,-1.318,0.648,-0.273,-0.792,-0.693,-1.485,0.0,-0.0,-1.748,-0.536,0.654,0.519,-1.358,-0.312,-1.63,-1.151,-2.781
1629002,Chimezie Metu,2023,"../results/rs_posterior_priors/manifest.json (LOSO; inserted at ps1, a7000_7000; box_ cols unscaled)",-2.127,11,11,22,-1.324,-0.885,-0.573,-0.068,-0.23,0.081,-2.127,-0.872,-2.999,-0.871,-2.998,-0.053,-0.068,-0.108,-0.003,0.066,0.025,-0.095,-0.046,-0.141,-0.638,-0.459,-0.411,-0.023,-0.25,0.149,-1.299,-0.333,-1.632,0.0,0.001,-1.271,-0.465,-0.296,-0.817,-0.065,0.056,-2.032,-0.826,-2.858
1630202,Payton Pritchard,2023,"../results/rs_posterior_priors/manifest.json (LOSO; inserted at ps1, a7000_7000; box_ cols unscaled)",-2.908,113,113,226,-2.933,0.42,-0.375,-0.77,0.399,0.259,-2.909,-0.091,-3.0,-0.092,-3.0,0.346,-0.411,0.007,0.13,0.003,-0.047,0.356,-0.328,0.028,-2.383,1.135,-0.26,-0.834,0.404,0.371,-2.239,0.672,-1.567,0.0,0.0,-3.279,-0.382,0.396,0.831,-0.9,0.306,-3.265,0.237,-3.028
1630538,Bones Hyland,2023,"../results/rs_posterior_priors/manifest.json (LOSO; inserted at ps1, a7000_7000; box_ cols unscaled)",-1.654,164,166,330,-1.968,-1.399,0.524,0.268,-0.21,-0.247,-1.654,-1.378,-3.032,-1.378,-3.032,-0.457,0.097,0.166,-0.016,1.078,-0.357,0.787,-0.276,0.511,-1.227,-1.098,0.596,0.291,-0.577,0.02,-1.208,-0.787,-1.995,0.0,0.0,-1.511,0.358,-1.288,-1.496,0.284,0.11,-2.441,-1.102,-3.543
203933,T.J. Warren,2023,"../results/rs_posterior_priors/manifest.json (LOSO; inserted at ps1, a7000_7000; box_ cols unscaled)",-2.245,163,164,327,-2.358,-0.595,0.753,-0.063,-0.64,-0.138,-2.245,-0.796,-3.041,-0.797,-3.042,-0.251,0.212,0.356,-0.022,-0.067,0.097,0.038,0.287,0.325,-1.615,-0.329,0.791,-0.021,-0.607,-0.112,-1.431,-0.462,-1.893,0.0,-0.001,-2.107,0.397,-0.573,-0.807,-0.041,-0.235,-2.283,-1.083,-3.366
1626149,Montrezl Harrell,2023,"../results/rs_posterior_priors/manifest.json (LOSO; inserted at ps1, a7000_7000; box_ cols unscaled)",-2.051,13,13,26,-1.728,-0.832,-0.842,0.226,0.52,-0.385,-2.05,-0.991,-3.041,-0.992,-3.043,-0.122,-0.209,-0.066,0.01,-0.154,0.028,-0.342,-0.171,-0.513,-1.02,-0.322,-0.689,0.256,0.563,-0.32,-1.146,-0.386,-1.532,0.0,-0.002,-1.606,-0.776,0.674,-0.623,0.216,-0.413,-1.708,-0.82,-2.528
1629139,Yuta Watanabe,2023,"../results/rs_posterior_priors/manifest.json (LOSO; inserted at ps1, a7000_7000; box_ cols unscaled)",-1.568,9,10,19,-0.458,-1.21,-0.128,-0.086,-0.983,-0.184,-1.569,-1.48,-3.049,-1.48,-3.048,-0.227,-0.16,-0.123,-0.025,-0.029,0.023,-0.379,-0.162,-0.541,0.283,-0.736,0.038,-0.036,-0.975,-0.115,-0.654,-0.887,-1.541,0.0,0.001,-0.231,-0.005,-0.954,-1.05,-0.061,-0.207,-1.19,-1.318,-2.508
201980,Danny Green,2023,"../results/rs_posterior_priors/manifest.json (LOSO; inserted at ps1, a7000_7000; box_ cols unscaled)",-3.546,72,75,147,-1.552,0.042,-1.348,0.363,-0.647,0.043,-3.547,0.448,-3.099,0.447,-3.099,0.075,0.081,-0.113,-0.1,-0.462,-0.097,-0.5,-0.116,-0.616,-0.888,0.381,-1.18,0.453,-0.516,0.169,-2.584,1.003,-1.581,0.0,0.0,-1.627,-1.235,-0.185,-0.039,0.463,0.14,-3.047,0.564,-2.483
1629056,Terence Davis,2023,"../results/rs_posterior_priors/manifest.json (LOSO; inserted at ps1, a7000_7000; box_ cols unscaled)",-2.708,120,123,243,-1.976,-0.997,-0.89,0.659,0.157,-0.075,-2.709,-0.413,-3.122,-0.413,-3.121,0.641,-0.37,-0.169,-0.123,0.057,-0.011,0.529,-0.504,0.025,-1.49,-0.476,-0.723,0.789,0.117,0.016,-2.096,0.329,-1.767,-0.0,0.001,-2.617,-0.721,0.1,-0.627,0.782,-0.064,-3.238,0.091,-3.147
1626220,Royce O'Neale,2023,"../results/rs_posterior_priors/manifest.json (LOSO; inserted at ps1, a7000_7000; box_ cols unscaled)",-3.014,219,216,435,-1.183,0.222,-0.769,0.173,-1.062,-0.524,-3.014,-0.129,-3.143,-0.129,-3.143,-0.663,-0.309,-0.247,0.208,-0.547,-0.306,-1.457,-0.407,-1.864,-0.312,0.711,-0.556,0.085,-0.913,-0.238,-1.781,0.558,-1.223,0.0,0.0,-0.52,-0.522,-0.515,0.531,-0.035,-0.218,-1.557,0.278,-1.279
1631108,Max Christie,2023,"../results/rs_posterior_priors/manifest.json (LOSO; inserted at ps1, a7000_7000; box_ cols unscaled)",-2.965,73,71,144,-2.454,0.72,-0.169,-0.934,-0.342,0.03,-2.965,-0.184,-3.149,-0.184,-3.149,-0.425,0.233,0.078,0.037,-0.079,-0.08,-0.426,0.19,-0.236,-1.689,0.968,-0.071,-0.91,-0.333,0.149,-2.093,0.207,-1.886,0.0,0.0,-2.029,-0.247,-0.263,0.487,-0.971,0.11,-2.539,-0.374,-2.913
1631107,Nikola Jović,2023,"../results/rs_posterior_priors/manifest.json (LOSO; inserted at ps1, a7000_7000; box_ cols unscaled)",-2.798,26,30,56,-2.353,-1.062,-0.397,0.568,-0.048,0.108,-2.798,-0.386,-3.184,-0.385,-3.183,-0.211,-0.096,-0.021,0.005,0.094,0.036,-0.138,-0.055,-0.193,-1.653,-0.608,-0.249,0.605,-0.075,0.171,-1.977,0.168,-1.809,0.0,0.001,-2.142,-0.376,-0.142,-0.966,0.563,0.072,-2.66,-0.331,-2.991
1631128,Christian Braun,2023,"../results/rs_posterior_priors/manifest.json (LOSO; inserted at ps1, a7000_7000; box_ cols unscaled)",-2.531,470,478,948,-2.128,-0.421,-0.516,-0.064,0.112,-0.181,-2.532,-0.666,-3.198,-0.666,-3.197,-0.369,0.447,-0.626,-0.107,0.209,0.009,-0.786,0.349,-0.437,-1.432,-0.32,-0.226,0.05,-0.007,-0.155,-1.665,-0.425,-2.09,0.0,0.001,-1.759,0.11,-0.097,-0.868,0.043,-0.19,-1.746,-1.015,-2.761
1630167,Obi Toppin,2023,"../results/rs_posterior_priors/manifest.json (LOSO; inserted at ps1, a7000_7000; box_ cols unscaled)",-2.314,332,337,669,-2.559,0.11,0.329,-0.777,-0.085,-0.243,-2.315,-0.91,-3.225,-0.911,-3.225,-1.982,0.22,0.418,0.099,0.676,0.097,-0.888,0.416,-0.472,-1.332,0.42,0.348,-0.838,-0.273,-0.233,-1.257,-0.651,-1.908,0.0,0.0,-0.577,-0.089,-0.761,-0.11,-0.876,-0.34,-1.427,-1.326,-2.753
1628415,Dillon Brooks,2023,"../results/rs_posterior_priors/manifest.json (LOSO; inserted at ps1, a7000_7000; box_ cols unscaled)",-3.945,339,346,685,-4.594,0.791,0.498,0.166,0.151,-0.239,-3.945,0.718,-3.227,0.717,-3.228,-1.687,-0.104,-0.164,0.205,0.184,-0.266,-1.667,-0.165,-1.832,-3.474,1.275,0.773,0.108,0.13,-0.018,-2.571,1.365,-1.206,0.0,-0.001,-2.907,0.662,-0.033,0.895,-0.039,0.027,-2.278,0.883,-1.395
1630541,Moses Moody,2023,"../results/rs_posterior_priors/manifest.json (LOSO; inserted at ps1, a7000_7000; box_ cols unscaled)",-2.793,338,337,675,-1.713,-0.197,-0.892,-0.457,-0.189,0.13,-2.794,-0.524,-3.318,-0.523,-3.316,-0.04,-0.007,-0.319,-0.135,-0.242,0.136,-0.601,-0.006,-0.607,-0.979,0.19,-0.702,-0.337,-0.115,0.193,-1.796,0.046,-1.75,0.0,0.002,-1.673,-0.573,0.053,-0.19,-0.322,-0.006,-2.193,-0.518,-2.711
1628381,John Collins,2023,"../results/rs_posterior_priors/manifest.json (LOSO; inserted at ps1, a7000_7000; box_ cols unscaled)",-2.668,348,348,696,-1.905,-0.473,-0.133,-0.254,-0.63,0.048,-2.668,-0.679,-3.347,-0.679,-3.347,-0.823,0.203,0.013,0.163,-0.341,0.168,-1.151,0.534,-0.617,-1.049,-0.357,0.044,-0.381,-0.589,0.063,-1.594,-0.675,-2.269,0.0,0.0,-1.082,-0.146,-0.289,-0.676,-0.417,-0.12,-1.517,-1.213,-2.73
1628410,Edmond Sumner,2023,"../results/rs_posterior_priors/manifest.json (LOSO; inserted at ps1, a7000_7000; box_ cols unscaled)",-2.641,9,10,19,-1.244,-1.095,-1.005,0.587,-0.393,-0.224,-2.642,-0.732,-3.374,-0.732,-3.373,-0.227,-0.16,-0.123,-0.025,-0.029,0.023,-0.379,-0.162,-0.541,-0.503,-0.621,-0.839,0.637,-0.385,-0.155,-1.727,-0.139,-1.866,0.0,0.001,-1.017,-0.882,-0.364,-0.935,0.612,-0.247,-2.263,-0.57,-2.833
1629162,Jordan McLaughlin,2023,"../results/rs_posterior_priors/manifest.json (LOSO; inserted at ps1, a7000_7000; box_ cols unscaled)",-2.662,31,28,59,-1.47,-0.939,-0.187,0.499,-1.005,-0.275,-2.662,-0.715,-3.377,-0.715,-3.377,-0.51,-0.17,-0.203,0.05,-0.271,0.035,-0.984,-0.085,-1.069,-0.647,-0.446,0.007,0.512,-0.934,-0.212,-1.574,-0.146,-1.72,0.0,0.0,-0.96,0.016,-0.734,-0.769,0.449,-0.31,-1.678,-0.63,-2.308
203552,Seth Curry,2023,"../results/rs_posterior_priors/manifest.json (LOSO; inserted at ps1, a7000_7000; box_ cols unscaled)",-2.187,112,107,219,-1.087,-0.872,0.003,-0.019,-1.104,-0.306,-2.188,-1.197,-3.385,-1.197,-3.384,0.039,-0.281,-0.401,0.049,-0.293,-0.135,-0.655,-0.367,-1.022,-0.411,-0.342,0.253,-0.015,-1.03,-0.144,-1.188,-0.501,-1.689,-0.0,0.001,-1.126,0.404,-0.811,-0.591,-0.068,-0.171,-1.533,-0.83,-2.363
1630228,Jonathan Kuminga,2023,"../results/rs_posterior_priors/manifest.json (LOSO; inserted at ps1, a7000_7000; box_ cols unscaled)",-2.778,127,123,250,-0.88,-0.356,-1.354,-0.018,-0.544,-0.272,-2.778,-0.646,-3.424,-0.647,-3.425,-0.808,-0.364,-0.303,-0.056,0.152,-0.059,-0.959,-0.479,-1.438,0.101,0.235,-1.172,0.075,-0.591,-0.133,-1.662,0.177,-1.485,0.0,-0.001,-0.072,-1.051,-0.696,0.008,0.038,-0.213,-1.819,-0.167,-1.986
1630209,Omer Yurtseven,2023,"../results/rs_posterior_priors/manifest.json (LOSO; inserted at ps1, a7000_7000; box_ cols unscaled)",-2.003,33,37,70,-1.775,-0.984,-0.665,-0.43,0.437,-0.027,-2.003,-1.441,-3.444,-1.442,-3.445,-0.387,-0.11,-0.061,-0.04,0.145,0.016,-0.303,-0.134,-0.437,-1.03,-0.519,-0.505,-0.366,0.396,0.05,-1.139,-0.835,-1.974,-0.0,-0.001,-1.388,-0.604,0.292,-0.874,-0.39,-0.043,-1.7,-1.307,-3.007
202083,Wesley Matthews,2023,"../results/rs_posterior_priors/manifest.json (LOSO; inserted at ps1, a7000_7000; box_ cols unscaled)",-2.501,82,89,171,-2.53,-0.566,-0.065,-0.159,0.094,-0.225,-2.501,-0.95,-3.451,-0.951,-3.452,-0.172,-0.734,0.059,-0.058,-0.308,-0.034,-0.421,-0.826,-1.247,-1.803,0.311,0.041,-0.117,0.185,-0.119,-1.577,0.075,-1.502,0.0,-0.001,-2.358,-0.124,0.402,0.168,-0.101,-0.191,-2.08,-0.124,-2.204
1630205,Lamar Stevens,2023,"../results/rs_posterior_priors/manifest.json (LOSO; inserted at ps1, a7000_7000; box_ cols unscaled)",-3.586,20,19,39,-3.171,0.607,-0.233,-0.301,-0.183,-0.241,-3.587,0.065,-3.522,0.065,-3.521,0.079,0.039,-0.259,-0.051,-0.106,0.027,-0.286,0.015,-0.271,-2.526,0.985,-0.021,-0.238,-0.155,-0.178,-2.702,0.569,-2.133,0.0,0.001,-3.25,0.026,-0.077,0.568,-0.25,-0.268,-3.301,0.05,-3.251
1630552,Jalen Johnson,2023,"../results/rs_posterior_priors/manifest.json (LOSO; inserted at ps1, a7000_7000; box_ cols unscaled)",-2.468,115,110,225,-2.517,-0.694,-0.391,0.167,0.439,-0.532,-2.469,-1.059,-3.528,-1.059,-3.527,0.037,-0.272,-0.336,-0.055,0.009,-0.022,-0.29,-0.349,-0.639,-1.888,-0.149,-0.149,0.229,0.448,-0.47,-1.589,-0.39,-1.979,0.0,0.001,-2.554,-0.055,0.43,-0.422,0.222,-0.51,-2.179,-0.71,-2.889
1629622,Max Strus,2023,"../results/rs_posterior_priors/manifest.json (LOSO; inserted at ps1, a7000_7000; box_ cols unscaled)",-1.929,1279,1277,2556,-1.619,-1.009,0.177,-0.57,-0.486,-0.049,-1.928,-1.628,-3.556,-1.628,-3.557,-1.553,0.047,0.176,-0.04,0.116,-0.014,-1.261,-0.007,-1.268,-0.676,-1.078,0.294,-0.422,-0.612,0.077,-0.994,-1.423,-2.417,0.0,-0.001,-0.066,0.001,-0.602,-1.056,-0.53,-0.035,-0.667,-1.621,-2.288
1630560,Cam Thomas,2023,"../results/rs_posterior_priors/manifest.json (LOSO; inserted at ps1, a7000_7000; box_ cols unscaled)",-1.944,27,28,55,-1.148,-0.703,0.37,-0.461,-1.166,-0.479,-1.944,-1.643,-3.587,-1.643,-3.587,-0.2,-0.198,-0.168,-0.058,-0.114,-0.069,-0.482,-0.325,-0.807,-0.419,-0.211,0.549,-0.391,-1.135,-0.357,-1.005,-0.959,-1.964,0.0,0.0,-0.948,0.538,-1.052,-0.505,-0.403,-0.41,-1.462,-1.318,-2.78
1628964,Mo Bamba,2023,"../results/rs_posterior_priors/manifest.json (LOSO; inserted at ps1, a7000_7000; box_ cols unscaled)",-2.473,22,22,44,-1.638,-0.126,-0.325,-0.913,-0.512,-0.096,-2.475,-1.135,-3.61,-1.135,-3.608,-0.125,0.097,-0.028,-0.008,-0.102,0.003,-0.255,0.092,-0.163,-0.94,0.215,-0.185,-0.877,-0.488,-0.019,-1.613,-0.681,-2.294,0.0,0.002,-1.513,-0.297,-0.41,-0.223,-0.905,-0.099,-2.22,-1.227,-3.447
1631116,Patrick Baldwin Jr.,2023,"../results/rs_posterior_priors/manifest.json (LOSO; inserted at ps1, a7000_7000; box_ cols unscaled)",-2.907,25,26,51,-2.377,-0.955,-0.134,-0.2,-0.397,0.452,-2.908,-0.703,-3.611,-0.703,-3.61,-0.533,-0.19,-0.065,-0.029,0.082,0.075,-0.516,-0.144,-0.66,-1.537,-0.448,0.009,-0.144,-0.422,0.495,-1.95,-0.097,-2.047,0.0,0.001,-1.844,-0.069,-0.479,-0.765,-0.171,0.377,-2.392,-0.559,-2.951
203082,Terrence Ross,2023,"../results/rs_posterior_priors/manifest.json (LOSO; inserted at ps1, a7000_7000; box_ cols unscaled)",-1.745,148,142,290,-1.63,-1.399,0.433,-0.497,-0.549,-0.008,-1.746,-1.904,-3.65,-1.905,-3.65,0.579,-0.416,0.028,-0.094,-0.596,0.107,0.011,-0.403,-0.392,-1.106,-0.782,0.569,-0.422,-0.357,0.021,-0.894,-1.183,-2.077,0.0,-0.0,-2.209,0.405,0.047,-0.983,-0.403,-0.115,-1.757,-1.501,-3.258
1630561,David Duke Jr.,2023,"../results/rs_posterior_priors/manifest.json (LOSO; inserted at ps1, a7000_7000; box_ cols unscaled)",-3.413,9,10,19,-2.316,-0.66,-1.565,0.591,0.467,-0.205,-3.414,-0.274,-3.688,-0.274,-3.687,-0.227,-0.16,-0.123,-0.025,-0.029,0.023,-0.379,-0.162,-0.541,-1.575,-0.186,-1.399,0.641,0.475,-0.136,-2.499,0.319,-2.18,0.0,0.001,-2.089,-1.442,0.496,-0.5,0.616,-0.228,-3.035,-0.112,-3.147
1628972,Troy Brown Jr.,2023,"../results/rs_posterior_priors/manifest.json (LOSO; inserted at ps1, a7000_7000; box_ cols unscaled)",-2.218,258,258,516,-1.48,-0.777,0.153,-0.293,-0.892,-0.488,-2.219,-1.558,-3.777,-1.559,-3.777,-0.62,-0.187,0.451,-0.222,-0.395,-0.14,-0.564,-0.549,-1.113,-0.731,-0.29,0.149,-0.17,-0.796,-0.34,-1.378,-0.8,-2.178,0.0,-0.0,-0.86,-0.298,-0.497,-0.59,-0.071,-0.348,-1.655,-1.009,-2.664
1631212,Peyton Watson,2023,"../results/rs_posterior_priors/manifest.json (LOSO; inserted at ps1, a7000_7000; box_ cols unscaled)",-2.826,27,29,56,-2.259,-0.144,-0.509,-0.482,-0.059,-0.333,-2.827,-0.959,-3.786,-0.959,-3.785,-0.45,0.063,-0.124,-0.001,-0.149,-0.002,-0.723,0.06,-0.663,-1.476,0.226,-0.349,-0.455,-0.018,-0.263,-1.843,-0.492,-2.335,0.0,0.001,-1.809,-0.385,0.09,-0.207,-0.481,-0.331,-2.104,-1.019,-3.123
1628427,Vlatko Cancar,2023,"../results/rs_posterior_priors/manifest.json (LOSO; inserted at ps1, a7000_7000; box_ cols unscaled)",-2.48,20,23,43,-1.41,-0.869,-0.359,-0.184,-0.712,-0.275,-2.481,-1.328,-3.809,-1.328,-3.808,-0.538,0.068,-0.141,-0.012,-0.099,-0.025,-0.778,0.031,-0.747,-0.596,-0.504,-0.193,-0.149,-0.685,-0.191,-1.474,-0.844,-2.318,0.0,0.001,-0.872,-0.218,-0.613,-0.937,-0.172,-0.25,-1.703,-1.359,-3.062
1628418,Thomas Bryant,2023,"../results/rs_posterior_priors/manifest.json (LOSO; inserted at ps1, a7000_7000; box_ cols unscaled)",-0.987,1,1,2,-0.456,-1.444,-0.381,-1.232,-0.151,-0.147,-0.988,-2.823,-3.811,-2.824,-3.811,-0.167,-0.103,-0.052,-0.008,-0.066,-0.009,-0.285,-0.12,-0.405,0.269,-0.995,-0.231,-1.193,-0.134,-0.06,-0.096,-2.248,-2.344,0.0,0.0,-0.289,-0.329,-0.085,-1.341,-1.224,-0.138,-0.703,-2.703,-3.406
1630554,Jason Preston,2023,"../results/rs_posterior_priors/manifest.json (LOSO; inserted at ps1, a7000_7000; box_ cols unscaled)",-2.374,2,2,4,-1.735,-1.099,-0.728,-0.584,0.089,0.232,-2.374,-1.451,-3.825,-1.45,-3.824,-0.174,-0.078,-0.105,-0.014,-0.074,-0.055,-0.353,-0.147,-0.5,-1.011,-0.662,-0.563,-0.541,0.109,0.345,-1.465,-0.858,-2.323,0.0,0.001,-1.561,-0.623,0.163,-1.021,-0.57,0.287,-2.021,-1.304,-3.325
201565,Derrick Rose,2023,"../results/rs_posterior_priors/manifest.json (LOSO; inserted at ps1, a7000_7000; box_ cols unscaled)",-3.303,7,6,13,-3.563,0.104,0.06,-0.692,0.199,0.057,-3.304,-0.531,-3.835,-0.531,-3.834,-0.373,-0.153,0.005,0.032,-0.109,-0.038,-0.477,-0.159,-0.636,-2.784,0.588,0.193,-0.676,0.232,0.163,-2.359,0.075,-2.284,0.0,0.001,-3.19,0.055,0.308,0.257,-0.724,0.095,-2.827,-0.372,-3.199
201567,Kevin Love,2023,"../results/rs_posterior_priors/manifest.json (LOSO; inserted at ps1, a7000_7000; box_ cols unscaled)",-3.677,719,722,1441,-1.885,-0.929,-0.902,0.264,-0.89,0.467,-3.677,-0.198,-3.875,-0.199,-3.876,-0.093,-0.477,-0.054,-0.007,-0.157,0.473,-0.304,-0.011,-0.315,-1.328,-0.481,-0.737,0.353,-0.943,0.254,-3.008,0.126,-2.882,-0.0,-0.001,-1.792,-0.848,-0.733,-0.452,0.271,-0.006,-3.373,-0.187,-3.56
1629130,Duncan Robinson,2023,"../results/rs_posterior_priors/manifest.json (LOSO; inserted at ps1, a7000_7000; box_ cols unscaled)",-1.978,803,816,1619,-1.299,-1.317,-0.295,-0.383,-0.382,-0.223,-1.976,-1.923,-3.899,-1.923,-3.901,1.859,0.296,-0.176,0.106,-0.251,-0.275,1.432,0.127,1.559,-1.873,-1.259,-0.082,-0.323,-0.272,0.107,-2.227,-1.475,-3.702,-0.0,-0.002,-3.158,-0.119,-0.131,-1.613,-0.489,0.052,-3.408,-2.05,-5.458
202687,Bismack Biyombo,2023,"../results/rs_posterior_priors/manifest.json (LOSO; inserted at ps1, a7000_7000; box_ cols unscaled)",-3.843,161,162,323,-3.007,1.368,-1.139,-0.865,0.303,-0.588,-3.843,-0.085,-3.928,-0.085,-3.928,-0.647,0.11,-0.157,-0.027,0.323,-0.458,-0.481,-0.375,-0.856,-2.128,1.749,-0.946,-0.8,0.224,-0.218,-2.85,0.731,-2.119,0.0,0.0,-2.36,-0.982,-0.02,1.258,-0.838,-0.13,-3.362,0.29,-3.072
1627752,Taurean Prince,2023,"../results/rs_posterior_priors/manifest.json (LOSO; inserted at ps1, a7000_7000; box_ cols unscaled)",-2.334,199,207,406,-0.62,-1.37,-0.892,0.275,-0.823,-0.515,-2.335,-1.61,-3.945,-1.611,-3.945,-0.336,-0.15,-0.211,0.022,-0.201,-0.2,-0.748,-0.328,-1.076,0.172,-0.934,-0.726,0.334,-0.788,-0.317,-1.342,-0.917,-2.259,0.0,0.0,-0.284,-0.681,-0.622,-1.22,0.253,-0.315,-1.587,-1.282,-2.869
1627788,Furkan Korkmaz,2023,"../results/rs_posterior_priors/manifest.json (LOSO; inserted at ps1, a7000_7000; box_ cols unscaled)",-3.38,23,20,43,-2.456,-0.323,-1.279,-0.275,0.355,-0.001,-3.38,-0.599,-3.979,-0.6,-3.98,-0.254,-0.186,-0.129,-0.01,0.003,0.01,-0.38,-0.186,-0.566,-1.721,0.177,-1.106,-0.233,0.357,0.073,-2.47,0.017,-2.453,0.0,-0.001,-2.202,-1.15,0.352,-0.137,-0.265,-0.011,-3.0,-0.413,-3.413
1627827,Dorian Finney-Smith,2023,"../results/rs_posterior_priors/manifest.json (LOSO; inserted at ps1, a7000_7000; box_ cols unscaled)",-3.664,185,187,372,-4.07,0.137,-0.233,-0.16,0.638,-0.312,-3.665,-0.335,-4.0,-0.336,-4.0,0.028,-0.042,-0.037,0.159,-0.591,-0.235,-0.6,-0.118,-0.718,-3.451,0.447,-0.042,-0.231,0.821,-0.037,-2.672,0.179,-2.493,0.0,0.0,-4.098,-0.196,1.229,0.179,-0.319,-0.077,-3.065,-0.217,-3.282
1627777,Georges Niang,2023,"../results/rs_posterior_priors/manifest.json (LOSO; inserted at ps1, a7000_7000; box_ cols unscaled)",-1.982,295,302,597,-0.831,-1.172,-0.389,-0.415,-0.762,-0.445,-1.982,-2.032,-4.014,-2.032,-4.014,-0.891,-0.302,-0.29,0.157,0.188,0.286,-0.993,0.141,-0.852,0.172,-0.641,-0.188,-0.443,-0.871,-0.557,-0.887,-1.641,-2.528,-0.0,0.0,0.06,-0.099,-0.95,-0.87,-0.572,-0.731,-0.989,-2.173,-3.162
1629003,Shake Milton,2023,"../results/rs_posterior_priors/manifest.json (LOSO; inserted at ps1, a7000_7000; box_ cols unscaled)",-1.226,41,40,81,-1.1,-1.38,-0.06,-1.024,-0.067,-0.492,-1.227,-2.896,-4.123,-2.895,-4.121,-0.306,0.024,-0.177,-0.028,-0.04,-0.136,-0.523,-0.14,-0.663,-0.359,-0.998,0.128,-0.97,-0.051,-0.334,-0.282,-2.302,-2.584,0.0,0.002,-0.794,0.117,-0.027,-1.404,-0.996,-0.356,-0.704,-2.756,-3.46
1630192,Zeke Nnaji,2023,"../results/rs_posterior_priors/manifest.json (LOSO; inserted at ps1, a7000_7000; box_ cols unscaled)",-3.061,24,27,51,-2.786,-0.448,-1.062,-0.365,0.786,-0.346,-3.062,-1.159,-4.221,-1.159,-4.22,-0.446,0.093,-0.156,0.004,-0.127,-0.009,-0.729,0.088,-0.641,-2.001,-0.096,-0.893,-0.341,0.821,-0.27,-2.073,-0.707,-2.78,0.0,0.001,-2.34,-0.906,0.913,-0.541,-0.369,-0.337,-2.333,-1.247,-3.58
203458,Alex Len,2023,"../results/rs_posterior_priors/manifest.json (LOSO; inserted at ps1, a7000_7000; box_ cols unscaled)",-4.163,117,115,232,-2.31,0.212,-2.71,-0.39,0.856,0.035,-4.164,-0.143,-4.307,-0.142,-4.305,-0.271,0.025,-0.222,-0.065,1.007,0.058,0.514,0.018,0.532,-1.567,0.527,-2.554,-0.292,0.535,0.08,-3.586,0.315,-3.271,0.0,0.002,-2.039,-2.488,-0.151,0.187,-0.325,-0.023,-4.678,-0.161,-4.839
1629028,Deandre Ayton,2023,"../results/rs_posterior_priors/manifest.json (LOSO; inserted at ps1, a7000_7000; box_ cols unscaled)",-2.687,649,649,1298,-1.652,-0.539,-1.137,-1.076,0.103,-0.061,-2.686,-1.676,-4.362,-1.678,-4.365,-0.175,-0.701,0.097,0.115,0.004,-0.013,-0.074,-0.599,-0.673,-0.779,0.315,-0.953,-1.101,0.119,0.083,-1.613,-0.703,-2.316,0.0,-0.003,-1.477,-1.234,0.099,0.162,-1.191,-0.048,-2.612,-1.077,-3.689
201609,Goran Dragic,2023,"../results/rs_posterior_priors/manifest.json (LOSO; inserted at ps1, a7000_7000; box_ cols unscaled)",-3.202,16,16,32,-2.532,-0.868,-0.214,-0.832,-0.457,0.489,-3.203,-1.211,-4.414,-1.211,-4.413,-0.257,-0.202,0.054,0.011,-0.085,-0.005,-0.288,-0.196,-0.484,-1.789,-0.344,-0.098,-0.805,-0.438,0.574,-2.325,-0.575,-2.9,0.0,0.001,-2.275,-0.268,-0.372,-0.666,-0.843,0.494,-2.915,-1.015,-3.93
203210,JaMychal Green,2023,"../results/rs_posterior_priors/manifest.json (LOSO; inserted at ps1, a7000_7000; box_ cols unscaled)",-2.579,100,105,205,-1.33,-1.481,-1.616,-0.019,0.366,-0.338,-2.58,-1.838,-4.418,-1.838,-4.417,-0.384,0.028,0.099,-0.155,-0.499,-0.101,-0.784,-0.228,-1.012,-0.524,-1.16,-1.544,0.118,0.507,-0.198,-1.561,-1.24,-2.801,0.0,0.001,-0.946,-1.715,0.865,-1.509,0.136,-0.237,-1.796,-1.61,-3.406
1630233,Nathan Knight,2023,"../results/rs_posterior_priors/manifest.json (LOSO; inserted at ps1, a7000_7000; box_ cols unscaled)",-2.933,9,9,18,-1.259,-1.245,-1.234,-0.069,-0.44,-0.173,-2.933,-1.487,-4.42,-1.486,-4.419,-0.183,-0.16,-0.066,-0.019,-0.126,0.018,-0.375,-0.161,-0.536,-0.531,-0.765,-1.078,-0.021,-0.407,-0.102,-2.016,-0.888,-2.904,0.0,0.001,-1.076,-1.168,-0.314,-1.085,-0.05,-0.191,-2.558,-1.326,-3.884
1629599,Amir Coffey,2023,"../results/rs_posterior_priors/manifest.json (LOSO; inserted at ps1, a7000_7000; box_ cols unscaled)",-3.189,2,2,4,-3.173,-0.399,0.005,-0.703,-0.021,-0.177,-3.189,-1.279,-4.468,-1.278,-4.467,-0.174,-0.078,-0.105,-0.014,-0.074,-0.055,-0.353,-0.147,-0.5,-2.449,0.038,0.17,-0.66,-0.001,-0.064,-2.28,-0.686,-2.966,0.0,0.001,-2.999,0.11,0.053,-0.321,-0.689,-0.122,-2.836,-1.132,-3.968
200782,P.J. Tucker,2023,"../results/rs_posterior_priors/manifest.json (LOSO; inserted at ps1, a7000_7000; box_ cols unscaled)",-3.825,548,550,1098,-2.721,-0.475,-0.447,-0.34,-0.656,0.11,-3.824,-0.705,-4.529,-0.705,-4.53,-0.53,-0.223,0.398,-0.138,0.629,-0.061,0.497,-0.422,0.075,-1.577,-0.018,-0.385,-0.322,-1.061,0.328,-3.023,-0.012,-3.035,0.0,-0.001,-2.191,-0.845,-1.285,-0.252,-0.202,0.171,-4.321,-0.283,-4.604
203086,Meyers Leonard,2023,"../results/rs_posterior_priors/manifest.json (LOSO; inserted at ps1, a7000_7000; box_ cols unscaled)",-2.966,12,12,24,-1.717,-1.126,-0.829,-0.647,-0.421,0.008,-2.967,-1.765,-4.732,-1.765,-4.731,-0.192,-0.191,0.015,0.024,-0.057,-0.02,-0.234,-0.187,-0.421,-0.991,-0.616,-0.702,-0.627,-0.409,0.101,-2.102,-1.142,-3.244,0.0,0.001,-1.525,-0.844,-0.364,-0.935,-0.671,0.028,-2.733,-1.578,-4.311
1630549,Day'Ron Sharpe,2023,"../results/rs_posterior_priors/manifest.json (LOSO; inserted at ps1, a7000_7000; box_ cols unscaled)",-2.557,37,39,76,-2.549,-1.777,-2.323,-0.347,2.314,-0.05,-2.558,-2.174,-4.732,-2.174,-4.731,0.185,-0.457,-0.164,-0.052,-0.028,0.025,-0.007,-0.484,-0.491,-1.933,-1.159,-2.151,-0.284,2.327,0.022,-1.757,-1.421,-3.178,0.0,0.001,-2.734,-2.159,2.342,-1.32,-0.295,-0.075,-2.551,-1.69,-4.241
202704,Reggie Jackson,2023,"../results/rs_posterior_priors/manifest.json (LOSO; inserted at ps1, a7000_7000; box_ cols unscaled)",-4.098,35,37,72,-3.464,0.066,-0.425,-0.51,-0.209,-0.273,-4.098,-0.717,-4.815,-0.716,-4.814,-0.37,0.062,-0.179,0.003,-0.11,0.025,-0.659,0.09,-0.569,-2.705,0.438,-0.248,-0.485,-0.182,-0.218,-3.135,-0.265,-3.4,0.0,0.001,-3.094,-0.246,-0.099,0.004,-0.513,-0.298,-3.439,-0.807,-4.246
1627736,Malik Beasley,2023,"../results/rs_posterior_priors/manifest.json (LOSO; inserted at ps1, a7000_7000; box_ cols unscaled)",-2.979,190,192,382,-2.271,-1.21,-0.096,-0.363,-0.613,-0.341,-2.98,-1.914,-4.894,-1.913,-4.892,-0.787,0.1,0.244,-0.193,-0.365,-0.236,-0.908,-0.329,-1.237,-1.462,-0.898,-0.047,-0.24,-0.523,-0.133,-2.032,-1.271,-3.303,0.0,0.002,-1.484,-0.34,-0.248,-1.31,-0.17,-0.105,-2.072,-1.585,-3.657
1627863,Danuel House Jr.,2023,"../results/rs_posterior_priors/manifest.json (LOSO; inserted at ps1, a7000_7000; box_ cols unscaled)",-2.751,83,82,165,-1.361,-1.579,-0.384,-0.409,-1.006,-0.199,-2.751,-2.187,-4.938,-2.186,-4.937,-0.712,-0.217,-0.196,-0.066,-0.112,-0.064,-1.02,-0.347,-1.367,-0.491,-1.07,-0.192,-0.332,-0.986,-0.087,-1.669,-1.489,-3.158,0.0,0.001,-0.649,-0.188,-0.894,-1.362,-0.343,-0.135,-1.731,-1.84,-3.571
201988,Patty Mills,2023,"../results/rs_posterior_priors/manifest.json (LOSO; inserted at ps1, a7000_7000; box_ cols unscaled)",-2.985,9,9,18,-1.958,-1.537,-0.321,-0.022,-0.707,-0.425,-2.986,-1.984,-4.97,-1.983,-4.968,-0.28,-0.083,-0.058,-0.036,-0.017,0.02,-0.355,-0.099,-0.454,-1.198,-1.099,-0.17,0.034,-0.705,-0.355,-2.073,-1.42,-3.493,-0.0,0.002,-1.678,-0.263,-0.69,-1.454,0.014,-0.445,-2.631,-1.885,-4.516
1629669,Jaylen Nowell,2023,"../results/rs_posterior_priors/manifest.json (LOSO; inserted at ps1, a7000_7000; box_ cols unscaled)",-2.178,121,122,243,-2.769,-2.569,0.643,0.279,-0.051,-0.52,-2.177,-2.81,-4.987,-2.809,-4.987,-0.821,-0.257,-0.231,-0.013,0.276,-0.34,-0.776,-0.61,-1.386,-1.863,-2.047,0.844,0.345,-0.146,-0.237,-1.165,-1.939,-3.104,-0.0,0.0,-1.948,0.874,-0.327,-2.312,0.292,-0.18,-1.401,-2.2,-3.601
203469,Cody Zeller,2023,"../results/rs_posterior_priors/manifest.json (LOSO; inserted at ps1, a7000_7000; box_ cols unscaled)",-3.137,334,334,668,-1.305,-0.995,-1.912,-0.846,0.08,-0.054,-3.137,-1.895,-5.032,-1.895,-5.032,0.314,-0.03,-0.35,0.043,-0.092,-0.064,-0.128,-0.051,-0.179,-0.962,-0.68,-1.672,-0.828,0.146,0.055,-2.488,-1.453,-3.941,0.0,0.0,-1.619,-1.562,0.172,-0.965,-0.889,0.01,-3.009,-1.844,-4.853
203085,Austin Rivers,2023,"../results/rs_posterior_priors/manifest.json (LOSO; inserted at ps1, a7000_7000; box_ cols unscaled)",-2.709,92,92,184,-1.901,-1.816,-0.048,0.05,-0.761,-0.56,-2.71,-2.326,-5.036,-2.325,-5.034,-0.57,0.064,-0.356,0.057,-0.311,-0.092,-1.237,0.029,-1.208,-1.061,-1.476,0.192,0.071,-0.682,-0.429,-1.551,-1.834,-3.385,0.0,0.002,-1.331,0.308,-0.45,-1.88,-0.007,-0.468,-1.473,-2.355,-3.828
1629022,Lonnie Walker IV,2023,"../results/rs_posterior_priors/manifest.json (LOSO; inserted at ps1, a7000_7000; box_ cols unscaled)",-3.085,357,360,717,-1.922,-1.203,0.407,-0.61,-1.569,-0.139,-3.084,-1.952,-5.036,-1.951,-5.036,-0.018,-0.472,0.102,0.213,-0.51,0.147,-0.426,-0.112,-0.538,-1.273,-0.486,0.53,-0.744,-1.479,-0.131,-2.222,-1.361,-3.583,0.0,0.0,-1.904,0.305,-1.059,-0.731,-0.823,-0.286,-2.658,-1.84,-4.498
1631223,David Roddy,2023,"../results/rs_posterior_priors/manifest.json (LOSO; inserted at ps1, a7000_7000; box_ cols unscaled)",-3.759,160,152,312,-3.348,-0.355,-0.707,-0.49,0.297,-0.474,-3.758,-1.319,-5.077,-1.32,-5.079,-1.856,-0.2,0.139,-0.101,0.122,0.031,-1.595,-0.27,-1.865,-2.16,0.186,-0.589,-0.395,0.268,-0.415,-2.481,-0.624,-3.105,0.0,-0.002,-1.492,-0.846,0.175,-0.155,-0.389,-0.505,-2.163,-1.049,-3.212
1629628,RJ Barrett,2023,"../results/rs_posterior_priors/manifest.json (LOSO; inserted at ps1, a7000_7000; box_ cols unscaled)",-3.961,720,723,1443,-3.415,0.566,-0.222,-1.22,-0.325,-0.55,-3.962,-1.204,-5.166,-1.203,-5.164,-1.445,0.557,-0.056,-0.205,0.045,-0.375,-1.456,-0.023,-1.479,-2.33,0.541,-0.018,-1.148,-0.231,-0.253,-2.579,-0.86,-3.439,0.0,0.002,-1.97,-0.166,-0.37,0.009,-1.015,-0.175,-2.506,-1.181,-3.687
203473,Dewayne Dedmon,2023,"../results/rs_posterior_priors/manifest.json (LOSO; inserted at ps1, a7000_7000; box_ cols unscaled)",-3.966,11,10,21,-2.411,-0.644,-1.262,-0.511,-0.294,-0.121,-3.967,-1.276,-5.243,-1.277,-5.243,-0.173,-0.231,-0.162,0.03,-0.002,-0.028,-0.337,-0.229,-0.566,-1.693,-0.118,-1.077,-0.495,-0.295,-0.024,-3.065,-0.637,-3.702,0.0,0.0,-2.238,-1.1,-0.292,-0.413,-0.541,-0.093,-3.63,-1.047,-4.677
203648,Thanasis Antetokounmpo,2023,"../results/rs_posterior_priors/manifest.json (LOSO; inserted at ps1, a7000_7000; box_ cols unscaled)",-3.574,12,12,24,-2.205,-1.239,-0.839,-0.776,-0.531,0.138,-3.575,-1.877,-5.452,-1.877,-5.451,-0.192,-0.191,0.015,0.024,-0.057,-0.02,-0.234,-0.187,-0.421,-1.479,-0.729,-0.712,-0.756,-0.519,0.231,-2.71,-1.254,-3.964,0.0,0.001,-2.013,-0.854,-0.474,-1.048,-0.8,0.158,-3.341,-1.69,-5.031
1630699,MarJon Beauchamp,2023,"../results/rs_posterior_priors/manifest.json (LOSO; inserted at ps1, a7000_7000; box_ cols unscaled)",-4.571,12,12,24,-3.31,-0.621,-1.444,-0.233,0.182,-0.279,-4.572,-1.133,-5.705,-1.133,-5.704,-0.192,-0.191,0.015,0.024,-0.057,-0.02,-0.234,-0.187,-0.421,-2.584,-0.111,-1.317,-0.213,0.194,-0.186,-3.707,-0.51,-4.217,0.0,0.001,-3.118,-1.459,0.239,-0.43,-0.257,-0.259,-4.338,-0.946,-5.284
201145,Jeff Green,2023,"../results/rs_posterior_priors/manifest.json (LOSO; inserted at ps1, a7000_7000; box_ cols unscaled)",-3.615,664,670,1334,-1.735,-1.529,-0.43,-0.518,-1.45,-0.227,-3.615,-2.274,-5.889,-2.275,-5.89,0.549,-0.814,-0.621,-0.036,-0.21,0.252,-0.282,-0.598,-0.88,-1.344,-0.752,-0.12,-0.46,-1.519,-0.34,-2.983,-1.552,-4.535,0.0,-0.001,-2.284,0.191,-1.24,-0.715,-0.482,-0.479,-3.333,-1.676,-5.009
1630533,Ziaire Williams,2023,"../results/rs_posterior_priors/manifest.json (LOSO; inserted at ps1, a7000_7000; box_ cols unscaled)",-5.716,27,25,52,-3.049,-0.5,-1.562,0.582,-1.105,-0.278,-5.716,-0.196,-5.912,-0.197,-5.913,-0.581,-0.15,-0.07,-0.003,-0.128,0.02,-0.779,-0.133,-0.912,-2.215,-0.009,-1.404,0.622,-1.065,-0.204,-4.684,0.409,-4.275,0.0,-0.001,-2.468,-1.492,-0.977,-0.35,0.585,-0.298,-4.937,-0.063,-5.0
202397,Ish Smith,2023,"../results/rs_posterior_priors/manifest.json (LOSO; inserted at ps1, a7000_7000; box_ cols unscaled)",-5.704,23,26,49,-3.313,-0.182,-1.629,-0.624,-0.762,0.06,-5.704,-0.746,-6.45,-0.746,-6.45,-0.394,0.066,-0.164,0.007,-0.12,-0.013,-0.678,0.06,-0.618,-2.543,0.184,-1.458,-0.601,-0.729,0.138,-4.73,-0.279,-5.009,0.0,0.0,-2.919,-1.465,-0.642,-0.248,-0.631,0.073,-5.026,-0.806,-5.832
201599,DeAndre Jordan,2023,"../results/rs_posterior_priors/manifest.json (LOSO; inserted at ps1, a7000_7000; box_ cols unscaled)",-4.576,25,25,50,-1.014,-0.844,-2.835,-0.931,-0.727,-0.105,-4.576,-1.88,-6.456,-1.88,-6.456,-0.278,0.19,-0.144,0.028,0.158,-0.126,-0.264,0.092,-0.172,-0.266,-0.566,-2.668,-0.916,-0.779,0.05,-3.713,-1.432,-5.145,0.0,0.0,-0.736,-2.691,-0.885,-1.034,-0.959,0.021,-4.312,-1.972,-6.284
201577,Robin Lopez,2023,"../results/rs_posterior_priors/manifest.json (LOSO; inserted at ps1, a7000_7000; box_ cols unscaled)",-4.704,14,14,28,-2.101,-1.068,-2.231,-0.903,-0.373,-0.147,-4.705,-2.118,-6.823,-2.118,-6.822,-0.072,-0.008,-0.174,-0.06,-0.067,0.006,-0.313,-0.062,-0.375,-1.416,-0.665,-2.046,-0.833,-0.358,-0.073,-3.82,-1.571,-5.391,0.0,0.001,-2.029,-2.057,-0.306,-1.06,-0.843,-0.153,-4.392,-2.056,-6.448
