player_id,player_name,off_rim_freq_rapm,def_rim_freq_suppression_rapm,net_rim_freq_rapm,off_midrange_freq_rapm,def_midrange_freq_suppression_rapm,net_midrange_freq_rapm,off_three_freq_rapm,def_three_freq_suppression_rapm,net_three_freq_rapm,possessions,off_poss,def_poss
1631260,A.J. Green,-1.97,-1.4,-0.56,-1.67,0.13,-1.8,3.63,1.27,2.36,18662,9230,9432
1631100,AJ Griffin,-1.46,0.76,-2.22,2.68,-0.4,3.08,-1.22,-0.36,-0.86,5894,2977,2917
1642358,AJ Johnson,1.26,-0.26,1.52,-1.47,0.1,-1.57,0.2,0.16,0.04,3986,1977,2009
1630639,AJ Lawson,1.41,0.01,1.4,-0.97,-0.14,-0.83,-0.44,0.13,-0.57,4332,2192,2140
203932,Aaron Gordon,1.52,0.44,1.08,-0.42,0.28,-0.69,-1.1,-0.71,-0.38,31037,15517,15520
1628988,Aaron Holiday,-0.84,-0.02,-0.82,0.47,0.84,-0.37,0.38,-0.82,1.2,13720,7003,6717
1630174,Aaron Nesmith,0.76,0.2,0.56,-0.74,-0.18,-0.56,-0.02,-0.02,-0.0,27670,13835,13835
1630598,Aaron Wiggins,1.57,-0.04,1.61,-1.21,-0.46,-0.75,-0.36,0.5,-0.86,22696,11389,11307
1642846,Ace Bailey,-0.44,-0.08,-0.36,1.7,-0.95,2.65,-1.26,1.03,-2.29,7403,3723,3680
1641745,Adam Flagler,-0.99,0.03,-1.02,-0.7,-0.36,-0.34,1.68,0.34,1.34,806,412,394
1642380,Adama Bal,-0.59,1.18,-1.77,-0.14,-0.49,0.35,0.73,-0.69,1.42,919,442,477
1641766,Adama Sanogo,0.01,0.09,-0.08,0.27,-0.3,0.57,-0.29,0.21,-0.5,314,172,142
1641737,Adem Bona,0.86,-0.46,1.32,-0.08,-0.53,0.45,-0.78,0.99,-1.77,7884,3943,3941
1629678,Admiral Schofield,-1.08,-0.37,-0.71,-0.46,-0.93,0.47,1.53,1.3,0.23,1878,954,924
1642876,Adou Thiero,-0.01,0.47,-0.48,-0.25,-0.24,-0.01,0.26,-0.22,0.48,466,222,244
1642349,Ajay Mitchell,0.73,-1.8,2.53,-0.52,0.87,-1.39,-0.21,0.93,-1.14,7711,3944,3767
201143,Al Horford,-0.45,0.29,-0.74,-2.5,-0.26,-2.24,2.96,-0.03,2.99,28782,14337,14445
202692,Alec Burks,-2.04,1.64,-3.68,0.82,-0.38,1.2,1.23,-1.25,2.48,12133,6001,6132
1630197,Aleksej Pokusevski,1.2,0.04,1.16,-0.67,-0.25,-0.42,-0.53,0.21,-0.75,4144,2057,2087
1627936,Alex Caruso,0.85,-1.76,2.61,-1.57,-0.35,-1.22,0.72,2.1,-1.39,22237,11286,10951
1642505,Alex Ducas,-0.64,-0.08,-0.56,-0.28,-0.14,-0.14,0.92,0.23,0.69,474,244,230
1641788,Alex Fudge,-0.09,0.13,-0.22,0.01,-0.15,0.16,0.07,0.03,0.04,144,70,74
203458,Alex Len,-2.35,-1.15,-1.21,0.79,0.02,0.77,1.56,1.13,0.43,3851,1966,1885
1642024,Alex Reese,-0.49,-0.25,-0.24,-0.1,0.06,-0.16,0.59,0.2,0.39,830,406,424
1642259,Alexandre Sarr,-1.51,0.1,-1.6,-0.21,-0.97,0.76,1.72,0.88,0.84,11855,5833,6022
1642918,Alijah Martin,0.17,0.06,0.11,0.19,0.05,0.14,-0.36,-0.1,-0.26,506,264,242
1628993,Alize Johnson,-0.1,0.14,-0.23,-0.02,-0.12,0.1,0.11,-0.02,0.12,116,58,58
1631214,Alondes Williams,-0.26,-0.18,-0.08,0.03,-0.05,0.08,0.22,0.24,-0.02,441,221,220
1630578,Alperen Sengun,1.32,-0.97,2.29,1.27,-0.17,1.43,-2.58,1.14,-3.72,34099,17307,16792
1641735,Amari Bailey,-0.3,-0.13,-0.18,0.21,0.18,0.03,0.08,-0.05,0.14,239,114,125
1642873,Amari Williams,-0.26,-0.07,-0.19,0.14,-0.47,0.6,0.12,0.54,-0.42,519,251,268
1641708,Amen Thompson,1.14,0.19,0.95,0.67,0.92,-0.25,-1.8,-1.11,-0.69,25127,12802,12325
1629599,Amir Coffey,0.27,1.44,-1.17,0.68,-1.03,1.71,-0.95,-0.4,-0.55,16055,7907,8148
1643158,Andersson Garcia,-0.24,-0.17,-0.07,-0.11,-0.15,0.05,0.34,0.32,0.02,622,317,305
203083,Andre Drummond,2.1,-1.62,3.71,1.97,-0.24,2.22,-4.07,1.87,-5.94,15287,7795,7492
2738,Andre Iguodala,-0.04,-0.09,0.06,-0.52,0.49,-1.01,0.55,-0.4,0.95,429,214,215
1641748,Andre Jackson Jr.,-1.12,0.46,-1.58,-0.53,-0.76,0.23,1.64,0.29,1.35,7307,3621,3686
1641847,Andrew Funk,0.01,0.07,-0.06,-0.0,-0.14,0.14,-0.01,0.07,-0.09,50,28,22
1629614,Andrew Nembhard,-0.49,0.31,-0.8,1.07,0.94,0.13,-0.57,-1.25,0.67,32259,16072,16187
203952,Andrew Wiggins,0.01,-0.67,0.69,-0.25,0.67,-0.91,0.23,0.0,0.23,28672,14361,14311
1629014,Anfernee Simons,-1.93,0.22,-2.16,-0.22,-0.32,0.1,2.15,0.09,2.06,27186,13691,13495
1630828,Antetokounmpo,0.01,-0.0,0.01,-0.11,-0.11,-0.0,0.09,0.11,-0.02,79,35,44
1641710,Anthony Black,2.02,1.16,0.85,-1.15,0.6,-1.75,-0.87,-1.77,0.9,17795,8935,8860
203076,Anthony Davis,1.54,-2.43,3.97,3.27,1.71,1.57,-4.8,0.72,-5.53,28973,14056,14917
1630162,Anthony Edwards,0.15,0.64,-0.48,-1.11,-0.93,-0.18,0.97,0.28,0.68,43202,21474,21728
1630264,Anthony Gill,0.79,0.27,0.52,0.19,-1.27,1.47,-0.99,1.0,-1.99,8859,4434,4425
1630237,Anthony Lamb,-1.2,-0.83,-0.36,-0.96,0.14,-1.1,2.15,0.7,1.45,4451,2213,2238
1641817,Anton Watson,0.03,0.33,-0.3,0.01,-0.14,0.14,-0.04,-0.18,0.14,78,40,38
1641810,Antonio Reeves,-0.43,0.34,-0.77,0.85,-0.74,1.6,-0.43,0.41,-0.83,2643,1339,1304
1630574,Ariel Hukporti,-1.84,-0.78,-1.06,1.43,0.2,1.23,0.41,0.59,-0.17,2597,1286,1311
1642422,Armel Traoré,-0.07,0.22,-0.29,0.18,-0.19,0.37,-0.11,-0.02,-0.09,231,115,116
1629717,Armoni Brooks,0.28,-0.1,0.38,-0.02,-0.32,0.31,-0.27,0.43,-0.7,406,208,198
1642854,Asa Newell,-0.35,1.11,-1.46,0.03,-0.6,0.63,0.32,-0.5,0.83,1889,980,909
1630204,Ashton Hagans,0.65,0.08,0.57,0.1,0.4,-0.3,-0.75,-0.47,-0.28,1084,576,508
1641709,Ausar Thompson,3.19,0.03,3.16,0.06,-0.31,0.36,-3.25,0.28,-3.52,18100,9145,8955
1630559,Austin Reaves,0.78,-0.2,0.98,-0.5,0.21,-0.71,-0.28,-0.01,-0.27,35589,17226,18363
203085,Austin Rivers,0.66,0.76,-0.1,-1.1,-0.25,-0.85,0.43,-0.51,0.94,3732,1841,1891
1630245,Ayo Dosunmu,0.85,0.55,0.3,-0.46,0.23,-0.7,-0.39,-0.78,0.39,27985,13838,14147
1628389,Bam Adebayo,-1.48,-2.56,1.07,3.85,1.65,2.21,-2.37,0.91,-3.27,40297,20258,20039
1631248,Baylor Scheierman,-1.59,-0.18,-1.41,-0.72,-0.37,-0.35,2.3,0.55,1.75,6685,3407,3278
1642879,Ben Saraf,1.24,0.54,0.7,-1.21,-0.39,-0.83,-0.03,-0.15,0.12,3162,1603,1559
1641767,Ben Sheppard,-0.31,1.25,-1.56,-0.17,0.53,-0.7,0.48,-1.78,2.26,14925,7557,7368
1627732,Ben Simmons,-0.83,0.38,-1.21,0.99,-0.49,1.48,-0.17,0.11,-0.28,9445,4668,4777
1631097,Bennedict Mathurin,1.91,1.58,0.34,0.21,-1.11,1.32,-2.12,-0.46,-1.66,29000,14368,14632
1643016,Bez Mbeng,0.73,0.86,-0.12,-0.23,-0.48,0.25,-0.51,-0.38,-0.13,1715,855,860
1641731,Bilal Coulibaly,0.15,2.06,-1.91,0.18,-0.46,0.64,-0.33,-1.61,1.28,19288,9498,9790
202687,Bismack Biyombo,-3.42,-0.03,-3.39,3.8,-0.13,3.93,-0.39,0.16,-0.55,8937,4466,4471
201933,Blake Griffin,-0.51,-0.62,0.11,-0.93,0.83,-1.76,1.44,-0.21,1.65,2088,1079,1009
1642396,Blake Hinson,-0.26,0.09,-0.34,-0.09,-0.5,0.41,0.34,0.43,-0.08,986,504,482
1631104,Blake Wesley,1.36,0.57,0.79,-1.49,-0.59,-0.9,0.12,0.02,0.1,9546,4751,4795
1626246,Boban Marjanovic,0.33,-1.06,1.39,0.71,-0.07,0.77,-1.04,1.13,-2.18,872,435,437
1626171,Bobby Portis,-3.88,-0.85,-3.03,4.37,0.32,4.05,-0.5,0.53,-1.02,26685,13222,13463
1641752,Bobi Klintman,0.06,0.15,-0.1,-0.12,-0.38,0.26,0.05,0.23,-0.18,398,213,185
203992,Bogdan Bogdanovic,-1.21,-0.86,-0.34,-0.38,-0.5,0.12,1.58,1.37,0.22,22178,11205,10973
202711,Bojan Bogdanovic,-1.22,1.32,-2.54,0.82,0.62,0.2,0.41,-1.94,2.35,12533,6203,6330
1629626,Bol Bol,0.05,-0.58,0.63,2.03,-2.23,4.26,-2.08,2.81,-4.89,8878,4361,4517
203078,Bradley Beal,-0.5,-0.33,-0.18,1.51,0.15,1.36,-1.0,0.18,-1.18,19585,9595,9990
1642382,Branden Carlson,-1.37,-0.94,-0.42,-0.36,-0.04,-0.32,1.72,0.99,0.73,2788,1397,1391
1641764,Brandin Podziemski,-0.97,-0.29,-0.68,-0.29,0.48,-0.77,1.26,-0.19,1.45,23394,11891,11503
1630527,Brandon Boston Jr.,-0.66,0.85,-1.51,0.62,-0.36,0.98,0.05,-0.49,0.53,5983,3019,2964
1629634,Brandon Clarke,0.55,-0.31,0.86,1.19,-0.72,1.92,-1.74,1.03,-2.78,9308,4691,4617
1627742,Brandon Ingram,-2.38,0.52,-2.9,4.2,-0.82,5.02,-1.81,0.3,-2.11,25146,12654,12492
1641706,Brandon Miller,-1.97,0.91,-2.88,0.93,-1.09,2.02,1.04,0.19,0.85,19393,9772,9621
1630314,Brandon Williams,2.55,1.0,1.55,-0.95,-0.21,-0.74,-1.6,-0.79,-0.82,7803,3835,3968
1630296,Braxton Key,0.38,0.08,0.3,-0.42,-0.32,-0.11,0.04,0.25,-0.21,371,191,180
1642886,Brea,0.02,0.16,-0.14,-0.05,-0.14,0.09,0.03,-0.01,0.04,291,150,141
1641729,Brice Sensabaugh,-1.17,0.72,-1.9,0.03,-1.46,1.49,1.15,0.74,0.4,14073,6930,7143
1642355,Bronny James,-0.4,0.77,-1.17,0.45,-0.59,1.04,-0.06,-0.18,0.12,1888,926,962
201572,Brook Lopez,-1.12,-2.82,1.7,1.21,2.6,-1.39,-0.09,0.22,-0.31,35153,17156,17997
1642964,Brooks Barnhizer,-0.89,-0.11,-0.78,0.35,-0.02,0.36,0.54,0.14,0.41,1284,630,654
1641780,Broome,0.03,0.06,-0.03,0.09,-0.09,0.19,-0.13,0.04,-0.17,184,96,88
1642468,Brown,-0.07,0.08,-0.15,0.04,-0.05,0.09,0.03,-0.02,0.06,9,4,5
1628971,Bruce Brown,1.04,-0.03,1.07,0.84,0.2,0.64,-1.88,-0.17,-1.71,27706,13717,13989
1628981,Bruno Fernando,0.63,-0.64,1.27,0.37,-0.5,0.87,-1.0,1.15,-2.15,4430,2221,2209
1631121,Bryce McGowens,2.25,0.85,1.4,-0.08,-0.34,0.26,-2.17,-0.51,-1.66,9520,4673,4847
1627854,Bryn Forbes,-0.12,0.36,-0.48,0.0,-0.65,0.65,0.11,0.3,-0.18,975,480,495
1631205,Buddy Boeheim,-0.64,-0.05,-0.59,0.03,-0.47,0.5,0.61,0.53,0.08,673,341,332
1627741,Buddy Hield,0.08,1.6,-1.52,-3.22,0.31,-3.52,3.14,-1.9,5.04,28693,14556,14137
203468,CJ McCollum,-1.31,1.38,-2.69,1.61,-0.55,2.16,-0.3,-0.82,0.52,33566,16915,16651
1630595,Cade Cunningham,3.07,-0.64,3.71,-0.89,0.6,-1.49,-2.18,0.04,-2.22,26992,13640,13352
1631216,Caleb Houstan,-2.58,0.87,-3.45,-0.54,-0.34,-0.21,3.12,-0.53,3.65,9013,4534,4479
1631126,Caleb Love,-0.57,-0.37,-0.2,-0.85,-0.15,-0.7,1.42,0.53,0.9,3778,1878,1900
1628997,Caleb Martin,0.16,-0.79,0.96,0.62,-0.31,0.92,-0.78,1.1,-1.88,23905,11934,11971
1642353,Cam Christie,0.68,-0.08,0.76,-0.19,-0.41,0.22,-0.5,0.5,-0.99,1884,903,981
1629629,Cam Reddish,0.27,1.39,-1.12,-0.5,-0.7,0.2,0.23,-0.68,0.91,9456,4628,4828
1642285,Cam Spencer,-1.67,0.49,-2.16,-0.29,-0.4,0.11,1.95,-0.1,2.05,7329,3706,3623
1630560,Cam Thomas,-1.26,0.97,-2.24,2.71,-0.55,3.25,-1.44,-0.43,-1.01,17103,8488,8615
1641715,Cam Whitmore,1.63,1.2,0.43,-1.57,-0.65,-0.92,-0.07,-0.55,0.49,7849,3999,3850
1629661,Cameron Johnson,-0.35,0.22,-0.57,-1.69,-0.21,-1.49,2.04,-0.02,2.06,23338,11666,11672
1626166,Cameron Payne,-0.81,0.91,-1.72,0.5,0.82,-0.32,0.31,-1.73,2.03,14864,7573,7291
1627747,Caris LeVert,0.62,1.48,-0.86,-0.42,-0.63,0.21,-0.2,-0.85,0.65,26641,13377,13264
1630637,Carlik Jones,0.01,-0.15,0.17,0.02,0.01,0.01,-0.03,0.15,-0.19,204,107,97
1642267,Carlton Carrington,-1.31,0.62,-1.93,0.56,-0.83,1.39,0.74,0.21,0.53,17797,8768,9029
1642868,Carter Bryant,0.05,-0.2,0.25,-0.8,0.27,-1.06,0.75,-0.06,0.81,3035,1497,1538
1641717,Cason Wallace,-0.56,0.84,-1.4,-0.66,-0.75,0.09,1.22,-0.09,1.31,23212,11777,11435
1626224,Cedi Osman,-1.58,1.12,-2.7,0.61,0.05,0.56,0.97,-1.16,2.14,10416,5222,5194
1642907,Cedric Coward,-0.49,-0.7,0.21,0.59,-0.56,1.14,-0.1,1.26,-1.36,6085,2988,3097
1628435,Chance Comanche,-0.11,0.05,-0.17,0.17,-0.12,0.29,-0.06,0.07,-0.13,79,37,42
1643052,Chaney Johnson,-0.03,0.01,-0.03,-0.28,0.34,-0.62,0.3,-0.35,0.64,1147,588,559
1629646,Charles Bassey,-0.41,0.01,-0.42,1.76,-1.35,3.11,-1.36,1.34,-2.7,4651,2338,2313
1629718,Charles Brown Jr.,-0.14,0.01,-0.15,0.05,-0.06,0.11,0.08,0.06,0.03,130,67,63
1642404,Chaz Lanier,0.05,0.44,-0.39,-0.3,-0.6,0.3,0.25,0.17,0.08,928,480,448
1631096,Chet Holmgren,1.13,-2.26,3.39,0.73,1.56,-0.83,-1.87,0.69,-2.56,23435,11732,11703
1631320,Chima Moneke,-0.03,0.07,-0.09,0.0,-0.15,0.15,0.02,0.09,-0.07,24,12,12
1629002,Chimezie Metu,-0.09,0.47,-0.56,0.77,-1.18,1.96,-0.69,0.72,-1.4,5584,2752,2832
1628449,Chris Boucher,-0.15,-0.05,-0.1,0.27,-0.48,0.75,-0.12,0.53,-0.65,11595,6005,5590
1630537,Chris Duarte,0.8,0.48,0.32,-1.28,-0.63,-0.65,0.48,0.15,0.33,6264,3152,3112
1641753,Chris Livingston,0.55,0.0,0.55,-0.38,-0.02,-0.35,-0.18,0.02,-0.2,763,382,381
1643024,Chris Mañon,-0.06,0.23,-0.29,-0.1,-0.13,0.04,0.15,-0.1,0.24,136,63,73
101108,Chris Paul,-3.06,-0.49,-2.57,1.35,-0.74,2.09,1.72,1.23,0.48,22920,11459,11461
1629735,Chris Silva,-0.09,0.01,-0.1,0.14,-0.04,0.18,-0.06,0.03,-0.09,14,6,8
1642959,Chris Youngblood,-0.73,-0.24,-0.48,-0.05,0.12,-0.17,0.77,0.13,0.64,662,320,342
1631128,Christian Braun,2.45,0.48,1.96,-0.42,-0.03,-0.39,-2.02,-0.45,-1.56,28967,14274,14693
1631132,Christian Koloko,-0.49,-0.45,-0.04,1.8,-0.4,2.2,-1.3,0.86,-2.16,5479,2848,2631
1626174,Christian Wood,0.03,-0.4,0.43,-0.11,0.3,-0.41,0.07,0.09,-0.02,8958,4330,4628
1629643,Chuma Okeke,-1.29,0.5,-1.8,-0.47,-0.61,0.14,1.76,0.11,1.65,4167,2053,2114
203991,Clint Capela,0.54,-1.34,1.88,2.22,1.05,1.17,-2.76,0.29,-3.05,22538,11479,11059
1629632,Coby White,-0.64,-0.64,-0.0,-1.58,-0.92,-0.66,2.22,1.55,0.66,30930,15421,15509
1628998,Cody Martin,-0.19,-0.33,0.14,-0.37,-0.56,0.19,0.56,0.89,-0.34,7833,3918,3915
1642262,Cody Williams,0.9,0.63,0.27,0.51,-1.0,1.51,-1.42,0.37,-1.79,9910,4866,5044
203469,Cody Zeller,-0.79,-0.52,-0.27,0.37,0.32,0.05,0.42,0.21,0.21,2571,1297,1274
1641732,Colby Jones,-0.18,-0.22,0.04,0.7,-0.17,0.87,-0.52,0.39,-0.91,2606,1320,1286
1630175,Cole Anthony,-0.35,-0.72,0.37,1.11,0.44,0.68,-0.76,0.29,-1.05,18669,9421,9248
1631306,Cole Swider,-0.33,0.06,-0.38,-0.41,-0.07,-0.34,0.73,0.01,0.72,1112,577,535
1630658,Colin Castleton,-0.26,0.02,-0.28,0.37,-0.52,0.89,-0.11,0.51,-0.62,1926,972,954
1631221,Collin Gillespie,-1.74,0.29,-2.03,-0.85,0.2,-1.05,2.58,-0.48,3.07,11174,5746,5428
1642867,Collin Murray-Boyles,-0.06,-0.85,0.79,0.83,-0.42,1.24,-0.77,1.28,-2.05,4480,2286,2194
1629012,Collin Sexton,1.83,0.97,0.86,-0.85,-0.79,-0.06,-0.98,-0.17,-0.8,24562,12121,12441
1631451,Cooke,0.1,0.01,0.09,0.11,-0.14,0.25,-0.21,0.14,-0.36,349,180,169
1642843,Cooper Flagg,0.0,0.03,-0.02,1.08,0.22,0.86,-1.09,-0.25,-0.84,9094,4465,4629
1630557,Corey Kispert,0.74,0.3,0.44,-1.63,0.8,-2.43,0.9,-1.1,2.0,25627,12616,13011
1642504,Cormac Ryan,-0.07,0.22,-0.28,-0.73,-0.16,-0.57,0.79,-0.05,0.84,925,460,465
202709,Cory Joseph,-1.71,-0.23,-1.48,0.46,0.9,-0.44,1.25,-0.67,1.92,8067,4098,3969
1641854,Craig Porter,0.24,-0.21,0.45,0.36,-0.6,0.95,-0.6,0.8,-1.4,8616,4302,4314
1642385,Cui Yongxi,-0.0,0.15,-0.15,-0.09,-0.13,0.04,0.09,-0.01,0.1,33,18,15
1626156,D'Angelo Russell,-0.26,1.34,-1.59,-0.8,-0.35,-0.44,1.06,-0.98,2.04,27567,13461,14106
1641793,D'Moi Hodge,-0.22,0.17,-0.39,0.08,-0.14,0.23,0.14,-0.02,0.16,145,67,78
1630618,D.J. Carton,0.33,0.15,0.18,-0.08,0.11,-0.19,-0.26,-0.26,0.0,268,123,145
1628391,D.J. Wilson,0.05,0.05,-0.0,-0.09,0.07,-0.16,0.04,-0.11,0.15,50,25,25
1629610,DaQuan Jeffries,-0.36,-0.62,0.26,-0.02,0.01,-0.02,0.37,0.61,-0.24,4392,2160,2232
1641747,DaRon Holmes II,-0.56,-0.64,0.08,-0.73,-0.14,-0.58,1.28,0.79,0.49,737,351,386
1631342,Daeqwon Plowden,-0.08,-0.55,0.47,-0.63,-0.31,-0.32,0.7,0.86,-0.16,3375,1720,1655
1630227,Daishen Nix,1.79,0.08,1.71,-1.52,-0.5,-1.01,-0.28,0.43,-0.7,3568,1824,1744
1630625,Dalano Banton,1.86,0.79,1.07,-1.61,-0.37,-1.24,-0.25,-0.41,0.17,9257,4657,4600
1631207,Dalen Terry,1.07,0.15,0.93,-1.35,0.01,-1.37,0.28,-0.16,0.44,9075,4595,4480
1642261,Dalton Knecht,-0.99,0.31,-1.3,-0.27,-0.69,0.42,1.25,0.38,0.87,7187,3508,3679
1627745,Damian Jones,0.25,-0.42,0.67,0.52,0.12,0.39,-0.77,0.3,-1.07,2770,1375,1395
203081,Damian Lillard,0.25,1.06,-0.81,-3.29,-0.11,-3.18,3.04,-0.95,3.98,26003,12683,13320
1641878,Damion Baugh,0.33,-0.08,0.42,-0.23,-0.64,0.41,-0.11,0.73,-0.84,1373,679,694
1627814,Damion Lee,-1.13,0.81,-1.94,1.31,0.3,1.01,-0.19,-1.11,0.92,6273,3229,3044
1629655,Daniel Gafford,1.0,-1.02,2.02,2.88,0.35,2.54,-3.88,0.67,-4.55,23833,11630,12203
1628464,Daniel Theis,-0.8,-0.39,-0.41,0.65,-0.74,1.39,0.15,1.14,-1.0,6530,3315,3215
201568,Danilo Gallinari,-1.24,0.0,-1.24,0.6,-0.32,0.93,0.64,0.33,0.31,2403,1169,1234
1642450,Daniss Jenkins,1.94,0.24,1.7,-0.63,-0.28,-0.35,-1.31,0.05,-1.36,5218,2690,2528
201980,Danny Green,-0.56,-0.41,-0.15,-0.02,0.08,-0.1,0.58,0.33,0.25,681,335,346
1642874,Danny Wolf,1.51,0.75,0.76,-2.35,0.16,-2.5,0.83,-0.91,1.74,4122,2057,2065
203957,Dante Exum,0.52,0.81,-0.29,-0.55,0.22,-0.78,0.03,-1.03,1.06,5983,2960,3023
1627863,Danuel House Jr.,0.97,-0.33,1.3,0.08,-0.07,0.15,-1.06,0.4,-1.46,4803,2372,2431
203967,Dario Saric,0.0,-0.28,0.28,0.09,0.06,0.03,-0.09,0.22,-0.31,7905,3997,3908
1641727,Dariq Whitehead,-0.22,1.04,-1.25,-1.08,-0.77,-0.31,1.29,-0.26,1.55,1534,795,739
1629647,Darius Bazley,1.2,1.05,0.15,0.07,-0.77,0.84,-1.27,-0.28,-0.99,2858,1399,1459
1630620,Darius Days,-0.28,-0.01,-0.26,0.03,-0.05,0.08,0.24,0.07,0.18,88,49,39
1629636,Darius Garland,-0.03,0.93,-0.96,0.08,0.26,-0.18,-0.05,-1.19,1.14,31622,15842,15780
1630561,David Duke Jr.,1.05,0.22,0.84,-0.41,-0.09,-0.32,-0.64,-0.12,-0.52,1135,564,571
1642357,David Jones Garcia,0.15,0.32,-0.17,-0.15,-0.17,0.01,-0.0,-0.15,0.15,238,128,110
1631223,David Roddy,0.49,1.12,-0.64,-0.68,-0.92,0.24,0.19,-0.2,0.39,11159,5596,5563
1630558,Davion Mitchell,-0.32,0.03,-0.35,-0.64,-0.1,-0.54,0.96,0.06,0.89,25225,12624,12601
202722,Davis Bertans,-0.5,-1.28,0.78,-1.67,0.51,-2.17,2.17,0.78,1.39,4099,2053,2046
1628432,Davon Reed,-0.28,0.04,-0.32,0.39,-0.64,1.03,-0.11,0.61,-0.72,1150,564,586
1630549,Day'Ron Sharpe,1.37,-0.43,1.8,0.69,0.28,0.4,-2.05,0.15,-2.2,12756,6506,6250
1628368,De'Aaron Fox,-1.24,-1.62,0.39,1.96,0.37,1.59,-0.73,1.24,-1.97,36813,18537,18276
1629631,De'Andre Hunter,-1.86,0.48,-2.34,1.41,-0.53,1.94,0.45,0.05,0.41,26896,13543,13353
1629001,De'Anthony Melton,-0.07,0.86,-0.93,-1.54,0.65,-2.19,1.61,-1.52,3.13,16922,8479,8443
201599,DeAndre Jordan,0.27,-1.83,2.1,1.34,0.0,1.33,-1.61,1.83,-3.44,7052,3449,3603
1630610,DeJon Jarreau,-0.43,0.8,-1.22,-0.18,-0.63,0.46,0.6,-0.16,0.76,1407,703,704
201942,DeMar DeRozan,-2.04,0.04,-2.08,6.76,-1.56,8.32,-4.72,1.52,-6.24,39379,19818,19561
1629731,Dean Wade,-0.81,0.61,-1.42,-1.17,1.0,-2.17,1.98,-1.6,3.58,17503,8791,8712
1629028,Deandre Ayton,-2.49,-1.57,-0.92,8.1,1.73,6.37,-5.62,-0.16,-5.46,26630,13306,13324
1627749,Dejounte Murray,-0.81,1.99,-2.8,2.95,-0.06,3.01,-2.14,-1.93,-0.21,26757,13600,13157
1626153,Delon Wright,-0.41,0.92,-1.32,0.21,0.48,-0.27,0.2,-1.4,1.59,9928,4922,5006
1630166,Deni Avdija,1.96,0.23,1.73,-2.54,0.69,-3.23,0.58,-0.92,1.5,32334,16032,16302
203471,Dennis Schroder,-0.08,-0.63,0.55,-0.11,1.06,-1.18,0.19,-0.44,0.63,32486,15976,16510
1628372,Dennis Smith Jr.,1.97,-0.31,2.28,-0.79,-0.06,-0.74,-1.18,0.37,-1.55,8893,4462,4431
1629126,Deonte Burton,-0.11,0.02,-0.13,0.03,-0.01,0.04,0.07,-0.01,0.08,24,12,12
1641726,Dereck Lively II,-0.39,-1.61,1.22,1.55,0.68,0.86,-1.16,0.93,-2.09,10039,5003,5036
1631220,Dereon Seabron,0.09,-0.05,0.14,0.21,-0.15,0.36,-0.31,0.21,-0.51,249,116,133
1642852,Derik Queen,3.66,0.32,3.35,-0.13,-1.3,1.17,-3.54,0.99,-4.52,7519,3671,3848
1627884,Derrick Jones Jr.,1.23,0.93,0.3,-0.13,-0.29,0.16,-1.11,-0.63,-0.47,24277,12071,12206
201565,Derrick Rose,-0.05,0.03,-0.08,0.51,0.38,0.13,-0.46,-0.41,-0.05,2770,1371,1399
1628401,Derrick White,-1.89,-0.38,-1.51,-0.92,0.81,-1.73,2.81,-0.42,3.23,42812,21340,21472
1630217,Desmond Bane,0.87,-0.83,1.7,-0.48,0.67,-1.15,-0.39,0.15,-0.55,32227,16257,15970
1626164,Devin Booker,-2.09,-0.13,-1.96,1.73,-0.11,1.85,0.36,0.24,0.11,36305,18111,18194
1642269,Devin Carter,1.56,-0.06,1.62,-0.56,-0.77,0.21,-1.01,0.83,-1.84,4005,2049,1956
1630170,Devin Vassell,-1.2,1.28,-2.48,0.87,0.59,0.28,0.33,-1.86,2.2,28228,13957,14271
1629653,Devon Dotson,-0.02,0.16,-0.18,0.02,0.03,-0.01,-0.01,-0.19,0.18,176,91,85
1628984,Devonte' Graham,-0.6,-0.17,-0.43,-1.05,0.16,-1.2,1.65,0.01,1.63,5816,2954,2862
203473,Dewayne Dedmon,-0.84,0.1,-0.94,0.0,0.07,-0.07,0.83,-0.18,1.01,1536,758,778
1641926,Dexter Dennis,0.06,0.2,-0.15,-0.02,-0.08,0.06,-0.04,-0.12,0.08,119,55,64
1628415,Dillon Brooks,-0.12,-0.95,0.83,1.33,0.68,0.65,-1.22,0.27,-1.49,33275,16881,16394
1641794,Dillon Jones,-0.25,0.19,-0.45,-1.2,-0.96,-0.24,1.45,0.78,0.67,2307,1189,1118
1631376,Dmytro Skapintsev,-0.11,0.04,-0.14,0.06,0.02,0.04,0.04,-0.05,0.09,7,4,3
1627734,Domantas Sabonis,1.62,-1.1,2.72,-1.43,1.04,-2.47,-0.19,0.06,-0.25,32637,16507,16130
1631230,Dominick Barlow,-0.04,0.95,-0.99,1.66,-0.88,2.54,-1.62,-0.07,-1.55,10709,5399,5310
1642270,Donovan Clingan,1.16,-3.79,4.95,-2.15,2.59,-4.74,1.0,1.21,-0.21,13012,6581,6431
1628378,Donovan Mitchell,-0.5,-0.72,0.23,-1.02,1.32,-2.34,1.52,-0.6,2.12,35745,18087,17658
1631495,Donovan Williams,0.06,0.03,0.04,-0.05,0.0,-0.05,-0.02,-0.02,0.0,17,10,7
1628978,Donte DiVincenzo,-0.06,1.83,-1.9,-2.85,-0.97,-1.88,2.91,-0.86,3.77,34799,17433,17366
1627827,Dorian Finney-Smith,-1.15,0.12,-1.27,-1.95,0.35,-2.29,3.09,-0.47,3.56,23525,11692,11833
203926,Doug McDermott,-1.19,0.49,-1.68,-0.21,-0.06,-0.15,1.4,-0.43,1.83,11536,5796,5740
1642962,Drake Powell,-0.27,0.51,-0.77,-0.84,-0.64,-0.2,1.11,0.14,0.97,4572,2212,2360
203110,Draymond Green,0.83,-3.72,4.54,-2.84,0.96,-3.8,2.01,2.76,-0.75,31280,15617,15663
1629234,Drew Eubanks,-0.73,-0.39,-0.33,1.99,-0.37,2.35,-1.26,0.76,-2.02,14844,7264,7580
1641809,Drew Peterson,0.21,0.35,-0.15,-0.83,-0.36,-0.47,0.61,0.01,0.6,964,491,473
1631166,Drew Timme,-0.43,0.15,-0.58,-0.06,-0.08,0.02,0.49,-0.07,0.56,1711,841,870
1630696,Dru Smith,0.81,0.12,0.68,-0.27,-0.91,0.65,-0.54,0.79,-1.33,6420,3184,3236
1630613,Duane Washington Jr.,0.1,0.47,-0.37,0.12,0.22,-0.1,-0.23,-0.69,0.46,1483,781,702
1629130,Duncan Robinson,-0.39,-0.86,0.48,-1.65,0.19,-1.85,2.04,0.67,1.37,25080,12696,12384
1641871,Duop Reath,-0.17,0.32,-0.49,-1.84,-0.45,-1.39,2.01,0.13,1.89,7110,3646,3464
203939,Dwight Powell,-1.03,-0.96,-0.07,0.99,1.87,-0.88,0.03,-0.91,0.94,13606,6782,6824
1642928,Dylan Cardwell,-0.9,-0.9,-0.0,0.68,0.75,-0.06,0.22,0.16,0.06,3184,1652,1532
1642844,Dylan Harper,1.38,-0.76,2.14,-0.16,1.61,-1.77,-1.22,-0.85,-0.37,5803,2918,2885
1629685,Dylan Windler,-0.29,0.23,-0.52,0.08,-0.35,0.43,0.2,0.12,0.08,421,202,219
1630700,Dyson Daniels,1.12,-0.66,1.78,-0.13,0.18,-0.31,-0.99,0.49,-1.47,27957,14089,13868
1630604,E.J. Liddell,0.02,0.33,-0.31,-0.81,-0.25,-0.56,0.79,-0.08,0.87,1484,744,740
1628410,Edmond Sumner,1.14,0.95,0.19,0.1,-0.37,0.47,-1.24,-0.57,-0.67,2645,1303,1342
1642856,Egor Dëmin,-0.89,0.7,-1.59,-2.24,-0.14,-2.09,3.12,-0.56,3.68,4687,2361,2326
203901,Elfrid Payton,-0.17,-0.56,0.39,1.15,-0.13,1.28,-0.98,0.7,-1.68,1918,945,973
1641989,Elijah Harkless,0.54,-0.37,0.91,-0.4,-0.56,0.16,-0.15,0.93,-1.08,2507,1277,1230
1641801,Emanuel Miller,0.07,0.02,0.05,-0.11,-0.21,0.1,0.04,0.2,-0.16,190,96,94
1641734,Emoni Bates,-0.52,0.06,-0.58,0.14,-0.26,0.41,0.37,0.21,0.17,771,381,390
1642400,Enaruna,0.19,-0.12,0.31,-0.26,-0.26,0.0,0.06,0.39,-0.33,290,151,139
1642402,Enrique Freeman,0.57,0.36,0.21,-0.04,-0.7,0.67,-0.54,0.35,-0.89,721,377,344
201569,Eric Gordon,1.23,0.98,0.25,-1.93,0.21,-2.13,0.7,-1.18,1.88,18081,8816,9265
1642855,Essengue,-0.1,0.13,-0.22,0.01,-0.09,0.1,0.08,-0.03,0.11,25,14,11
1630679,Ethan Thompson,-0.78,-0.98,0.21,0.08,1.07,-0.98,0.69,-0.08,0.77,2266,1143,1123
1630647,Eugene Omoruyi,1.16,-0.15,1.31,-0.16,-0.41,0.25,-1.01,0.56,-1.57,3743,1894,1849
203095,Evan Fournier,-0.7,0.21,-0.91,0.16,-0.62,0.78,0.54,0.42,0.12,3781,1893,1888
1630596,Evan Mobley,0.98,-2.09,3.07,0.77,0.79,-0.02,-1.75,1.3,-3.05,33909,16971,16938
1630267,Facundo Campazzo,0.07,0.04,0.03,-0.22,0.19,-0.41,0.14,-0.22,0.37,166,85,81
1630196,Filip Petrusev,-0.09,0.11,-0.2,0.06,-0.11,0.17,0.03,0.01,0.02,32,14,18
1628402,Frank Jackson,-0.01,0.1,-0.12,0.08,-0.01,0.08,-0.07,-0.09,0.02,19,11,8
1626163,Frank Kaminsky,-0.4,0.27,-0.66,-0.2,-0.47,0.27,0.59,0.21,0.38,837,427,410
1628373,Frank Ntilikina,-1.13,-0.27,-0.86,-0.76,0.36,-1.12,1.88,-0.09,1.97,2255,1118,1137
1630532,Franz Wagner,3.02,-0.09,3.11,-1.06,0.0,-1.06,-1.96,0.09,-2.05,29838,15086,14752
1627832,Fred VanVleet,-1.24,0.13,-1.37,-0.63,0.41,-1.04,1.87,-0.55,2.41,27761,14375,13386
1627788,Furkan Korkmaz,0.56,1.14,-0.58,-0.37,-0.95,0.58,-0.19,-0.19,-0.0,2353,1176,1177
1641713,GG Jackson,0.58,0.7,-0.13,-0.81,-0.58,-0.23,0.23,-0.12,0.35,10697,5294,5403
1629216,Gabe Vincent,-2.68,-0.66,-2.02,0.34,0.56,-0.22,2.33,0.1,2.23,18583,9242,9341
1628221,Gabe York,0.04,0.02,0.03,-0.23,0.11,-0.35,0.19,-0.13,0.31,205,99,106
202066,Garrett Temple,0.83,0.47,0.36,-0.58,-1.25,0.66,-0.25,0.79,-1.03,2740,1371,1369
1629726,Garrison Mathews,-1.3,-0.58,-0.71,-1.99,-0.19,-1.8,3.28,0.78,2.51,9945,4972,4973
203914,Gary Harris,-0.24,0.11,-0.35,-0.98,0.42,-1.4,1.22,-0.53,1.75,14403,7259,7144
1627780,Gary Payton II,1.18,0.96,0.22,-2.15,-0.51,-1.63,0.96,-0.45,1.41,12928,6468,6460
1629018,Gary Trent Jr.,-1.93,1.73,-3.66,0.99,-0.94,1.94,0.93,-0.79,1.72,27797,13947,13850
201588,George Hill,-0.59,-0.48,-0.11,0.41,0.54,-0.13,0.18,-0.05,0.23,3063,1500,1563
1627777,Georges Niang,-1.54,-0.8,-0.74,-0.96,0.27,-1.22,2.5,0.53,1.96,19300,9610,9690
203507,Giannis Antetokounmpo,5.53,-1.28,6.81,-4.14,1.25,-5.4,-1.39,0.02,-1.41,30708,14994,15714
1642933,Gilbert,0.1,0.32,-0.22,0.0,-0.14,0.15,-0.1,-0.17,0.07,274,126,148
1629048,Goga Bitadze,1.04,0.65,0.39,0.73,-1.15,1.88,-1.77,0.5,-2.27,13858,7091,6767
1642884,Goldin,0.03,0.19,-0.16,-0.06,-0.03,-0.03,0.03,-0.15,0.18,91,51,40
201609,Goran Dragic,0.73,1.4,-0.67,0.71,0.28,0.43,-1.44,-1.68,0.24,3207,1607,1600
202330,Gordon Hayward,-0.79,1.87,-2.66,2.85,0.25,2.6,-2.05,-2.12,0.06,10696,5360,5336
203476,Gorgui Dieng,-0.61,-0.47,-0.14,-0.03,-0.33,0.3,0.64,0.81,-0.17,1289,646,643
1641711,Gradey Dick,1.27,0.5,0.77,-1.48,-1.25,-0.24,0.22,0.75,-0.53,14510,7322,7188
1629684,Grant Williams,-1.72,0.3,-2.02,-1.57,-0.04,-1.53,3.29,-0.26,3.55,20438,10245,10193
1628960,Grayson Allen,-1.16,-0.2,-0.96,-1.31,1.26,-2.58,2.47,-1.06,3.54,28417,13997,14420
1630535,Greg Brown III,0.52,-0.03,0.55,0.01,0.32,-0.31,-0.54,-0.29,-0.25,473,231,242
1627824,Guerschon Yabusele,-0.65,1.15,-1.81,-2.46,-1.93,-0.53,3.11,0.78,2.33,10430,5230,5200
1630611,Gui Santos,0.16,0.62,-0.46,-1.94,-0.35,-1.59,1.77,-0.27,2.05,8752,4479,4273
1628977,Hamidou Diallo,1.2,0.77,0.42,1.37,-1.1,2.47,-2.57,0.33,-2.9,3546,1772,1774
203084,Harrison Barnes,-0.21,0.5,-0.71,-0.66,-0.14,-0.52,0.87,-0.36,1.23,35194,17532,17662
1631127,Harrison Ingram,0.16,0.23,-0.07,-0.06,-0.09,0.02,-0.1,-0.14,0.04,212,113,99
1628385,Harry Giles III,0.36,-0.12,0.48,0.04,-0.12,0.16,-0.41,0.24,-0.65,392,202,190
1629312,Haywood Highsmith,-1.27,-0.74,-0.54,-0.49,-0.09,-0.4,1.76,0.83,0.93,16402,8181,8221
1630929,Henri Drell,0.07,0.18,-0.12,-0.07,-0.25,0.18,-0.0,0.07,-0.07,112,62,50
1642935,Hepburn,0.0,0.07,-0.07,-0.08,-0.04,-0.03,0.07,-0.02,0.09,53,26,27
1630529,Herbert Jones,1.69,-0.89,2.59,-0.79,0.16,-0.95,-0.9,0.74,-1.64,23933,12033,11900
1642864,Hugo González,0.27,-0.77,1.03,-0.48,-0.76,0.29,0.21,1.54,-1.33,3955,2031,1924
1630621,Hunter Dickinson,-0.08,0.06,-0.14,0.14,0.1,0.04,-0.07,-0.16,0.09,96,43,53
1641816,Hunter Tyson,-0.91,-0.43,-0.48,-0.51,-0.74,0.23,1.42,1.17,0.24,2353,1173,1180
1643047,Huntley,0.14,0.11,0.03,-0.14,-0.16,0.02,-0.0,0.06,-0.06,148,82,66
1630641,Ibou Badji,-0.3,0.06,-0.36,0.93,-0.21,1.15,-0.63,0.16,-0.79,790,396,394
1630193,Immanuel Quickley,-1.46,-0.75,-0.71,0.98,0.41,0.57,0.49,0.34,0.14,28124,14117,14007
1642403,Isaac Jones,0.12,0.17,-0.05,0.65,-0.27,0.92,-0.78,0.1,-0.88,1224,618,606
1630171,Isaac Okoro,0.84,-0.62,1.46,-1.77,1.51,-3.28,0.93,-0.89,1.82,24519,12131,12388
1642268,Isaiah Collier,0.43,-0.29,0.71,-0.94,-1.35,0.42,0.5,1.65,-1.14,12363,6083,6280
1642384,Isaiah Crawford,0.03,0.07,-0.05,0.05,-0.37,0.43,-0.08,0.31,-0.39,437,227,210
1628392,Isaiah Hartenstein,0.19,-2.6,2.79,2.31,1.12,1.19,-2.5,1.47,-3.97,27062,13795,13267
1630543,Isaiah Jackson,2.07,0.69,1.38,0.93,-0.25,1.18,-3.0,-0.44,-2.56,10919,5484,5435
1630198,Isaiah Joe,-1.87,-1.16,-0.72,-1.46,-0.54,-0.92,3.33,1.69,1.64,23135,11861,11274
1630587,Isaiah Livers,-1.26,0.3,-1.56,0.56,0.36,0.2,0.71,-0.66,1.36,7255,3599,3656
1630600,Isaiah Mobley,-0.52,-0.08,-0.44,0.46,-0.11,0.57,0.06,0.19,-0.14,598,302,296
1629676,Isaiah Roby,-0.28,0.26,-0.54,0.07,-0.3,0.37,0.2,0.05,0.16,1742,886,856
1641815,Isaiah Stevens,-0.09,-0.17,0.08,0.02,-0.12,0.15,0.06,0.3,-0.24,166,86,80
1630191,Isaiah Stewart,-0.55,-1.14,0.59,-0.21,1.3,-1.51,0.77,-0.16,0.93,20556,10193,10363
202738,Isaiah Thomas,-0.07,0.06,-0.13,0.1,0.12,-0.02,-0.03,-0.17,0.14,88,39,49
1630225,Isaiah Todd,-0.25,0.41,-0.67,0.16,-0.07,0.24,0.09,-0.34,0.42,230,120,110
1631209,Isaiah Wong,-0.17,-0.4,0.22,0.43,-0.38,0.8,-0.26,0.78,-1.04,902,464,438
202397,Ish Smith,0.34,-0.31,0.65,1.27,0.24,1.03,-1.61,0.08,-1.69,4132,2075,2057
1630688,Ish Wainright,-0.52,-1.07,0.55,0.04,0.87,-0.83,0.48,0.2,0.28,3629,1895,1734
1627826,Ivica Zubac,-1.49,-4.13,2.64,5.43,3.45,1.98,-3.94,0.68,-4.63,30943,15319,15624
1631167,Izaiah Brockington,-0.01,0.14,-0.16,0.03,-0.06,0.09,-0.02,-0.08,0.06,23,13,10
1631120,JD Davison,-0.26,0.81,-1.07,-0.5,-0.6,0.1,0.75,-0.21,0.96,1352,663,689
1630550,JT Thor,-1.33,0.66,-1.99,0.76,-0.23,0.99,0.56,-0.44,1.0,7273,3610,3663
1629630,Ja Morant,3.0,0.32,2.68,-1.07,0.31,-1.38,-1.93,-0.63,-1.3,17659,8893,8766
1642266,Ja'Kobe Walter,-0.73,1.24,-1.97,-0.04,-0.51,0.47,0.77,-0.73,1.5,9357,4775,4582
203210,JaMychal Green,-0.25,0.28,-0.53,-1.22,-0.18,-1.04,1.46,-0.1,1.56,3140,1553,1587
201580,JaVale McGee,1.3,0.22,1.09,-0.52,0.54,-1.07,-0.78,-0.76,-0.03,2543,1256,1287
1631095,Jabari Smith Jr.,0.3,-0.06,0.36,0.77,0.03,0.74,-1.07,0.03,-1.1,34840,17636,17204
1631133,Jabari Walker,1.91,2.07,-0.16,-0.62,-1.85,1.23,-1.29,-0.21,-1.08,13957,7108,6849
1629098,Jack McVeigh,-0.22,-0.01,-0.2,0.02,-0.12,0.13,0.2,0.13,0.06,160,77,83
1631298,Jack White,-0.13,0.04,-0.17,0.06,-0.27,0.34,0.06,0.24,-0.17,459,246,213
1642050,Jackson Rowe,-0.08,-0.03,-0.06,-0.01,-0.1,0.09,0.09,0.14,-0.05,190,106,84
1631367,Jacob Gilyard,-1.14,0.86,-1.99,-0.83,-0.13,-0.71,1.97,-0.73,2.69,2666,1351,1315
1631210,Jacob Toppin,-0.16,-0.03,-0.13,0.24,-0.06,0.3,-0.08,0.1,-0.18,436,220,216
1630702,Jaden Hardy,-0.07,0.28,-0.35,-0.41,0.47,-0.87,0.48,-0.74,1.22,13147,6503,6644
1631093,Jaden Ivey,0.25,0.49,-0.24,0.29,0.21,0.08,-0.54,-0.71,0.18,22294,11100,11194
1630183,Jaden McDaniels,0.45,0.14,0.32,1.02,0.38,0.64,-1.47,-0.52,-0.95,37671,18649,19022
1630531,Jaden Springer,0.44,0.71,-0.27,-0.06,-0.7,0.64,-0.39,-0.0,-0.38,3580,1796,1784
203109,Jae Crowder,-1.29,-0.08,-1.22,0.15,-0.0,0.15,1.14,0.08,1.06,6286,3112,3174
1630256,Jae'Sean Tate,0.81,-0.92,1.73,-0.86,0.15,-1.01,0.06,0.77,-0.71,9815,4998,4817
1626143,Jahlil Okafor,0.0,0.09,-0.09,0.02,-0.09,0.12,-0.03,0.01,-0.03,15,9,6
1642942,Jahmai Mashack,0.06,1.75,-1.69,-0.48,-0.89,0.41,0.41,-0.86,1.27,2370,1186,1184
1630186,Jahmi'us Ramsey,-0.11,0.08,-0.19,0.09,-0.11,0.21,0.01,0.04,-0.02,453,213,240
1642443,Jahmir Young,-0.05,-0.1,0.05,-0.14,-0.21,0.07,0.18,0.32,-0.13,343,180,163
1631170,Jaime Jaquez Jr.,0.85,-0.7,1.54,-0.33,-0.0,-0.33,-0.51,0.7,-1.21,21370,10564,10806
1631222,Jake LaRavia,0.39,1.12,-0.73,0.25,-1.31,1.56,-0.64,0.2,-0.83,16658,8287,8371
1627751,Jakob Poeltl,1.32,0.31,1.01,3.13,0.05,3.08,-4.45,-0.35,-4.1,22442,11375,11067
1641779,Jalen Bridges,-0.22,0.16,-0.38,0.17,-0.12,0.29,0.04,-0.04,0.08,99,46,53
1628973,Jalen Brunson,-2.87,-0.18,-2.7,3.8,-0.23,4.03,-0.93,0.41,-1.34,41849,21301,20548
1630622,Jalen Crutcher,-0.07,0.08,-0.15,0.03,-0.08,0.11,0.03,0.01,0.02,9,4,5
1631105,Jalen Duren,2.85,0.06,2.79,0.52,-1.06,1.58,-3.36,1.0,-4.37,28000,14070,13930
1630224,Jalen Green,1.82,1.65,0.17,-2.24,-1.05,-1.2,0.43,-0.61,1.03,33386,16925,16461
1641720,Jalen Hood-Schifino,-0.92,0.51,-1.43,0.5,-0.89,1.39,0.41,0.38,0.03,1561,768,793
1630552,Jalen Johnson,1.92,0.27,1.65,0.05,-1.32,1.37,-1.97,1.05,-3.02,25869,12982,12887
1629667,Jalen McDaniels,0.84,0.4,0.44,-0.09,-0.52,0.43,-0.75,0.12,-0.87,9465,4739,4726
1629618,Jalen Pickett,-1.45,-0.4,-1.05,-0.03,0.03,-0.07,1.48,0.37,1.12,5910,2908,3002
1641771,Jalen Slawson,-0.19,0.78,-0.97,-0.23,-0.88,0.65,0.42,0.11,0.31,1289,628,661
1630188,Jalen Smith,1.34,0.55,0.79,-2.97,-0.7,-2.26,1.63,0.16,1.47,16930,8484,8446
1630591,Jalen Suggs,0.54,0.03,0.51,-1.43,0.53,-1.96,0.89,-0.56,1.45,21575,10890,10685
1631114,Jalen Williams,1.52,0.67,0.86,1.87,-0.27,2.14,-3.39,-0.4,-2.99,32916,16731,16185
1630592,Jalen Wilson,-1.02,-0.08,-0.94,-1.66,-0.66,-1.0,2.68,0.74,1.94,12421,6283,6138
1631288,Jamal Cain,-0.36,0.5,-0.86,0.54,-0.93,1.47,-0.18,0.43,-0.61,5375,2693,2682
1627750,Jamal Murray,-1.95,0.06,-2.01,2.12,0.09,2.03,-0.17,-0.15,-0.02,40180,19996,20184
1642347,Jamal Shead,-0.21,-0.57,0.36,0.35,0.89,-0.54,-0.13,-0.31,0.18,12028,6157,5871
1631123,Jamaree Bouyea,0.37,0.23,0.14,-0.31,0.02,-0.34,-0.06,-0.25,0.19,3091,1589,1502
1630547,James Bouknight,0.42,0.24,0.18,-0.78,-0.03,-0.76,0.36,-0.2,0.57,2172,1076,1096
201935,James Harden,-0.4,0.08,-0.48,-1.93,-0.81,-1.12,2.32,0.72,1.6,38213,18911,19302
201949,James Johnson,0.36,-0.59,0.95,-0.67,0.08,-0.75,0.3,0.52,-0.22,914,475,439
1630164,James Wiseman,-1.41,-0.64,-0.77,3.28,1.02,2.26,-1.86,-0.38,-1.49,7375,3636,3739
1642364,Jamir Watkins,0.39,1.29,-0.9,-1.26,-0.91,-0.35,0.87,-0.37,1.24,3797,1882,1915
1642419,Jamison Battle,-0.11,0.65,-0.76,-0.47,-0.32,-0.15,0.57,-0.33,0.91,5726,2914,2812
1641716,Jarace Walker,-0.58,0.72,-1.3,0.35,-0.28,0.63,0.23,-0.44,0.66,13206,6578,6628
1630215,Jared Butler,1.91,0.04,1.86,-1.12,-0.94,-0.18,-0.79,0.9,-1.69,6313,3172,3141
1642272,Jared McCain,0.29,0.35,-0.06,-1.68,-0.06,-1.62,1.38,-0.29,1.67,6408,3235,3173
1631197,Jared Rhoden,-0.88,1.16,-2.04,0.66,-0.49,1.15,0.21,-0.67,0.88,2450,1233,1217
1628991,Jaren Jackson Jr.,-0.83,-1.97,1.13,1.56,-0.18,1.74,-0.72,2.15,-2.88,29866,14953,14913
1629020,Jarred Vanderbilt,-0.7,1.54,-2.24,0.24,-1.54,1.78,0.46,0.0,0.46,16099,7934,8165
1629714,Jarrell Brantley,0.09,-0.02,0.11,-0.32,-0.13,-0.19,0.22,0.16,0.06,164,82,82
1628386,Jarrett Allen,0.22,-0.23,0.45,2.4,-0.23,2.62,-2.61,0.46,-3.07,32926,16451,16475
1629633,Jarrett Culver,-0.2,0.36,-0.55,0.52,-0.28,0.8,-0.32,-0.07,-0.25,516,275,241
1642859,Jase Richardson,0.72,0.23,0.49,-0.36,0.22,-0.58,-0.36,-0.44,0.08,2099,1074,1025
1630554,Jason Preston,0.44,0.3,0.14,0.57,0.19,0.38,-1.01,-0.48,-0.53,746,385,361
1631241,Javon Freeman-Liberty,0.28,0.19,0.1,-0.06,-0.8,0.74,-0.23,0.62,-0.85,1501,745,756
1642914,Javon Small,0.26,1.02,-0.76,-0.83,-0.97,0.15,0.56,-0.05,0.61,3019,1512,1507
1629750,Javonte Green,1.33,0.45,0.89,-0.84,-1.17,0.33,-0.49,0.73,-1.22,12585,6344,6241
1630606,Javonte Smart,-0.06,0.06,-0.12,0.03,-0.06,0.1,0.02,0.01,0.02,3,0,3
1629637,Jaxson Hayes,0.22,-1.29,1.52,0.52,0.66,-0.14,-0.74,0.64,-1.38,13782,6706,7076
1630643,Jay Huff,-1.51,0.36,-1.87,-1.98,0.19,-2.17,3.49,-0.55,4.03,9857,4818,5039
1630206,Jay Scrubb,0.07,0.06,0.0,-0.1,-0.07,-0.04,0.03,0.01,0.02,100,50,50
1627759,Jaylen Brown,1.67,-0.24,1.92,0.37,-0.52,0.89,-2.04,0.76,-2.8,41552,20636,20916
1641740,Jaylen Clark,-0.52,-0.31,-0.21,0.48,0.32,0.16,0.03,-0.01,0.04,5036,2538,2498
1641798,Jaylen Martin,0.19,0.64,-0.46,0.29,-0.78,1.07,-0.48,0.14,-0.62,876,437,439
1629669,Jaylen Nowell,0.48,1.34,-0.86,0.3,-0.22,0.52,-0.79,-1.12,0.34,6112,3086,3026
1631301,Jaylen Sims,-0.02,-0.29,0.27,-0.17,-0.33,0.15,0.19,0.63,-0.43,398,189,209
1642377,Jaylen Wells,-1.12,-0.71,-0.41,0.62,-0.2,0.82,0.5,0.91,-0.41,14818,7472,7346
1631119,Jaylin Williams,-1.6,-2.19,0.59,-0.81,1.54,-2.36,2.41,0.65,1.76,15081,7603,7478
1642281,Jaylon Tyson,0.23,-0.21,0.44,-0.49,0.17,-0.66,0.26,0.04,0.22,8339,4198,4141
1628369,Jayson Tatum,0.17,0.48,-0.31,-3.08,0.26,-3.34,2.92,-0.74,3.65,38497,19119,19378
1641789,Jazian Gortman,-0.35,0.37,-0.72,0.24,-0.07,0.31,0.11,-0.3,0.4,206,103,103
1631466,Jeenathan Williams,1.08,0.45,0.63,-0.41,-0.95,0.53,-0.67,0.5,-1.17,2490,1262,1228
1630288,Jeff Dowtin,-0.25,0.49,-0.74,0.63,-0.16,0.79,-0.38,-0.33,-0.05,3730,1896,1834
201145,Jeff Green,-0.12,-0.12,0.01,-0.9,0.21,-1.11,1.02,-0.08,1.1,11959,5940,6019
203924,Jerami Grant,1.32,1.28,0.05,-0.91,0.46,-1.37,-0.41,-1.74,1.32,26618,13251,13367
1642847,Jeremiah Fears,2.75,-0.34,3.09,-0.8,-0.28,-0.52,-1.95,0.62,-2.58,7909,3961,3948
1630526,Jeremiah Robinson-Earl,0.85,0.1,0.75,-0.68,-0.67,-0.01,-0.17,0.57,-0.75,10352,5189,5163
1631110,Jeremy Sochan,0.74,1.64,-0.9,0.63,-1.03,1.66,-1.36,-0.61,-0.75,20792,10348,10444
1630579,Jericho Sims,-2.86,-1.8,-1.06,1.9,-0.1,2.0,0.96,1.9,-0.94,12210,6088,6122
1631257,Jermaine Samuels Jr.,0.29,0.1,0.18,-0.03,-0.25,0.22,-0.26,0.16,-0.41,221,115,106
1629010,Jerome Robinson,0.35,0.21,0.14,-0.54,-0.14,-0.4,0.18,-0.06,0.24,303,159,144
1642399,Jesse Edwards,-0.06,0.03,-0.09,0.1,-0.06,0.16,-0.05,0.04,-0.09,15,8,7
1641724,Jett Howard,-1.09,1.06,-2.16,-1.26,-0.05,-1.21,2.35,-1.01,3.36,5257,2683,2574
1628975,Jevon Carter,-1.61,-0.44,-1.17,-0.39,0.62,-1.01,2.0,-0.18,2.18,15073,7589,7484
202710,Jimmy Butler,-0.1,1.02,-1.12,1.31,-0.37,1.68,-1.22,-0.66,-0.56,29701,14932,14769
1642866,Joan Beringer,0.58,0.41,0.17,0.19,-0.39,0.58,-0.77,-0.01,-0.76,1069,530,539
1629111,Jock Landale,-2.0,-0.4,-1.6,1.17,0.16,1.02,0.82,0.24,0.58,14444,7411,7033
203925,Joe Harris,-0.68,0.54,-1.21,-0.56,1.07,-1.63,1.24,-1.6,2.84,6278,3084,3194
204060,Joe Ingles,0.56,1.24,-0.68,-0.69,0.83,-1.52,0.13,-2.07,2.2,9468,4725,4743
1630580,Joe Wieskamp,0.13,-0.05,0.18,-0.12,-0.05,-0.07,-0.01,0.11,-0.12,187,100,87
203954,Joel Embiid,-0.26,-2.54,2.27,1.17,2.07,-0.89,-0.91,0.47,-1.38,21081,10309,10772
1631219,John Butler Jr.,-0.26,0.41,-0.67,-0.14,-0.54,0.4,0.4,0.14,0.26,831,421,410
1628381,John Collins,0.33,-0.5,0.83,1.66,0.38,1.29,-1.99,0.13,-2.12,27073,13416,13657
1629723,John Konchar,-0.07,1.47,-1.54,-0.23,-1.36,1.13,0.3,-0.1,0.4,16586,8366,8220
1642967,John Poulakidas,-0.13,0.12,-0.24,-0.47,-0.32,-0.15,0.59,0.21,0.39,966,494,472
202322,John Wall,0.0,0.19,-0.19,-0.47,-0.35,-0.13,0.47,0.16,0.31,2751,1335,1416
1631098,Johnny Davis,0.05,0.62,-0.57,0.89,0.05,0.84,-0.94,-0.67,-0.27,4828,2458,2370
1642277,Johnny Furphy,1.02,0.02,1.0,-0.17,0.37,-0.54,-0.86,-0.39,-0.47,3715,1870,1845
1630548,Johnny Juzang,-2.11,-0.24,-1.88,-0.08,-0.28,0.21,2.19,0.52,1.67,7297,3596,3701
202685,Jonas Valanciunas,-0.7,-3.27,2.58,3.87,1.22,2.64,-3.17,2.05,-5.21,23314,11633,11681
1628371,Jonathan Isaac,0.38,-0.38,0.75,-0.13,0.79,-0.92,-0.24,-0.41,0.16,10035,5159,4876
1630228,Jonathan Kuminga,1.96,-0.03,1.99,-0.72,0.27,-0.99,-1.24,-0.24,-1.0,20548,10264,10284
1642367,Jonathan Mogbo,0.34,2.24,-1.89,-0.39,-1.72,1.33,0.04,-0.52,0.56,5638,2861,2777
1642938,Jones,-0.11,-0.03,-0.08,-0.05,-0.19,0.14,0.16,0.22,-0.07,340,163,177
1629007,Jontay Porter,-0.33,0.69,-1.02,-0.39,-0.17,-0.22,0.72,-0.51,1.23,1340,661,679
203903,Jordan Clarkson,-1.08,1.32,-2.4,0.02,-0.7,0.72,1.06,-0.62,1.67,21594,10711,10883
1630259,Jordan Ford,-0.1,-0.0,-0.09,-0.07,0.06,-0.13,0.16,-0.06,0.22,75,39,36
1630692,Jordan Goodwin,-0.33,0.47,-0.8,1.28,-0.99,2.27,-0.96,0.52,-1.47,15556,7932,7624
1631160,Jordan Hall,-0.27,0.19,-0.46,-0.11,-0.12,0.01,0.38,-0.06,0.44,282,145,137
1641722,Jordan Hawkins,-1.64,0.56,-2.2,0.33,-0.84,1.16,1.31,0.28,1.03,11840,5893,5947
1629162,Jordan McLaughlin,-0.15,-0.61,0.46,-0.92,1.3,-2.23,1.07,-0.69,1.76,6923,3501,3422
1641757,Jordan Miller,1.46,0.49,0.97,-0.67,-1.36,0.69,-0.79,0.87,-1.66,6280,3019,3261
1629670,Jordan Nwora,0.84,2.08,-1.24,0.54,0.05,0.49,-1.38,-2.13,0.75,7130,3507,3623
1629673,Jordan Poole,0.44,1.27,-0.83,-2.4,-0.31,-2.09,1.96,-0.96,2.92,30571,15173,15398
1630648,Jordan Schakel,-0.16,0.12,-0.28,0.12,-0.07,0.2,0.03,-0.04,0.07,18,13,5
1641775,Jordan Walsh,-0.27,0.38,-0.65,-1.09,-1.11,0.02,1.36,0.73,0.63,6234,3153,3081
1630631,Jose Alvarado,-0.16,0.27,-0.43,-0.79,-1.03,0.24,0.94,0.76,0.18,18507,9297,9210
1630528,Josh Christopher,1.78,0.41,1.36,0.3,-0.78,1.09,-2.08,0.38,-2.46,3118,1562,1556
1630581,Josh Giddey,2.18,1.29,0.89,-1.57,-0.84,-0.74,-0.61,-0.46,-0.15,31977,15922,16055
1630182,Josh Green,-0.5,-0.94,0.44,-0.93,1.33,-2.26,1.43,-0.39,1.82,22448,11242,11206
1628404,Josh Hart,1.08,0.72,0.36,-0.97,-0.55,-0.43,-0.1,-0.17,0.07,41484,20982,20502
1631169,Josh Minott,-0.48,0.31,-0.79,-0.66,-0.84,0.18,1.14,0.53,0.6,4817,2431,2386
1629006,Josh Okogie,0.54,1.15,-0.62,0.41,-0.36,0.77,-0.94,-0.79,-0.15,16117,8032,8085
1626196,Josh Richardson,-1.76,0.4,-2.16,1.77,-0.01,1.78,-0.02,-0.4,0.38,10053,4989,5064
1630563,Joshua Primo,0.04,0.34,-0.3,-0.47,-0.34,-0.13,0.42,0.01,0.42,398,199,199
201950,Jrue Holiday,-0.99,-0.07,-0.93,-2.0,0.02,-2.02,3.0,0.05,2.95,34103,16954,17149
1629308,Juan Toscano-Anderson,0.37,-0.32,0.69,0.41,-0.02,0.43,-0.78,0.35,-1.13,2820,1391,1429
1627823,Juancho Hernangomez,0.36,-0.09,0.45,0.66,-0.48,1.14,-1.02,0.58,-1.6,2220,1150,1070
1631262,Jules Bernard,0.5,0.62,-0.12,-0.31,0.13,-0.44,-0.2,-0.75,0.56,578,313,265
1630577,Julian Champagnie,0.39,-0.3,0.69,-1.66,0.39,-2.04,1.26,-0.1,1.36,23026,11424,11602
1641763,Julian Phillips,0.19,0.65,-0.45,-1.6,-1.01,-0.59,1.41,0.37,1.04,6890,3408,3482
1642882,Julian Reese,0.09,0.9,-0.81,1.02,-0.76,1.78,-1.11,-0.14,-0.98,1463,732,731
1631124,Julian Strawther,-0.3,-0.6,0.3,0.23,-0.08,0.31,0.07,0.68,-0.61,10741,5279,5462
203944,Julius Randle,-0.49,0.67,-1.17,-0.4,-0.36,-0.04,0.9,-0.31,1.21,36442,18147,18295
1630551,Justin Champagnie,0.37,0.9,-0.52,-1.05,-1.34,0.29,0.68,0.44,0.23,11362,5619,5743
1642348,Justin Edwards,0.23,1.53,-1.29,-0.95,-1.2,0.25,0.72,-0.32,1.04,7814,3933,3881
203200,Justin Holiday,-0.11,0.86,-0.97,0.3,0.21,0.09,-0.19,-1.08,0.88,6232,3139,3093
1628382,Justin Jackson,0.02,-0.11,0.13,-0.38,0.28,-0.65,0.36,-0.16,0.52,397,182,215
1631303,Justin Minaya,-0.35,0.02,-0.36,-0.03,-0.26,0.23,0.37,0.24,0.13,2060,1068,992
1626159,Justise Winslow,0.57,0.28,0.29,0.32,-0.24,0.56,-0.89,-0.03,-0.86,2767,1378,1389
203994,Jusuf Nurkic,0.68,-2.11,2.79,0.02,1.5,-1.49,-0.69,0.61,-1.3,21111,10412,10699
1642354,KJ Simpson,0.07,0.63,-0.56,0.14,-0.49,0.63,-0.22,-0.14,-0.08,4020,1993,2027
1629644,KZ Okpala,0.03,0.2,-0.17,-0.21,0.21,-0.42,0.18,-0.4,0.58,926,453,473
1630539,Kai Jones,0.41,0.67,-0.26,0.93,-0.39,1.32,-1.34,-0.27,-1.07,3674,1795,1879
1629232,Kaiser Gates,-0.05,0.18,-0.22,0.02,-0.09,0.11,0.03,-0.08,0.1,30,14,16
1642880,Kam Jones,-0.54,0.54,-1.09,-0.6,0.38,-0.98,1.14,-0.92,2.06,2189,1059,1130
1626157,Karl-Anthony Towns,2.53,-1.23,3.77,-0.73,0.53,-1.26,-1.8,0.7,-2.5,33021,16616,16405
1631255,Karlo Matkovic,0.01,-0.3,0.31,-1.12,-1.25,0.13,1.1,1.56,-0.45,6351,3160,3191
1642857,Kasparas Jakučionis,0.53,0.84,-0.31,-1.36,-0.11,-1.26,0.83,-0.73,1.56,3668,1873,1795
202695,Kawhi Leonard,-2.12,0.46,-2.58,2.95,0.1,2.86,-0.83,-0.56,-0.28,27835,13858,13977
1630811,Keaton Wallace,-1.73,-0.42,-1.31,-0.09,-0.55,0.47,1.81,0.97,0.84,3797,1881,1916
1631099,Keegan Murray,-1.13,0.85,-1.98,0.73,-0.1,0.83,0.4,-0.75,1.15,31491,15920,15571
1631232,Keion Brooks Jr.,-0.46,0.17,-0.63,0.73,-0.33,1.06,-0.27,0.16,-0.44,1224,601,623
1628966,Keita Bates-Diop,0.91,0.88,0.03,1.15,-0.37,1.52,-2.06,-0.52,-1.55,7753,3867,3886
1642276,Kel'el Ware,-0.06,-1.58,1.52,1.71,0.04,1.66,-1.65,1.54,-3.19,12248,6002,6246
1629640,Keldon Johnson,1.78,1.08,0.7,-0.32,-0.75,0.42,-1.46,-0.34,-1.12,29599,14832,14767
203482,Kelly Olynyk,2.78,0.22,2.56,-2.21,-0.64,-1.57,-0.57,0.42,-0.99,18317,9034,9283
1626162,Kelly Oubre Jr.,1.81,0.84,0.97,-0.24,-1.47,1.23,-1.56,0.63,-2.2,27264,13731,13533
202689,Kemba Walker,-0.12,0.02,-0.13,-0.17,0.09,-0.27,0.29,-0.1,0.39,364,185,179
1631112,Kendall Brown,0.23,0.07,0.16,0.09,-0.21,0.29,-0.32,0.14,-0.46,422,208,214
1629134,Kendrick Nunn,-0.09,0.56,-0.65,-0.23,0.43,-0.65,0.31,-0.99,1.3,3587,1760,1827
1631113,Kennedy Chandler,1.74,1.13,0.61,-0.32,-0.7,0.38,-1.43,-0.43,-1.0,2463,1243,1220
1631254,Kenneth Lofton Jr.,0.32,0.24,0.08,-0.56,-0.52,-0.04,0.23,0.28,-0.05,1424,725,699
1629026,Kenrich Williams,-0.05,-0.04,-0.02,-0.04,0.28,-0.32,0.1,-0.24,0.34,15932,8119,7813
1643257,Kent,-0.02,0.13,-0.14,-0.05,-0.07,0.02,0.06,-0.05,0.11,65,31,34
203484,Kentavious Caldwell-Pope,-1.35,1.36,-2.71,2.51,1.04,1.47,-1.16,-2.4,1.24,33967,17143,16824
1630231,Kenyon Martin Jr.,2.72,0.81,1.91,-1.43,-1.67,0.24,-1.29,0.86,-2.15,14466,7260,7206
1631165,Keon Ellis,-1.21,0.69,-1.9,-0.51,-1.22,0.71,1.72,0.53,1.19,16154,8163,7991
1630553,Keon Johnson,0.92,0.89,0.03,-1.76,-1.35,-0.4,0.83,0.46,0.37,8541,4284,4257
1642352,Keshad Johnson,0.44,0.41,0.04,-0.77,-0.35,-0.42,0.32,-0.05,0.37,1475,754,721
1630556,Kessler Edwards,0.08,0.22,-0.14,-0.51,-0.25,-0.25,0.42,0.03,0.39,4686,2323,2363
201142,Kevin Durant,-2.33,0.29,-2.62,5.63,-0.49,6.12,-3.29,0.2,-3.49,37158,18205,18953
1628989,Kevin Huerter,-0.04,1.17,-1.21,-0.85,0.21,-1.06,0.89,-1.38,2.27,26598,13342,13256
1628995,Kevin Knox II,-0.3,0.73,-1.02,0.07,-0.22,0.29,0.22,-0.51,0.73,5962,3035,2927
201567,Kevin Love,-0.18,-0.99,0.8,-1.14,0.04,-1.18,1.32,0.95,0.37,12335,6182,6153
1641755,Kevin McCullar Jr.,-0.37,-0.18,-0.19,0.06,-0.04,0.11,0.3,0.23,0.07,659,324,335
1629645,Kevin Porter Jr.,0.01,-1.53,1.54,0.67,-1.07,1.73,-0.68,2.6,-3.28,17998,8891,9107
1630284,Kevon Harris,0.36,-0.11,0.48,-0.44,0.1,-0.53,0.07,0.02,0.05,1654,842,812
1626172,Kevon Looney,-1.49,-1.79,0.29,1.63,0.82,0.81,-0.14,0.97,-1.11,19038,9619,9419
1641749,Keyontae Johnson,0.15,-0.22,0.37,-0.02,0.09,-0.1,-0.14,0.14,-0.28,232,115,117
1641718,Keyonte George,0.44,0.62,-0.18,-1.34,-1.11,-0.23,0.9,0.49,0.41,22032,10751,11281
1642863,Khaman Maluach,-0.24,0.21,-0.45,0.15,-0.82,0.97,0.08,0.61,-0.53,1480,768,712
203920,Khem Birch,-0.14,-0.07,-0.07,0.36,-0.06,0.42,-0.23,0.13,-0.36,551,281,270
203114,Khris Middleton,-1.04,-0.59,-0.45,3.47,0.19,3.29,-2.44,0.4,-2.84,18972,9329,9643
1630165,Killian Hayes,-1.56,1.0,-2.56,2.06,-0.29,2.36,-0.5,-0.71,0.2,13594,6800,6794
1630184,Kira Lewis Jr.,0.61,0.29,0.32,-0.29,-0.68,0.39,-0.33,0.39,-0.71,1845,902,943
202691,Klay Thompson,-1.01,1.3,-2.31,-0.3,0.35,-0.65,1.32,-1.65,2.97,32442,16158,16284
1641738,Kobe Brown,-0.13,0.19,-0.32,-0.78,-0.81,0.02,0.91,0.62,0.29,5989,2933,3056
1641723,Kobe Bufkin,-0.41,0.99,-1.4,0.47,-0.31,0.78,-0.07,-0.69,0.62,1611,797,814
1642920,Kobe Sanders,0.24,-0.0,0.24,-0.65,0.43,-1.08,0.41,-0.42,0.84,4959,2406,2553
1628424,Kobi Simmons,-0.25,0.16,-0.4,0.21,-0.3,0.51,0.03,0.15,-0.12,346,160,186
1642851,Kon Knueppel,-1.6,-0.26,-1.34,-1.2,1.63,-2.82,2.8,-1.36,4.16,9451,4763,4688
1627739,Kris Dunn,-0.23,-0.66,0.42,0.02,-0.68,0.7,0.21,1.34,-1.13,21705,10829,10876
1631200,Kris Murray,2.44,0.73,1.71,-1.25,0.29,-1.55,-1.19,-1.03,-0.16,13641,6944,6697
204001,Kristaps Porzingis,-0.05,-0.56,0.51,1.02,-0.51,1.53,-0.96,1.08,-2.04,23048,11302,11746
203937,Kyle Anderson,0.04,0.82,-0.78,2.79,-0.38,3.18,-2.83,-0.44,-2.39,21173,10584,10589
1642271,Kyle Filipowski,0.61,0.33,0.28,-1.42,-1.29,-0.13,0.81,0.97,-0.16,12295,6098,6197
1628398,Kyle Kuzma,0.12,1.04,-0.92,0.89,-0.64,1.53,-1.01,-0.4,-0.61,31346,15319,16027
200768,Kyle Lowry,-1.62,-1.67,0.05,0.5,0.05,0.44,1.13,1.62,-0.49,17347,8767,8580
1630283,Kylor Kelley,-0.2,-0.19,-0.0,0.37,-0.18,0.55,-0.18,0.38,-0.56,515,251,264
202681,Kyrie Irving,-1.39,-0.11,-1.28,1.27,1.18,0.1,0.11,-1.07,1.18,25530,12687,12843
1642273,Kyshawn George,-0.43,-1.4,0.98,-0.92,-0.35,-0.57,1.34,1.75,-0.41,12008,5936,6072
1643018,LJ Cryer,-0.42,-0.33,-0.09,0.05,0.02,0.03,0.37,0.31,0.05,1021,513,508
1630163,LaMelo Ball,-0.46,0.08,-0.53,-3.31,-0.72,-2.59,3.77,0.64,3.12,20858,10637,10221
1642950,Lachlan Olbrich,0.13,-0.19,0.33,-0.62,-0.36,-0.27,0.48,0.56,-0.08,1269,656,613
1630205,Lamar Stevens,-0.1,-0.13,0.03,1.04,-0.08,1.12,-0.94,0.21,-1.15,6594,3282,3312
1629013,Landry Shamet,-0.43,-1.22,0.78,-0.75,1.89,-2.64,1.19,-0.67,1.86,13550,6914,6636
1626204,Larry Nance Jr.,-0.48,-0.72,0.24,-0.87,-1.02,0.14,1.35,1.74,-0.39,12703,6387,6316
1628374,Lauri Markkanen,0.95,-0.62,1.57,-2.61,0.83,-3.44,1.66,-0.21,1.87,26009,12949,13060
2544,LeBron James,3.43,-0.7,4.13,-2.58,-0.37,-2.21,-0.85,1.06,-1.92,36343,17708,18635
1641778,Leaky Black,-0.06,0.94,-1.01,0.32,-0.84,1.16,-0.26,-0.1,-0.16,2662,1330,1332
1630195,Leandro Bolmaro,0.15,0.1,0.05,0.06,0.27,-0.21,-0.22,-0.37,0.15,255,138,117
1631159,Leonard Miller,1.35,-0.48,1.83,-1.17,-0.91,-0.25,-0.19,1.4,-1.58,3088,1538,1550
1631311,Lester Quinones,0.6,0.57,0.03,-0.42,-0.2,-0.22,-0.18,-0.36,0.18,2260,1151,1109
1642862,Liam McNeeley,-0.0,-0.51,0.51,-0.46,0.24,-0.7,0.45,0.27,0.19,1301,651,650
1641857,Liam Robbins,-0.3,-0.07,-0.23,0.32,-0.21,0.53,-0.02,0.29,-0.31,185,98,87
1629623,Lindell Wigginton,-0.1,0.11,-0.21,0.01,-0.27,0.28,0.08,0.17,-0.09,356,165,191
1630322,Lindy Waters III,-1.21,-1.04,-0.17,-1.7,-0.02,-1.68,2.91,1.07,1.85,6921,3556,3365
1629022,Lonnie Walker IV,0.29,0.23,0.06,-0.76,0.38,-1.13,0.46,-0.61,1.07,11018,5424,5594
1628366,Lonzo Ball,-1.88,-0.59,-1.29,-2.01,-0.48,-1.52,3.88,1.07,2.81,5778,2920,2858
1629663,Louis King,-0.06,0.03,-0.08,0.03,-0.03,0.06,0.02,0.0,0.02,108,58,50
1643133,Lovering,0.26,-0.11,0.36,-0.02,0.33,-0.35,-0.24,-0.22,-0.02,191,100,91
1631351,Lucas Williamson,-0.53,0.88,-1.41,-0.34,-0.43,0.09,0.87,-0.45,1.32,738,376,362
1629652,Luguentz Dort,-0.07,-0.35,0.28,-0.51,-0.86,0.34,0.58,1.2,-0.61,35229,17861,17368
1629029,Luka Doncic,-2.59,-0.29,-2.31,-0.96,-0.6,-0.36,3.55,0.88,2.67,36765,18161,18604
1630568,Luka Garza,-0.84,-1.01,0.17,0.87,-0.45,1.32,-0.03,1.46,-1.49,6427,3347,3080
1629677,Luka Samanic,0.43,-0.4,0.83,-0.02,-0.3,0.28,-0.42,0.7,-1.12,2153,1027,1126
1628379,Luke Kennard,-1.69,0.34,-2.04,0.35,0.23,0.11,1.35,-0.57,1.92,20950,10448,10502
1628436,Luke Kornet,-0.58,-2.95,2.37,0.45,2.89,-2.44,0.13,0.07,0.06,18453,9267,9186
1631247,Luke Travers,0.39,0.39,0.0,-0.58,-0.11,-0.46,0.18,-0.27,0.45,751,375,376
1630644,Mac McClung,0.41,0.61,-0.19,-0.48,-0.29,-0.19,0.06,-0.31,0.37,722,376,346
1630201,Malachi Flynn,-0.75,0.22,-0.98,-0.03,0.58,-0.61,0.78,-0.81,1.59,5863,2983,2880
1641869,Malachi Smith,0.09,0.42,-0.33,-0.3,-0.26,-0.04,0.21,-0.16,0.37,1251,648,603
1631103,Malaki Branham,0.01,1.63,-1.61,1.04,0.32,0.72,-1.06,-1.95,0.89,14476,7165,7311
1627763,Malcolm Brogdon,1.48,0.48,1.0,-0.47,0.76,-1.22,-1.01,-1.24,0.22,14215,7050,7165
1630608,Malcolm Cazalon,-0.05,0.08,-0.13,0.08,-0.02,0.1,-0.04,-0.06,0.02,9,5,4
1630792,Malcolm Hill,-0.07,0.06,-0.13,0.07,-0.16,0.23,-0.01,0.11,-0.11,35,18,17
1642502,Malevy Leons,0.34,0.17,0.18,0.15,-0.07,0.21,-0.49,-0.1,-0.4,1058,529,529
1627736,Malik Beasley,-2.19,1.36,-3.56,-0.61,0.36,-0.97,2.8,-1.72,4.53,26574,13197,13377
1628370,Malik Monk,1.18,0.48,0.71,-1.06,0.38,-1.44,-0.12,-0.86,0.74,26737,13476,13261
1642013,Malik Williams,-0.14,0.04,-0.18,0.32,-0.34,0.67,-0.19,0.3,-0.49,395,192,203
1629603,Mamadi Diakite,-0.2,-0.49,0.28,0.38,0.06,0.32,-0.18,0.43,-0.61,704,352,352
1641970,Maozinha Pereira,-0.16,-0.17,0.01,0.19,-0.03,0.22,-0.03,0.21,-0.25,430,225,205
1630699,MarJon Beauchamp,0.35,0.15,0.2,-0.86,-0.13,-0.73,0.51,-0.02,0.53,6206,3073,3133
1630542,Marcus Bagley,-0.19,0.75,-0.94,-0.11,-0.4,0.29,0.3,-0.35,0.64,987,491,496
1630585,Marcus Garrett,0.01,0.07,-0.06,0.14,0.04,0.1,-0.15,-0.11,-0.04,290,136,154
202694,Marcus Morris Sr.,-2.04,0.08,-2.12,1.89,0.69,1.2,0.15,-0.77,0.92,10166,5065,5101
1631204,Marcus Sasser,-2.14,0.43,-2.57,0.26,0.34,-0.08,1.88,-0.77,2.65,9467,4799,4668
203935,Marcus Smart,0.15,-1.39,1.54,-1.21,0.95,-2.16,1.06,0.44,0.61,20583,10239,10344
1641813,Mark Sears,-0.16,0.17,-0.32,-0.04,-0.1,0.06,0.19,-0.06,0.25,76,39,37
1631109,Mark Williams,1.41,-1.72,3.14,1.73,0.45,1.28,-3.15,1.27,-4.41,15196,7522,7674
1628365,Markelle Fultz,1.22,-0.15,1.36,1.17,-0.31,1.49,-2.39,0.46,-2.85,10803,5429,5374
202693,Markieff Morris,-0.75,0.2,-0.96,0.37,-0.47,0.84,0.38,0.27,0.11,2799,1378,1421
1630250,Marko Simonovic,0.0,0.03,-0.02,0.02,-0.09,0.11,-0.03,0.07,-0.09,72,42,30
1641806,Markquis Nowell,-0.1,0.02,-0.11,0.04,-0.02,0.06,0.05,0.0,0.04,11,6,5
1629716,Marques Bolden,-0.37,0.29,-0.67,0.31,0.11,0.2,0.06,-0.4,0.46,444,203,241
1628963,Marvin Bagley III,1.08,-1.36,2.43,1.76,0.55,1.21,-2.83,0.81,-3.64,13435,6709,6726
1630222,Mason Jones,0.11,0.01,0.1,-0.12,-0.19,0.07,0.01,0.18,-0.18,258,131,127
203486,Mason Plumlee,-0.22,-1.33,1.11,0.38,1.35,-0.97,-0.15,-0.02,-0.13,16102,8011,8091
1641824,Matas Buzelis,1.47,-0.07,1.55,-3.14,-0.13,-3.02,1.67,0.2,1.47,14382,7019,7363
1629680,Matisse Thybulle,-0.49,1.46,-1.96,-0.45,0.0,-0.45,0.94,-1.46,2.4,12585,6390,6195
1630562,Matt Hurt,-0.39,0.28,-0.67,0.21,-0.28,0.49,0.18,0.0,0.18,398,195,203
1630346,Matt Ryan,-0.52,0.77,-1.29,-0.5,-0.4,-0.1,1.02,-0.36,1.38,2860,1398,1462
203521,Matthew Dellavedova,-0.49,0.08,-0.57,-0.22,-0.03,-0.2,0.7,-0.05,0.76,749,363,386
1631108,Max Christie,-0.51,0.64,-1.14,1.48,0.55,0.92,-0.97,-1.19,0.22,21875,10588,11287
1629622,Max Strus,-0.15,-0.94,0.79,-1.3,0.59,-1.89,1.45,0.34,1.11,26870,13488,13382
1628467,Maxi Kleber,-0.59,-0.86,0.27,-0.76,0.94,-1.7,1.35,-0.08,1.43,10947,5384,5563
1642875,Maxime Raynaud,-1.54,1.3,-2.84,3.61,-0.77,4.38,-2.08,-0.54,-1.54,7273,3612,3661
1641721,Maxwell Lewis,0.02,0.55,-0.53,-0.54,-0.73,0.19,0.51,0.18,0.33,1497,754,743
1630593,McKinley Wright IV,-1.26,0.27,-1.53,0.32,0.18,0.14,0.94,-0.45,1.39,1134,554,580
203086,Meyers Leonard,-0.21,-0.44,0.23,-0.04,0.04,-0.08,0.25,0.41,-0.15,453,221,232
1629662,Mfiondu Kabengele,-0.12,0.18,-0.29,-0.11,-0.14,0.02,0.23,-0.03,0.26,129,66,63
1642877,Micah Peavy,1.16,-0.62,1.78,-0.35,-0.3,-0.05,-0.82,0.92,-1.74,3255,1649,1606
1630695,Micah Potter,-0.86,0.48,-1.34,-1.49,-0.79,-0.7,2.34,0.32,2.03,6751,3305,3446
203487,Michael Carter-Williams,0.05,-0.12,0.17,-0.05,0.03,-0.08,-0.01,0.1,-0.1,148,76,72
1630701,Michael Foster Jr.,-0.08,0.08,-0.16,0.06,-0.05,0.11,0.01,-0.03,0.04,2,1,1
1629008,Michael Porter Jr.,1.28,1.38,-0.1,-0.72,0.31,-1.03,-0.55,-1.69,1.14,37594,18873,18721
1628969,Mikal Bridges,-0.91,-0.24,-0.67,1.69,0.86,0.83,-0.78,-0.62,-0.15,45197,22727,22470
201144,Mike Conley,-1.29,0.93,-2.22,-0.69,1.32,-2.01,1.98,-2.26,4.23,28430,14157,14273
203488,Mike Muscala,-0.19,0.54,-0.73,-0.99,-0.55,-0.44,1.18,0.01,1.16,5852,2928,2924
1628970,Miles Bridges,0.78,-1.23,2.0,-0.77,0.12,-0.88,-0.01,1.11,-1.12,25980,12968,13012
1642939,Miles Kelly,-0.6,-0.01,-0.59,0.08,0.09,-0.01,0.52,-0.08,0.59,508,247,261
1630540,Miles McBride,-1.78,-0.87,-0.91,-1.21,0.79,-2.0,2.99,0.08,2.92,19892,10155,9737
1641936,Miles Norris,-0.04,-0.01,-0.03,-0.11,-0.12,0.01,0.14,0.13,0.01,131,64,67
1629011,Mitchell Robinson,-1.89,-1.16,-0.74,2.73,-0.6,3.34,-0.84,1.76,-2.6,16605,8452,8153
1628964,Mo Bamba,-1.6,-1.83,0.23,0.26,-0.16,0.42,1.33,1.99,-0.66,7103,3554,3549
1642885,Mohamed Diawara,-0.2,0.16,-0.36,-0.66,-0.58,-0.08,0.86,0.43,0.43,2444,1249,1195
1628420,Monte Morris,-1.64,1.6,-3.24,1.9,0.68,1.22,-0.26,-2.28,2.02,10550,5188,5362
1626149,Montrezl Harrell,0.26,-0.15,0.4,0.59,-0.2,0.79,-0.85,0.35,-1.2,2451,1222,1229
1631457,Morales,-0.06,-0.07,0.01,0.06,-0.09,0.15,0.0,0.17,-0.17,76,47,29
1629021,Moritz Wagner,3.2,-1.21,4.41,-2.24,-0.37,-1.87,-0.96,1.58,-2.54,12870,6473,6397
1629650,Moses Brown,1.05,-2.33,3.38,0.52,1.57,-1.05,-1.57,0.76,-2.33,2296,1162,1134
1630541,Moses Moody,-0.47,-0.17,-0.3,-1.46,-0.06,-1.4,1.92,0.23,1.7,20272,10267,10005
1631338,Mouhamadou Gueye,0.05,0.66,-0.61,-0.01,-0.58,0.57,-0.04,-0.08,0.04,632,296,336
1631243,Mouhamed Gueye,-1.42,-0.87,-0.55,0.47,-0.18,0.66,0.95,1.06,-0.11,6596,3383,3213
1630619,Moussa Cisse,0.16,0.19,-0.03,0.17,-0.21,0.38,-0.33,0.02,-0.35,2028,1005,1023
1631217,Moussa Diabate,-1.05,1.19,-2.24,1.0,-0.63,1.63,0.05,-0.56,0.61,12401,6361,6040
1626167,Myles Turner,0.23,-1.16,1.39,-0.89,1.36,-2.24,0.65,-0.19,0.85,34074,16844,17230
1642066,Myron Gardner,-0.27,-0.2,-0.07,-1.22,-0.0,-1.22,1.48,0.21,1.28,1584,842,742
1642368,N'Faly Dante,-0.19,-0.15,-0.04,0.31,0.06,0.24,-0.12,0.09,-0.21,247,125,122
1641772,Nae'Qwan Tomlin,0.3,-0.27,0.57,-0.79,-1.12,0.33,0.49,1.4,-0.9,4014,2021,1993
1630538,Nah'Shon Hyland,-0.27,1.08,-1.35,-1.17,-0.91,-0.26,1.44,-0.16,1.61,11368,5724,5644
1630230,Naji Marshall,0.6,0.66,-0.07,1.65,-0.83,2.47,-2.24,0.16,-2.4,26599,13084,13515
1629642,Nassir Little,-0.69,1.1,-1.79,0.88,-0.7,1.58,-0.19,-0.39,0.2,5207,2538,2669
1630207,Nate Hinton,0.16,0.06,0.1,-0.0,-0.2,0.2,-0.16,0.15,-0.31,284,150,134
1630233,Nathan Knight,0.37,0.43,-0.05,-0.47,-0.09,-0.38,0.09,-0.34,0.43,1075,532,543
1641877,Nathan Mensah,-0.75,-0.03,-0.73,0.83,-0.32,1.15,-0.08,0.35,-0.43,1073,544,529
1629675,Naz Reid,0.92,0.45,0.47,-1.86,-0.22,-1.64,0.94,-0.22,1.16,29657,14941,14716
1629674,Neemias Queta,-0.05,-2.68,2.63,1.42,0.2,1.23,-1.38,2.48,-3.86,11607,5884,5723
1641761,Nelson,-0.12,0.02,-0.14,0.01,0.01,-0.01,0.11,-0.03,0.14,113,58,55
203457,Nerlens Noel,-0.38,-0.34,-0.04,0.6,-0.44,1.04,-0.22,0.79,-1.01,702,354,348
1630208,Nick Richards,-0.04,0.95,-0.99,1.9,-1.25,3.15,-1.86,0.31,-2.17,18213,8962,9251
1641733,Nick Smith Jr.,-2.19,0.91,-3.09,1.73,-1.43,3.16,0.46,0.52,-0.06,8944,4433,4511
1629638,Nickeil Alexander-Walker,-0.64,0.81,-1.45,-1.76,0.53,-2.29,2.4,-1.34,3.74,30195,15113,15082
201587,Nicolas Batum,-2.43,1.35,-3.78,-0.12,0.35,-0.47,2.55,-1.69,4.25,22721,11247,11474
1629651,Nicolas Claxton,0.57,0.47,0.1,1.08,0.48,0.6,-1.65,-0.95,-0.7,29906,14682,15224
1628502,Nigel Hayes,-0.23,0.43,-0.66,0.24,-0.33,0.56,-0.01,-0.1,0.09,688,343,345
203999,Nikola Jokic,2.3,-2.58,4.88,-0.97,0.41,-1.38,-1.32,2.17,-3.49,43313,21618,21695
1631107,Nikola Jovic,-0.59,-0.36,-0.23,-1.93,-1.0,-0.94,2.52,1.35,1.17,12017,5919,6098
1642260,Nikola Topić,-0.01,0.13,-0.13,-0.29,0.2,-0.48,0.29,-0.32,0.61,603,300,303
202696,Nikola Vucevic,-2.08,-0.61,-1.47,2.47,-0.01,2.48,-0.39,0.62,-1.02,35075,17399,17676
1642363,Nique Clifford,-0.23,-0.75,0.52,1.6,0.28,1.32,-1.37,0.47,-1.84,6822,3430,3392
1641730,Noah Clowney,-1.47,0.2,-1.67,-1.13,-0.86,-0.27,2.6,0.67,1.94,11371,5639,5732
1642869,Noah Penda,1.03,0.72,0.31,0.23,-0.95,1.18,-1.27,0.23,-1.5,2736,1407,1329
203943,Noah Vonleh,-0.17,-0.06,-0.11,-0.08,0.11,-0.19,0.24,-0.05,0.29,631,308,323
1642849,Nolan Traore,1.28,0.81,0.47,-1.14,-0.06,-1.09,-0.14,-0.75,0.61,4396,2195,2201
1626181,Norman Powell,1.53,0.97,0.57,-0.93,-0.55,-0.38,-0.61,-0.41,-0.19,28729,14286,14443
1628384,OG Anunoby,0.91,-0.28,1.19,-1.16,-0.44,-0.71,0.25,0.73,-0.48,36495,18649,17846
1630167,Obi Toppin,1.54,1.49,0.04,-2.1,0.02,-2.12,0.56,-1.51,2.08,21222,10691,10531
1630534,Ochai Agbaji,1.42,-0.63,2.04,-1.25,-0.06,-1.19,-0.17,0.69,-0.86,20677,10250,10427
1642490,Oduro,0.25,0.31,-0.05,0.13,-0.27,0.4,-0.39,-0.03,-0.36,222,113,109
1630846,Olivier Sarr,-0.23,-0.32,0.09,-0.17,0.03,-0.2,0.39,0.29,0.1,928,465,463
1641765,Olivier-Maxence Prosper,0.74,0.49,0.25,-0.89,-0.46,-0.43,0.15,-0.03,0.18,7174,3534,3640
1630209,Omer Yurtseven,-0.87,1.38,-2.25,1.55,-0.85,2.41,-0.69,-0.52,-0.16,2779,1401,1378
1641807,Omier,-0.03,0.21,-0.24,0.09,-0.12,0.21,-0.06,-0.08,0.02,88,47,41
1641931,Onuralp Bitim,0.14,-0.17,0.31,0.3,-0.05,0.35,-0.44,0.22,-0.66,979,491,488
1630168,Onyeka Okongwu,-0.97,-0.25,-0.72,1.35,-0.78,2.13,-0.38,1.04,-1.42,29040,14670,14370
1631115,Orlando Robinson,-0.88,0.45,-1.33,0.92,-1.32,2.24,-0.04,0.88,-0.92,5522,2832,2690
1631131,Oscar Tshiebwe,-0.03,-1.18,1.15,1.09,-0.92,2.01,-1.06,2.11,-3.17,2719,1399,1320
1629052,Oshae Brissett,1.11,0.6,0.5,-1.77,-1.01,-0.76,0.66,0.41,0.25,7046,3542,3504
1642345,Oso Ighodaro,-1.71,1.13,-2.85,0.48,-0.62,1.09,1.23,-0.51,1.74,10250,5269,4981
203490,Otto Porter Jr.,-0.38,0.56,-0.94,0.0,-1.0,1.0,0.37,0.45,-0.08,1173,605,568
1631172,Ousmane Dieng,-0.87,-0.16,-0.71,-1.15,-0.83,-0.33,2.02,0.98,1.04,9125,4571,4554
200782,P.J. Tucker,-2.65,-0.55,-2.09,2.18,1.63,0.55,0.46,-1.08,1.54,9740,4792,4948
1629023,P.J. Washington,1.11,0.56,0.55,0.5,-0.23,0.73,-1.6,-0.33,-1.27,33522,16674,16848
1628408,PJ Dozier,-0.13,0.07,-0.2,-0.01,-0.38,0.37,0.13,0.31,-0.18,405,204,201
1641790,PJ Hall,-0.49,-0.18,-0.3,-0.07,-0.26,0.19,0.55,0.45,0.1,1001,492,509
1642359,Pacôme Dadiet,-0.75,-0.07,-0.67,0.34,-0.26,0.59,0.41,0.34,0.07,894,442,452
1631094,Paolo Banchero,0.38,0.52,-0.14,1.09,-0.13,1.22,-1.47,-0.4,-1.08,34703,17386,17317
1627783,Pascal Siakam,0.09,-0.25,0.33,2.49,0.39,2.1,-2.57,-0.14,-2.43,41300,20874,20426
1626192,Pat Connaughton,-0.51,-0.14,-0.37,-0.63,1.09,-1.72,1.13,-0.95,2.08,15803,7748,8055
1630311,Pat Spencer,0.12,1.23,-1.11,-0.29,-1.01,0.72,0.17,-0.22,0.39,5729,2926,2803
1631116,Patrick Baldwin Jr.,-0.26,0.18,-0.43,-1.39,-0.59,-0.8,1.64,0.42,1.22,3465,1768,1697
201976,Patrick Beverley,-0.28,-0.45,0.17,1.02,-0.02,1.04,-0.73,0.47,-1.2,12597,6225,6372
1630172,Patrick Williams,-0.01,0.77,-0.78,0.01,-1.02,1.02,0.0,0.25,-0.24,24574,12151,12423
201988,Patty Mills,-0.36,0.0,-0.36,-0.73,-0.17,-0.57,1.09,0.17,0.92,5031,2543,2488
202331,Paul George,-1.09,-0.64,-0.45,-0.05,-0.14,0.08,1.15,0.77,0.38,25495,12691,12804
1630194,Paul Reed,1.4,0.38,1.03,1.09,-1.01,2.1,-2.49,0.64,-3.13,14070,7277,6793
1630202,Payton Pritchard,-2.33,-0.01,-2.33,-0.36,0.43,-0.79,2.7,-0.43,3.12,29338,14840,14498
1642951,Pedulla,-0.02,0.08,-0.11,0.04,0.01,0.03,-0.03,-0.09,0.06,108,60,48
1641796,Pelle Larsson,0.91,-0.2,1.11,-0.87,0.71,-1.58,-0.05,-0.51,0.46,10152,5055,5097
1631250,Pete Nance,-0.83,-0.26,-0.56,-0.65,-0.86,0.21,1.47,1.13,0.34,3175,1575,1600
1631212,Peyton Watson,0.94,0.4,0.54,0.44,0.25,0.18,-1.38,-0.65,-0.73,19124,9305,9819
1630762,Phillip Wheeler,-0.15,-0.02,-0.13,-0.14,-0.06,-0.08,0.28,0.08,0.19,169,88,81
1630173,Precious Achiuwa,1.27,0.86,0.41,0.96,-0.36,1.32,-2.23,-0.5,-1.73,21489,10846,10643
1629656,Quentin Grimes,0.01,0.72,-0.7,-1.61,-0.52,-1.09,1.6,-0.2,1.8,27969,13967,14002
1631245,Quenton Jackson,1.05,0.46,0.59,-0.96,-0.73,-0.22,-0.09,0.27,-0.37,5217,2590,2627
1642439,Quincy Olivari,-0.19,0.06,-0.25,0.1,-0.07,0.17,0.08,0.01,0.07,42,21,21
1642366,Quinten Post,-2.01,-0.77,-1.24,-1.09,0.25,-1.34,3.1,0.52,2.58,7253,3642,3611
1630181,R.J. Hampton,-0.58,1.18,-1.76,0.09,-0.75,0.84,0.49,-0.43,0.92,2951,1458,1493
1629628,RJ Barrett,3.01,-0.33,3.34,-1.15,-0.35,-0.8,-1.86,0.67,-2.53,30667,15333,15334
1630564,RaiQuan Gray,0.0,-0.03,0.04,-0.05,-0.1,0.05,0.04,0.13,-0.09,280,138,142
1642853,Rasheer Fleming,0.03,0.85,-0.83,-0.83,-0.81,-0.02,0.8,-0.04,0.84,2406,1240,1166
203526,Raul Neto,-0.57,0.14,-0.71,0.75,0.2,0.54,-0.18,-0.34,0.16,1707,823,884
1642484,RayJ Dennis,0.01,-0.44,0.45,-0.42,0.09,-0.51,0.41,0.36,0.05,1047,540,507
1641712,Rayan Rupert,0.16,0.19,-0.03,-0.52,-0.06,-0.46,0.36,-0.12,0.48,7829,3982,3847
1641736,Reece Beekman,0.32,0.18,0.14,-0.66,-0.14,-0.53,0.34,-0.04,0.38,1636,852,784
1642263,Reed Sheppard,-2.18,1.49,-3.67,0.09,-0.89,0.97,2.09,-0.6,2.7,10346,5217,5129
203493,Reggie Bullock,-0.4,1.35,-1.75,-0.95,0.58,-1.53,1.34,-1.93,3.28,9459,4682,4777
202704,Reggie Jackson,-0.72,-0.69,-0.03,0.43,1.25,-0.82,0.29,-0.56,0.86,14390,7168,7222
1626158,Richaun Holmes,0.45,-0.66,1.12,1.03,0.81,0.23,-1.49,-0.14,-1.35,5239,2636,2603
1642955,Richmond,0.07,-0.17,0.24,0.09,-0.23,0.33,-0.17,0.41,-0.58,244,127,117
1641741,Ricky Council IV,0.33,0.42,-0.1,-0.27,-1.07,0.8,-0.06,0.65,-0.7,5579,2784,2795
201937,Ricky Rubio,-0.48,0.06,-0.54,0.63,1.2,-0.56,-0.15,-1.26,1.11,2030,1039,991
1642434,Riley Minix,0.18,0.03,0.15,-0.15,-0.13,-0.02,-0.04,0.1,-0.14,230,116,114
1642265,Rob Dillingham,1.76,0.79,0.97,-0.48,-0.72,0.24,-1.28,-0.07,-1.21,5656,2808,2848
203496,Robert Covington,0.9,-0.09,0.98,-0.73,-0.67,-0.06,-0.17,0.76,-0.93,4606,2299,2307
1629057,Robert Williams III,0.46,-0.81,1.28,-0.46,1.14,-1.6,-0.0,-0.33,0.32,9938,4923,5015
201577,Robin Lopez,-1.19,-0.26,-0.93,1.26,1.12,0.14,-0.07,-0.86,0.79,1298,644,654
203585,Rodney McGruder,-0.35,-0.35,0.01,0.78,0.71,0.07,-0.44,-0.36,-0.07,1930,993,937
1629641,Romeo Langford,1.01,0.5,0.51,1.06,0.48,0.58,-2.06,-0.98,-1.09,3175,1604,1571
1631199,Ron Harper Jr.,-0.1,-0.06,-0.04,-0.72,-0.11,-0.61,0.82,0.18,0.65,1395,738,657
1641842,Ronald Holland II,1.47,0.13,1.34,-0.97,-1.0,0.03,-0.5,0.87,-1.37,10146,5132,5014
1626220,Royce O'Neale,-1.83,0.27,-2.1,-1.95,-0.31,-1.63,3.78,0.04,3.74,31585,15624,15961
200752,Rudy Gay,-0.63,0.03,-0.67,1.59,-0.12,1.71,-0.96,0.09,-1.05,2998,1497,1501
203497,Rudy Gobert,1.07,-4.32,5.39,0.9,3.45,-2.55,-1.97,0.86,-2.83,37978,18760,19218
1629060,Rui Hachimura,-0.02,0.36,-0.39,0.89,-0.38,1.27,-0.87,0.01,-0.88,28594,13798,14796
201566,Russell Westbrook,3.81,0.46,3.35,-1.16,0.15,-1.31,-2.65,-0.61,-2.04,30769,15164,15605
1627853,Ryan Arcidiacono,-0.62,-0.34,-0.29,0.07,0.3,-0.23,0.55,0.04,0.51,771,387,384
1642346,Ryan Dunn,-0.54,-1.28,0.75,-0.48,-0.29,-0.19,1.01,1.58,-0.57,10106,5075,5031
1641750,Ryan Kalkbrenner,-0.38,-1.52,1.14,0.06,0.77,-0.71,0.31,0.76,-0.44,5547,2743,2804
1642948,Ryan Nembhard,-1.72,0.46,-2.18,1.37,-0.21,1.58,0.35,-0.25,0.6,4620,2271,2349
1631157,Ryan Rollins,-0.21,0.14,-0.35,-0.91,-1.36,0.44,1.11,1.21,-0.1,12401,6084,6317
1630240,Saben Lee,0.51,0.21,0.3,0.04,0.19,-0.15,-0.56,-0.41,-0.16,2034,997,1037
1630180,Saddiq Bey,1.52,1.82,-0.29,-1.64,-1.0,-0.64,0.11,-0.81,0.92,24774,12444,12330
1642282,Sallis,0.06,0.14,-0.08,0.07,-0.14,0.21,-0.13,0.0,-0.14,96,47,49
1630573,Sam Hauser,-2.21,-0.27,-1.94,-2.04,0.68,-2.72,4.26,-0.41,4.67,25978,13059,12919
1630241,Sam Merrill,-1.65,-0.45,-1.2,-2.05,0.78,-2.83,3.7,-0.33,4.02,15385,7754,7631
1642362,Sandfort,-0.16,-0.1,-0.06,0.09,0.08,0.01,0.07,0.03,0.04,248,125,123
1630572,Sandro Mamukelashvili,0.55,0.62,-0.08,-1.91,-0.56,-1.35,1.36,-0.06,1.42,12983,6564,6419
1630583,Santi Aldama,-0.82,-0.9,0.08,-0.72,0.4,-1.12,1.55,0.5,1.04,24098,12123,11975
1628426,Sasha Vezenkov,-0.09,0.53,-0.63,-1.45,0.17,-1.62,1.54,-0.7,2.24,1877,958,919
1630703,Scoot Henderson,0.44,0.37,0.07,-0.36,-0.5,0.14,-0.08,0.13,-0.21,15780,7972,7808
1630567,Scottie Barnes,0.91,-0.0,0.91,1.11,0.1,1.01,-2.02,-0.1,-1.92,35259,18021,17238
1630590,Scotty Pippen Jr.,-0.64,0.55,-1.19,-0.2,-0.17,-0.02,0.84,-0.37,1.21,9766,4884,4882
201586,Serge Ibaka,-0.76,-0.31,-0.45,0.4,0.58,-0.17,0.36,-0.26,0.62,667,328,339
203552,Seth Curry,-2.51,-0.34,-2.17,1.83,0.04,1.79,0.68,0.3,0.38,11182,5583,5599
1641754,Seth Lundy,-0.29,0.29,-0.58,-0.14,-0.15,0.01,0.43,-0.14,0.56,181,80,101
1631101,Shaedon Sharpe,0.18,1.58,-1.4,-0.39,-0.84,0.46,0.21,-0.74,0.94,24203,12087,12116
1628983,Shai Gilgeous-Alexander,-1.18,0.13,-1.31,1.95,-0.39,2.34,-0.77,0.24,-1.01,41093,20976,20117
1629003,Shake Milton,0.5,0.68,-0.18,0.76,-0.56,1.32,-1.26,-0.12,-1.14,10841,5451,5390
1627885,Shaquille Harrison,0.06,0.38,-0.32,-0.04,-0.46,0.41,-0.02,0.08,-0.1,574,296,278
1630536,Sharife Cooper,0.07,0.81,-0.74,0.08,-0.82,0.9,-0.15,0.02,-0.17,2593,1286,1307
1642917,Shulga,-0.06,0.15,-0.2,-0.17,-0.09,-0.08,0.23,-0.05,0.28,129,68,61
1631321,Sidy Cissoko,0.02,-0.11,0.13,-1.96,0.27,-2.23,1.94,-0.15,2.09,6175,3072,3103
1631323,Simone Fontecchio,-0.62,0.58,-1.21,-1.69,-0.13,-1.56,2.31,-0.45,2.77,18220,9186,9034
1642883,Sion James,-0.19,-0.9,0.72,-0.95,1.2,-2.15,1.13,-0.3,1.43,6570,3245,3325
1627746,Skal Labissiere,-0.17,0.05,-0.22,0.08,0.25,-0.17,0.08,-0.29,0.38,178,92,86
1630219,Skylar Mays,-0.42,0.82,-1.24,0.81,-0.93,1.74,-0.39,0.12,-0.51,2280,1169,1111
203915,Spencer Dinwiddie,-1.11,0.05,-1.16,-0.13,1.6,-1.73,1.24,-1.66,2.89,26404,12942,13462
1642461,Spencer Jones,-1.56,0.02,-1.58,0.3,-0.3,0.6,1.26,0.28,0.97,5784,2845,2939
1626169,Stanley Johnson,0.13,0.35,-0.21,0.95,0.08,0.87,-1.09,-0.43,-0.66,1772,883,889
1630649,Stanley Umude,-0.44,-0.18,-0.25,0.71,0.04,0.67,-0.27,0.15,-0.42,1434,695,739
201939,Stephen Curry,2.18,0.01,2.17,-4.37,0.29,-4.65,2.19,-0.3,2.49,32932,16608,16324
1642264,Stephon Castle,1.0,-0.74,1.74,-1.71,0.6,-2.31,0.7,0.14,0.56,16099,7928,8171
1628425,Sterling Brown,-0.06,0.02,-0.08,0.05,-0.16,0.21,0.0,0.14,-0.14,106,54,52
203500,Steven Adams,0.82,-2.05,2.87,2.48,1.05,1.43,-3.29,1.0,-4.3,10675,5443,5232
1629004,Svi Mykhailiuk,0.35,0.04,0.31,-1.89,-0.11,-1.78,1.54,0.07,1.47,10633,5336,5297
204456,T.J. McConnell,0.3,0.66,-0.36,2.9,-0.32,3.22,-3.2,-0.34,-2.86,21764,10961,10803
203933,T.J. Warren,-1.21,1.02,-2.23,2.97,-0.16,3.13,-1.76,-0.87,-0.89,3319,1701,1618
1643007,Taelon Peter,0.35,0.85,-0.5,-1.31,-0.11,-1.2,0.95,-0.74,1.69,1780,874,906
201959,Taj Gibson,-1.55,-1.43,-0.12,2.49,-0.21,2.69,-0.94,1.64,-2.58,4215,2142,2073
1629659,Talen Horton-Tucker,1.44,-0.23,1.67,-1.54,-0.65,-0.89,0.1,0.89,-0.79,11565,5687,5878
1631106,Tari Eason,2.43,0.57,1.86,-1.39,-0.62,-0.77,-1.03,0.05,-1.08,19638,10001,9637
1627752,Taurean Prince,0.25,0.4,-0.15,-0.28,-0.47,0.18,0.03,0.07,-0.04,23503,11484,12019
1641707,Taylor Hendricks,-0.28,1.52,-1.79,-0.18,-1.62,1.44,0.46,0.1,0.35,7609,3801,3808
1631386,Taze Moore,-0.25,0.08,-0.34,-0.19,0.08,-0.27,0.44,-0.16,0.6,235,127,108
1643141,Telfort,-0.06,-0.13,0.07,-0.07,0.01,-0.08,0.13,0.13,0.0,103,48,55
1629611,Terance Mann,-0.17,0.87,-1.04,0.09,-0.12,0.21,0.09,-0.74,0.83,25265,12563,12702
1629056,Terence Davis,0.38,0.18,0.2,-1.99,0.52,-2.51,1.6,-0.7,2.3,3278,1657,1621
1631173,Terquavion Smith,0.11,0.1,0.01,-0.44,-0.28,-0.16,0.33,0.19,0.14,325,164,161
203082,Terrence Ross,-1.45,0.62,-2.06,1.41,-0.33,1.73,0.04,-0.29,0.33,5110,2579,2531
1630545,Terrence Shannon Jr.,1.41,0.1,1.3,-0.93,-0.43,-0.5,-0.48,0.33,-0.81,3291,1646,1645
1626179,Terry Rozier,-0.53,0.42,-0.95,-0.08,0.17,-0.25,0.62,-0.58,1.2,21838,11010,10828
1630678,Terry Taylor,0.58,-0.53,1.1,-0.11,-0.68,0.57,-0.48,1.21,-1.69,1681,879,802
201152,Thaddeus Young,-0.53,1.04,-1.58,2.52,-2.18,4.7,-1.98,1.15,-3.13,4452,2292,2160
203648,Thanasis Antetokounmpo,-0.25,-0.1,-0.14,-0.92,-1.01,0.09,1.16,1.12,0.04,1773,865,908
1630177,Theo Maledon,1.46,0.72,0.74,-0.35,-0.35,-0.0,-1.11,-0.36,-0.74,3924,1961,1963
1629033,Theo Pinson,-1.03,-0.1,-0.93,-0.32,0.45,-0.77,1.34,-0.35,1.69,1154,573,581
1628418,Thomas Bryant,-0.97,-0.58,-0.39,0.89,0.15,0.75,0.08,0.44,-0.36,12387,6114,6273
1642275,Tidjane Salaün,-0.32,-0.63,0.32,-0.47,-1.05,0.58,0.78,1.68,-0.9,6535,3240,3295
203501,Tim Hardaway Jr.,-2.16,-0.92,-1.24,-0.15,0.03,-0.18,2.31,0.89,1.42,32533,16100,16433
1641851,Timmy Allen,-0.24,-0.3,0.06,0.67,-0.23,0.9,-0.43,0.53,-0.97,469,252,217
202699,Tobias Harris,0.74,-0.46,1.19,1.76,0.28,1.49,-2.5,0.18,-2.68,35064,17712,17352
1643253,Toby Okani,-0.25,1.07,-1.33,-0.33,-0.38,0.05,0.57,-0.69,1.27,700,357,343
1642449,Tolu Smith,0.08,0.09,-0.01,-0.18,-0.17,-0.02,0.1,0.09,0.01,522,285,237
1642910,Tonje,-0.09,-0.04,-0.05,-0.26,-0.21,-0.05,0.34,0.25,0.09,145,66,79
1628396,Tony Bradley,-0.45,-0.41,-0.04,0.65,-0.32,0.97,-0.2,0.74,-0.93,2390,1233,1157
1628470,Torrey Craig,-1.17,1.04,-2.2,2.23,-0.95,3.18,-1.06,-0.09,-0.97,12908,6573,6335
1641787,Tosan Evbuomwan,0.13,0.13,0.0,0.18,-0.59,0.78,-0.32,0.46,-0.78,3677,1862,1815
1641739,Toumani Camara,1.66,-0.74,2.4,-2.91,0.15,-3.06,1.25,0.58,0.67,25962,13138,12824
1629027,Trae Young,0.9,2.1,-1.2,-1.68,-0.54,-1.14,0.78,-1.56,2.35,30050,15138,14912
1631218,Trayce Jackson-Davis,1.21,0.98,0.22,0.23,-1.37,1.6,-1.44,0.38,-1.82,9983,5036,4947
1642848,Tre Johnson,-1.4,0.57,-1.96,1.7,-0.47,2.17,-0.31,-0.09,-0.21,5650,2834,2816
1630200,Tre Jones,1.97,0.71,1.25,-1.39,1.05,-2.44,-0.57,-1.77,1.2,25673,12783,12890
1630544,Tre Mann,-0.21,2.09,-2.3,-0.34,-1.22,0.88,0.55,-0.86,1.41,11450,5735,5715
1630570,Trendon Watford,1.83,-0.66,2.49,0.34,-1.6,1.94,-2.16,2.26,-4.43,13689,6780,6909
1630235,Trent Forrest,-0.47,0.17,-0.64,1.44,0.21,1.23,-0.97,-0.38,-0.59,2457,1233,1224
1642280,Trentyn Flowers,0.09,0.23,-0.14,-0.12,-0.06,-0.06,0.03,-0.16,0.19,111,56,55
1630243,Trevelin Queen,-0.05,0.92,-0.97,-1.21,-0.35,-0.86,1.26,-0.57,1.83,2301,1165,1136
1630286,Trevon Scott,-0.05,0.56,-0.61,0.22,-0.37,0.59,-0.17,-0.19,0.02,659,331,328
1631309,Trevor Hudgins,-0.27,-0.03,-0.24,0.09,-0.03,0.12,0.17,0.06,0.11,86,45,41
1631211,Trevor Keels,-0.12,0.25,-0.37,-0.02,-0.1,0.08,0.14,-0.14,0.28,93,46,47
1641725,Trey Alexander,-0.35,-0.02,-0.33,0.11,0.23,-0.13,0.24,-0.21,0.46,722,365,357
1641998,Trey Jemison,-0.49,-1.18,0.69,1.96,-0.1,2.07,-1.47,1.29,-2.76,3732,1865,1867
1626168,Trey Lyles,-1.56,-0.7,-0.86,-1.26,0.34,-1.6,2.82,0.36,2.46,14144,7161,6983
1630530,Trey Murphy III,0.28,0.75,-0.47,-1.33,-1.37,0.04,1.05,0.63,0.42,31141,15616,15525
202684,Tristan Thompson,-1.04,-0.08,-0.96,0.6,-0.98,1.58,0.44,1.07,-0.63,3719,1837,1882
1641774,Tristan Vukcevic,0.02,0.19,-0.17,-0.35,-0.07,-0.27,0.33,-0.11,0.44,4991,2407,2584
1641783,Tristan da Silva,0.12,-0.78,0.9,-0.55,0.61,-1.16,0.43,0.17,0.25,12550,6344,6206
1641803,Tristen Newton,0.06,0.04,0.01,-0.01,-0.14,0.13,-0.05,0.1,-0.15,69,39,30
1628972,Troy Brown Jr.,-0.11,0.36,-0.47,0.59,1.2,-0.61,-0.48,-1.56,1.08,10499,5108,5391
1629660,Ty Jerome,-1.82,-0.69,-1.13,0.55,0.28,0.28,1.27,0.42,0.85,10161,5097,5064
1631102,TyTy Washington Jr.,-0.07,-0.7,0.63,0.94,-0.32,1.25,-0.87,1.02,-1.89,2501,1280,1221
1631174,Tyler Burton,-0.66,0.93,-1.59,-0.47,-1.13,0.66,1.13,0.2,0.92,1149,569,580
1628416,Tyler Dorsey,-0.07,0.03,-0.09,0.06,-0.0,0.07,-0.0,-0.02,0.02,29,16,13
1629639,Tyler Herro,-1.43,1.09,-2.52,0.8,-0.15,0.95,0.63,-0.94,1.57,28396,14175,14221
1642278,Tyler Kolek,-0.15,-0.62,0.46,-0.61,0.33,-0.94,0.75,0.29,0.47,3680,1858,1822
1641890,Tyler Smith,0.45,0.15,0.3,-1.07,-0.4,-0.67,0.61,0.25,0.35,1069,541,528
1630169,Tyrese Haliburton,-1.25,2.76,-4.01,-2.08,-1.02,-1.06,3.33,-1.74,5.07,29113,14582,14531
1631213,Tyrese Martin,-0.92,0.32,-1.25,-2.04,-0.84,-1.21,2.96,0.51,2.45,7627,3899,3728
1630178,Tyrese Maxey,-0.16,1.73,-1.89,0.03,-0.37,0.41,0.13,-1.35,1.48,35797,18076,17721
1642878,Tyrese Proctor,0.23,-0.02,0.26,-1.15,-0.36,-0.79,0.92,0.39,0.53,1984,1012,972
1630623,Tyson Etienne,-0.51,0.69,-1.21,-0.92,-0.24,-0.68,1.43,-0.45,1.88,1833,924,909
1626145,Tyus Jones,-2.32,1.31,-3.63,0.96,-0.42,1.38,1.36,-0.88,2.24,26952,13423,13529
1628962,Udoka Azubuike,0.3,-1.41,1.71,1.05,0.56,0.49,-1.35,0.86,-2.2,1779,857,922
2617,Udonis Haslem,-0.4,0.27,-0.67,0.21,-0.17,0.38,0.19,-0.09,0.28,272,143,129
1642279,Ulrich Chomche,-0.13,0.08,-0.22,0.15,-0.01,0.15,-0.02,-0.07,0.05,98,49,49
1630586,Usman Garuba,-0.24,0.14,-0.38,-1.25,-0.67,-0.58,1.48,0.54,0.95,3619,1820,1799
1642845,VJ Edgecombe,0.16,-0.35,0.51,0.05,0.12,-0.06,-0.21,0.23,-0.45,9760,4913,4847
203995,Vasilije Micic,0.93,0.4,0.53,-1.04,-0.45,-0.59,0.11,0.05,0.06,7065,3484,3581
1630176,Vernon Carey Jr.,-0.18,0.12,-0.3,0.22,-0.01,0.23,-0.05,-0.1,0.06,92,53,39
203506,Victor Oladipo,-1.1,-1.37,0.27,0.13,0.55,-0.42,0.97,0.83,0.15,3969,2021,1948
1641705,Victor Wembanyama,1.28,-2.88,4.16,-3.14,0.43,-3.57,1.87,2.45,-0.58,20909,10297,10612
1631246,Vince Williams Jr.,-1.61,0.52,-2.14,0.06,-0.65,0.71,1.55,0.13,1.43,10695,5361,5334
1630249,Vit Krejci,-2.02,1.2,-3.21,-1.06,-0.15,-0.91,3.07,-1.05,4.12,11942,6049,5893
1628427,Vlatko Cancar,0.12,1.36,-1.24,-1.29,-0.05,-1.24,1.17,-1.31,2.48,3724,1853,1871
1631117,Walker Kessler,-0.23,-1.83,1.6,0.65,1.13,-0.48,-0.42,0.71,-1.13,18915,9170,9745
1642383,Walter Clayton Jr.,-0.15,-0.83,0.68,-0.36,-0.4,0.04,0.51,1.23,-0.72,5210,2591,2619
1628976,Wendell Carter Jr.,-0.06,-1.11,1.05,0.25,1.72,-1.47,-0.2,-0.62,0.42,26609,13322,13287
1631111,Wendell Moore Jr.,0.39,0.88,-0.49,-0.04,-0.05,0.01,-0.36,-0.83,0.48,2954,1504,1450
1629117,Wenyen Gabriel,0.16,-1.07,1.23,0.97,0.48,0.5,-1.13,0.6,-1.73,4252,2073,2179
202083,Wesley Matthews,-1.43,0.32,-1.76,-0.1,0.37,-0.47,1.53,-0.7,2.23,4769,2352,2417
203115,Will Barton,-0.22,1.71,-1.93,0.6,0.04,0.56,-0.39,-1.75,1.36,3635,1849,1786
1642954,Will Richard,-0.98,0.27,-1.25,-1.09,-0.15,-0.94,2.06,-0.12,2.18,5039,2532,2507
1642860,Will Riley,-0.08,2.35,-2.43,0.7,-1.16,1.86,-0.62,-1.19,0.57,5968,2953,3015
1626195,Willy Hernangomez,1.19,0.14,1.05,-0.11,-0.41,0.29,-1.08,0.27,-1.35,1670,839,831
1641645,Xavier Cooks,-0.16,0.23,-0.39,-0.09,-0.26,0.17,0.25,0.04,0.21,488,244,244
1629875,Xavier Moon,0.05,0.46,-0.41,0.19,-0.11,0.3,-0.25,-0.35,0.1,531,270,261
1630270,Xavier Sneed,-0.2,0.16,-0.36,0.15,-0.1,0.25,0.05,-0.05,0.1,174,78,96
1630214,Xavier Tillman,-1.01,0.41,-1.43,-0.18,0.25,-0.43,1.19,-0.66,1.85,10378,5272,5106
1642905,Yang Hansen,0.2,-0.64,0.83,-0.21,0.03,-0.24,0.01,0.61,-0.6,1104,536,568
1642949,Yanic Konan Niederhäuser,0.58,-0.22,0.8,0.13,0.17,-0.04,-0.71,0.05,-0.76,1477,711,766
1642530,Yuki Kawamura,0.49,0.86,-0.37,-0.8,-0.56,-0.24,0.3,-0.29,0.59,1156,572,584
1641879,Yuri Collins,-0.11,0.18,-0.29,0.02,-0.17,0.19,0.08,-0.01,0.09,62,36,26
1629139,Yuta Watanabe,-0.8,0.49,-1.29,0.36,-0.72,1.08,0.45,0.24,0.21,5008,2456,2552
1642274,Yves Missi,1.42,-0.88,2.3,0.83,-2.25,3.08,-2.25,3.14,-5.39,12241,6187,6054
1642258,Zaccharie Risacher,1.21,0.38,0.82,-0.67,0.01,-0.68,-0.54,-0.39,-0.15,12790,6481,6309
1628380,Zach Collins,-0.91,-1.57,0.67,2.18,1.68,0.5,-1.27,-0.1,-1.17,15668,7787,7881
1641744,Zach Edey,-1.15,-2.39,1.24,3.43,1.07,2.35,-2.27,1.32,-3.59,7002,3525,3477
203897,Zach LaVine,0.2,0.3,-0.1,-0.03,-0.47,0.44,-0.17,0.18,-0.34,27482,13633,13849
1630285,Zavier Simpson,0.09,-0.22,0.31,0.15,-0.0,0.16,-0.25,0.23,-0.48,606,325,281
1630192,Zeke Nnaji,-0.35,2.18,-2.53,0.75,-1.0,1.75,-0.4,-1.18,0.78,9348,4599,4749
1630533,Ziaire Williams,0.58,1.43,-0.86,-1.72,-1.62,-0.1,1.14,0.19,0.96,15849,7914,7935
1642911,Zikarsky,-0.05,0.0,-0.06,0.08,0.02,0.06,-0.04,-0.02,-0.01,65,28,37
1629627,Zion Williamson,6.85,0.25,6.61,-3.87,-1.73,-2.14,-2.98,1.49,-4.47,21768,10934,10834
1642389,Zyon Pullin,-0.05,0.37,-0.42,0.04,-0.15,0.19,0.0,-0.21,0.22,50,20,30
