player_id,player_name,off,def,net_rapm,possessions,off_poss,def_poss
203999,Nikola Jokic,5.23,-2.85,8.08,34938,17517,17421
1641705,Victor Wembanyama,1.89,-4.87,6.76,22877,11453,11424
1628983,Shai Gilgeous-Alexander,5.05,-1.27,6.32,35600,17828,17772
203507,Giannis Antetokounmpo,4.86,-1.32,6.18,25078,12548,12530
1630532,Franz Wagner,2.46,-3.59,6.05,23290,11657,11633
1628378,Donovan Mitchell,3.34,-1.8,5.14,29819,14936,14883
203497,Rudy Gobert,0.02,-4.99,5.0,32902,16428,16474
1628371,Jonathan Isaac,1.31,-3.43,4.74,10773,5370,5403
1628401,Derrick White,2.19,-2.28,4.47,34265,17138,17127
1631217,Moussa Diabate,3.31,-1.15,4.46,12557,6253,6304
1628436,Luke Kornet,1.22,-3.12,4.34,16129,8055,8074
1629674,Neemias Queta,1.72,-2.31,4.03,12154,6067,6087
1642270,Donovan Clingan,0.88,-2.95,3.83,14144,7069,7075
1628389,Bam Adebayo,0.26,-3.53,3.79,31297,15659,15638
1628374,Lauri Markkanen,2.38,-1.4,3.78,19429,9721,9708
1641726,Dereck Lively II,0.69,-2.88,3.57,10971,5481,5490
1641709,Ausar Thompson,0.64,-2.81,3.45,20177,10023,10154
1627936,Alex Caruso,0.02,-3.36,3.38,18807,9400,9407
201567,Kevin Love,3.02,-0.3,3.32,7429,3717,3712
1631096,Chet Holmgren,-0.34,-3.44,3.09,25889,12952,12937
202695,Kawhi Leonard,2.22,-0.85,3.06,23479,11736,11743
1628392,Isaiah Hartenstein,0.42,-2.63,3.05,22272,11146,11126
1642349,Ajay Mitchell,-0.41,-3.41,3.0,8760,4399,4361
1629029,Luka Doncic,2.97,-0.01,2.98,31539,15791,15748
1627832,Fred VanVleet,0.77,-2.2,2.96,20329,10184,10145
1630529,Herbert Jones,0.36,-2.42,2.78,19084,9543,9541
1630540,Miles McBride,1.76,-0.93,2.7,18356,9149,9207
1641708,Amen Thompson,1.64,-1.05,2.68,27140,13549,13591
203110,Draymond Green,-1.24,-3.89,2.65,23502,11746,11756
203076,Anthony Davis,0.46,-2.19,2.65,21515,10768,10747
1630163,LaMelo Ball,3.29,0.75,2.55,17481,8778,8703
1630567,Scottie Barnes,0.88,-1.67,2.55,28192,14102,14090
1626172,Kevon Looney,1.57,-0.98,2.55,11130,5538,5592
202699,Tobias Harris,1.21,-1.32,2.53,27856,13952,13904
1628368,De'Aaron Fox,1.96,-0.55,2.5,29286,14680,14606
203500,Steven Adams,0.32,-2.13,2.44,6705,3374,3331
1630578,Alperen Sengun,1.76,-0.67,2.43,28254,14184,14070
1630188,Jalen Smith,1.6,-0.82,2.42,13152,6562,6590
203994,Jusuf Nurkic,-1.1,-3.49,2.39,18016,9007,9009
1631243,Mouhamed Gueye,-0.1,-2.46,2.36,7333,3645,3688
202710,Jimmy Butler,1.91,-0.44,2.35,21376,10690,10686
203991,Clint Capela,-0.92,-3.2,2.28,16379,8183,8196
1641739,Toumani Camara,-0.22,-2.48,2.26,28684,14329,14355
1629731,Dean Wade,0.86,-1.39,2.25,15768,7843,7925
2544,LeBron James,1.91,-0.32,2.23,29516,14754,14762
1630595,Cade Cunningham,0.51,-1.71,2.22,28470,14236,14234
1629001,De'Anthony Melton,0.9,-1.29,2.19,9442,4726,4716
1628384,OG Anunoby,-0.01,-2.19,2.19,30890,15444,15446
1630241,Sam Merrill,2.07,-0.07,2.14,16672,8368,8304
1627734,Domantas Sabonis,0.56,-1.53,2.1,24164,12099,12065
1630549,Day'Ron Sharpe,0.57,-1.53,2.1,11779,5889,5890
1628973,Jalen Brunson,2.74,0.66,2.09,34600,17351,17249
1626158,Richaun Holmes,1.24,-0.84,2.08,4374,2191,2183
1641717,Cason Wallace,-0.14,-2.2,2.06,25872,12886,12986
1630572,Sandro Mamukelashvili,1.42,-0.63,2.05,11789,5907,5882
1630169,Tyrese Haliburton,3.6,1.56,2.05,24338,12210,12128
1642883,Sion James,0.57,-1.47,2.04,7230,3579,3651
1642864,Hugo González,1.36,-0.69,2.04,4194,2086,2108
203954,Joel Embiid,0.63,-1.42,2.04,13403,6710,6693
1627826,Ivica Zubac,-1.68,-3.69,2.01,25121,12577,12544
1630573,Sam Hauser,2.93,0.92,2.01,21874,10965,10909
1641783,Tristan da Silva,1.05,-0.93,1.99,14065,7035,7030
1629655,Daniel Gafford,0.53,-1.43,1.97,19530,9754,9776
1630692,Jordan Goodwin,1.03,-0.93,1.96,12718,6345,6373
1626164,Devin Booker,2.09,0.17,1.92,30795,15426,15369
203939,Dwight Powell,-0.11,-2.0,1.88,9627,4817,4810
1631165,Keon Ellis,1.05,-0.81,1.87,17631,8804,8827
1629661,Cameron Johnson,1.31,-0.55,1.86,20459,10258,10201
203935,Marcus Smart,0.03,-1.8,1.83,12422,6209,6213
1629048,Goga Bitadze,1.48,-0.32,1.81,13756,6871,6885
1628995,Kevin Knox II,1.85,0.07,1.78,2828,1410,1418
1641750,Ryan Kalkbrenner,0.26,-1.51,1.78,6098,3067,3031
1642066,Myron Gardner,1.07,-0.7,1.77,1760,879,881
1630228,Jonathan Kuminga,0.35,-1.42,1.77,16858,8394,8464
1641740,Jaylen Clark,0.89,-0.87,1.76,5589,2769,2820
1642851,Kon Knueppel,1.01,-0.72,1.73,10223,5121,5102
201939,Stephen Curry,3.73,2.02,1.71,25981,13046,12935
201572,Brook Lopez,-0.63,-2.34,1.71,27957,13996,13961
1627739,Kris Dunn,-0.27,-1.96,1.69,21792,10875,10917
201935,James Harden,2.94,1.29,1.65,32693,16365,16328
1629111,Jock Landale,1.16,-0.48,1.64,11428,5712,5716
1630611,Gui Santos,0.91,-0.71,1.63,9667,4837,4830
1628386,Jarrett Allen,0.02,-1.61,1.63,27550,13763,13787
1630568,Luka Garza,1.66,0.06,1.6,5968,2990,2978
1626157,Karl-Anthony Towns,2.06,0.47,1.59,32070,16088,15982
1642844,Dylan Harper,0.77,-0.8,1.57,6320,3161,3159
1630559,Austin Reaves,1.78,0.21,1.56,29588,14781,14807
1628369,Jayson Tatum,1.92,0.35,1.56,27220,13630,13590
1630696,Dru Smith,-1.08,-2.62,1.54,6489,3227,3262
202331,Paul George,-0.84,-2.36,1.52,20842,10432,10410
1631342,Daeqwon Plowden,0.0,-1.45,1.45,3738,1870,1868
1642857,Kasparas Jakučionis,0.97,-0.47,1.44,4089,2043,2046
1628449,Chris Boucher,2.83,1.42,1.41,6619,3300,3319
1642867,Collin Murray-Boyles,-0.32,-1.72,1.4,4987,2483,2504
1630193,Immanuel Quickley,1.22,-0.14,1.36,20826,10414,10412
1641764,Brandin Podziemski,0.43,-0.92,1.35,25711,12863,12848
203932,Aaron Gordon,1.38,0.06,1.32,22752,11375,11377
202681,Kyrie Irving,2.31,0.99,1.32,19143,9605,9538
1630217,Desmond Bane,1.56,0.25,1.31,27134,13595,13539
204001,Kristaps Porzingis,-0.0,-1.3,1.3,16517,8288,8229
1641989,Elijah Harkless,0.92,-0.37,1.29,2853,1433,1420
1631095,Jabari Smith Jr.,0.82,-0.45,1.28,27830,13900,13930
201950,Jrue Holiday,0.26,-1.0,1.26,26942,13474,13468
1627783,Pascal Siakam,1.21,-0.04,1.25,34953,17494,17459
1642377,Jaylen Wells,1.13,-0.12,1.25,16201,8097,8104
1627751,Jakob Poeltl,-1.5,-2.76,1.25,17022,8497,8525
1630700,Dyson Daniels,-0.24,-1.48,1.24,26981,13455,13526
1642347,Jamal Shead,0.25,-0.98,1.23,13452,6732,6720
1642877,Micah Peavy,0.37,-0.86,1.23,3592,1795,1797
1631128,Christian Braun,0.45,-0.77,1.22,25997,12975,13022
1630166,Deni Avdija,1.49,0.29,1.2,27675,13824,13851
1630202,Payton Pritchard,1.92,0.71,1.2,28246,14150,14096
1628991,Jaren Jackson Jr.,-0.93,-2.11,1.19,24647,12333,12314
202685,Jonas Valanciunas,0.49,-0.69,1.17,17739,8871,8868
1626167,Myles Turner,-0.54,-1.71,1.17,30334,15196,15138
1631245,Quenton Jackson,-0.26,-1.42,1.16,5329,2667,2662
1642856,Egor Dëmin,0.6,-0.56,1.16,5270,2645,2625
203992,Bogdan Bogdanovic,0.61,-0.54,1.15,17481,8766,8715
1629622,Max Strus,0.91,-0.21,1.12,18615,9312,9303
1630168,Onyeka Okongwu,0.13,-0.96,1.09,24282,12158,12124
1642450,Daniss Jenkins,-0.44,-1.52,1.07,5945,2980,2965
1641706,Brandon Miller,0.58,-0.47,1.05,21169,10594,10575
1629026,Kenrich Williams,-0.04,-1.06,1.02,12839,6389,6450
1642928,Dylan Cardwell,-0.84,-1.86,1.02,3558,1781,1777
1642352,Keshad Johnson,0.3,-0.71,1.01,1664,832,832
1629638,Nickeil Alexander-Walker,0.03,-0.97,1.0,29497,14726,14771
1626181,Norman Powell,1.11,0.12,0.99,24998,12520,12478
1630530,Trey Murphy III,0.21,-0.76,0.97,24863,12472,12391
1630215,Jared Butler,-0.39,-1.36,0.97,6866,3443,3423
1628960,Grayson Allen,2.45,1.49,0.96,22423,11253,11170
1627780,Gary Payton II,0.49,-0.47,0.96,12028,5923,6105
1630577,Julian Champagnie,-0.07,-1.03,0.95,23713,11871,11842
1628470,Torrey Craig,1.03,0.09,0.94,5442,2691,2751
1630200,Tre Jones,1.23,0.29,0.94,19974,9997,9977
1641744,Zach Edey,-0.26,-1.2,0.94,7556,3773,3783
1628464,Daniel Theis,0.94,0.04,0.91,6635,3325,3310
1642269,Devin Carter,0.85,-0.05,0.9,4433,2219,2214
1631116,Patrick Baldwin Jr.,-0.56,-1.45,0.89,2945,1476,1469
1642346,Ryan Dunn,0.46,-0.43,0.89,10896,5378,5518
1630167,Obi Toppin,2.77,1.89,0.88,18444,9215,9229
203081,Damian Lillard,2.02,1.14,0.88,20219,10123,10096
1641772,Nae'Qwan Tomlin,0.0,-0.87,0.87,4426,2204,2222
1631246,Vince Williams Jr.,0.25,-0.62,0.87,11389,5692,5697
1630162,Anthony Edwards,1.63,0.77,0.86,35907,17954,17953
203957,Dante Exum,0.28,-0.56,0.84,6506,3245,3261
1627863,Danuel House Jr.,0.56,-0.28,0.83,2068,1036,1032
1627827,Dorian Finney-Smith,0.01,-0.81,0.82,17750,8860,8890
201988,Patty Mills,0.52,-0.29,0.81,3185,1595,1590
1642484,RayJ Dennis,1.29,0.49,0.81,1157,581,576
1630679,Ethan Thompson,0.25,-0.55,0.8,2567,1289,1278
1630205,Lamar Stevens,-0.05,-0.85,0.8,2889,1439,1450
1630591,Jalen Suggs,-1.86,-2.66,0.8,19714,9857,9857
1630596,Evan Mobley,-1.01,-1.81,0.79,26762,13379,13383
1629006,Josh Okogie,0.72,-0.07,0.78,11594,5752,5842
203469,Cody Zeller,0.31,-0.45,0.76,1329,666,663
1629660,Ty Jerome,2.12,1.37,0.75,7932,3972,3960
1628963,Marvin Bagley III,0.69,-0.05,0.74,10805,5418,5387
1629634,Brandon Clarke,0.4,-0.34,0.73,5764,2874,2890
1626156,D'Angelo Russell,0.99,0.27,0.72,19313,9688,9625
1630227,Daishen Nix,0.68,-0.04,0.72,274,138,136
1629023,P.J. Washington,-0.09,-0.81,0.72,26894,13424,13470
1628998,Cody Martin,-0.0,-0.71,0.71,7987,3970,4017
1631106,Tari Eason,0.73,0.05,0.68,14292,7105,7187
1631117,Walker Kessler,-0.51,-1.17,0.66,13567,6768,6799
1630204,Ashton Hagans,0.5,-0.15,0.65,1215,612,603
1641737,Adem Bona,-0.78,-1.42,0.64,8729,4367,4362
1631173,Terquavion Smith,0.48,-0.15,0.64,380,191,189
203903,Jordan Clarkson,0.92,0.28,0.64,15703,7836,7867
1642853,Rasheer Fleming,0.55,-0.07,0.63,2616,1301,1315
1641809,Drew Peterson,0.38,-0.25,0.63,1067,533,534
1642845,VJ Edgecombe,0.72,0.08,0.63,10706,5355,5351
202722,Davis Bertans,0.5,-0.12,0.62,2656,1330,1326
1629627,Zion Williamson,2.44,1.83,0.62,20264,10184,10080
1628404,Josh Hart,0.64,0.01,0.62,34547,17266,17281
1642949,Yanic Konan Niederhäuser,0.44,-0.17,0.61,1672,834,838
1631262,Jules Bernard,0.27,-0.35,0.61,626,317,309
1642950,Lachlan Olbrich,0.41,-0.19,0.6,1391,694,697
1631222,Jake LaRavia,1.44,0.85,0.59,16975,8467,8508
1629632,Coby White,2.02,1.44,0.58,26868,13440,13428
203083,Andre Drummond,-0.11,-0.67,0.57,13293,6612,6681
1642357,David Jones Garcia,0.18,-0.38,0.56,293,149,144
1631207,Dalen Terry,-0.59,-1.15,0.56,9215,4601,4614
1642364,Jamir Watkins,-0.48,-1.03,0.55,4299,2142,2157
1642024,Alex Reese,0.13,-0.41,0.54,900,450,450
203486,Mason Plumlee,-0.33,-0.86,0.53,8897,4456,4441
1628370,Malik Monk,0.89,0.36,0.53,21912,10985,10927
1642345,Oso Ighodaro,-0.52,-1.04,0.52,11303,5633,5670
1642854,Asa Newell,0.62,0.11,0.51,2109,1056,1053
1631099,Keegan Murray,-0.32,-0.81,0.49,24319,12159,12160
1629162,Jordan McLaughlin,-1.8,-2.29,0.49,5000,2502,2498
1628418,Thomas Bryant,-0.05,-0.53,0.48,9203,4598,4605
1631303,Justin Minaya,0.14,-0.34,0.48,1885,940,945
1631105,Jalen Duren,1.5,1.03,0.47,24502,12245,12257
1630175,Cole Anthony,-0.16,-0.63,0.47,14682,7353,7329
203967,Dario Saric,0.99,0.52,0.47,5428,2710,2718
1642863,Khaman Maluach,-0.59,-1.04,0.46,1603,801,802
1641842,Ronald Holland II,-0.29,-0.74,0.45,11492,5726,5766
1629645,Kevin Porter Jr.,-1.01,-1.46,0.45,11840,5922,5918
1628372,Dennis Smith Jr.,-0.3,-0.71,0.41,4162,2064,2098
1642271,Kyle Filipowski,0.39,-0.01,0.4,13775,6888,6887
1627736,Malik Beasley,-0.85,-1.22,0.38,20357,10197,10160
1629013,Landry Shamet,0.35,-0.04,0.38,11046,5522,5524
1630604,E.J. Liddell,0.57,0.21,0.36,1747,869,878
1630240,Saben Lee,0.11,-0.25,0.36,735,369,366
1642866,Joan Beringer,0.4,0.04,0.36,1191,589,602
1630762,Phillip Wheeler,0.31,-0.04,0.35,171,87,84
1630541,Moses Moody,-0.3,-0.66,0.35,18340,9175,9165
1641871,Duop Reath,0.24,-0.11,0.35,7805,3909,3896
1630194,Paul Reed,-0.75,-1.09,0.34,12059,6018,6041
1631323,Simone Fontecchio,0.96,0.63,0.34,16899,8454,8445
1628366,Lonzo Ball,-1.24,-1.58,0.34,6382,3198,3184
1630552,Jalen Johnson,0.2,-0.13,0.33,24088,12042,12046
1631230,Dominick Barlow,-0.6,-0.93,0.33,10212,5097,5115
1630207,Nate Hinton,0.38,0.08,0.3,325,161,164
1631200,Kris Murray,-0.12,-0.4,0.29,15168,7572,7596
201587,Nicolas Batum,0.47,0.18,0.29,17944,8986,8958
1630183,Jaden McDaniels,-0.42,-0.71,0.29,32093,16001,16092
1629631,De'Andre Hunter,0.7,0.41,0.28,19931,9979,9952
1630198,Isaiah Joe,1.25,0.98,0.27,20229,10200,10029
1630214,Xavier Tillman,-2.37,-2.63,0.26,5763,2870,2893
1641796,Pelle Larsson,0.08,-0.16,0.24,11213,5582,5631
1641815,Isaiah Stevens,-0.07,-0.31,0.24,191,94,97
1630558,Davion Mitchell,0.24,0.01,0.23,21532,10776,10756
1642363,Nique Clifford,-1.18,-1.41,0.23,7613,3792,3821
203084,Harrison Barnes,0.62,0.41,0.21,26977,13520,13457
1631209,Isaiah Wong,-1.77,-1.98,0.21,1055,528,527
1642955,Richmond,-0.05,-0.24,0.2,294,145,149
203915,Spencer Dinwiddie,0.32,0.12,0.2,17976,8968,9008
1628415,Dillon Brooks,-1.26,-1.46,0.2,26609,13287,13322
1642862,Liam McNeeley,-0.24,-0.43,0.2,1438,720,718
1630256,Jae'Sean Tate,-1.03,-1.22,0.19,8065,4000,4065
1631131,Oscar Tshiebwe,0.95,0.76,0.19,2970,1485,1485
1642907,Cedric Coward,-0.33,-0.52,0.19,6675,3342,3333
1627741,Buddy Hield,0.05,-0.14,0.18,21243,10671,10572
1641869,Malachi Smith,0.12,-0.07,0.18,1460,725,735
1641766,Adama Sanogo,-0.32,-0.48,0.17,354,178,176
1631248,Baylor Scheierman,-0.26,-0.42,0.16,7078,3536,3542
1642400,Enaruna,0.04,-0.13,0.16,341,169,172
1630177,Theo Maledon,0.11,-0.03,0.14,887,442,445
1629130,Duncan Robinson,0.74,0.6,0.13,23597,11852,11745
1628969,Mikal Bridges,-0.5,-0.62,0.13,37134,18546,18588
1628975,Jevon Carter,0.54,0.4,0.13,8876,4446,4430
1629004,Svi Mykhailiuk,1.11,0.98,0.13,9723,4864,4859
1641775,Jordan Walsh,0.27,0.15,0.12,6619,3286,3333
1642885,Mohamed Diawara,-1.47,-1.59,0.12,2746,1369,1377
1629675,Naz Reid,-1.14,-1.25,0.11,28153,14073,14080
1630180,Saddiq Bey,2.72,2.62,0.1,17843,8931,8912
1631199,Ron Harper Jr.,0.08,-0.01,0.09,1295,648,647
1641752,Bobi Klintman,-0.23,-0.32,0.09,468,231,237
1630598,Aaron Wiggins,1.12,1.04,0.08,19718,9839,9879
1641813,Mark Sears,-0.07,-0.16,0.08,105,53,52
1628396,Tony Bradley,-0.43,-0.5,0.07,2560,1284,1276
203484,Kentavious Caldwell-Pope,-1.32,-1.4,0.07,25296,12634,12662
201144,Mike Conley,-0.19,-0.26,0.07,22731,11393,11338
1631386,Taze Moore,-0.13,-0.2,0.06,262,130,132
1642396,Blake Hinson,0.16,0.11,0.05,1086,541,545
1629630,Ja Morant,0.93,0.87,0.05,10582,5303,5279
203200,Justin Holiday,-0.5,-0.55,0.05,4001,1997,2004
1629750,Javonte Green,-0.81,-0.86,0.05,12100,6037,6063
1628380,Zach Collins,-1.34,-1.38,0.04,11149,5571,5578
1628976,Wendell Carter Jr.,-0.8,-0.83,0.03,23448,11716,11732
1630174,Aaron Nesmith,0.57,0.55,0.03,23007,11519,11488
201580,JaVale McGee,0.05,0.04,0.02,1405,711,694
203933,T.J. Warren,-0.08,-0.09,0.01,563,281,282
1631197,Jared Rhoden,0.5,0.5,-0.0,1912,959,953
1643047,Huntley,-0.12,-0.11,-0.01,165,83,82
202696,Nikola Vucevic,-0.27,-0.26,-0.01,27517,13766,13751
1641857,Liam Robbins,-0.88,-0.86,-0.02,240,118,122
1629008,Michael Porter Jr.,1.79,1.81,-0.02,31026,15559,15467
1631311,Lester Quinones,0.82,0.85,-0.03,2371,1187,1184
1641789,Jazian Gortman,-0.2,-0.16,-0.04,239,120,119
1628467,Maxi Kleber,-1.2,-1.16,-0.04,9045,4517,4528
1631306,Cole Swider,0.08,0.13,-0.05,1054,536,518
1629717,Armoni Brooks,1.0,1.05,-0.06,412,207,205
1642277,Johnny Furphy,-1.49,-1.42,-0.07,4218,2106,2112
1642402,Enrique Freeman,-0.08,-0.0,-0.07,830,417,413
1631255,Karlo Matkovic,-1.08,-1.0,-0.08,6984,3478,3506
1630528,Josh Christopher,-0.34,-0.25,-0.09,299,146,153
1631205,Buddy Boeheim,0.45,0.55,-0.1,389,194,195
1642530,Yuki Kawamura,0.19,0.29,-0.1,1277,637,640
1630929,Henri Drell,0.03,0.14,-0.11,128,63,65
203552,Seth Curry,0.1,0.22,-0.11,7246,3636,3610
1630688,Ish Wainright,-0.82,-0.72,-0.11,262,130,132
1629010,Jerome Robinson,-0.14,-0.03,-0.11,330,165,165
1628989,Kevin Huerter,0.15,0.28,-0.13,19819,9940,9879
1641761,Nelson,-0.11,0.02,-0.13,134,68,66
203490,Otto Porter Jr.,-0.18,-0.06,-0.13,721,363,358
1642878,Tyrese Proctor,0.56,0.7,-0.14,2190,1093,1097
1628978,Donte DiVincenzo,0.61,0.75,-0.14,29471,14733,14738
1642876,Adou Thiero,-0.44,-0.29,-0.15,547,273,274
1641847,Andrew Funk,-0.1,0.05,-0.15,53,26,27
1630678,Terry Taylor,-0.04,0.11,-0.15,764,382,382
1630222,Mason Jones,-0.55,-0.39,-0.16,289,146,143
1641735,Amari Bailey,-0.16,-0.0,-0.16,255,127,128
1630539,Kai Jones,-0.34,-0.18,-0.16,1880,938,942
1630554,Jason Preston,-0.03,0.13,-0.16,293,148,145
1630562,Matt Hurt,-0.17,-0.02,-0.16,445,224,221
1631457,Morales,-0.37,-0.2,-0.17,94,48,46
1630618,D.J. Carton,-0.33,-0.16,-0.17,296,149,147
1630543,Isaiah Jackson,0.84,1.03,-0.19,7795,3888,3907
1626143,Jahlil Okafor,-0.12,0.08,-0.2,15,7,8
1642384,Isaiah Crawford,-0.6,-0.4,-0.2,472,240,232
1631132,Christian Koloko,-1.22,-1.01,-0.2,2864,1427,1437
1642914,Javon Small,0.78,0.98,-0.2,3361,1678,1683
1643024,Chris Mañon,-0.03,0.18,-0.21,153,75,78
1641970,Maozinha Pereira,-1.03,-0.82,-0.22,493,245,248
1631124,Julian Strawther,-0.25,-0.01,-0.23,11882,5948,5934
1629021,Moritz Wagner,0.99,1.23,-0.23,9998,5006,4992
1630296,Braxton Key,-0.08,0.16,-0.24,400,201,199
1629027,Trae Young,2.64,2.9,-0.25,21559,10782,10777
1642843,Cooper Flagg,-0.62,-0.37,-0.25,9985,4992,4993
1629726,Garrison Mathews,-1.37,-1.11,-0.26,8365,4177,4188
1631114,Jalen Williams,-1.5,-1.24,-0.26,27062,13533,13529
1630592,Jalen Wilson,-0.41,-0.15,-0.26,13924,6959,6965
1629011,Mitchell Robinson,-0.69,-0.42,-0.26,10592,5255,5337
1629603,Mamadi Diakite,-0.64,-0.37,-0.27,156,76,80
1642951,Pedulla,-0.24,0.02,-0.27,119,59,60
1642366,Quinten Post,-0.9,-0.63,-0.27,8024,4023,4001
1641806,Markquis Nowell,-0.17,0.12,-0.28,14,7,7
1628977,Hamidou Diallo,-0.1,0.19,-0.29,19,10,9
1629650,Moses Brown,-0.38,-0.08,-0.3,1314,658,656
1626246,Boban Marjanovic,-0.26,0.04,-0.3,299,146,153
1642050,Jackson Rowe,-0.1,0.2,-0.3,221,111,110
1642490,Oduro,0.27,0.58,-0.31,235,117,118
1626168,Trey Lyles,0.03,0.33,-0.31,10072,5029,5043
1641801,Emanuel Miller,-0.35,-0.04,-0.31,208,103,105
1643257,Kent,-0.28,0.02,-0.31,86,42,44
1643133,Lovering,-0.38,-0.07,-0.31,214,107,107
1631257,Jermaine Samuels Jr.,0.16,0.49,-0.32,257,129,128
1627763,Malcolm Brogdon,0.82,1.14,-0.32,6773,3383,3390
1631102,TyTy Washington Jr.,-0.84,-0.52,-0.32,1035,520,515
1631111,Wendell Moore Jr.,-1.49,-1.16,-0.33,2648,1321,1327
1628988,Aaron Holiday,-0.39,-0.06,-0.33,11519,5743,5776
1630644,Mac McClung,0.73,1.06,-0.33,621,312,309
1630608,Malcolm Cazalon,-0.18,0.17,-0.34,11,6,5
1627884,Derrick Jones Jr.,-0.74,-0.4,-0.34,23297,11639,11658
1641767,Ben Sheppard,1.16,1.5,-0.34,16459,8214,8245
1628391,D.J. Wilson,-0.03,0.31,-0.34,56,28,28
1630173,Precious Achiuwa,-0.97,-0.63,-0.35,18708,9325,9383
1631214,Alondes Williams,0.21,0.56,-0.35,502,250,252
1630178,Tyrese Maxey,1.82,2.18,-0.36,30030,15065,14965
1631218,Trayce Jackson-Davis,-1.17,-0.8,-0.36,10869,5418,5451
1630259,Jordan Ford,-0.17,0.19,-0.36,82,42,40
1630631,Jose Alvarado,-0.57,-0.18,-0.38,15327,7668,7659
201949,James Johnson,-0.15,0.24,-0.38,412,208,204
1642434,Riley Minix,0.35,0.72,-0.38,280,138,142
1626220,Royce O'Neale,-0.15,0.23,-0.38,24908,12458,12450
1629052,Oshae Brissett,0.28,0.68,-0.4,3308,1658,1650
201980,Danny Green,-0.25,0.16,-0.41,76,38,38
1629677,Luka Samanic,0.17,0.6,-0.42,1671,838,833
1629098,Jack McVeigh,-0.8,-0.38,-0.42,187,94,93
1642884,Goldin,-0.4,0.01,-0.42,113,58,55
1642918,Alijah Martin,0.33,0.76,-0.42,553,278,275
1642920,Kobe Sanders,0.63,1.06,-0.43,5580,2795,2785
1627732,Ben Simmons,-2.3,-1.86,-0.43,6087,3034,3053
1642869,Noah Penda,-0.31,0.12,-0.43,3009,1500,1509
1630181,R.J. Hampton,0.22,0.65,-0.43,300,152,148
1626162,Kelly Oubre Jr.,0.07,0.51,-0.44,23952,11953,11999
1643141,Telfort,-0.41,0.04,-0.44,126,63,63
1627853,Ryan Arcidiacono,-0.3,0.15,-0.44,173,84,89
1629232,Kaiser Gates,-0.38,0.06,-0.44,32,16,16
1626192,Pat Connaughton,-0.59,-0.14,-0.45,10882,5454,5428
1630583,Santi Aldama,0.58,1.03,-0.45,19047,9540,9507
1629618,Jalen Pickett,0.05,0.51,-0.46,6455,3245,3210
1626174,Christian Wood,-0.45,0.01,-0.46,3559,1772,1787
1631127,Harrison Ingram,-0.28,0.19,-0.46,252,129,123
1642443,Jahmir Young,0.06,0.53,-0.47,385,190,195
1631167,Izaiah Brockington,0.0,0.49,-0.49,15,8,7
1628382,Justin Jackson,-0.28,0.22,-0.5,2,0,2
1629652,Luguentz Dort,-0.94,-0.44,-0.5,29463,14691,14772
1630542,Marcus Bagley,-0.24,0.27,-0.5,1046,518,528
1627746,Skal Labissiere,-0.32,0.19,-0.51,198,100,98
1628964,Mo Bamba,-1.32,-0.81,-0.51,4709,2352,2357
1629057,Robert Williams III,-1.15,-0.64,-0.51,6031,3015,3016
1628408,PJ Dozier,-0.17,0.34,-0.51,148,73,75
1627747,Caris LeVert,-0.48,0.04,-0.52,20365,10200,10165
203109,Jae Crowder,-0.48,0.04,-0.52,5315,2661,2654
1631260,A.J. Green,-1.56,-1.02,-0.54,19324,9669,9655
1630196,Filip Petrusev,-0.32,0.22,-0.54,37,19,18
1631220,Dereon Seabron,-0.41,0.12,-0.54,230,116,114
1630590,Scotty Pippen Jr.,-1.58,-1.02,-0.55,10727,5344,5383
1631221,Collin Gillespie,-1.35,-0.79,-0.56,12270,6132,6138
1641879,Yuri Collins,-0.24,0.33,-0.56,69,34,35
1631451,Cooke,-0.9,-0.33,-0.56,392,192,200
1643052,Chaney Johnson,-0.77,-0.21,-0.56,1410,708,702
1628373,Frank Ntilikina,-0.16,0.4,-0.56,172,88,84
1630639,AJ Lawson,-0.02,0.54,-0.56,4367,2186,2181
1630561,David Duke Jr.,-0.08,0.49,-0.57,351,179,172
1629628,RJ Barrett,-0.34,0.23,-0.57,22403,11191,11212
1642399,Jesse Edwards,-0.29,0.3,-0.58,19,10,9
1642939,Miles Kelly,-1.04,-0.45,-0.59,570,286,284
1629056,Terence Davis,-0.33,0.26,-0.59,29,14,15
1642938,Jones,0.13,0.72,-0.59,351,177,174
1641754,Seth Lundy,-0.27,0.32,-0.59,206,103,103
1630171,Isaac Okoro,-0.68,-0.08,-0.6,20397,10145,10252
1629647,Darius Bazley,0.13,0.72,-0.6,605,302,303
1641710,Anthony Black,-2.22,-1.6,-0.62,20159,10079,10080
1631211,Trevor Keels,-0.55,0.07,-0.62,75,38,37
1630284,Kevon Harris,-0.29,0.32,-0.62,27,13,14
1631376,Dmytro Skapintsev,-0.34,0.28,-0.62,7,4,3
1642368,N'Faly Dante,-0.51,0.11,-0.62,276,138,138
1642468,Brown,-0.28,0.34,-0.62,9,4,5
1642874,Danny Wolf,-1.74,-1.12,-0.62,4651,2336,2315
1627788,Furkan Korkmaz,1.06,1.69,-0.63,1240,625,615
1629611,Terance Mann,1.39,2.01,-0.63,19891,9927,9964
1641787,Tosan Evbuomwan,-0.67,-0.03,-0.63,4101,2041,2060
1628381,John Collins,0.15,0.79,-0.64,20190,10074,10116
1630606,Javonte Smart,-0.34,0.3,-0.64,2,1,1
1631123,Jamaree Bouyea,-1.38,-0.74,-0.65,3135,1573,1562
1642504,Cormac Ryan,0.29,0.94,-0.65,1061,534,527
1642917,Shulga,-0.58,0.08,-0.66,148,75,73
1630610,DeJon Jarreau,-0.43,0.23,-0.66,1564,778,786
1642954,Will Richard,-0.09,0.57,-0.66,5635,2810,2825
1630288,Jeff Dowtin,-0.08,0.59,-0.67,3018,1505,1513
203496,Robert Covington,-0.55,0.12,-0.67,1943,968,975
1630197,Aleksej Pokusevski,0.0,0.67,-0.67,1592,792,800
1629060,Rui Hachimura,-0.37,0.3,-0.67,24012,12005,12007
1642439,Quincy Olivari,-0.22,0.46,-0.68,41,21,20
1630600,Isaiah Mobley,-0.83,-0.14,-0.69,351,175,176
1629614,Andrew Nembhard,-2.11,-1.41,-0.69,27071,13524,13547
1631159,Leonard Miller,0.17,0.86,-0.69,3483,1741,1742
1628962,Udoka Azubuike,-0.04,0.66,-0.7,458,229,229
1629117,Wenyen Gabriel,-1.0,-0.3,-0.7,322,161,161
1642259,Alexandre Sarr,-1.83,-1.13,-0.7,12923,6447,6476
1630619,Moussa Cisse,-0.56,0.14,-0.7,2215,1109,1106
1629716,Marques Bolden,-0.85,-0.14,-0.71,485,243,242
1630622,Jalen Crutcher,-0.35,0.36,-0.71,9,4,5
1631301,Jaylen Sims,-0.46,0.25,-0.71,450,225,225
1641779,Jalen Bridges,-0.42,0.29,-0.71,117,60,57
1630547,James Bouknight,-0.72,-0.01,-0.71,317,162,155
1642449,Tolu Smith,-0.76,-0.04,-0.72,618,309,309
203114,Khris Middleton,0.84,1.56,-0.72,16643,8340,8303
1641745,Adam Flagler,-0.84,-0.12,-0.72,860,430,430
1643158,Andersson Garcia,-0.85,-0.12,-0.73,708,353,355
202083,Wesley Matthews,0.19,0.92,-0.73,1668,828,840
1629308,Juan Toscano-Anderson,-0.56,0.17,-0.73,210,100,110
1630828,Antetokounmpo,-0.11,0.62,-0.73,86,45,41
1642279,Ulrich Chomche,-0.3,0.44,-0.74,119,59,60
201565,Derrick Rose,-1.48,-0.74,-0.74,1631,815,816
1630182,Josh Green,-1.48,-0.74,-0.74,19127,9542,9585
203501,Tim Hardaway Jr.,0.84,1.58,-0.74,27625,13832,13793
1642422,Armel Traoré,-0.46,0.29,-0.75,269,136,133
1629623,Lindell Wigginton,-0.33,0.43,-0.75,30,14,16
1628427,Vlatko Cancar,-0.47,0.29,-0.76,598,302,296
1642967,John Poulakidas,0.13,0.9,-0.77,1084,543,541
1626153,Delon Wright,-1.97,-1.18,-0.78,6315,3160,3155
1642848,Tre Johnson,0.92,1.69,-0.78,6221,3111,3110
1641807,Omier,-0.21,0.58,-0.79,91,44,47
1641803,Tristen Newton,-0.23,0.57,-0.8,74,37,37
1642935,Hepburn,-0.49,0.32,-0.81,51,25,26
1642385,Cui Yongxi,-0.62,0.2,-0.81,46,24,22
1642855,Essengue,-0.4,0.42,-0.82,28,14,14
1629007,Jontay Porter,-1.11,-0.29,-0.82,1492,748,744
201976,Patrick Beverley,0.89,1.73,-0.83,6531,3260,3271
203914,Gary Harris,-1.17,-0.34,-0.83,11498,5751,5747
1629723,John Konchar,-1.72,-0.88,-0.84,11967,5965,6002
1629216,Gabe Vincent,-1.28,-0.43,-0.84,11222,5619,5603
1641890,Tyler Smith,-0.37,0.48,-0.85,1214,606,608
1642461,Spencer Jones,-0.42,0.45,-0.87,6425,3196,3229
1641817,Anton Watson,-0.42,0.45,-0.87,95,48,47
1630285,Zavier Simpson,-0.81,0.05,-0.87,651,325,326
1641707,Taylor Hendricks,-0.65,0.23,-0.88,8474,4216,4258
203488,Mike Muscala,-0.55,0.34,-0.89,2471,1233,1238
1630231,Kenyon Martin Jr.,-0.1,0.79,-0.9,6716,3354,3362
201142,Kevin Durant,-0.04,0.86,-0.9,32529,16296,16233
1642868,Carter Bryant,-0.32,0.58,-0.9,3300,1633,1667
1630586,Usman Garuba,-0.47,0.43,-0.9,75,38,37
1631298,Jack White,-0.36,0.55,-0.91,258,129,129
1631170,Jaime Jaquez Jr.,0.24,1.15,-0.91,23380,11682,11698
1641749,Keyontae Johnson,-0.9,0.01,-0.92,265,134,131
1630563,Joshua Primo,-0.34,0.58,-0.92,44,22,22
1628966,Keita Bates-Diop,-0.3,0.63,-0.92,2609,1306,1303
1630564,RaiQuan Gray,-0.26,0.67,-0.93,157,80,77
203468,CJ McCollum,0.04,0.97,-0.93,26380,13244,13136
1630846,Olivier Sarr,-0.9,0.05,-0.94,568,282,286
1631101,Shaedon Sharpe,0.58,1.53,-0.94,19797,9901,9896
1641936,Miles Norris,-0.31,0.63,-0.94,125,63,62
1641926,Dexter Dennis,-0.32,0.62,-0.94,142,71,71
1629012,Collin Sexton,0.67,1.62,-0.95,22317,11161,11156
1631321,Sidy Cissoko,-1.76,-0.81,-0.95,6975,3482,3493
1641793,D'Moi Hodge,-0.33,0.63,-0.96,164,81,83
1631241,Javon Freeman-Liberty,-0.63,0.33,-0.96,1658,827,831
1631254,Kenneth Lofton Jr.,-0.21,0.75,-0.96,819,406,413
1631210,Jacob Toppin,-1.24,-0.29,-0.96,506,253,253
1629651,Nicolas Claxton,-1.91,-0.94,-0.97,23696,11822,11874
1627759,Jaylen Brown,0.01,0.98,-0.97,32132,16077,16055
1642911,Zikarsky,-0.31,0.65,-0.97,61,32,29
1629643,Chuma Okeke,-0.94,0.04,-0.98,2536,1268,1268
202066,Garrett Temple,-1.66,-0.68,-0.98,2423,1208,1215
101108,Chris Paul,0.79,1.79,-0.99,16351,8184,8167
1630186,Jahmi'us Ramsey,-0.03,0.96,-0.99,498,249,249
1630699,MarJon Beauchamp,-1.69,-0.7,-0.99,4048,2022,2026
1642264,Stephon Castle,0.02,1.03,-1.0,17524,8742,8782
1628365,Markelle Fultz,-1.66,-0.66,-1.0,4930,2463,2467
1627885,Shaquille Harrison,-0.54,0.46,-1.0,24,12,12
1641736,Reece Beekman,-1.02,0.01,-1.03,1853,922,931
1642272,Jared McCain,-0.69,0.35,-1.04,7139,3570,3569
1628424,Kobi Simmons,-0.69,0.34,-1.04,263,133,130
1629312,Haywood Highsmith,-1.64,-0.6,-1.04,13647,6802,6845
1641816,Hunter Tyson,-1.63,-0.57,-1.05,2647,1317,1330
1641854,Craig Porter,-1.31,-0.25,-1.06,9529,4759,4770
1642886,Brea,-0.65,0.41,-1.07,320,161,159
1642389,Zyon Pullin,-0.76,0.31,-1.08,59,30,29
1629718,Charles Brown Jr.,-0.64,0.44,-1.08,142,73,69
1641824,Matas Buzelis,-1.88,-0.78,-1.09,15795,7905,7890
1642362,Sandfort,-0.57,0.52,-1.09,263,132,131
1641931,Onuralp Bitim,-0.47,0.63,-1.09,1075,532,543
1630585,Marcus Garrett,-0.79,0.31,-1.1,308,154,154
1630556,Kessler Edwards,-1.05,0.05,-1.1,3587,1782,1805
1642278,Tyler Kolek,-1.47,-0.36,-1.11,4065,2033,2032
1642285,Cam Spencer,0.81,1.94,-1.13,8060,4056,4004
1642404,Chaz Lanier,-0.91,0.22,-1.13,1066,539,527
1629656,Quentin Grimes,0.12,1.26,-1.14,21468,10716,10752
1628997,Caleb Martin,-2.33,-1.19,-1.14,15786,7881,7905
1631367,Jacob Gilyard,-0.22,0.94,-1.16,2752,1376,1376
1631213,Tyrese Martin,-1.35,-0.19,-1.16,8230,4106,4124
1631119,Jaylin Williams,-2.64,-1.47,-1.17,13153,6569,6584
201143,Al Horford,-1.02,0.16,-1.18,20855,10441,10414
1642505,Alex Ducas,-0.31,0.87,-1.19,509,253,256
1641780,Broome,-0.94,0.25,-1.19,223,112,111
1628385,Harry Giles III,0.17,1.36,-1.2,407,206,201
203944,Julius Randle,0.23,1.43,-1.2,28083,14043,14040
1630314,Brandon Williams,-0.53,0.67,-1.2,8742,4394,4348
1642282,Sallis,-0.71,0.49,-1.2,107,54,53
1628502,Nigel Hayes,-1.48,-0.27,-1.2,776,382,394
1642846,Ace Bailey,0.34,1.55,-1.21,8306,4158,4148
1630550,JT Thor,-1.0,0.2,-1.21,4093,2051,2042
1629636,Darius Garland,0.56,1.78,-1.21,25272,12682,12590
1643018,LJ Cryer,-1.06,0.15,-1.22,1150,584,566
1631100,AJ Griffin,-0.84,0.38,-1.22,720,358,362
1642910,Tonje,-1.01,0.21,-1.22,176,88,88
203901,Elfrid Payton,-1.37,-0.14,-1.23,2086,1040,1046
1642847,Jeremiah Fears,-0.5,0.75,-1.25,8641,4334,4307
1642859,Jase Richardson,-0.66,0.59,-1.25,2387,1192,1195
1626179,Terry Rozier,-1.38,-0.13,-1.25,14787,7384,7403
1641748,Andre Jackson Jr.,-2.02,-0.76,-1.25,8211,4103,4108
203482,Kelly Olynyk,-0.46,0.79,-1.25,12336,6189,6147
200782,P.J. Tucker,-0.98,0.27,-1.25,2262,1121,1141
1629629,Cam Reddish,-1.33,-0.07,-1.26,6483,3235,3248
1642852,Derik Queen,-0.34,0.92,-1.26,8296,4143,4153
201942,DeMar DeRozan,-0.1,1.17,-1.27,32862,16468,16394
1629680,Matisse Thybulle,-2.21,-0.94,-1.27,9230,4603,4627
1629659,Talen Horton-Tucker,-0.42,0.86,-1.28,7191,3580,3611
1631121,Bryce McGowens,-0.72,0.57,-1.29,7327,3673,3654
202738,Isaiah Thomas,-0.81,0.49,-1.3,90,44,46
1629020,Jarred Vanderbilt,-0.66,0.64,-1.3,9389,4681,4708
1629002,Chimezie Metu,-1.37,-0.06,-1.31,3442,1708,1734
1627824,Guerschon Yabusele,-1.11,0.2,-1.31,11798,5908,5890
1642353,Cam Christie,-1.75,-0.43,-1.32,2148,1075,1073
1641747,DaRon Holmes II,-0.7,0.62,-1.32,803,406,397
1629639,Tyler Herro,0.37,1.7,-1.33,22033,11031,11002
1630551,Justin Champagnie,0.65,1.99,-1.34,12210,6094,6116
1641715,Cam Whitmore,-0.12,1.22,-1.34,8525,4253,4272
1630621,Hunter Dickinson,-0.45,0.91,-1.35,100,50,50
1642280,Trentyn Flowers,-0.73,0.62,-1.35,133,67,66
1631104,Blake Wesley,-1.3,0.05,-1.35,7929,3956,3973
1631247,Luke Travers,-0.33,1.02,-1.35,793,395,398
1641788,Alex Fudge,-0.73,0.62,-1.35,166,82,84
1641741,Ricky Council IV,0.48,1.85,-1.37,6152,3062,3090
1631157,Ryan Rollins,-1.04,0.33,-1.37,13592,6787,6805
201577,Robin Lopez,-0.9,0.47,-1.37,265,133,132
1627814,Damion Lee,-0.85,0.52,-1.37,598,306,292
1641730,Noah Clowney,-1.8,-0.41,-1.39,12706,6362,6344
1642959,Chris Youngblood,-1.14,0.25,-1.4,725,368,357
203648,Thanasis Antetokounmpo,-2.04,-0.64,-1.4,1235,621,614
1629626,Bol Bol,-0.96,0.44,-1.4,3761,1883,1878
1628984,Devonte' Graham,-0.76,0.65,-1.41,1272,638,634
1626204,Larry Nance Jr.,-2.01,-0.6,-1.41,9002,4496,4506
1629637,Jaxson Hayes,-0.94,0.5,-1.44,12966,6475,6491
1643253,Toby Okani,-0.62,0.83,-1.45,774,383,391
1630535,Greg Brown III,-0.54,0.91,-1.46,181,89,92
1641778,Leaky Black,-0.77,0.71,-1.47,2950,1478,1472
1641851,Timmy Allen,-1.03,0.43,-1.47,505,250,255
1642354,KJ Simpson,-0.85,0.63,-1.48,4404,2200,2204
1642882,Julian Reese,-0.83,0.65,-1.48,1677,837,840
202691,Klay Thompson,0.34,1.82,-1.49,23972,12018,11954
1629875,Xavier Moon,-0.92,0.57,-1.49,489,248,241
1642273,Kyshawn George,-1.83,-0.33,-1.5,13130,6563,6567
1630230,Naji Marshall,-0.32,1.19,-1.51,22409,11191,11218
1631112,Kendall Brown,-1.41,0.11,-1.52,345,173,172
203937,Kyle Anderson,-1.9,-0.38,-1.52,15590,7779,7811
1630647,Eugene Omoruyi,-1.65,-0.12,-1.53,1693,846,847
1628420,Monte Morris,-1.29,0.25,-1.53,4691,2347,2344
1631466,Jeenathan Williams,0.48,2.0,-1.53,2149,1068,1081
1628426,Sasha Vezenkov,-1.06,0.5,-1.55,2086,1044,1042
1627749,Dejounte Murray,-0.0,1.55,-1.55,17366,8700,8666
1641810,Antonio Reeves,-0.82,0.74,-1.56,2936,1475,1461
1631169,Josh Minott,-1.25,0.32,-1.56,4960,2472,2488
1630537,Chris Duarte,-0.52,1.05,-1.57,3183,1585,1598
1641771,Jalen Slawson,-0.33,1.24,-1.57,1413,710,703
1630581,Josh Giddey,-0.04,1.54,-1.59,25284,12654,12630
1631098,Johnny Davis,-1.52,0.06,-1.59,3605,1801,1804
1629673,Jordan Poole,0.8,2.4,-1.6,22214,11137,11077
202330,Gordon Hayward,-1.34,0.3,-1.64,5274,2631,2643
1630574,Ariel Hukporti,-1.97,-0.32,-1.65,2871,1429,1442
1642879,Ben Saraf,-1.8,-0.14,-1.66,3702,1854,1848
1642933,Gilbert,-0.56,1.1,-1.67,297,149,148
1631204,Marcus Sasser,-1.33,0.34,-1.67,10635,5338,5297
1630283,Kylor Kelley,-0.38,1.3,-1.67,528,266,262
1631133,Jabari Walker,-0.1,1.58,-1.68,12982,6512,6470
202694,Marcus Morris Sr.,0.34,2.02,-1.68,3733,1870,1863
1641878,Damion Baugh,-0.81,0.88,-1.68,1472,739,733
1641713,GG Jackson,-0.03,1.67,-1.7,11713,5866,5847
1642403,Isaac Jones,-2.04,-0.34,-1.7,1373,685,688
1630249,Vit Krejci,-0.95,0.75,-1.7,12678,6341,6337
203458,Alex Len,-2.02,-0.31,-1.71,3313,1655,1658
1631351,Lucas Williamson,-0.68,1.03,-1.71,834,415,419
1630184,Kira Lewis Jr.,-0.57,1.14,-1.71,1090,546,544
1628981,Bruno Fernando,-1.21,0.51,-1.72,3297,1638,1659
1630346,Matt Ryan,-1.36,0.38,-1.74,1912,956,956
1631120,JD Davison,-0.67,1.07,-1.74,1208,602,606
1629685,Dylan Windler,-0.53,1.24,-1.76,435,219,216
1631097,Bennedict Mathurin,-1.08,0.7,-1.78,23259,11612,11647
1631232,Keion Brooks Jr.,-1.12,0.68,-1.79,1361,677,684
202692,Alec Burks,-0.76,1.03,-1.79,8786,4391,4395
1630545,Terrence Shannon Jr.,-0.52,1.29,-1.81,3691,1841,1850
203925,Joe Harris,-0.6,1.23,-1.83,699,349,350
1630264,Anthony Gill,-0.74,1.09,-1.83,7497,3741,3756
203095,Evan Fournier,-1.71,0.12,-1.84,2336,1166,1170
203493,Reggie Bullock,-1.11,0.75,-1.86,1709,855,854
1642880,Kam Jones,-1.4,0.46,-1.86,2463,1226,1237
204060,Joe Ingles,-0.08,1.79,-1.87,5873,2953,2920
1641727,Dariq Whitehead,-0.68,1.19,-1.87,1754,873,881
1630533,Ziaire Williams,-1.26,0.6,-1.87,15666,7806,7860
1630531,Jaden Springer,-1.76,0.11,-1.88,3594,1789,1805
1631113,Kennedy Chandler,0.05,1.93,-1.88,1576,788,788
204456,T.J. McConnell,-2.51,-0.61,-1.89,18009,8983,9026
1630286,Trevon Scott,-0.57,1.32,-1.89,738,368,370
200768,Kyle Lowry,-2.1,-0.2,-1.91,10369,5189,5180
1630235,Trent Forrest,-0.85,1.06,-1.91,1612,804,808
1627752,Taurean Prince,-1.54,0.38,-1.92,20776,10387,10389
1629139,Yuta Watanabe,-0.24,1.67,-1.92,1859,930,929
1630570,Trendon Watford,-0.77,1.16,-1.93,10520,5258,5262
1641765,Olivier-Maxence Prosper,-1.36,0.57,-1.93,7966,3963,4003
1642948,Ryan Nembhard,-1.15,0.79,-1.95,5032,2518,2514
1630658,Colin Castleton,-0.92,1.03,-1.95,2088,1040,1048
1642382,Branden Carlson,-1.07,0.89,-1.96,3014,1506,1508
1641731,Bilal Coulibaly,-1.68,0.3,-1.98,21345,10675,10670
1630322,Lindy Waters III,-1.55,0.44,-1.99,5411,2710,2701
1642260,Nikola Topić,-1.34,0.66,-2.0,642,319,323
1629646,Charles Bassey,-1.27,0.74,-2.01,3050,1521,1529
1641877,Nathan Mensah,-1.96,0.06,-2.02,1216,609,607
1641763,Julian Phillips,-0.61,1.42,-2.03,7566,3785,3781
1642013,Malik Williams,-1.25,0.78,-2.04,424,213,211
1631109,Mark Williams,-1.13,0.91,-2.04,13112,6553,6559
1631172,Ousmane Dieng,-1.81,0.25,-2.05,7725,3859,3866
1629014,Anfernee Simons,0.02,2.06,-2.05,21103,10559,10544
1629684,Grant Williams,0.32,2.37,-2.05,13341,6662,6679
1630170,Devin Vassell,-0.72,1.33,-2.06,25946,12985,12961
1626166,Cameron Payne,-1.02,1.06,-2.08,11809,5900,5909
1628971,Bruce Brown,-0.19,1.89,-2.08,19533,9749,9784
1641718,Keyonte George,0.38,2.46,-2.08,24342,12156,12186
1628970,Miles Bridges,-0.75,1.35,-2.09,28351,14163,14188
1629640,Keldon Johnson,-0.15,1.94,-2.09,23929,11970,11959
1629003,Shake Milton,-1.35,0.75,-2.1,5793,2900,2893
1630538,Nah'Shon Hyland,-0.96,1.16,-2.11,7955,3992,3963
1642359,Pacôme Dadiet,-1.18,0.94,-2.11,989,495,494
1627745,Damian Jones,-2.24,-0.13,-2.11,1065,535,530
1642905,Yang Hansen,-1.9,0.21,-2.11,1254,625,629
1642258,Zaccharie Risacher,-2.29,-0.16,-2.13,14245,7112,7133
1630587,Isaiah Livers,-0.98,1.15,-2.14,3372,1674,1698
1627750,Jamal Murray,0.83,2.98,-2.15,31958,16010,15948
1631110,Jeremy Sochan,-1.68,0.46,-2.15,16685,8333,8352
1629642,Nassir Little,-0.5,1.65,-2.15,1898,939,959
1630534,Ochai Agbaji,-1.74,0.42,-2.16,17813,8886,8927
1630641,Ibou Badji,-1.6,0.59,-2.19,915,458,457
203078,Bradley Beal,-1.7,0.49,-2.19,15084,7544,7540
1630579,Jericho Sims,-1.95,0.24,-2.19,10176,5074,5102
1631288,Jamal Cain,-0.17,2.02,-2.19,5021,2510,2511
1629678,Admiral Schofield,-1.67,0.53,-2.19,330,167,163
1642873,Amari Williams,-2.12,0.08,-2.2,582,291,291
1641732,Colby Jones,-1.64,0.57,-2.21,2821,1405,1416
1630191,Isaiah Stewart,-1.57,0.64,-2.21,17003,8496,8507
1642266,Ja'Kobe Walter,-1.5,0.72,-2.22,10478,5228,5250
1642502,Malevy Leons,-0.38,1.84,-2.22,1166,579,587
1629669,Jaylen Nowell,-1.95,0.27,-2.23,1509,754,755
202704,Reggie Jackson,-1.72,0.52,-2.24,9151,4587,4564
1630165,Killian Hayes,-2.13,0.12,-2.25,6486,3241,3245
1641725,Trey Alexander,-1.4,0.85,-2.25,815,413,402
1641790,PJ Hall,-1.55,0.72,-2.27,1129,565,564
1642383,Walter Clayton Jr.,0.01,2.28,-2.27,5893,2941,2952
1642276,Kel'el Ware,-1.76,0.51,-2.27,13211,6588,6623
1641794,Dillon Jones,-1.2,1.1,-2.3,2597,1304,1293
1630172,Patrick Williams,-2.35,-0.04,-2.31,17888,8926,8962
1642964,Brooks Barnhizer,-2.0,0.33,-2.32,1411,700,711
1626145,Tyus Jones,-1.09,1.24,-2.33,20989,10528,10461
1630548,Johnny Juzang,-1.54,0.78,-2.33,6965,3489,3476
203926,Doug McDermott,-0.88,1.45,-2.34,7177,3594,3583
1631094,Paolo Banchero,-1.15,1.2,-2.35,29567,14773,14794
1630695,Micah Potter,-1.95,0.39,-2.35,7179,3594,3585
1630625,Dalano Banton,-0.46,1.89,-2.35,8945,4476,4469
202709,Cory Joseph,-0.88,1.48,-2.36,4090,2047,2043
1631107,Nikola Jovic,-0.92,1.47,-2.38,12446,6227,6219
201569,Eric Gordon,-0.85,1.52,-2.38,11486,5738,5748
1641798,Jaylen Martin,-1.19,1.19,-2.38,964,481,483
1629670,Jordan Nwora,-1.44,0.97,-2.41,2976,1490,1486
1630245,Ayo Dosunmu,-0.97,1.44,-2.41,22325,11151,11174
1630526,Jeremiah Robinson-Earl,-0.82,1.59,-2.42,7937,3963,3974
1631223,David Roddy,-1.74,0.68,-2.42,6819,3407,3412
1641755,Kevin McCullar Jr.,-1.59,0.84,-2.43,745,365,380
1627777,Georges Niang,-0.73,1.72,-2.45,14734,7399,7335
201568,Danilo Gallinari,-0.78,1.67,-2.45,2679,1344,1335
1629022,Lonnie Walker IV,-0.87,1.59,-2.46,6020,3008,3012
1630311,Pat Spencer,-1.19,1.29,-2.48,6383,3191,3192
1630649,Stanley Umude,-2.02,0.47,-2.49,1652,825,827
1630243,Trevelin Queen,-2.37,0.14,-2.51,2353,1170,1183
1627742,Brandon Ingram,-1.12,1.4,-2.52,21927,10981,10946
1630811,Keaton Wallace,-2.28,0.26,-2.54,4236,2106,2130
1630536,Sharife Cooper,-0.68,1.87,-2.55,2912,1457,1455
203952,Andrew Wiggins,-1.59,0.96,-2.55,24569,12275,12294
1631250,Pete Nance,-0.79,1.77,-2.56,3514,1758,1756
1643007,Taelon Peter,-1.55,1.02,-2.57,1995,1002,993
201599,DeAndre Jordan,-1.86,0.71,-2.58,5290,2639,2651
1630201,Malachi Flynn,-1.62,0.96,-2.58,3652,1827,1825
1642849,Nolan Traore,-1.24,1.34,-2.58,4928,2455,2473
1641723,Kobe Bufkin,-2.06,0.52,-2.58,1803,900,903
201152,Thaddeus Young,-0.65,1.96,-2.61,1757,878,879
1630560,Cam Thomas,1.82,4.43,-2.61,14832,7453,7379
1631093,Jaden Ivey,-2.16,0.45,-2.61,15486,7747,7739
1641757,Jordan Miller,-0.59,2.04,-2.63,7081,3538,3543
1630544,Tre Mann,-1.92,0.72,-2.64,7731,3862,3869
1629028,Deandre Ayton,-3.37,-0.72,-2.64,20222,10108,10114
1630164,James Wiseman,-1.11,1.56,-2.67,4726,2364,2362
1629610,DaQuan Jeffries,-1.24,1.45,-2.69,4926,2456,2470
1630623,Tyson Etienne,-0.98,1.72,-2.7,2196,1098,1098
202684,Tristan Thompson,-1.74,0.97,-2.7,3896,1937,1959
1642348,Justin Edwards,-1.09,1.61,-2.71,8692,4337,4355
1629234,Drew Eubanks,-2.28,0.45,-2.72,10117,5061,5056
1631166,Drew Timme,-0.86,1.87,-2.73,1911,954,957
1642419,Jamison Battle,-2.12,0.68,-2.79,6378,3194,3184
1642942,Jahmai Mashack,-1.19,1.61,-2.8,2667,1329,1338
1641753,Chris Livingston,-1.94,0.88,-2.81,908,450,458
203471,Dennis Schroder,-1.41,1.41,-2.82,25893,12949,12944
1642274,Yves Missi,-1.92,0.94,-2.87,13303,6689,6614
1642358,AJ Johnson,-1.55,1.34,-2.89,4327,2171,2156
1626196,Josh Richardson,-0.95,1.96,-2.91,4981,2484,2497
1642281,Jaylon Tyson,-1.71,1.2,-2.91,9139,4570,4569
1641721,Maxwell Lewis,-2.25,0.67,-2.91,1723,858,865
1643016,Bez Mbeng,-1.4,1.52,-2.91,1941,967,974
1630192,Zeke Nnaji,-2.37,0.56,-2.93,7366,3659,3707
1628379,Luke Kennard,-0.85,2.08,-2.93,17517,8771,8746
1642262,Cody Williams,-2.67,0.26,-2.93,11102,5542,5560
1631174,Tyler Burton,-0.9,2.04,-2.94,1282,641,641
1631126,Caleb Love,-1.53,1.41,-2.94,4191,2100,2091
202397,Ish Smith,-2.28,0.67,-2.96,2987,1492,1495
201566,Russell Westbrook,-1.71,1.33,-3.03,24255,12099,12156
1631108,Max Christie,-2.51,0.54,-3.04,21917,10932,10985
203995,Vasilije Micic,-0.97,2.11,-3.07,7746,3875,3871
1642367,Jonathan Mogbo,-2.43,0.63,-3.07,6295,3148,3147
1641724,Jett Howard,-0.99,2.13,-3.12,5915,2959,2956
1631212,Peyton Watson,-2.44,0.69,-3.13,20067,9974,10093
201959,Taj Gibson,-2.79,0.35,-3.13,2764,1385,1379
1642380,Adama Bal,-1.71,1.42,-3.13,1038,517,521
203924,Jerami Grant,-1.24,1.9,-3.14,20852,10418,10434
1631338,Mouhamadou Gueye,-1.77,1.4,-3.17,680,341,339
1626171,Bobby Portis,-0.55,2.62,-3.18,20964,10470,10494
1628972,Troy Brown Jr.,-1.14,2.06,-3.2,3357,1674,1683
1642275,Tidjane Salaün,-2.45,0.76,-3.21,7168,3586,3582
202693,Markieff Morris,-2.47,0.74,-3.21,1624,814,810
1630219,Skylar Mays,-0.94,2.29,-3.23,1714,866,848
1630224,Jalen Green,-0.89,2.36,-3.24,25690,12882,12808
203897,Zach LaVine,-1.02,2.33,-3.35,19217,9600,9617
1642355,Bronny James,-1.98,1.38,-3.35,2120,1059,1061
1631103,Malaki Branham,-2.75,0.6,-3.35,9534,4759,4775
1641720,Jalen Hood-Schifino,-1.59,1.78,-3.37,1722,863,859
1630527,Brandon Boston Jr.,-2.02,1.35,-3.37,5426,2722,2704
1629018,Gary Trent Jr.,-0.87,2.55,-3.41,21965,10985,10980
202711,Bojan Bogdanovic,-0.49,2.93,-3.43,6128,3065,3063
1641729,Brice Sensabaugh,-0.47,3.02,-3.49,15634,7824,7810
1641712,Rayan Rupert,-2.7,0.8,-3.5,8716,4366,4350
1630209,Omer Yurtseven,-2.27,1.27,-3.54,2631,1327,1304
1641998,Trey Jemison,-2.7,0.87,-3.57,4095,2044,2051
1626224,Cedi Osman,-1.85,1.74,-3.59,5302,2638,2664
1641734,Emoni Bates,-1.83,1.78,-3.61,831,416,415
1641722,Jordan Hawkins,-0.59,3.07,-3.66,12872,6470,6402
1630643,Jay Huff,-3.03,0.64,-3.67,10561,5280,5281
1642261,Dalton Knecht,-0.48,3.23,-3.71,7972,3974,3998
1631216,Caleb Houstan,-1.78,1.95,-3.73,6763,3387,3376
1630702,Jaden Hardy,-3.01,0.77,-3.78,12078,6047,6031
1642860,Will Riley,-1.01,2.79,-3.8,6697,3348,3349
1631115,Orlando Robinson,-2.24,1.55,-3.8,4459,2228,2231
1630703,Scoot Henderson,-2.18,1.76,-3.94,17402,8707,8695
1642265,Rob Dillingham,-2.84,1.19,-4.03,6272,3139,3133
1641716,Jarace Walker,-3.51,0.55,-4.06,14955,7474,7481
1642875,Maxime Raynaud,-1.31,2.82,-4.13,8034,4015,4019
1630557,Corey Kispert,-1.23,2.92,-4.15,19656,9850,9806
1630553,Keon Johnson,-3.05,1.25,-4.29,8123,4058,4065
1628398,Kyle Kuzma,-2.77,1.62,-4.39,25418,12707,12711
1641774,Tristan Vukcevic,-2.49,1.9,-4.39,5536,2768,2768
1629667,Jalen McDaniels,-2.12,2.36,-4.48,2208,1099,1109
1641738,Kobe Brown,-1.87,2.83,-4.69,6602,3295,3307
1630208,Nick Richards,-2.05,2.64,-4.69,14901,7435,7466
1641711,Gradey Dick,-1.22,3.53,-4.75,16166,8097,8069
1629599,Amir Coffey,-1.72,3.06,-4.78,15196,7597,7599
1642267,Carlton Carrington,-3.21,1.6,-4.81,19528,9746,9782
201145,Jeff Green,-1.18,3.67,-4.85,7486,3739,3747
1642268,Isaiah Collier,-1.92,3.07,-4.99,13777,6890,6887
1642263,Reed Sheppard,-2.15,3.13,-5.28,11198,5640,5558
1641733,Nick Smith Jr.,-3.76,2.03,-5.79,9795,4908,4887
202687,Bismack Biyombo,-5.52,0.32,-5.84,5915,2956,2959
1642962,Drake Powell,-4.18,2.53,-6.72,5237,2612,2625
