player_id,player_name,off,def,net_rapm,possessions,off_poss,def_poss
1630567,Scottie Barnes,1.11,-0.69,1.81,23431,11837,11594
2544,LeBron James,1.42,-0.32,1.74,24811,12022,12789
203507,Giannis Antetokounmpo,0.93,-0.65,1.58,22213,10834,11379
1630595,Cade Cunningham,1.45,-0.11,1.56,24513,12420,12093
1642847,Jeremiah Fears,1.52,0.15,1.37,6572,3291,3281
1630700,Dyson Daniels,0.77,-0.58,1.35,22458,11326,11132
1631114,Jalen Williams,1.0,-0.26,1.26,23742,12033,11709
1631128,Christian Braun,0.98,-0.27,1.25,21774,10769,11005
1630529,Herbert Jones,0.63,-0.57,1.2,15789,7946,7843
1631121,Bryce McGowens,0.76,-0.42,1.17,6622,3272,3350
203110,Draymond Green,0.35,-0.82,1.17,19409,9700,9709
1642852,Derik Queen,1.24,0.08,1.16,6370,3097,3273
1627832,Fred VanVleet,0.21,-0.94,1.15,18691,9559,9132
1629628,RJ Barrett,1.39,0.24,1.15,18150,9048,9102
1630200,Tre Jones,0.98,-0.14,1.13,16047,7922,8125
1627936,Alex Caruso,0.45,-0.67,1.12,16067,8168,7899
1641709,Ausar Thompson,1.14,0.06,1.08,16559,8383,8176
201566,Russell Westbrook,1.69,0.63,1.06,21337,10546,10791
1630245,Ayo Dosunmu,0.72,-0.35,1.06,18749,9271,9478
1628368,De'Aaron Fox,0.47,-0.56,1.03,24827,12556,12271
203935,Marcus Smart,0.43,-0.59,1.02,10168,5046,5122
1641705,Victor Wembanyama,0.5,-0.51,1.02,18823,9250,9573
1642383,Walter Clayton Jr.,0.44,-0.57,1.01,3879,1943,1936
1642907,Cedric Coward,0.5,-0.45,0.95,5001,2448,2553
1630193,Immanuel Quickley,0.6,-0.35,0.95,17923,8987,8936
1631096,Chet Holmgren,0.61,-0.31,0.93,22356,11162,11194
1628378,Donovan Mitchell,0.35,-0.58,0.93,24846,12560,12286
1642268,Isaiah Collier,0.78,-0.15,0.92,11874,5843,6031
1641796,Pelle Larsson,0.97,0.11,0.86,8048,4000,4048
1631245,Quenton Jackson,0.75,-0.1,0.85,3428,1720,1708
1642264,Stephon Castle,0.62,-0.21,0.83,13948,6835,7113
1628384,OG Anunoby,0.57,-0.24,0.81,25476,12890,12586
1630596,Evan Mobley,0.23,-0.56,0.8,21992,10978,11014
1630183,Jaden McDaniels,0.44,-0.35,0.79,27806,13794,14012
1641711,Gradey Dick,0.75,-0.03,0.78,14066,7109,6957
1630598,Aaron Wiggins,0.56,-0.21,0.78,16972,8468,8504
1630532,Franz Wagner,0.66,-0.11,0.77,19955,10160,9795
1630552,Jalen Johnson,0.76,-0.01,0.77,19776,9877,9899
1630558,Davion Mitchell,0.4,-0.37,0.77,17629,8850,8779
1630215,Jared Butler,0.43,-0.33,0.76,6025,3031,2994
1642277,Johnny Furphy,0.66,-0.1,0.75,3758,1892,1866
1630572,Sandro Mamukelashvili,0.74,-0.01,0.75,9100,4609,4491
1630231,Kenyon Martin Jr.,0.57,-0.16,0.73,6033,3021,3012
1631212,Peyton Watson,0.17,-0.53,0.7,18203,8858,9345
1631170,Jaime Jaquez Jr.,0.73,0.03,0.7,19579,9668,9911
203999,Nikola Jokic,0.67,-0.02,0.69,29635,14782,14853
1631097,Bennedict Mathurin,0.48,-0.2,0.68,19019,9377,9642
1630545,Terrence Shannon Jr.,0.51,-0.15,0.67,2702,1358,1344
1627783,Pascal Siakam,0.25,-0.4,0.65,30765,15381,15384
1629630,Ja Morant,0.93,0.28,0.65,9671,4856,4815
1630171,Isaac Okoro,0.49,-0.16,0.65,17561,8663,8898
1642349,Ajay Mitchell,0.17,-0.47,0.64,6667,3399,3268
1641708,Amen Thompson,0.45,-0.17,0.62,22324,11402,10922
1629659,Talen Horton-Tucker,0.23,-0.38,0.61,6614,3248,3366
1630205,Lamar Stevens,0.54,-0.06,0.6,2670,1338,1332
203482,Kelly Olynyk,0.6,0.03,0.58,11155,5524,5631
204456,T.J. McConnell,0.03,-0.55,0.58,15313,7739,7574
1642877,ID_1642877,0.31,-0.28,0.58,2791,1406,1385
1630581,Josh Giddey,0.8,0.23,0.57,21243,10467,10776
1630314,Brandon Williams,1.3,0.73,0.57,6954,3401,3553
203114,Khris Middleton,0.31,-0.25,0.56,13672,6732,6940
1630169,Tyrese Haliburton,-0.04,-0.59,0.55,22159,11093,11066
1629614,Andrew Nembhard,0.35,-0.18,0.54,23405,11668,11737
1630228,Jonathan Kuminga,0.19,-0.33,0.52,14348,7181,7167
1628989,Kevin Huerter,0.43,-0.09,0.52,16297,8173,8124
1630230,Naji Marshall,0.64,0.12,0.52,18821,9168,9653
1642866,Joan Beringer,0.5,-0.0,0.51,757,385,372
1641824,Matas Buzelis,1.21,0.7,0.51,12511,6103,6408
1630570,Trendon Watford,0.59,0.08,0.51,8719,4338,4381
201950,Jrue Holiday,0.02,-0.5,0.51,22839,11326,11513
1628374,Lauri Markkanen,0.28,-0.22,0.5,17718,8861,8857
202695,Kawhi Leonard,0.24,-0.26,0.5,19179,9518,9661
1628404,Josh Hart,0.58,0.09,0.49,29901,15194,14707
1630591,Jalen Suggs,0.34,-0.16,0.49,14822,7553,7269
1627747,Caris LeVert,0.12,-0.38,0.49,17164,8607,8557
1642845,VJ Edgecombe,0.5,0.01,0.49,7659,3865,3794
1630696,Dru Smith,0.38,-0.1,0.48,5375,2648,2727
1629023,P.J. Washington,0.31,-0.17,0.48,23114,11416,11698
1626181,Norman Powell,0.71,0.23,0.48,21553,10751,10802
1642843,Cooper Flagg,0.48,0.01,0.48,6631,3244,3387
1631116,Patrick Baldwin Jr.,0.5,0.03,0.47,2439,1252,1187
202681,Kyrie Irving,-0.24,-0.7,0.47,17513,8748,8765
1628983,Shai Gilgeous-Alexander,-0.09,-0.56,0.47,30367,15499,14868
1627759,Jaylen Brown,0.53,0.06,0.47,27902,13867,14035
1630534,Ochai Agbaji,0.23,-0.23,0.46,15337,7596,7741
1641783,Tristan da Silva,-0.08,-0.55,0.46,10306,5237,5069
1628997,Caleb Martin,0.0,-0.45,0.45,14019,6969,7050
1630166,Deni Avdija,0.64,0.2,0.44,22940,11444,11496
1628389,Bam Adebayo,-0.09,-0.53,0.44,25919,12962,12957
1642868,Carter Bryant,0.2,-0.23,0.43,1815,877,938
1630531,Jaden Springer,0.5,0.07,0.43,3207,1602,1605
1629638,Nickeil Alexander-Walker,-0.02,-0.44,0.42,24289,12117,12172
1629060,Rui Hachimura,0.42,0.01,0.42,20298,9801,10497
1631105,Jalen Duren,0.58,0.16,0.42,19965,10076,9889
1631098,Johnny Davis,0.4,-0.02,0.42,3253,1653,1600
1627884,Derrick Jones Jr.,0.59,0.18,0.41,18792,9361,9431
1631169,Josh Minott,0.22,-0.19,0.41,3582,1797,1785
1642942,ID_1642942,0.59,0.18,0.41,1046,515,531
1626167,Myles Turner,0.08,-0.34,0.41,26214,12986,13228
1641989,ID_1641989,0.26,-0.16,0.41,1144,601,543
1641715,Cam Whitmore,1.01,0.62,0.4,7878,4020,3858
1627739,Kris Dunn,0.37,-0.03,0.4,17523,8729,8794
1642265,Rob Dillingham,0.87,0.46,0.4,3945,1968,1977
203937,Kyle Anderson,0.18,-0.22,0.4,12616,6329,6287
1642258,Zaccharie Risacher,0.79,0.4,0.39,11752,5940,5812
202699,Tobias Harris,0.29,-0.1,0.39,23402,11904,11498
1630553,Keon Johnson,0.23,-0.16,0.39,7078,3553,3525
1642259,Alexandre Sarr,0.09,-0.28,0.37,11276,5558,5718
1642363,Nique Clifford,0.2,-0.16,0.37,4907,2471,2436
1628976,Wendell Carter Jr.,0.16,-0.19,0.36,18193,9182,9011
1642402,Enrique Freeman,0.18,-0.18,0.36,712,374,338
1626162,Kelly Oubre Jr.,0.67,0.32,0.35,20324,10232,10092
1628415,Dillon Brooks,0.35,-0.01,0.35,23593,11977,11616
1642844,Dylan Harper,0.51,0.17,0.34,4113,2066,2047
1641774,Tristan Vukcevic,0.12,-0.21,0.34,4334,2086,2248
1628372,Dennis Smith Jr.,0.23,-0.11,0.34,3789,1925,1864
1627826,Ivica Zubac,-0.16,-0.51,0.34,22235,11033,11202
1630578,Alperen Sengun,-0.11,-0.44,0.33,24057,12264,11793
1642285,Cam Spencer,-0.04,-0.36,0.32,6319,3201,3118
1628998,Cody Martin,-0.01,-0.33,0.32,7334,3671,3663
1629645,Kevin Porter Jr.,0.05,-0.27,0.32,10242,5019,5223
203076,Anthony Davis,0.37,0.05,0.32,19689,9524,10165
1631230,Dominick Barlow,0.48,0.16,0.32,7799,3949,3850
1629627,Zion Williamson,0.37,0.05,0.32,16867,8474,8393
1628398,Kyle Kuzma,0.58,0.26,0.32,22155,10836,11319
1641706,Brandon Miller,-0.14,-0.45,0.31,17073,8583,8490
1631207,Dalen Terry,0.33,0.02,0.31,7800,3950,3850
1631243,Mouhamed Gueye,0.02,-0.28,0.3,5831,2972,2859
1631131,Oscar Tshiebwe,-0.25,-0.55,0.3,1444,755,689
1630639,AJ Lawson,0.7,0.41,0.29,3538,1797,1741
1642273,Kyshawn George,0.06,-0.23,0.29,12030,5957,6073
1629640,Keldon Johnson,-0.11,-0.4,0.29,20238,10109,10129
1642914,Javon Small,0.4,0.11,0.29,1921,947,974
1641726,Dereck Lively II,-0.29,-0.57,0.28,10081,5021,5060
1630172,Patrick Williams,0.36,0.08,0.27,14394,7133,7261
1641842,Ronald Holland II,0.38,0.12,0.26,8864,4480,4384
1630168,Onyeka Okongwu,0.37,0.1,0.26,19929,10027,9902
1630194,Paul Reed,0.52,0.26,0.26,9896,5131,4765
1629655,Daniel Gafford,0.11,-0.15,0.25,17082,8325,8757
1642262,Cody Williams,0.7,0.45,0.25,7496,3657,3839
1626157,Karl-Anthony Towns,-0.05,-0.29,0.24,27075,13696,13379
1628978,Donte DiVincenzo,0.14,-0.1,0.24,24889,12510,12379
1631159,Leonard Miller,0.38,0.14,0.24,1013,511,502
1642346,Ryan Dunn,-0.5,-0.73,0.23,9141,4581,4560
203944,Julius Randle,0.46,0.23,0.23,23625,11739,11886
1631124,Julian Strawther,0.4,0.18,0.23,9764,4801,4963
1630182,Josh Green,-0.07,-0.3,0.23,16288,8150,8138
201569,Eric Gordon,0.11,-0.11,0.23,10307,4994,5313
1627734,Domantas Sabonis,0.09,-0.14,0.23,21946,11174,10772
203897,Zach LaVine,0.09,-0.14,0.23,17503,8681,8822
1642867,Collin Murray-Boyles,0.16,-0.07,0.23,3762,1935,1827
1631123,Jamaree Bouyea,0.47,0.25,0.22,2413,1242,1171
203932,Aaron Gordon,0.14,-0.08,0.22,19563,9784,9779
1641713,GG Jackson,0.66,0.44,0.22,9363,4628,4735
1641747,DaRon Holmes II,0.04,-0.19,0.22,664,316,348
1630217,Desmond Bane,0.32,0.1,0.22,21735,10975,10760
202397,Ish Smith,0.2,-0.0,0.21,2702,1373,1329
1630167,Obi Toppin,0.41,0.2,0.21,15461,7806,7655
1630590,Scotty Pippen Jr.,0.58,0.36,0.21,9563,4787,4776
200768,Kyle Lowry,-0.22,-0.43,0.21,9146,4582,4564
1642878,Tyrese Proctor,0.17,-0.05,0.21,1637,841,796
203501,Tim Hardaway Jr.,-0.07,-0.28,0.21,23574,11676,11898
1629634,Brandon Clarke,0.1,-0.1,0.2,5212,2645,2567
1642353,Cam Christie,0.24,0.05,0.19,1591,743,848
1628370,Malik Monk,-0.36,-0.55,0.19,18655,9462,9193
1629673,Jordan Poole,0.11,-0.08,0.19,19899,9860,10039
203954,Joel Embiid,0.14,-0.05,0.19,11446,5642,5804
1629661,Cameron Johnson,0.23,0.04,0.19,16737,8413,8324
1630699,MarJon Beauchamp,0.24,0.06,0.18,2942,1467,1475
1631093,Jaden Ivey,0.06,-0.12,0.18,13896,6956,6940
202066,Garrett Temple,0.15,-0.02,0.17,2027,1019,1008
1628988,Aaron Holiday,0.08,-0.1,0.17,9734,4961,4773
1641710,Anthony Black,0.65,0.48,0.17,17448,8756,8692
1629750,Javonte Green,0.36,0.19,0.16,9724,4912,4812
1630191,Isaiah Stewart,-0.19,-0.35,0.16,14818,7364,7454
1641717,Cason Wallace,0.24,0.08,0.16,22077,11194,10883
202331,Paul George,-0.15,-0.31,0.16,17631,8828,8803
1630538,Nah'Shon Hyland,0.34,0.2,0.15,5684,2877,2807
1629013,Landry Shamet,-0.32,-0.47,0.15,8865,4524,4341
203957,Dante Exum,0.21,0.07,0.15,5983,2960,3023
1642857,ID_1642857,0.5,0.36,0.14,2323,1192,1131
1631157,Ryan Rollins,0.13,-0.01,0.14,10510,5152,5358
1631250,Pete Nance,-0.13,-0.27,0.14,1690,840,850
203952,Andrew Wiggins,0.13,-0.0,0.13,21465,10713,10752
1630528,Josh Christopher,0.22,0.09,0.13,262,125,137
201565,Derrick Rose,0.21,0.08,0.13,1468,729,739
1627780,Gary Payton II,0.24,0.12,0.12,9578,4782,4796
1641741,Ricky Council IV,0.37,0.25,0.12,5579,2784,2795
1642918,ID_1642918,-0.05,-0.16,0.12,338,175,163
1631109,Mark Williams,0.16,0.03,0.12,11432,5687,5745
1630296,Braxton Key,0.14,0.04,0.11,335,177,158
1629001,De'Anthony Melton,-0.13,-0.24,0.11,7096,3604,3492
1628366,Lonzo Ball,-0.06,-0.17,0.11,5785,2920,2865
1642272,Jared McCain,0.02,-0.09,0.11,5461,2768,2693
1631301,ID_1631301,0.03,-0.08,0.11,398,189,209
1630618,D.J. Carton,0.07,-0.04,0.11,268,123,145
1642271,Kyle Filipowski,-0.01,-0.11,0.11,10639,5275,5364
1642484,RayJ Dennis,0.23,0.13,0.1,979,506,473
1631321,Sidy Cissoko,0.18,0.08,0.1,5524,2762,2762
202710,Jimmy Butler,-0.15,-0.25,0.1,19387,9688,9699
1628969,Mikal Bridges,-0.1,-0.2,0.1,31803,16020,15783
1630170,Devin Vassell,0.19,0.1,0.09,21859,10751,11108
201976,Patrick Beverley,-0.19,-0.27,0.09,6036,2983,3053
1631107,Nikola Jovic,0.19,0.1,0.09,11251,5520,5731
1642449,ID_1642449,0.09,-0.0,0.09,369,202,167
1629650,Moses Brown,-0.15,-0.24,0.09,1199,599,600
1630625,Dalano Banton,0.11,0.02,0.08,8125,4075,4050
1628972,Troy Brown Jr.,0.04,-0.04,0.08,3007,1473,1534
1629670,Jordan Nwora,0.39,0.31,0.08,2658,1303,1355
1631173,Terquavion Smith,0.14,0.07,0.07,325,164,161
1641761,ID_1641761,0.02,-0.05,0.07,106,54,52
202704,Reggie Jackson,-0.17,-0.24,0.07,8375,4208,4167
1629622,Max Strus,-0.18,-0.26,0.07,15510,7754,7756
1628995,Kevin Knox II,0.14,0.07,0.07,2516,1306,1210
1642024,Alex Reese,0.06,-0.01,0.07,830,406,424
1642404,Chaz Lanier,0.02,-0.04,0.07,688,361,327
1642347,Jamal Shead,-0.1,-0.17,0.07,10392,5329,5063
201949,James Johnson,0.01,-0.05,0.06,349,181,168
1626156,D'Angelo Russell,0.34,0.29,0.06,17628,8600,9028
1630537,Chris Duarte,-0.15,-0.21,0.06,2915,1474,1441
1630577,Julian Champagnie,0.12,0.06,0.06,19628,9734,9894
1630539,Kai Jones,0.01,-0.06,0.06,1689,831,858
1630647,Eugene Omoruyi,0.18,0.11,0.06,1481,746,735
1630702,Jaden Hardy,0.01,-0.05,0.06,9565,4734,4831
1628971,Bruce Brown,0.08,0.01,0.06,16213,8057,8156
1642905,Yang Hansen,0.12,0.07,0.05,1013,492,521
1630227,Daishen Nix,0.1,0.05,0.05,218,119,99
1631102,TyTy Washington Jr.,-0.04,-0.09,0.05,760,376,384
1628408,PJ Dozier,0.09,0.04,0.05,115,52,63
1641763,Julian Phillips,-0.12,-0.18,0.05,6691,3326,3365
1641765,Olivier-Maxence Prosper,0.42,0.37,0.05,5785,2847,2938
1630197,Aleksej Pokusevski,-0.01,-0.05,0.04,1463,705,758
203901,Elfrid Payton,0.1,0.06,0.04,1918,945,973
1643133,ID_1643133,0.16,0.12,0.04,191,100,91
203471,Dennis Schroder,-0.4,-0.43,0.04,22377,11090,11287
1642358,AJ Johnson,0.23,0.19,0.04,3459,1709,1750
1631112,Kendall Brown,0.04,0.01,0.03,279,135,144
1629675,Naz Reid,-0.16,-0.19,0.03,23600,11910,11690
1630530,Trey Murphy III,0.19,0.16,0.03,21375,10719,10656
1642377,Jaylen Wells,0.13,0.1,0.03,14097,7124,6973
1629006,Josh Okogie,0.21,0.18,0.03,9840,4872,4968
1630240,Saben Lee,0.02,0.0,0.02,664,307,357
1631209,Isaiah Wong,-0.16,-0.17,0.02,902,464,438
1630585,Marcus Garrett,-0.01,-0.02,0.01,290,136,154
1627732,Ben Simmons,0.12,0.11,0.01,5419,2723,2696
1641803,Tristen Newton,0.03,0.02,0.01,69,39,30
201152,Thaddeus Young,-0.02,-0.04,0.01,1627,810,817
1630556,Kessler Edwards,0.1,0.09,0.01,3254,1598,1656
1630678,Terry Taylor,0.01,-0.0,0.01,704,357,347
1641877,Nathan Mensah,-0.0,-0.02,0.01,1073,544,529
1631094,Paolo Banchero,0.43,0.43,0.0,23251,11701,11550
1631257,Jermaine Samuels Jr.,0.08,0.08,-0.0,221,115,106
1627746,Skal Labissiere,-0.02,-0.02,0.0,178,92,86
1631106,Tari Eason,0.22,0.22,-0.0,11369,5813,5556
1629117,Wenyen Gabriel,0.05,0.05,0.0,282,139,143
1628973,Jalen Brunson,-0.26,-0.25,-0.01,29763,15198,14565
1629631,De'Andre Hunter,-0.06,-0.04,-0.01,18038,9051,8987
1642400,ID_1642400,-0.03,-0.02,-0.01,75,45,30
1626179,Terry Rozier,-0.11,-0.09,-0.01,13497,6762,6735
201567,Kevin Love,-0.07,-0.06,-0.01,6526,3248,3278
1630547,James Bouknight,-0.01,-0.0,-0.01,278,144,134
1641780,ID_1641780,-0.01,0.01,-0.01,200,107,93
1628424,Kobi Simmons,0.07,0.08,-0.01,242,115,127
1630264,Anthony Gill,0.24,0.25,-0.01,4591,2296,2295
1631451,ID_1631451,0.09,0.1,-0.01,349,180,169
1630198,Isaiah Joe,-0.32,-0.31,-0.01,17118,8734,8384
1630177,Theo Maledon,-0.07,-0.05,-0.02,792,409,383
1630207,Nate Hinton,0.11,0.12,-0.02,284,150,134
203648,Thanasis Antetokounmpo,0.04,0.06,-0.02,754,389,365
203469,Cody Zeller,0.02,0.04,-0.02,1210,621,589
1631165,Keon Ellis,-0.2,-0.18,-0.02,14266,7233,7033
1631200,Kris Murray,0.55,0.57,-0.02,12564,6411,6153
1627763,Malcolm Brogdon,-0.22,-0.2,-0.02,6179,3063,3116
1629717,Armoni Brooks,0.0,0.03,-0.02,406,208,198
201939,Stephen Curry,0.19,0.2,-0.02,23312,11752,11560
1630619,Moussa Cisse,0.17,0.19,-0.02,1550,757,793
1629611,Terance Mann,-0.05,-0.03,-0.02,17577,8750,8827
1641731,Bilal Coulibaly,0.33,0.35,-0.02,17747,8736,9011
1642066,ID_1642066,0.05,0.07,-0.02,1063,579,484
1641787,Tosan Evbuomwan,0.15,0.17,-0.02,3677,1862,1815
1629610,DaQuan Jeffries,-0.29,-0.26,-0.03,4167,2039,2128
1626220,Royce O'Neale,-0.22,-0.19,-0.03,20917,10398,10519
1631260,A.J. Green,-0.43,-0.4,-0.03,15329,7579,7750
1628418,Thomas Bryant,0.03,0.06,-0.03,7477,3735,3742
1642450,Daniss Jenkins,0.35,0.37,-0.03,3213,1678,1535
1630610,DeJon Jarreau,0.06,0.09,-0.03,566,291,275
1630285,Zavier Simpson,0.0,0.03,-0.03,606,325,281
1641815,ID_1641815,-0.05,-0.02,-0.03,166,86,80
1641735,Amari Bailey,-0.01,0.02,-0.03,239,114,125
1641755,Kevin McCullar Jr.,-0.07,-0.04,-0.03,552,266,286
1641801,ID_1641801,-0.01,0.02,-0.03,190,96,94
1630184,Kira Lewis Jr.,-0.02,0.01,-0.03,987,477,510
1643024,Chris Mañon,-0.03,0.02,-0.04,74,37,37
1641752,Bobi Klintman,0.07,0.11,-0.04,384,205,179
1631342,ID_1631342,0.08,0.12,-0.04,1402,724,678
1630658,Colin Castleton,0.2,0.23,-0.04,1859,932,927
1642280,Trentyn Flowers,-0.03,0.01,-0.04,111,56,55
1641809,Drew Peterson,-0.14,-0.1,-0.04,964,491,473
1630811,Keaton Wallace,-0.16,-0.12,-0.05,3600,1788,1812
203109,Jae Crowder,-0.01,0.05,-0.05,4796,2377,2419
1629022,Lonnie Walker IV,0.28,0.33,-0.05,5483,2752,2731
1629642,Nassir Little,0.13,0.18,-0.05,1719,829,890
1641890,Tyler Smith,-0.12,-0.07,-0.05,427,211,216
1643018,ID_1643018,-0.04,0.02,-0.05,25,14,11
1631220,Dereon Seabron,-0.04,0.01,-0.05,199,92,107
1629232,Kaiser Gates,-0.02,0.03,-0.06,30,14,16
1642928,Dylan Cardwell,-0.1,-0.04,-0.06,2131,1098,1033
1630562,Matt Hurt,-0.06,0.01,-0.06,398,195,203
1642389,ID_1642389,-0.0,0.06,-0.06,10,5,5
1641817,Anton Watson,-0.04,0.03,-0.06,78,40,38
1641871,Duop Reath,0.15,0.21,-0.07,7117,3646,3471
1641771,Jalen Slawson,-0.02,0.05,-0.07,129,65,64
1642385,Cui Yongxi,-0.0,0.07,-0.07,33,18,15
1642955,ID_1642955,-0.04,0.03,-0.07,244,127,117
1641736,Reece Beekman,-0.08,-0.01,-0.07,1636,852,784
1641806,Markquis Nowell,-0.03,0.05,-0.07,11,6,5
1630564,RaiQuan Gray,-0.02,0.05,-0.07,150,74,76
1626143,Jahlil Okafor,-0.03,0.04,-0.07,15,9,6
1629656,Quentin Grimes,0.2,0.27,-0.07,17715,8815,8900
1628401,Derrick White,-0.41,-0.34,-0.07,30025,14996,15029
1628977,Hamidou Diallo,-0.02,0.04,-0.07,19,14,5
1629677,Luka Samanic,0.02,0.1,-0.07,1524,728,796
1630196,Filip Petrusev,-0.03,0.04,-0.07,32,14,18
202738,Isaiah Thomas,-0.01,0.06,-0.07,88,39,49
1628371,Jonathan Isaac,-0.13,-0.06,-0.07,9558,4909,4649
1642399,Jesse Edwards,-0.03,0.04,-0.07,15,8,7
1628962,Udoka Azubuike,-0.07,-0.0,-0.07,419,195,224
1627885,Shaquille Harrison,-0.05,0.04,-0.08,20,10,10
1628382,Justin Jackson,-0.04,0.05,-0.08,2,0,2
1630622,Jalen Crutcher,-0.04,0.04,-0.08,9,4,5
1630186,Jahmi'us Ramsey,0.05,0.13,-0.08,453,213,240
1642967,ID_1642967,-0.07,0.01,-0.08,46,24,22
1642384,Isaiah Crawford,-0.02,0.06,-0.08,334,168,166
203939,Dwight Powell,-0.01,0.06,-0.08,7611,3801,3810
1627788,Furkan Korkmaz,0.14,0.22,-0.08,1073,540,533
1630563,Joshua Primo,-0.02,0.05,-0.08,41,17,24
1641723,Kobe Bufkin,-0.09,-0.01,-0.08,1489,746,743
1630204,Ashton Hagans,-0.01,0.06,-0.08,1084,576,508
1642013,Malik Williams,-0.05,0.03,-0.08,395,192,203
1642938,ID_1642938,-0.1,-0.02,-0.08,116,52,64
1630606,Javonte Smart,-0.04,0.05,-0.08,3,0,3
1628970,Miles Bridges,-0.11,-0.03,-0.08,23886,11908,11978
1641737,Adem Bona,-0.27,-0.19,-0.08,6832,3408,3424
1642911,ID_1642911,-0.05,0.03,-0.08,11,5,6
1642279,Ulrich Chomche,-0.02,0.05,-0.08,98,49,49
1630259,Jordan Ford,-0.05,0.02,-0.08,75,39,36
1630222,Mason Jones,-0.09,-0.01,-0.08,258,131,127
1629056,Terence Davis,-0.06,0.02,-0.08,30,14,16
1641790,PJ Hall,-0.26,-0.16,-0.09,1001,492,509
1641793,D'Moi Hodge,-0.03,0.06,-0.09,145,67,78
1630283,ID_1630283,-0.05,0.04,-0.09,515,251,264
1641807,ID_1641807,-0.05,0.04,-0.09,10,4,6
1631111,Wendell Moore Jr.,0.16,0.25,-0.09,2427,1252,1175
1642849,Nolan Traore,0.2,0.3,-0.09,3165,1581,1584
1630284,Kevon Harris,-0.05,0.05,-0.09,24,10,14
1642468,ID_1642468,-0.05,0.04,-0.09,9,4,5
1642050,ID_1642050,-0.02,0.08,-0.09,190,106,84
1631127,Harrison Ingram,-0.05,0.04,-0.09,183,98,85
1642434,Riley Minix,0.0,0.09,-0.09,57,33,24
1641788,Alex Fudge,0.01,0.09,-0.09,144,70,74
1628380,Zach Collins,-0.41,-0.32,-0.09,10188,5069,5119
1629098,Jack McVeigh,-0.11,-0.01,-0.09,160,77,83
202330,Gordon Hayward,0.19,0.28,-0.09,4770,2402,2368
1630608,Malcolm Cazalon,-0.04,0.05,-0.09,9,5,4
1631232,ID_1631232,0.08,0.17,-0.09,1224,601,623
201980,Danny Green,-0.02,0.07,-0.09,69,35,34
1631376,Dmytro Skapintsev,-0.04,0.05,-0.09,7,4,3
201577,Robin Lopez,-0.06,0.03,-0.09,232,117,115
1626246,Boban Marjanovic,-0.03,0.07,-0.1,278,133,145
1627853,Ryan Arcidiacono,-0.08,0.01,-0.1,162,75,87
1631167,Izaiah Brockington,-0.04,0.07,-0.1,23,13,10
1642443,Jahmir Young,-0.07,0.03,-0.1,299,153,146
1641879,ID_1641879,-0.06,0.04,-0.1,62,36,26
203933,T.J. Warren,-0.04,0.05,-0.1,514,277,237
1630688,Ish Wainright,-0.03,0.08,-0.1,211,117,94
1631255,Karlo Matkovic,0.22,0.32,-0.1,5533,2752,2781
1630561,David Duke Jr.,-0.06,0.04,-0.1,317,160,157
1631104,Blake Wesley,0.21,0.31,-0.1,6825,3401,3424
1630762,ID_1630762,-0.12,-0.03,-0.1,169,88,81
1629003,Shake Milton,-0.01,0.1,-0.1,5182,2612,2570
1629718,Charles Brown Jr.,-0.06,0.04,-0.1,130,67,63
1628391,D.J. Wilson,-0.05,0.05,-0.1,50,25,25
1641970,Maozinha Pereira,0.05,0.14,-0.1,430,225,205
1631214,Alondes Williams,-0.07,0.02,-0.1,423,213,210
1641740,Jaylen Clark,-0.09,0.02,-0.11,4602,2328,2274
1641749,Keyontae Johnson,0.01,0.12,-0.11,232,115,117
1641926,Dexter Dennis,0.04,0.15,-0.11,119,55,64
1628373,Frank Ntilikina,-0.08,0.04,-0.11,161,82,79
1629029,Luka Doncic,-0.05,0.06,-0.11,26772,13229,13543
1631166,ID_1631166,0.19,0.3,-0.11,1440,724,716
1641794,Dillon Jones,0.04,0.15,-0.11,2252,1157,1095
1641851,Timmy Allen,-0.09,0.02,-0.11,469,252,217
1641779,Jalen Bridges,-0.08,0.03,-0.11,99,46,53
1628385,Harry Giles III,-0.06,0.06,-0.11,392,202,190
1629234,Drew Eubanks,-0.13,-0.03,-0.11,8966,4350,4616
1629603,Mamadi Diakite,0.01,0.12,-0.11,120,62,58
1629002,Chimezie Metu,0.1,0.21,-0.11,3039,1484,1555
1642917,ID_1642917,-0.04,0.07,-0.11,8,3,5
1629308,Juan Toscano-Anderson,-0.04,0.07,-0.11,193,95,98
1628991,Jaren Jackson Jr.,-0.27,-0.17,-0.11,22405,11185,11220
1642910,ID_1642910,-0.07,0.04,-0.11,34,16,18
1641847,Andrew Funk,-0.02,0.08,-0.11,50,28,22
203925,Joe Harris,-0.03,0.08,-0.11,628,309,319
1630192,Zeke Nnaji,-0.06,0.05,-0.11,6470,3175,3295
1642886,ID_1642886,-0.04,0.08,-0.12,86,39,47
1631298,Jack White,-0.09,0.03,-0.12,239,128,111
1630586,Usman Garuba,-0.05,0.08,-0.12,65,31,34
1626164,Devin Booker,-0.52,-0.4,-0.12,25422,12583,12839
1630621,Hunter Dickinson,-0.07,0.05,-0.12,36,14,22
1630623,ID_1630623,0.02,0.13,-0.12,659,341,318
1631386,Taze Moore,-0.03,0.1,-0.12,235,127,108
1629716,Marques Bolden,0.0,0.12,-0.12,444,203,241
1630554,Jason Preston,-0.07,0.05,-0.12,288,142,146
1630163,LaMelo Ball,-0.19,-0.07,-0.12,13854,7079,6775
1642874,ID_1642874,0.34,0.46,-0.12,3383,1702,1681
1641721,Maxwell Lewis,0.01,0.13,-0.12,1497,754,743
1631222,Jake LaRavia,0.12,0.24,-0.12,13777,6852,6925
1641778,Leaky Black,0.0,0.12,-0.12,1268,637,631
203493,Reggie Bullock,0.11,0.24,-0.12,1552,772,780
1642260,Nikola Topić,-0.09,0.04,-0.12,180,88,92
1631211,Trevor Keels,-0.06,0.06,-0.12,13,7,6
1629623,Lindell Wigginton,-0.05,0.07,-0.12,29,11,18
1641878,ID_1641878,-0.03,0.09,-0.12,1373,679,694
1629010,Jerome Robinson,-0.04,0.09,-0.13,303,159,144
1642282,ID_1642282,-0.05,0.08,-0.13,96,47,49
1628467,Maxi Kleber,-0.39,-0.26,-0.13,7623,3737,3886
1642884,ID_1642884,-0.09,0.05,-0.13,32,19,13
1629669,Jaylen Nowell,-0.05,0.08,-0.13,1403,711,692
1642502,Malevy Leons,-0.03,0.09,-0.13,252,132,120
1630181,R.J. Hampton,-0.03,0.1,-0.13,286,138,148
1627745,Damian Jones,-0.0,0.13,-0.13,941,462,479
1631338,Mouhamadou Gueye,0.06,0.19,-0.13,447,204,243
1642357,David Jones Garcia,0.08,0.21,-0.13,238,128,110
1630644,Mac McClung,0.0,0.13,-0.13,243,136,107
1643141,ID_1643141,-0.08,0.05,-0.13,103,48,55
1626196,Josh Richardson,-0.19,-0.05,-0.14,4443,2197,2246
1642276,Kel'el Ware,-0.27,-0.13,-0.14,10727,5248,5479
1630557,Corey Kispert,-0.33,-0.19,-0.14,17108,8443,8665
1627814,Damion Lee,-0.04,0.1,-0.14,522,255,267
1642863,Khaman Maluach,0.08,0.22,-0.14,476,247,229
202709,Cory Joseph,-0.18,-0.04,-0.14,3666,1886,1780
1626158,Richaun Holmes,0.09,0.24,-0.15,4000,2020,1980
1630174,Aaron Nesmith,-0.03,0.12,-0.15,19742,9906,9836
1641789,Jazian Gortman,-0.14,0.01,-0.15,206,103,103
1642950,ID_1642950,-0.19,-0.04,-0.15,409,212,197
1641754,Seth Lundy,-0.09,0.06,-0.15,181,80,101
203095,Evan Fournier,-0.03,0.11,-0.15,2099,1044,1055
1631100,AJ Griffin,-0.09,0.06,-0.15,624,315,309
1629680,Matisse Thybulle,0.15,0.3,-0.15,7054,3574,3480
1631247,Luke Travers,-0.03,0.12,-0.15,765,387,378
1630641,Ibou Badji,-0.03,0.13,-0.16,790,396,394
204001,Kristaps Porzingis,0.18,0.33,-0.16,14114,6927,7187
1630243,Trevelin Queen,-0.05,0.11,-0.16,2040,1014,1026
1641931,Onuralp Bitim,-0.09,0.07,-0.16,979,491,488
202722,Davis Bertans,-0.18,-0.02,-0.16,2399,1216,1183
1631288,Jamal Cain,0.01,0.17,-0.16,3276,1638,1638
1630604,E.J. Liddell,-0.08,0.09,-0.16,476,232,244
1642530,Yuki Kawamura,0.05,0.21,-0.16,648,316,332
1629162,Jordan McLaughlin,-0.23,-0.06,-0.16,4071,2068,2003
1642439,Quincy Olivari,-0.07,0.09,-0.16,42,21,21
1642873,Amari Williams,-0.05,0.11,-0.16,417,204,213
1631205,Buddy Boeheim,-0.15,0.02,-0.17,354,178,176
1641772,ID_1641772,0.23,0.4,-0.17,3299,1664,1635
1631095,Jabari Smith Jr.,-0.03,0.13,-0.17,23242,11829,11413
1641725,Trey Alexander,-0.13,0.04,-0.17,612,314,298
1629599,Amir Coffey,0.13,0.31,-0.17,13418,6597,6821
1630929,Henri Drell,-0.05,0.12,-0.17,112,62,50
1641857,Liam Robbins,-0.15,0.02,-0.17,185,98,87
1629875,Xavier Moon,-0.03,0.13,-0.17,465,238,227
1631262,Jules Bernard,-0.02,0.16,-0.17,578,313,265
1626174,Christian Wood,-0.11,0.06,-0.17,3166,1505,1661
1642935,ID_1642935,-0.07,0.11,-0.18,53,26,27
1630600,Isaiah Mobley,-0.06,0.12,-0.18,315,160,155
1641936,Miles Norris,-0.08,0.09,-0.18,131,64,67
1642933,ID_1642933,-0.07,0.11,-0.18,172,78,94
1631204,Marcus Sasser,-0.25,-0.07,-0.18,8509,4301,4208
1630256,Jae'Sean Tate,-0.11,0.07,-0.18,7025,3574,3451
1643007,Taelon Peter,-0.08,0.1,-0.18,1069,533,536
202693,Markieff Morris,0.02,0.2,-0.18,1472,726,746
1642368,N'Faly Dante,-0.09,0.09,-0.18,254,132,122
1641729,Brice Sensabaugh,0.06,0.23,-0.18,12378,6085,6293
203924,Jerami Grant,-0.12,0.06,-0.18,17652,8878,8774
1642855,ID_1642855,-0.07,0.11,-0.18,25,14,11
1642396,ID_1642396,-0.05,0.14,-0.19,347,174,173
1627863,Danuel House Jr.,0.18,0.38,-0.19,1845,936,909
1631210,Jacob Toppin,-0.12,0.08,-0.19,436,220,216
1630175,Cole Anthony,-0.58,-0.39,-0.19,13199,6696,6503
1629639,Tyler Herro,-0.17,0.02,-0.19,18372,9092,9280
1642885,ID_1642885,-0.22,-0.03,-0.19,1441,734,707
1642505,Alex Ducas,-0.13,0.05,-0.19,474,244,230
1641753,Chris Livingston,-0.04,0.14,-0.19,763,382,381
203490,Otto Porter Jr.,-0.07,0.12,-0.19,642,333,309
1641813,Mark Sears,-0.09,0.12,-0.2,76,39,37
1630165,Killian Hayes,0.1,0.31,-0.2,4604,2295,2309
1642949,Yanic Konan Niederhäuser,-0.13,0.07,-0.2,1441,694,747
1641748,Andre Jackson Jr.,-0.21,-0.0,-0.2,6568,3259,3309
1630214,Xavier Tillman,-0.27,-0.07,-0.2,5056,2558,2498
1628984,Devonte' Graham,-0.11,0.08,-0.2,1149,572,577
1630846,Olivier Sarr,-0.1,0.1,-0.2,350,168,182
1626153,Delon Wright,-0.37,-0.17,-0.2,5485,2747,2738
1631254,Kenneth Lofton Jr.,-0.12,0.08,-0.2,750,373,377
202694,Marcus Morris Sr.,-0.25,-0.03,-0.21,3399,1730,1669
1641764,Brandin Podziemski,-0.34,-0.13,-0.21,21201,10803,10398
1629674,Neemias Queta,-0.46,-0.25,-0.21,9720,4941,4779
1629007,Jontay Porter,-0.02,0.19,-0.21,1340,661,679
1630703,Scoot Henderson,-0.06,0.16,-0.21,13947,7061,6886
1642853,Rasheer Fleming,0.23,0.45,-0.21,1077,543,534
203458,Alex Len,-0.58,-0.37,-0.21,3037,1553,1484
1641854,Craig Porter,-0.05,0.16,-0.21,8047,4017,4030
1631306,Cole Swider,-0.06,0.16,-0.22,958,499,459
1642864,Hugo González,-0.32,-0.1,-0.22,3268,1685,1583
1630201,Malachi Flynn,-0.06,0.15,-0.22,3381,1679,1702
1628396,Tony Bradley,0.02,0.24,-0.22,2149,1116,1033
1630535,Greg Brown III,0.02,0.24,-0.22,164,74,90
1630527,Brandon Boston Jr.,-0.2,0.02,-0.22,5044,2532,2512
1629021,Moritz Wagner,-0.43,-0.21,-0.22,8196,4143,4053
1630288,Jeff Dowtin,-0.17,0.05,-0.22,2797,1410,1387
1630188,Jalen Smith,0.05,0.28,-0.23,11497,5769,5728
1642352,Keshad Johnson,-0.02,0.22,-0.23,1053,529,524
1630649,Stanley Umude,-0.14,0.09,-0.23,1426,692,734
1629139,Yuta Watanabe,-0.25,-0.02,-0.23,1686,831,855
1631108,Max Christie,-0.16,0.08,-0.24,17840,8578,9262
1628426,Sasha Vezenkov,-0.12,0.12,-0.24,1877,958,919
1641707,Taylor Hendricks,0.52,0.76,-0.24,6293,3132,3161
1631213,Tyrese Martin,-0.02,0.22,-0.24,7480,3826,3654
1628369,Jayson Tatum,-0.44,-0.2,-0.24,23637,11759,11878
1630219,Skylar Mays,-0.16,0.08,-0.24,1567,813,754
1626166,Cameron Payne,-0.54,-0.29,-0.25,9740,4928,4812
1642959,Chris Youngblood,-0.31,-0.06,-0.25,654,316,338
1642422,Armel Traoré,-0.09,0.15,-0.25,231,115,116
1629026,Kenrich Williams,-0.28,-0.03,-0.25,10912,5508,5404
1641727,Dariq Whitehead,-0.04,0.21,-0.25,977,506,471
1641750,Ryan Kalkbrenner,-0.34,-0.09,-0.25,4248,2100,2148
1631119,Jaylin Williams,-0.4,-0.15,-0.25,10732,5383,5349
1629632,Coby White,-0.68,-0.44,-0.25,23456,11684,11772
1641798,Jaylen Martin,-0.33,-0.07,-0.26,876,437,439
1626224,Cedi Osman,0.0,0.26,-0.26,4815,2413,2402
1630540,Miles McBride,-0.61,-0.35,-0.26,16576,8472,8104
201580,JaVale McGee,-0.1,0.16,-0.26,1272,650,622
1629004,Svi Mykhailiuk,-0.23,0.03,-0.26,8821,4462,4359
1631241,Javon Freeman-Liberty,-0.02,0.24,-0.26,1501,745,756
1626172,Kevon Looney,-0.59,-0.32,-0.27,10253,5216,5037
1630583,Santi Aldama,-0.55,-0.27,-0.27,17486,8783,8703
1631101,Shaedon Sharpe,0.15,0.42,-0.27,17948,9034,8914
1627751,Jakob Poeltl,0.24,0.52,-0.27,13798,6924,6874
1631367,Jacob Gilyard,-0.37,-0.1,-0.27,2508,1272,1236
1641810,Antonio Reeves,0.05,0.32,-0.27,2639,1337,1302
1641745,Adam Flagler,-0.28,-0.01,-0.27,806,412,394
1628365,Markelle Fultz,0.02,0.28,-0.27,4225,2141,2084
1629052,Oshae Brissett,0.07,0.34,-0.28,3081,1553,1528
1629618,Jalen Pickett,-0.61,-0.34,-0.28,5564,2742,2822
201145,Jeff Green,0.05,0.33,-0.28,6757,3383,3374
1630611,Gui Santos,-0.31,-0.03,-0.28,6737,3485,3252
1626204,Larry Nance Jr.,-0.33,-0.05,-0.28,7563,3788,3775
1631099,Keegan Murray,-0.22,0.06,-0.28,22130,11214,10916
203496,Robert Covington,-0.06,0.22,-0.28,1748,879,869
1641766,Adama Sanogo,-0.12,0.16,-0.28,314,172,142
1629637,Jaxson Hayes,-0.29,-0.01,-0.28,10579,5112,5467
1631303,Justin Minaya,-0.11,0.18,-0.28,1719,896,823
1641775,Jordan Walsh,-0.2,0.08,-0.28,5436,2745,2691
1629312,Haywood Highsmith,-0.55,-0.27,-0.29,12076,5983,6093
1642964,Brooks Barnhizer,-0.39,-0.1,-0.29,919,436,483
1629678,Admiral Schofield,-0.16,0.13,-0.29,287,128,159
1627824,Guerschon Yabusele,-0.36,-0.07,-0.29,9005,4523,4482
1642261,Dalton Knecht,-0.71,-0.42,-0.29,7172,3521,3651
1629685,Dylan Windler,-0.14,0.16,-0.3,393,187,206
1627736,Malik Beasley,-0.46,-0.17,-0.3,18479,9186,9293
1642403,Isaac Jones,-0.24,0.06,-0.3,1163,590,573
1641732,Colby Jones,-0.45,-0.16,-0.3,2606,1320,1286
1642274,Yves Missi,-0.11,0.19,-0.3,11153,5642,5511
202083,Wesley Matthews,-0.21,0.09,-0.3,1526,764,762
203992,Bogdan Bogdanovic,-0.59,-0.28,-0.3,15740,7967,7773
1641757,Jordan Miller,0.2,0.51,-0.31,4408,2128,2280
1642359,Pacôme Dadiet,-0.29,0.02,-0.31,651,316,335
1642859,Jase Richardson,-0.15,0.15,-0.31,1804,920,884
1628392,Isaiah Hartenstein,-0.28,0.02,-0.31,19684,10063,9621
201568,Danilo Gallinari,-0.37,-0.06,-0.31,2403,1169,1234
1642275,Tidjane Salaün,-0.35,-0.04,-0.31,6542,3249,3293
1642281,Jaylon Tyson,0.26,0.57,-0.31,7723,3897,3826
1641738,Kobe Brown,-0.24,0.07,-0.31,4301,2117,2184
1642876,ID_1642876,-0.1,0.21,-0.31,352,176,176
1628966,Keita Bates-Diop,-0.2,0.12,-0.32,2317,1121,1196
1642856,Egor Dëmin,0.29,0.61,-0.32,4879,2464,2415
1629647,Darius Bazley,-0.21,0.11,-0.32,580,283,297
1630559,Austin Reaves,-0.25,0.07,-0.32,24779,11996,12783
1642862,Liam McNeeley,-0.24,0.08,-0.32,1224,618,606
1630346,Matt Ryan,-0.2,0.12,-0.32,1721,842,879
201572,Brook Lopez,-0.21,0.1,-0.32,23224,11263,11961
203994,Jusuf Nurkic,-0.03,0.29,-0.32,16128,7966,8162
203995,Vasilije Micic,-0.23,0.11,-0.33,7065,3484,3581
201959,Taj Gibson,-0.24,0.09,-0.33,2252,1124,1128
1631223,David Roddy,-0.27,0.07,-0.33,5820,2918,2902
1631323,Simone Fontecchio,0.07,0.41,-0.34,14700,7401,7299
201942,DeMar DeRozan,-0.5,-0.16,-0.34,28417,14325,14092
1630679,ID_1630679,-0.38,-0.04,-0.34,1256,650,606
1631218,Trayce Jackson-Davis,-0.31,0.03,-0.34,9804,4943,4861
1628981,Bruno Fernando,-0.26,0.09,-0.35,2945,1483,1462
203200,Justin Holiday,-0.03,0.32,-0.35,3651,1848,1803
1630536,Sharife Cooper,-0.01,0.34,-0.35,1197,598,599
1626192,Pat Connaughton,-0.48,-0.13,-0.36,9728,4770,4958
1630695,Micah Potter,-0.11,0.25,-0.36,5257,2560,2697
1631120,JD Davison,-0.05,0.31,-0.36,1118,554,564
1642263,Reed Sheppard,0.01,0.37,-0.36,8280,4195,4085
203084,Harrison Barnes,-0.46,-0.11,-0.36,23591,11773,11818
1630173,Precious Achiuwa,0.29,0.66,-0.37,15319,7672,7647
1629660,Ty Jerome,-0.54,-0.17,-0.37,6660,3346,3314
1629629,Cam Reddish,-0.22,0.15,-0.37,5827,2833,2994
1642848,Tre Johnson,-0.36,0.01,-0.37,4346,2172,2174
1630550,JT Thor,-0.46,-0.09,-0.37,3743,1878,1865
1631133,Jabari Walker,0.38,0.75,-0.37,11422,5847,5575
1642354,KJ Simpson,-0.07,0.29,-0.37,3994,1978,2016
1627827,Dorian Finney-Smith,-0.81,-0.44,-0.37,15646,7738,7908
201988,Patty Mills,-0.33,0.05,-0.38,2878,1470,1408
1629012,Collin Sexton,0.18,0.55,-0.38,18612,9205,9407
1631199,Ron Harper Jr.,-0.26,0.12,-0.38,753,400,353
1641739,Toumani Camara,-0.22,0.16,-0.38,23907,12108,11799
1642461,Spencer Jones,-0.24,0.15,-0.39,4838,2364,2474
202711,Bojan Bogdanovic,-0.32,0.07,-0.39,5596,2783,2813
1628464,Daniel Theis,-0.32,0.07,-0.39,6131,3114,3017
1642355,Bronny James,-0.02,0.37,-0.39,1455,724,731
204060,Joe Ingles,-0.28,0.1,-0.39,4991,2511,2480
1642882,ID_1642882,-0.23,0.16,-0.39,204,109,95
1629057,Robert Williams III,-0.15,0.24,-0.39,4420,2194,2226
1630164,James Wiseman,-0.25,0.13,-0.39,4250,2098,2152
1628975,Jevon Carter,-0.39,0.01,-0.4,6500,3329,3171
1630322,Lindy Waters III,-0.56,-0.16,-0.4,4727,2429,2298
1628381,John Collins,-0.52,-0.12,-0.4,16998,8368,8630
1630543,Isaiah Jackson,0.11,0.51,-0.41,6221,3148,3073
1642851,Kon Knueppel,-0.2,0.21,-0.41,7268,3657,3611
201143,Al Horford,-0.5,-0.08,-0.41,18996,9493,9503
1628427,Vlatko Cancar,-0.12,0.3,-0.41,533,274,259
1630235,Trent Forrest,-0.25,0.15,-0.41,1459,738,721
1641724,Jett Howard,-0.23,0.19,-0.42,4380,2239,2141
1642869,ID_1642869,-0.09,0.34,-0.42,1968,1010,958
1642880,ID_1642880,-0.09,0.33,-0.42,1296,626,670
1642846,Ace Bailey,-0.01,0.41,-0.42,5526,2796,2730
1642939,Miles Kelly,-0.17,0.25,-0.42,508,247,261
203926,Doug McDermott,-0.45,-0.02,-0.43,5397,2720,2677
1642875,Maxime Raynaud,0.2,0.63,-0.43,4967,2488,2479
1629646,Charles Bassey,-0.15,0.29,-0.44,2352,1174,1178
1627749,Dejounte Murray,-0.17,0.27,-0.44,14799,7517,7282
1628502,Nigel Hayes,-0.01,0.45,-0.45,689,343,346
1628964,Mo Bamba,-0.46,-0.01,-0.45,4201,2123,2078
1642948,Ryan Nembhard,-0.08,0.37,-0.45,3035,1489,1546
1642278,Tyler Kolek,-0.3,0.15,-0.45,3420,1721,1699
1629723,John Konchar,-0.25,0.2,-0.45,9088,4551,4537
1631311,Lester Quinones,-0.11,0.35,-0.46,2194,1119,1075
203488,Mike Muscala,-0.25,0.2,-0.46,2258,1117,1141
203497,Rudy Gobert,-0.35,0.12,-0.47,27947,13847,14100
203500,Steven Adams,-0.95,-0.48,-0.47,6233,3175,3058
1642364,ID_1642364,0.01,0.48,-0.47,2201,1086,1115
1629111,Jock Landale,-0.3,0.16,-0.47,9782,4988,4794
1630574,Ariel Hukporti,-0.5,-0.03,-0.47,2255,1098,1157
1641816,Hunter Tyson,-0.31,0.17,-0.48,2360,1173,1187
1629130,Duncan Robinson,-0.44,0.05,-0.49,19622,9935,9687
1641716,Jarace Walker,-0.22,0.27,-0.49,11565,5786,5779
1630542,ID_1630542,-0.31,0.18,-0.49,987,491,496
1631126,ID_1631126,-0.14,0.35,-0.49,3814,1899,1915
1629028,Deandre Ayton,-0.09,0.4,-0.49,16621,8243,8378
1642345,Oso Ighodaro,-0.12,0.37,-0.5,8239,4218,4021
1629048,Goga Bitadze,-0.26,0.24,-0.5,10897,5538,5359
1630208,Nick Richards,-0.4,0.1,-0.5,12790,6271,6519
1630549,Day'Ron Sharpe,-0.18,0.33,-0.51,10635,5448,5187
1641730,Noah Clowney,-0.33,0.18,-0.51,10818,5382,5436
1628436,Luke Kornet,-0.71,-0.2,-0.51,14332,7224,7108
201599,DeAndre Jordan,-0.44,0.07,-0.51,4671,2289,2382
202696,Nikola Vucevic,-0.25,0.26,-0.51,24871,12312,12559
203484,Kentavious Caldwell-Pope,-0.69,-0.17,-0.52,22993,11640,11353
1631197,Jared Rhoden,-0.08,0.44,-0.52,1753,884,869
1628960,Grayson Allen,-0.73,-0.22,-0.52,19348,9511,9837
1629636,Darius Garland,-0.12,0.41,-0.53,20662,10310,10352
1629726,Garrison Mathews,-0.8,-0.26,-0.54,7410,3717,3693
1630178,Tyrese Maxey,-0.11,0.43,-0.54,26426,13402,13024
1641998,Trey Jemison,-0.17,0.37,-0.54,3656,1829,1827
1630162,Anthony Edwards,-0.49,0.05,-0.54,31540,15723,15817
1630526,Jeremiah Robinson-Earl,-0.15,0.39,-0.54,7262,3630,3632
203081,Damian Lillard,-0.5,0.04,-0.54,18428,8960,9468
1630224,Jalen Green,-0.13,0.41,-0.54,21726,11083,10643
201935,James Harden,-0.32,0.23,-0.55,27288,13478,13810
200782,P.J. Tucker,-0.28,0.27,-0.55,2078,1028,1050
1629667,Jalen McDaniels,-0.14,0.41,-0.55,2025,990,1035
1630548,Johnny Juzang,-0.39,0.17,-0.56,6391,3136,3255
1627752,Taurean Prince,-0.32,0.24,-0.56,17377,8426,8951
1630209,Omer Yurtseven,-0.27,0.28,-0.56,2043,1034,1009
203078,Bradley Beal,-0.3,0.26,-0.56,13538,6613,6925
1642348,Justin Edwards,-0.28,0.28,-0.56,6734,3387,3347
1629626,Bol Bol,-0.26,0.31,-0.57,3467,1688,1779
202685,Jonas Valanciunas,-0.89,-0.32,-0.57,15666,7792,7874
203967,Dario Saric,-0.29,0.28,-0.57,4994,2510,2484
203468,CJ McCollum,-0.49,0.08,-0.57,21974,11044,10930
1630587,Isaiah Livers,-0.33,0.24,-0.57,2963,1469,1494
1630551,Justin Champagnie,-0.15,0.43,-0.58,10123,4990,5133
1630643,Jay Huff,-0.31,0.27,-0.58,7737,3801,3936
1628449,Chris Boucher,-0.26,0.32,-0.58,6160,3146,3014
1642367,Jonathan Mogbo,0.03,0.61,-0.59,5258,2676,2582
1631132,Christian Koloko,-0.14,0.45,-0.59,2407,1226,1181
1629018,Gary Trent Jr.,-0.43,0.15,-0.59,19436,9583,9853
1630568,Luka Garza,-0.66,-0.06,-0.6,4390,2280,2110
1627777,Georges Niang,-0.64,-0.03,-0.61,13446,6700,6746
1631466,Jeenathan Williams,-0.02,0.6,-0.62,1231,627,604
1630241,Sam Merrill,-1.03,-0.4,-0.63,13971,7041,6930
1642419,Jamison Battle,-0.28,0.35,-0.63,5225,2663,2562
1642920,Kobe Sanders,-0.35,0.28,-0.63,3685,1772,1913
1641734,Emoni Bates,-0.3,0.33,-0.63,771,381,390
1631246,Vince Williams Jr.,-0.29,0.34,-0.63,10322,5161,5161
203915,Spencer Dinwiddie,-0.53,0.11,-0.63,16323,7947,8376
1628963,Marvin Bagley III,-0.27,0.36,-0.63,8489,4267,4222
1629020,Jarred Vanderbilt,0.06,0.7,-0.64,7760,3868,3892
1627742,Brandon Ingram,-0.11,0.53,-0.64,17769,8933,8836
201142,Kevin Durant,-0.21,0.44,-0.65,26717,13070,13647
203991,Clint Capela,-0.57,0.08,-0.65,14360,7334,7026
1630533,Ziaire Williams,0.09,0.74,-0.65,12786,6387,6399
1629027,Trae Young,-0.38,0.28,-0.66,19083,9626,9457
1630311,Pat Spencer,-0.24,0.42,-0.66,4105,2116,1989
1631172,Ousmane Dieng,-0.4,0.26,-0.66,4959,2457,2502
1630180,Saddiq Bey,-0.0,0.66,-0.67,15042,7547,7495
1641720,Jalen Hood-Schifino,-0.39,0.29,-0.67,1561,768,793
1642270,Donovan Clingan,-0.7,-0.03,-0.67,11263,5698,5565
1630573,Sam Hauser,-0.71,-0.02,-0.68,19032,9611,9421
1642382,Branden Carlson,-0.69,-0.02,-0.68,2409,1203,1206
1629652,Luguentz Dort,-0.77,-0.08,-0.69,25395,12846,12549
1641767,Ben Sheppard,-0.1,0.6,-0.7,13854,7004,6850
1629684,Grant Williams,-0.62,0.08,-0.7,10914,5457,5457
1628420,Monte Morris,-0.31,0.39,-0.7,4278,2123,2155
1628470,Torrey Craig,-0.43,0.27,-0.7,5091,2611,2480
1642954,Will Richard,-0.34,0.37,-0.71,3935,1976,1959
203486,Mason Plumlee,-0.58,0.13,-0.71,7983,3912,4071
1642879,Ben Saraf,-0.14,0.59,-0.72,1666,840,826
1626145,Tyus Jones,-0.3,0.42,-0.72,18775,9276,9499
1627750,Jamal Murray,-0.43,0.3,-0.73,27340,13548,13792
1631110,Jeremy Sochan,-0.07,0.66,-0.73,15137,7478,7659
1642962,Drake Powell,-0.22,0.52,-0.74,3171,1531,1640
1642860,Will Riley,-0.01,0.73,-0.74,3500,1730,1770
1629643,Chuma Okeke,-0.36,0.39,-0.75,2305,1142,1163
1626171,Bobby Portis,-0.89,-0.14,-0.75,18794,9283,9511
1642883,Sion James,-0.68,0.06,-0.75,5286,2617,2669
1627741,Buddy Hield,-0.61,0.14,-0.75,19351,9901,9450
1626168,Trey Lyles,-0.77,0.01,-0.77,9196,4689,4507
1630202,Payton Pritchard,-1.15,-0.37,-0.77,24744,12539,12205
1630592,Jalen Wilson,-0.94,-0.17,-0.77,11568,5857,5711
101108,Chris Paul,-0.93,-0.15,-0.78,15189,7549,7640
1642269,Devin Carter,-0.2,0.58,-0.78,2778,1440,1338
1642267,Carlton Carrington,-0.49,0.3,-0.78,15617,7675,7942
1630692,Jordan Goodwin,-0.46,0.32,-0.78,10270,5281,4989
1631103,Malaki Branham,-0.26,0.53,-0.79,8683,4260,4423
1630631,Jose Alvarado,-0.66,0.13,-0.79,13311,6664,6647
1630560,Cam Thomas,-0.54,0.24,-0.79,13539,6747,6792
1641712,Rayan Rupert,-0.45,0.35,-0.8,6752,3443,3309
1629008,Michael Porter Jr.,-0.28,0.53,-0.81,28494,14305,14189
1629651,Nicolas Claxton,0.13,0.94,-0.81,20543,10166,10377
1628386,Jarrett Allen,-0.32,0.49,-0.81,24237,12081,12156
1631115,Orlando Robinson,-0.41,0.4,-0.81,4054,2069,1985
1641744,Zach Edey,-0.73,0.09,-0.82,7002,3525,3477
1630541,Moses Moody,-0.55,0.27,-0.82,16699,8479,8220
1629216,Gabe Vincent,-0.81,0.05,-0.87,9169,4484,4685
1631217,Moussa Diabate,-0.42,0.45,-0.87,9752,4981,4771
1642854,Asa Newell,-0.22,0.65,-0.87,1684,877,807
201144,Mike Conley,-0.8,0.09,-0.89,19933,9896,10037
203914,Gary Harris,-0.63,0.26,-0.89,9966,5046,4920
1631117,Walker Kessler,-0.68,0.22,-0.9,12535,6070,6465
201587,Nicolas Batum,-0.72,0.17,-0.9,15519,7694,7825
202692,Alec Burks,-0.75,0.16,-0.91,8071,3977,4094
1630579,Jericho Sims,-1.09,-0.17,-0.92,7612,3786,3826
203083,Andre Drummond,-0.4,0.52,-0.93,11289,5768,5521
203552,Seth Curry,-0.68,0.25,-0.93,6309,3183,3126
1630544,Tre Mann,-0.74,0.21,-0.95,6907,3405,3502
1629014,Anfernee Simons,-0.93,0.03,-0.96,19432,9853,9579
1641733,Nick Smith Jr.,-0.47,0.49,-0.96,8817,4370,4447
1642266,Ja'Kobe Walter,-0.45,0.51,-0.97,7587,3868,3719
1631248,Baylor Scheierman,-0.52,0.45,-0.97,4856,2478,2378
1641722,Jordan Hawkins,-0.61,0.41,-1.02,11431,5685,5746
1631216,Caleb Houstan,-0.92,0.15,-1.07,6076,3053,3023
202687,Bismack Biyombo,-0.67,0.4,-1.07,5293,2616,2677
1629731,Dean Wade,-0.61,0.45,-1.07,13504,6768,6736
1631221,Collin Gillespie,-0.69,0.4,-1.1,8847,4544,4303
202684,Tristan Thompson,-0.78,0.37,-1.15,3603,1778,1825
1642366,Quinten Post,-0.48,0.68,-1.15,6884,3466,3418
203903,Jordan Clarkson,-0.74,0.46,-1.2,13148,6528,6620
1641718,Keyonte George,-0.19,1.01,-1.2,21781,10644,11137
1630249,Vit Krejci,-0.82,0.4,-1.23,11056,5593,5463
202691,Klay Thompson,-0.75,0.56,-1.31,20975,10395,10580
1629011,Mitchell Robinson,-0.98,0.4,-1.38,8658,4458,4200
1628379,Luke Kennard,-0.75,0.78,-1.54,14102,7033,7069
