player_id,player_name,possessions,off_poss,def_poss,oTS,dTS,net_ts,oSQ,oFT,oCONTEST,dSQ,dFT,dCONTEST,oRESID,dRESID
1641705,Victor Wembanyama,21282,10552,10730,2.58,-4.3,6.88,1.42,0.21,0.84,-0.32,-0.58,-3.37,0.11,-0.03
203999,Nikola Jokic,33649,16918,16731,6.29,-0.2,6.5,1.79,0.94,3.48,-0.78,-0.31,0.88,0.08,0.01
1628983,Shai Gilgeous-Alexander,34476,17477,16999,3.77,-2.48,6.25,-0.4,1.36,2.76,-0.41,0.49,-2.54,0.05,-0.02
1631096,Chet Holmgren,24893,12447,12446,1.52,-3.82,5.34,0.31,0.1,1.11,-0.87,-0.81,-2.14,0.0,0.0
203507,Giannis Antetokounmpo,25090,12395,12695,4.02,-1.16,5.19,3.02,-0.19,1.11,-0.23,-0.1,-0.78,0.08,-0.05
201142,Kevin Durant,30455,15006,15449,4.45,0.07,4.37,1.14,0.8,2.56,0.34,-0.08,-0.18,-0.05,-0.01
202695,Kawhi Leonard,21983,10971,11012,2.97,-1.31,4.28,0.53,0.17,2.05,0.01,-0.43,-0.9,0.22,0.01
1630169,Tyrese Haliburton,24552,12235,12317,3.44,-0.71,4.15,1.71,-0.03,1.74,0.56,-0.11,-1.1,0.02,-0.06
1628401,Derrick White,33315,16710,16605,0.77,-3.27,4.04,0.85,-0.01,-0.08,-0.38,-0.26,-2.61,0.01,-0.02
203954,Joel Embiid,12804,6402,6402,2.32,-1.67,3.99,-0.16,1.23,1.31,-0.61,-0.26,-0.74,-0.06,-0.06
1629029,Luka Doncic,30588,15261,15327,3.16,-0.23,3.39,1.05,0.27,1.88,-0.06,-0.2,0.08,-0.04,-0.05
203497,Rudy Gobert,31542,15749,15793,-1.15,-4.51,3.35,1.26,-0.94,-1.46,-1.21,-0.75,-2.52,-0.01,-0.03
201939,Stephen Curry,25677,12904,12773,5.21,1.87,3.34,2.45,0.3,2.43,0.42,0.17,1.28,0.03,0.0
1628384,OG Anunoby,28744,14538,14206,1.14,-1.88,3.02,0.48,-0.27,0.92,-0.21,-0.36,-1.35,0.01,0.04
203081,Damian Lillard,20401,10042,10359,1.02,-1.98,3.0,0.73,0.93,-0.66,-0.13,-0.13,-1.68,0.02,-0.04
1629060,Rui Hachimura,23059,11327,11732,1.72,-1.17,2.88,0.32,0.25,1.19,0.29,-0.46,-0.97,-0.04,-0.03
1626164,Devin Booker,29024,14379,14645,2.47,-0.39,2.86,0.24,0.73,1.44,-0.07,0.2,-0.61,0.06,0.09
202681,Kyrie Irving,19325,9649,9676,1.67,-1.11,2.78,0.23,0.03,1.42,-0.17,-0.14,-0.74,-0.01,-0.06
1631119,Jaylin Williams,12357,6158,6199,0.57,-2.15,2.72,-0.21,0.31,0.42,-0.68,-0.03,-1.42,0.05,-0.02
1642907,Cedric Coward,5855,2894,2961,1.33,-1.38,2.72,-0.04,0.68,0.75,-0.27,-0.09,-1.19,-0.06,0.17
1626156,D'Angelo Russell,19309,9531,9778,0.74,-1.94,2.68,0.04,-0.12,0.8,0.12,-0.25,-1.8,0.02,-0.01
1626167,Myles Turner,29490,14557,14933,1.98,-0.6,2.58,0.85,0.15,0.94,-0.16,-0.27,-0.21,0.04,0.04
1628369,Jayson Tatum,26231,13161,13070,0.89,-1.66,2.56,-0.07,0.2,0.75,-0.39,-0.41,-0.83,0.01,-0.03
1630170,Devin Vassell,24813,12271,12542,1.83,-0.71,2.54,-0.23,0.08,1.99,0.49,-0.4,-0.72,-0.01,-0.08
1628386,Jarrett Allen,26676,13348,13328,2.17,-0.36,2.53,1.11,-0.13,1.29,0.45,-0.92,0.16,-0.1,-0.05
1626157,Karl-Anthony Towns,30377,15358,15019,3.07,0.58,2.49,0.77,0.75,1.61,-0.02,0.06,0.52,-0.06,0.02
1627827,Dorian Finney-Smith,17644,8758,8886,0.7,-1.78,2.49,-0.0,-0.06,0.72,-0.29,-0.18,-1.38,0.04,0.07
1630573,Sam Hauser,21276,10737,10539,1.43,-1.05,2.48,1.19,-0.35,0.62,-0.28,-0.11,-0.64,-0.03,-0.02
1627826,Ivica Zubac,24598,12252,12346,0.48,-1.97,2.45,0.91,-0.56,0.21,-0.75,-0.7,-0.51,-0.08,-0.01
1628374,Lauri Markkanen,19714,9869,9845,1.4,-1.01,2.41,0.76,0.4,0.28,-0.28,-0.03,-0.7,-0.04,0.0
203935,Marcus Smart,11922,5948,5974,1.72,-0.69,2.41,-0.07,0.31,1.51,-0.45,0.53,-0.79,-0.03,0.02
1627750,Jamal Murray,30984,15429,15555,3.28,0.9,2.38,-0.02,0.29,2.95,0.02,-0.27,1.1,0.06,0.05
1626181,Norman Powell,24070,12032,12038,1.66,-0.68,2.35,0.27,0.51,0.92,0.23,0.21,-1.04,-0.04,-0.08
1641726,Dereck Lively II,11107,5566,5541,0.91,-1.41,2.32,0.44,-0.23,0.7,-0.29,-0.15,-0.97,0.0,0.0
1629001,De'Anthony Melton,8226,4199,4027,2.42,0.11,2.31,-0.33,0.33,2.48,-0.03,0.13,0.11,-0.06,-0.1
201572,Brook Lopez,26290,12920,13370,0.98,-1.32,2.29,0.41,0.34,0.24,-0.3,-0.59,-0.48,-0.01,0.05
202710,Jimmy Butler,21548,10881,10667,2.0,-0.24,2.24,-0.19,1.26,0.94,0.2,-0.26,-0.16,-0.01,-0.02
1630581,Josh Giddey,24010,11836,12174,1.87,-0.35,2.22,0.53,0.09,1.22,0.54,-0.35,-0.51,0.03,-0.03
203110,Draymond Green,21878,10937,10941,0.38,-1.79,2.17,0.36,0.16,-0.11,-1.11,-0.52,-0.16,-0.03,0.0
1628378,Donovan Mitchell,28054,14183,13871,1.63,-0.54,2.17,-0.07,0.5,1.23,-0.6,0.18,-0.13,-0.03,0.01
203932,Aaron Gordon,21986,11055,10931,-0.35,-2.51,2.16,0.16,0.03,-0.55,-0.14,-0.34,-1.99,0.01,-0.04
1642851,Kon Knueppel,8672,4370,4302,1.73,-0.41,2.14,1.32,-0.13,0.54,-0.63,-0.12,0.28,0.0,0.06
1630598,Aaron Wiggins,19033,9472,9561,0.88,-1.26,2.14,0.32,-0.16,0.73,-0.44,-0.14,-0.63,-0.01,-0.05
1630559,Austin Reaves,28191,13873,14318,2.41,0.29,2.12,0.81,1.1,0.5,-0.22,-0.07,0.6,0.0,-0.02
1628989,Kevin Huerter,18469,9255,9214,1.11,-0.98,2.09,-0.08,-0.29,1.46,-0.13,0.05,-0.95,0.02,0.05
1630174,Aaron Nesmith,22476,11187,11289,1.2,-0.86,2.06,0.04,0.31,0.82,-0.26,0.41,-1.01,0.03,0.0
1629655,Daniel Gafford,19231,9383,9848,-0.17,-2.23,2.06,0.52,-0.36,-0.34,-0.08,-0.43,-1.78,0.01,0.06
1630577,Julian Champagnie,22244,11105,11139,1.59,-0.46,2.05,0.47,0.19,1.05,0.21,-0.42,-0.2,-0.12,-0.05
1631157,Ryan Rollins,12318,6000,6318,1.24,-0.79,2.02,-0.13,-0.53,1.98,0.08,0.28,-1.12,-0.08,-0.03
1630595,Cade Cunningham,28014,14123,13891,2.29,0.27,2.01,0.21,0.48,1.55,-0.31,0.38,0.25,0.05,-0.05
201950,Jrue Holiday,25472,12723,12749,0.81,-1.19,2.0,0.54,-0.02,0.31,-0.43,-0.43,-0.28,-0.02,-0.05
1630596,Evan Mobley,24777,12385,12392,0.4,-1.6,1.99,0.61,-0.25,0.13,-0.95,-0.23,-0.39,-0.09,-0.03
1630529,Herbert Jones,18133,9126,9007,1.05,-0.92,1.97,0.43,0.07,0.46,0.03,0.16,-1.03,0.09,-0.08
1631128,Christian Braun,24946,12410,12536,-0.46,-2.42,1.96,0.6,-0.07,-1.04,-0.11,-0.23,-2.1,0.05,0.02
1631260,A.J. Green,17359,8549,8810,1.05,-0.8,1.84,0.74,-0.38,0.72,-0.31,0.12,-0.67,-0.03,0.06
1627936,Alex Caruso,18078,9189,8889,0.08,-1.75,1.83,-0.01,0.48,-0.35,-0.97,0.32,-1.1,-0.04,0.0
203076,Anthony Davis,21599,10630,10969,0.45,-1.35,1.81,0.05,0.01,0.36,-0.07,-0.48,-0.8,0.03,0.0
1630183,Jaden McDaniels,31377,15615,15762,0.57,-1.2,1.77,0.44,-0.12,0.2,-0.0,0.0,-1.28,0.05,0.08
201569,Eric Gordon,11506,5604,5902,1.11,-0.66,1.77,-0.3,0.17,1.24,0.09,0.16,-0.88,0.0,-0.03
1629057,Robert Williams III,5199,2575,2624,-0.06,-1.81,1.75,0.22,-0.07,-0.31,0.04,0.07,-1.95,0.1,0.03
1627783,Pascal Siakam,34525,17234,17291,0.36,-1.39,1.75,-1.12,-0.14,1.69,-0.42,-0.21,-0.76,-0.07,0.0
1629660,Ty Jerome,7703,3872,3831,2.41,0.67,1.74,0.29,0.35,1.79,-0.29,0.08,0.73,-0.02,0.15
201143,Al Horford,21037,10552,10485,1.05,-0.58,1.63,0.15,-0.42,1.37,-0.12,-0.48,0.01,-0.05,0.01
1629638,Nickeil Alexander-Walker,27596,13787,13809,0.93,-0.66,1.58,-0.34,0.17,1.11,-0.71,0.01,0.07,-0.01,-0.03
1642864,Hugo González,3852,1963,1889,0.27,-1.3,1.58,0.04,-0.31,0.5,-0.1,0.13,-1.3,0.04,-0.03
1641744,Zach Edey,7663,3860,3803,-0.33,-1.9,1.58,-0.22,-0.42,0.32,-0.38,-0.58,-0.91,-0.01,-0.03
1630631,Jose Alvarado,15030,7553,7477,-0.63,-2.12,1.49,-0.31,-0.17,-0.23,-0.09,0.08,-2.15,0.08,0.04
1629731,Dean Wade,15226,7655,7571,0.28,-1.2,1.48,0.62,-0.18,-0.05,-0.07,0.07,-1.21,-0.11,0.01
1629634,Brandon Clarke,5805,2911,2894,0.27,-1.2,1.47,0.2,-0.26,0.35,0.22,0.24,-1.66,-0.02,0.0
1629628,RJ Barrett,20762,10368,10394,1.78,0.32,1.46,-0.39,-0.37,2.59,0.28,-0.35,0.37,-0.05,0.02
204001,Kristaps Porzingis,15751,7836,7915,0.44,-1.01,1.46,-0.09,0.62,-0.09,0.0,-0.31,-0.69,-0.0,-0.01
203944,Julius Randle,26875,13460,13415,2.38,0.95,1.43,-0.27,0.7,1.94,0.26,-0.09,0.74,0.01,0.04
1630166,Deni Avdija,25873,12890,12983,2.45,1.07,1.38,0.28,0.4,1.79,-0.2,0.35,0.91,-0.02,0.01
1631159,Leonard Miller,1704,840,864,0.88,-0.5,1.38,0.21,-0.09,0.71,0.02,0.05,-0.6,0.05,0.03
1630552,Jalen Johnson,22517,11318,11199,0.11,-1.19,1.3,0.65,0.29,-0.87,0.19,0.0,-1.41,0.04,0.03
201587,Nicolas Batum,17605,8749,8856,-0.18,-1.48,1.3,-0.42,0.71,-0.39,-0.35,0.21,-1.32,-0.08,-0.02
1630241,Sam Merrill,15796,7953,7843,-0.16,-1.46,1.3,0.91,-0.19,-0.9,-0.59,0.28,-1.18,0.02,0.03
202331,Paul George,19488,9788,9700,0.24,-1.04,1.28,0.23,-0.06,0.09,-0.14,-0.29,-0.57,-0.02,-0.04
1629630,Ja Morant,10804,5424,5380,0.22,-1.03,1.25,0.23,0.61,-0.61,0.17,0.14,-1.35,-0.01,0.01
1642844,Dylan Harper,5065,2558,2507,0.3,-0.93,1.23,-0.46,0.02,0.71,-0.06,0.38,-1.27,0.03,0.02
1630188,Jalen Smith,13086,6494,6592,0.84,-0.39,1.23,0.22,-0.31,0.89,0.22,0.06,-0.69,0.04,0.02
1630532,Franz Wagner,22378,11443,10935,0.5,-0.71,1.21,0.09,0.57,0.01,-0.55,0.14,-0.3,-0.17,0.0
1630558,Davion Mitchell,20085,10051,10034,0.28,-0.93,1.21,-0.63,-0.43,1.26,-0.3,0.09,-0.82,0.08,0.1
1642349,Ajay Mitchell,7707,3921,3786,0.4,-0.8,1.2,0.07,0.41,-0.1,-0.31,0.22,-0.69,0.02,-0.02
1631117,Walker Kessler,13795,6744,7051,-0.81,-1.97,1.15,0.21,-0.07,-0.92,-0.13,-0.79,-1.06,-0.03,0.01
203957,Dante Exum,6602,3270,3332,0.75,-0.4,1.15,-0.16,-0.18,1.09,0.25,-0.1,-0.53,-0.0,-0.02
201935,James Harden,30859,15335,15524,2.4,1.25,1.15,1.14,1.42,0.0,0.09,0.06,1.07,-0.16,0.03
1628467,Maxi Kleber,8583,4243,4340,1.14,0.03,1.11,-0.19,0.43,0.92,-0.3,-0.03,0.35,-0.02,0.01
1630700,Dyson Daniels,25222,12726,12496,0.89,-0.17,1.06,-0.07,-0.49,1.47,-0.04,0.01,-0.18,-0.02,0.04
1630198,Isaiah Joe,19510,9901,9609,1.14,0.09,1.06,0.51,0.47,0.15,-0.19,0.34,-0.08,0.01,0.02
1629632,Coby White,26161,13010,13151,1.59,0.54,1.05,-0.02,0.22,1.31,0.04,0.03,0.45,0.08,0.02
1630162,Anthony Edwards,35828,17922,17906,1.52,0.5,1.03,-0.36,0.65,1.14,-0.28,0.42,0.36,0.09,0.0
1631107,Nikola Jovic,12418,6139,6279,-0.43,-1.46,1.02,0.09,0.24,-0.7,0.06,-0.25,-1.27,-0.06,0.0
1628368,De'Aaron Fox,28272,14319,13953,1.01,-0.01,1.02,-0.35,-0.06,1.47,-0.6,0.06,0.51,-0.05,0.02
1631255,Karlo Matkovic,6482,3194,3288,-0.32,-1.33,1.01,0.07,-0.28,-0.07,-0.2,0.32,-1.56,-0.04,0.11
1642264,Stephon Castle,16180,8025,8155,0.21,-0.79,1.01,-0.06,0.02,0.13,0.17,0.05,-0.99,0.12,-0.02
203897,Zach LaVine,19252,9483,9769,1.44,0.43,1.01,0.27,-0.14,1.35,0.25,0.11,0.09,-0.04,-0.02
1627736,Malik Beasley,20492,10195,10297,0.53,-0.47,1.0,-0.22,-0.2,0.97,-0.24,0.15,-0.33,-0.02,-0.05
1630191,Isaiah Stewart,17083,8447,8636,-0.62,-1.62,1.0,-0.64,0.04,-0.02,-0.81,0.17,-1.11,0.0,0.13
1628379,Luke Kennard,16148,8017,8131,2.52,1.55,0.97,0.11,-0.12,2.59,0.18,0.2,1.21,-0.06,-0.04
1629674,Neemias Queta,11165,5651,5514,-0.96,-1.92,0.96,0.81,-0.54,-1.27,-0.62,-0.25,-1.08,0.04,0.03
1629639,Tyler Herro,20625,10255,10370,0.78,-0.16,0.94,0.68,-0.24,0.39,-0.06,-0.13,0.01,-0.05,0.02
203500,Steven Adams,6933,3596,3337,-1.47,-2.4,0.93,-1.3,-0.3,0.17,-0.81,-0.52,-1.04,-0.04,-0.03
1630591,Jalen Suggs,17390,8864,8526,0.94,0.02,0.92,0.63,0.11,-0.01,-0.33,0.6,-0.29,0.21,0.04
1630205,Lamar Stevens,2965,1488,1477,-0.8,-1.68,0.88,0.09,-0.08,-0.79,0.12,-0.1,-1.71,-0.02,0.01
1627832,Fred VanVleet,20782,10656,10126,-0.21,-1.09,0.88,0.04,0.07,-0.34,-0.6,-0.03,-0.44,0.02,-0.02
1628392,Isaiah Hartenstein,21714,11082,10632,-0.41,-1.26,0.85,-0.24,-0.36,0.22,-0.96,-0.38,0.1,-0.03,-0.02
203468,CJ McCollum,24719,12419,12300,0.0,-0.85,0.85,-0.54,-0.27,0.87,0.26,-0.27,-0.88,-0.06,0.04
204060,Joe Ingles,5620,2836,2784,1.81,0.96,0.84,0.27,0.07,1.52,0.07,0.02,0.92,-0.05,-0.05
1642949,Yanic Konan Niederhäuser,1684,823,861,0.4,-0.44,0.84,0.0,0.1,0.29,-0.16,0.1,-0.34,0.01,-0.04
1627759,Jaylen Brown,31191,15582,15609,1.46,0.65,0.82,-0.13,0.12,1.45,0.09,0.08,0.37,0.02,0.11
1627884,Derrick Jones Jr.,21659,10808,10851,-0.07,-0.87,0.8,-0.37,-0.39,0.57,-0.06,0.0,-0.84,0.12,0.03
1631212,Peyton Watson,20271,9881,10390,0.15,-0.65,0.8,0.18,-0.26,0.29,-0.16,0.47,-0.92,-0.06,-0.04
1630228,Jonathan Kuminga,15935,7972,7963,-0.24,-1.02,0.78,0.23,-0.07,-0.37,-0.34,0.08,-0.72,-0.03,-0.04
1641763,Julian Phillips,7506,3723,3783,-0.26,-1.04,0.78,0.14,0.03,-0.3,0.05,0.09,-1.13,-0.13,-0.05
1629026,Kenrich Williams,12243,6158,6085,1.05,0.27,0.77,-0.02,-0.36,1.42,-0.34,-0.28,0.93,0.01,-0.04
203994,Jusuf Nurkic,17789,8817,8972,-0.92,-1.69,0.77,0.06,-0.35,-0.61,-0.91,-0.21,-0.52,-0.02,-0.05
202699,Tobias Harris,26644,13518,13126,-0.95,-1.7,0.74,-0.12,0.22,-1.06,-0.28,0.08,-1.57,0.01,0.07
1628969,Mikal Bridges,35565,17883,17682,-0.77,-1.51,0.74,-0.24,-0.33,-0.23,-0.68,-0.4,-0.41,0.03,-0.02
203486,Mason Plumlee,8839,4378,4461,1.06,0.34,0.72,0.4,-0.27,0.92,-0.32,-0.44,1.18,0.01,-0.08
1628960,Grayson Allen,21910,10874,11036,1.87,1.16,0.71,0.93,0.45,0.47,0.06,-0.1,1.21,0.02,-0.01
1628991,Jaren Jackson Jr.,24918,12461,12457,-1.59,-2.29,0.7,-0.92,0.62,-1.28,-0.29,-0.02,-1.9,-0.01,-0.08
1628978,Donte DiVincenzo,28152,14156,13996,1.02,0.32,0.7,0.47,-0.13,0.62,0.18,0.13,-0.0,0.06,0.01
2544,LeBron James,27697,13592,14105,1.34,0.66,0.69,1.11,-0.11,0.35,-0.33,-0.4,1.41,-0.01,-0.02
1642364,Jamir Watkins,2630,1287,1343,0.39,-0.3,0.69,-0.06,0.19,0.33,-0.14,0.23,-0.29,-0.07,-0.1
1642278,Tyler Kolek,3832,1909,1923,-0.96,-1.63,0.67,-0.16,-0.43,-0.38,-0.27,-0.05,-1.32,0.01,0.01
1642345,Oso Ighodaro,9770,4926,4844,-0.74,-1.4,0.66,-0.44,-0.58,0.35,-0.05,0.62,-1.99,-0.07,0.02
1630572,Sandro Mamukelashvili,10525,5327,5198,-0.16,-0.78,0.62,0.4,0.03,-0.5,0.24,-0.08,-0.98,-0.09,0.04
1629622,Max Strus,17079,8549,8530,-0.36,-0.99,0.62,0.25,-0.04,-0.56,-0.2,-0.15,-0.62,-0.01,-0.02
1630230,Naji Marshall,21578,10640,10938,0.16,-0.46,0.62,-0.36,0.56,-0.02,-0.02,-0.22,-0.2,-0.02,-0.02
1628389,Bam Adebayo,29383,14790,14593,0.15,-0.46,0.61,-0.84,0.2,0.68,-0.64,-0.43,0.58,0.11,0.03
1630171,Isaac Okoro,19612,9651,9961,0.8,0.21,0.6,-0.27,-0.37,1.43,-0.49,0.24,0.51,0.01,-0.05
1630217,Desmond Bane,25136,12656,12480,0.86,0.26,0.6,-0.31,0.43,0.68,-0.34,0.28,0.3,0.06,0.02
1627747,Caris LeVert,19436,9727,9709,-0.52,-1.11,0.59,-0.49,0.22,-0.25,-0.27,0.26,-1.06,0.0,-0.04
1641706,Brandon Miller,19391,9716,9675,0.34,-0.24,0.58,0.56,0.1,-0.38,0.29,-0.05,-0.5,0.06,0.02
1628436,Luke Kornet,16017,8105,7912,-1.31,-1.87,0.56,0.26,-0.45,-1.06,-1.43,-0.65,0.15,-0.06,0.06
1629675,Naz Reid,26844,13486,13358,0.41,-0.14,0.56,-0.37,-0.29,1.06,-0.26,0.53,-0.45,0.01,0.04
1630178,Tyrese Maxey,29605,15009,14596,0.93,0.38,0.55,-0.07,0.76,0.3,0.82,0.31,-0.81,-0.06,0.06
1629004,Svi Mykhailiuk,9730,4883,4847,0.64,0.12,0.52,0.44,-0.2,0.45,0.43,0.14,-0.41,-0.05,-0.04
1631099,Keegan Murray,24436,12331,12105,-0.73,-1.24,0.51,0.02,-0.18,-0.56,-0.0,-0.08,-1.1,-0.01,-0.06
1629130,Duncan Robinson,22334,11283,11051,0.99,0.49,0.5,0.71,-0.33,0.7,-0.19,0.34,0.38,-0.09,-0.04
1631217,Moussa Diabate,11364,5792,5572,-0.04,-0.51,0.47,-0.16,-0.09,0.19,0.08,0.16,-0.73,0.02,-0.02
203915,Spencer Dinwiddie,18036,8862,9174,0.65,0.19,0.46,-0.2,0.24,0.59,-0.19,-0.15,0.55,0.02,-0.02
202696,Nikola Vucevic,27164,13428,13736,0.46,0.02,0.45,0.46,-0.66,0.65,0.32,-0.82,0.55,0.01,-0.03
1628381,John Collins,18919,9337,9582,0.25,-0.19,0.44,0.07,0.54,-0.28,0.42,-0.05,-0.54,-0.08,-0.02
1629684,Grant Williams,12368,6169,6199,0.81,0.4,0.41,-0.39,0.04,1.06,-0.1,0.13,0.38,0.1,-0.01
1629626,Bol Bol,3795,1841,1954,-0.14,-0.54,0.4,0.06,-0.39,0.19,0.38,-0.11,-0.8,0.0,-0.01
1641708,Amen Thompson,25713,13143,12570,-1.4,-1.79,0.39,-0.24,-0.46,-0.81,-0.51,-0.04,-1.32,0.11,0.08
1631170,Jaime Jaquez Jr.,22382,11147,11235,-0.11,-0.49,0.38,-0.48,0.27,-0.04,-0.14,-0.14,-0.25,0.14,0.04
1641774,Tristan Vukcevic,5009,2406,2603,-0.44,-0.82,0.38,-0.44,0.19,-0.1,0.27,-0.16,-0.94,-0.09,0.01
1631214,Alondes Williams,479,233,246,0.65,0.28,0.37,-0.02,0.07,0.61,0.12,0.14,0.04,-0.01,-0.02
1642353,Cam Christie,1860,892,968,0.02,-0.32,0.34,0.02,-0.08,0.15,0.06,-0.18,-0.17,-0.07,-0.03
1642948,Ryan Nembhard,3602,1768,1834,-0.18,-0.5,0.33,-0.36,-0.71,0.86,0.08,-0.27,-0.26,0.03,-0.05
1629627,Zion Williamson,19479,9846,9633,0.07,-0.24,0.31,0.48,0.11,-0.56,0.58,0.19,-0.9,0.04,-0.11
203471,Dennis Schroder,25201,12532,12669,0.04,-0.25,0.29,-0.8,0.33,0.45,-0.11,0.23,-0.38,0.06,0.01
203496,Robert Covington,1953,981,972,-0.13,-0.42,0.29,0.02,0.08,-0.23,0.03,0.12,-0.57,0.0,-0.0
1642276,Kel'el Ware,12322,6067,6255,-0.67,-0.95,0.28,-0.04,-0.39,-0.21,-0.4,-0.5,-0.06,-0.03,0.01
1630534,Ochai Agbaji,17243,8498,8745,-1.32,-1.57,0.25,-0.33,-0.17,-0.78,0.14,0.02,-1.71,-0.04,-0.02
1641757,Jordan Miller,5684,2785,2899,1.12,0.9,0.21,-0.47,0.52,0.92,0.31,0.12,0.55,0.15,-0.08
1627742,Brandon Ingram,20347,10224,10123,1.06,0.87,0.19,-0.36,0.14,1.4,0.88,0.06,-0.24,-0.12,0.17
1631250,Pete Nance,2100,1035,1065,0.03,-0.14,0.18,-0.1,-0.25,0.34,-0.07,-0.06,-0.09,0.04,0.08
1626166,Cameron Payne,11162,5602,5560,-0.44,-0.62,0.18,-0.18,-0.21,-0.25,-0.23,0.18,-0.51,0.2,-0.06
1641747,DaRon Holmes II,758,359,399,0.03,-0.14,0.18,0.4,-0.24,-0.17,0.07,0.07,-0.33,0.04,0.05
203995,Vasilije Micic,7715,3796,3919,-0.5,-0.67,0.17,-0.34,-0.13,-0.01,0.41,0.04,-1.12,-0.02,0.0
1630619,Moussa Cisse,1846,915,931,-0.59,-0.73,0.14,0.0,-0.32,-0.18,-0.05,0.37,-1.01,-0.09,-0.04
1628418,Thomas Bryant,8553,4266,4287,-0.52,-0.65,0.13,0.4,0.17,-1.12,0.07,-0.19,-0.58,0.03,0.05
1628988,Aaron Holiday,11059,5606,5453,-1.16,-1.28,0.12,-0.6,-0.0,-0.52,-0.99,0.41,-0.72,-0.04,0.02
1630561,David Duke Jr.,352,176,176,0.16,0.05,0.11,-0.08,-0.08,0.31,0.08,0.1,-0.14,0.01,0.01
1642024,Alex Reese,909,454,455,0.42,0.31,0.11,-0.11,-0.1,0.62,-0.17,0.03,0.45,0.01,0.0
1642272,Jared McCain,6304,3178,3126,-0.02,-0.13,0.11,-0.07,-0.29,0.31,0.17,0.11,-0.33,0.03,-0.08
1627763,Malcolm Brogdon,6848,3410,3438,-0.07,-0.17,0.1,-0.58,0.33,0.21,-0.07,-0.13,0.05,-0.03,-0.02
1626174,Christian Wood,3531,1716,1815,-0.19,-0.28,0.09,-0.09,0.07,-0.19,-0.24,0.12,-0.16,0.02,0.0
1631097,Bennedict Mathurin,22164,10935,11229,-0.07,-0.15,0.08,-0.22,1.2,-1.18,0.24,0.18,-0.49,0.13,-0.08
1628976,Wendell Carter Jr.,21088,10681,10407,-0.82,-0.88,0.07,-0.65,-0.02,-0.29,-0.48,0.19,-0.49,0.14,-0.1
1630193,Immanuel Quickley,20479,10304,10175,-0.15,-0.22,0.07,-0.79,0.21,0.44,-0.17,-0.25,0.2,-0.01,0.0
1642853,Rasheer Fleming,1619,813,806,-0.27,-0.33,0.06,0.01,-0.33,0.1,0.17,-0.0,-0.58,-0.05,0.08
1630567,Scottie Barnes,26646,13420,13226,-1.18,-1.24,0.06,-0.16,-0.09,-0.95,-0.42,-0.1,-0.73,0.02,0.01
1631132,Christian Koloko,2681,1342,1339,-1.15,-1.2,0.05,-0.02,-0.3,-0.82,-0.23,0.08,-1.02,-0.01,-0.03
1628975,Jevon Carter,7703,3915,3788,-0.21,-0.25,0.04,-0.01,-0.3,-0.15,0.22,0.1,-0.52,0.25,-0.05
1643018,LJ Cryer,410,213,197,-0.34,-0.36,0.02,-0.04,-0.1,-0.19,0.05,-0.02,-0.39,-0.01,0.0
1629636,Darius Garland,23355,11662,11693,1.24,1.22,0.02,0.86,-0.19,0.38,0.37,0.07,0.76,0.19,0.02
1626171,Bobby Portis,21014,10357,10657,0.05,0.03,0.02,-0.71,-0.61,1.43,-0.39,-0.05,0.46,-0.06,0.01
1627777,Georges Niang,14888,7401,7487,1.2,1.19,0.01,0.14,-0.2,1.33,-0.11,0.1,1.21,-0.07,-0.01
1642848,Tre Johnson,5336,2613,2723,-0.04,-0.02,-0.01,0.39,-0.06,-0.46,0.44,0.34,-0.93,0.09,0.13
203114,Khris Middleton,15746,7773,7973,0.74,0.74,-0.01,0.21,0.3,0.31,0.0,0.08,0.57,-0.08,0.09
1630811,Keaton Wallace,3966,1954,2012,-1.18,-1.17,-0.01,-0.12,-0.5,-0.55,-0.07,0.07,-1.14,-0.01,-0.03
1641739,Toumani Camara,27065,13674,13391,-0.38,-0.36,-0.02,-0.02,-0.17,-0.25,-0.02,0.06,-0.39,0.06,-0.01
1629661,Cameron Johnson,19095,9605,9490,1.09,1.11,-0.03,0.78,0.04,0.19,0.48,0.14,0.6,0.08,-0.11
1631120,JD Davison,1229,603,626,-0.36,-0.31,-0.05,-0.2,-0.32,0.16,-0.1,0.01,-0.21,0.0,-0.01
1629008,Michael Porter Jr.,31775,15944,15831,0.92,0.97,-0.05,1.34,-0.43,-0.01,1.12,-0.04,-0.09,0.02,-0.02
1631246,Vince Williams Jr.,11439,5727,5712,-0.77,-0.72,-0.06,-0.38,-0.08,-0.3,0.36,-0.09,-0.94,-0.01,-0.05
1642883,Sion James,6246,3124,3122,-0.91,-0.85,-0.06,0.36,0.64,-1.92,-0.29,-0.13,-0.37,0.01,-0.06
1631220,Dereon Seabron,228,107,121,-0.13,-0.07,-0.06,-0.07,-0.03,-0.04,0.08,0.04,-0.2,0.01,0.01
1642866,Joan Beringer,887,442,445,0.07,0.15,-0.07,-0.03,-0.12,0.24,0.2,0.02,-0.05,-0.02,-0.02
1627780,Gary Payton II,10972,5444,5528,0.16,0.25,-0.08,0.42,-0.15,-0.07,-0.16,0.36,-0.02,-0.04,0.07
201144,Mike Conley,22065,11046,11019,-0.34,-0.24,-0.1,0.56,0.31,-1.18,0.11,-0.24,-0.06,-0.03,-0.05
1630163,LaMelo Ball,15856,8071,7785,1.79,1.91,-0.11,1.12,-0.13,0.84,-0.26,0.32,1.84,-0.04,0.01
1629012,Collin Sexton,20892,10328,10564,0.61,0.73,-0.12,0.01,0.23,0.37,0.27,0.03,0.48,0.0,-0.05
1641824,Matas Buzelis,14375,7027,7348,-0.75,-0.63,-0.12,-0.24,-0.12,-0.3,0.02,-0.25,-0.41,-0.09,0.01
1629162,Jordan McLaughlin,4527,2282,2245,0.61,0.73,-0.12,-0.35,-0.18,1.13,-0.16,-0.02,0.94,0.01,-0.03
1631101,Shaedon Sharpe,19926,10008,9918,-0.54,-0.41,-0.13,-0.5,0.12,-0.09,0.63,0.01,-1.02,-0.07,-0.03
1642530,Yuki Kawamura,808,397,411,0.2,0.35,-0.14,0.03,-0.04,0.19,0.4,-0.02,-0.02,0.02,-0.01
201567,Kevin Love,7413,3727,3686,0.58,0.73,-0.15,0.79,0.5,-0.67,0.35,-0.16,0.6,-0.04,-0.06
1629013,Landry Shamet,10350,5242,5108,-0.17,-0.02,-0.16,-0.4,-0.06,0.2,-0.53,0.28,0.23,0.09,-0.0
1641796,Pelle Larsson,9679,4834,4845,-0.01,0.16,-0.17,-0.41,-0.15,0.46,-0.26,0.2,0.23,0.09,-0.01
202691,Klay Thompson,23461,11610,11851,-0.7,-0.52,-0.18,1.08,-0.54,-1.25,0.46,-0.22,-0.74,0.01,-0.02
1641842,Ronald Holland II,10476,5257,5219,-1.63,-1.45,-0.18,-0.41,0.36,-1.64,-0.11,0.54,-2.04,0.06,0.16
1630182,Josh Green,18307,9136,9171,-0.41,-0.22,-0.19,-0.41,-0.06,0.05,-0.37,0.07,0.1,0.01,-0.02
1642383,Walter Clayton Jr.,4594,2307,2287,1.17,1.37,-0.19,0.31,0.45,0.48,0.08,0.27,1.0,-0.07,0.02
1641989,Elijah Harkless,1711,880,831,0.0,0.2,-0.2,-0.29,0.16,0.11,-0.0,0.3,-0.22,0.02,0.12
1642366,Quinten Post,7798,3905,3893,-1.05,-0.85,-0.2,-0.01,-0.37,-0.61,0.07,-0.12,-0.79,-0.06,-0.01
1630346,Matt Ryan,1905,930,975,-0.67,-0.47,-0.2,0.15,-0.06,-0.75,0.13,0.0,-0.6,-0.01,0.0
1629021,Moritz Wagner,9578,4859,4719,0.56,0.75,-0.2,0.2,0.28,-0.03,-0.2,-0.13,0.95,0.11,0.13
1641725,Trey Alexander,686,338,348,-0.26,-0.06,-0.2,-0.28,-0.2,0.2,-0.28,0.14,0.08,0.02,0.0
1631108,Max Christie,20412,9977,10435,0.02,0.21,-0.2,-0.27,0.29,0.04,0.22,-0.26,0.22,-0.04,0.03
203992,Bogdan Bogdanovic,17397,8838,8559,-0.3,-0.09,-0.21,0.14,-0.1,-0.32,-0.23,-0.09,0.26,-0.02,-0.03
1630611,Gui Santos,8251,4232,4019,-1.01,-0.8,-0.21,-0.18,-0.13,-0.6,-0.18,0.21,-0.75,-0.1,-0.08
1629750,Javonte Green,11283,5712,5571,-0.2,0.01,-0.22,-0.67,0.05,0.43,0.19,0.13,-0.32,-0.01,0.01
1630240,Saben Lee,748,361,387,-0.48,-0.24,-0.23,0.03,0.08,-0.58,0.07,-0.07,-0.25,-0.01,0.01
1629659,Talen Horton-Tucker,7323,3612,3711,-0.08,0.15,-0.23,-0.31,0.17,0.08,0.02,-0.14,0.26,-0.02,0.01
1642959,Chris Youngblood,720,344,376,-0.69,-0.45,-0.24,-0.01,-0.21,-0.46,-0.12,-0.11,-0.23,-0.01,0.01
1641771,Jalen Slawson,315,158,157,-0.06,0.19,-0.25,-0.01,-0.09,-0.13,0.1,0.07,0.06,0.17,-0.04
204456,T.J. McConnell,17346,8629,8717,1.39,1.64,-0.25,-0.87,-0.5,2.82,-0.2,0.41,1.38,-0.06,0.05
1642885,Mohamed Diawara,1891,948,943,-0.2,0.07,-0.26,-0.24,-0.41,0.37,-0.28,0.12,0.22,0.08,0.01
1628984,Devonte' Graham,1262,629,633,-0.31,-0.05,-0.26,-0.1,-0.05,-0.17,0.13,0.09,-0.27,0.01,0.0
1631248,Baylor Scheierman,5836,2944,2892,-1.23,-0.97,-0.26,0.35,-0.37,-1.19,-0.23,-0.17,-0.68,-0.02,0.11
1628973,Jalen Brunson,33622,17175,16447,1.79,2.06,-0.27,0.09,0.45,1.3,0.58,0.38,1.13,-0.05,-0.03
1629637,Jaxson Hayes,12060,5912,6148,-0.72,-0.45,-0.27,0.94,-0.06,-1.6,-0.22,0.06,-0.33,0.0,0.04
1628449,Chris Boucher,6818,3452,3366,-0.39,-0.12,-0.27,0.1,-0.07,-0.4,0.44,0.35,-0.89,-0.02,-0.02
1641813,Mark Sears,94,48,46,0.12,0.39,-0.27,-0.08,0.03,0.16,0.07,0.12,0.2,0.01,0.0
1630678,Terry Taylor,775,390,385,-0.36,-0.09,-0.27,-0.14,-0.16,-0.06,0.0,-0.02,-0.08,0.0,0.01
1642938,Jones,131,62,69,-0.31,-0.04,-0.27,-0.07,-0.04,-0.21,0.12,0.04,-0.2,0.01,0.0
1630578,Alperen Sengun,27193,13899,13294,0.04,0.31,-0.27,0.19,-0.31,0.14,0.03,-0.45,0.74,0.02,-0.01
1631306,Cole Swider,1057,543,514,-0.38,-0.1,-0.29,0.01,-0.3,-0.1,0.07,0.08,-0.25,0.01,-0.0
1630583,Santi Aldama,19388,9698,9690,0.43,0.73,-0.3,0.41,-0.19,0.23,0.16,0.2,0.44,-0.02,-0.07
101108,Chris Paul,16568,8220,8348,0.07,0.37,-0.3,0.37,-0.38,0.1,0.47,-0.15,0.05,-0.02,0.0
1642357,David Jones Garcia,276,147,129,0.32,0.62,-0.3,-0.07,-0.05,0.43,0.07,0.17,0.39,0.01,-0.01
1642845,VJ Edgecombe,8816,4458,4358,-0.12,0.18,-0.3,0.16,0.02,-0.33,0.18,0.01,0.05,0.03,-0.06
1629677,Luka Samanic,1689,822,867,-0.62,-0.32,-0.3,-0.17,0.13,-0.57,0.11,-0.05,-0.39,-0.01,0.01
1630200,Tre Jones,18337,9072,9265,-0.57,-0.27,-0.3,-0.04,0.07,-0.55,0.05,-0.22,-0.15,-0.05,0.05
1628426,Sasha Vezenkov,2085,1039,1046,0.16,0.47,-0.31,0.13,-0.24,0.27,0.14,0.1,0.24,-0.0,-0.01
1630227,Daishen Nix,256,137,119,0.01,0.32,-0.31,-0.0,0.01,0.0,0.03,0.05,0.24,0.0,0.0
1630540,Miles McBride,18267,9300,8967,-1.1,-0.8,-0.31,0.06,-0.11,-0.97,-0.41,0.27,-0.61,-0.08,-0.05
1630570,Trendon Watford,10067,5002,5065,-0.81,-0.48,-0.33,-0.47,0.17,-0.5,-0.35,0.16,-0.37,-0.01,0.08
1631127,Harrison Ingram,207,107,100,0.15,0.47,-0.33,-0.01,-0.11,0.27,0.13,0.12,0.23,-0.0,-0.01
1628420,Monte Morris,4754,2385,2369,-1.72,-1.38,-0.34,-0.65,-0.06,-1.02,0.07,-0.16,-1.27,0.01,-0.02
1627814,Damion Lee,583,291,292,-0.35,-0.01,-0.34,-0.23,-0.01,-0.12,0.22,-0.02,-0.2,0.01,-0.01
1628370,Malik Monk,21177,10688,10489,0.08,0.43,-0.35,0.06,0.41,-0.46,-0.29,0.61,0.1,0.07,0.01
1641789,Jazian Gortman,237,120,117,-0.32,0.04,-0.36,-0.11,-0.06,-0.15,0.01,0.07,-0.05,-0.0,0.01
1629716,Marques Bolden,480,228,252,-0.19,0.17,-0.36,-0.11,-0.07,-0.0,0.11,-0.02,0.08,-0.01,0.0
1629645,Kevin Porter Jr.,11609,5685,5924,-0.87,-0.5,-0.37,-0.24,0.17,-0.76,-0.39,0.06,-0.12,-0.04,-0.05
1630643,Jay Huff,9221,4516,4705,-1.84,-1.47,-0.37,0.14,-0.41,-1.69,-0.0,0.02,-1.46,0.12,-0.03
1631094,Paolo Banchero,27026,13667,13359,-0.13,0.23,-0.37,-1.6,0.32,0.99,-0.07,0.36,-0.03,0.16,-0.03
1642461,Spencer Jones,5823,2844,2979,0.34,0.71,-0.37,0.44,-0.05,-0.0,0.07,0.4,0.26,-0.05,-0.02
1642368,N'Faly Dante,289,145,144,-0.26,0.11,-0.38,-0.16,-0.11,0.01,0.04,0.08,-0.01,0.0,0.0
1642914,Javon Small,2670,1334,1336,0.85,1.24,-0.38,-0.19,0.23,0.8,-0.03,-0.03,0.93,0.01,0.37
1642886,Brea,90,41,49,-0.25,0.12,-0.38,-0.06,-0.07,-0.12,0.06,0.03,0.03,0.0,0.0
1642868,Carter Bryant,2381,1164,1217,-1.07,-0.68,-0.38,0.25,0.13,-1.48,-0.37,-0.1,-0.32,0.03,0.11
1628372,Dennis Smith Jr.,4210,2113,2097,-0.5,-0.11,-0.38,0.04,-0.21,-0.33,-0.27,0.18,-0.01,0.0,-0.01
1641735,Amari Bailey,256,125,131,-0.21,0.17,-0.39,-0.09,-0.04,-0.09,0.07,-0.01,0.11,0.01,0.0
1630549,Day'Ron Sharpe,12111,6170,5941,-1.3,-0.92,-0.39,-0.44,-0.14,-0.74,-0.58,0.19,-0.51,0.02,-0.02
1626172,Kevon Looney,11371,5767,5604,-2.35,-1.96,-0.4,-0.89,-0.17,-1.3,-0.79,0.09,-1.25,0.01,-0.01
203939,Dwight Powell,8756,4400,4356,-0.01,0.39,-0.4,-0.59,0.03,0.56,-0.12,-0.09,0.55,-0.01,0.05
1627853,Ryan Arcidiacono,174,80,94,-0.46,-0.05,-0.4,-0.05,-0.08,-0.33,0.04,0.02,-0.12,0.0,0.01
1641709,Ausar Thompson,18517,9337,9180,-1.68,-1.28,-0.4,-0.07,-0.48,-1.12,-0.41,0.1,-0.93,-0.01,-0.04
1629717,Armoni Brooks,450,233,217,-0.19,0.21,-0.4,0.01,-0.05,-0.14,0.11,0.01,0.09,-0.01,0.0
1630186,Jahmi'us Ramsey,505,238,267,-0.42,-0.02,-0.4,-0.08,-0.04,-0.3,0.19,0.0,-0.22,0.0,0.01
1630554,Jason Preston,307,154,153,-0.29,0.11,-0.41,-0.2,-0.07,-0.03,0.04,0.03,0.05,0.01,-0.01
1630181,R.J. Hampton,318,159,159,-0.27,0.16,-0.42,-0.11,-0.06,-0.1,0.14,0.06,-0.04,0.0,0.0
1629216,Gabe Vincent,10440,5171,5269,0.07,0.49,-0.42,-0.67,0.09,0.65,-0.09,0.22,0.38,0.0,-0.02
1630564,RaiQuan Gray,164,80,84,-0.14,0.28,-0.42,-0.08,-0.07,0.0,0.07,0.08,0.13,0.01,0.0
1629312,Haywood Highsmith,13407,6669,6738,-0.5,-0.08,-0.42,0.14,-0.2,-0.5,-0.27,-0.25,0.48,0.06,-0.04
1641890,Tyler Smith,506,250,256,-0.3,0.12,-0.43,-0.09,-0.04,-0.18,0.18,0.09,-0.13,0.01,-0.02
1642273,Kyshawn George,13308,6525,6783,-1.0,-0.56,-0.43,-0.51,-0.11,-0.36,0.22,0.26,-0.93,-0.02,-0.11
202685,Jonas Valanciunas,17403,8653,8750,0.6,1.04,-0.43,0.01,-0.03,0.65,-0.3,-0.4,1.72,-0.03,0.02
1627788,Furkan Korkmaz,1232,623,609,0.27,0.7,-0.43,-0.03,0.24,0.05,0.22,0.29,0.21,0.01,-0.02
1629678,Admiral Schofield,318,146,172,-0.39,0.05,-0.44,-0.03,-0.14,-0.22,0.05,0.0,-0.0,0.0,0.0
1628408,PJ Dozier,130,61,69,-0.04,0.41,-0.45,0.04,-0.02,-0.07,0.08,0.06,0.27,0.01,-0.0
1630530,Trey Murphy III,24435,12304,12131,0.14,0.58,-0.45,0.41,0.2,-0.56,0.4,-0.19,0.47,0.09,-0.1
1627751,Jakob Poeltl,15631,7842,7789,0.45,0.9,-0.45,0.11,-0.47,0.95,0.45,-0.3,0.73,-0.14,0.02
1630539,Kai Jones,1861,913,948,-0.32,0.13,-0.45,0.14,-0.17,-0.29,0.35,-0.01,-0.22,-0.0,0.01
1630695,Micah Potter,6115,3001,3114,-0.49,-0.03,-0.46,-0.43,-0.27,0.24,0.06,-0.22,0.08,-0.03,0.05
203933,T.J. Warren,565,298,267,-0.45,0.0,-0.46,-0.16,-0.07,-0.23,0.03,0.08,-0.11,0.01,0.0
1641737,Adem Bona,7936,3949,3987,-0.64,-0.16,-0.47,-0.29,-0.1,-0.26,-0.05,0.22,-0.4,0.01,0.07
1641790,PJ Hall,1132,555,577,-0.7,-0.23,-0.47,0.12,-0.02,-0.78,-0.01,0.24,-0.46,-0.02,0.0
1630574,Ariel Hukporti,2638,1281,1357,-1.81,-1.34,-0.47,-0.57,-0.21,-1.0,-0.51,-0.02,-0.88,-0.03,0.07
1630618,D.J. Carton,302,139,163,-0.49,-0.02,-0.47,-0.02,0.01,-0.48,-0.07,0.01,0.02,0.0,0.02
1642911,Zikarsky,58,25,33,-0.22,0.26,-0.48,-0.08,-0.04,-0.07,0.04,0.04,0.2,-0.03,-0.02
1629685,Dylan Windler,432,204,228,-0.21,0.28,-0.49,-0.02,-0.07,-0.11,0.11,-0.0,0.17,-0.01,0.0
1631205,Buddy Boeheim,403,206,197,-0.62,-0.12,-0.49,-0.12,0.02,-0.51,0.08,0.03,-0.24,-0.01,0.01
203501,Tim Hardaway Jr.,26845,13348,13497,0.41,0.9,-0.49,0.77,0.54,-0.87,-0.16,-0.08,1.08,-0.03,0.06
1627746,Skal Labissiere,204,103,101,-0.37,0.13,-0.5,-0.06,-0.12,-0.2,-0.07,0.11,0.1,0.01,-0.01
1629599,Amir Coffey,15030,7383,7647,-0.58,-0.08,-0.5,-0.22,0.32,-0.65,0.69,0.09,-0.92,-0.03,0.06
1641779,Jalen Bridges,114,57,57,-0.41,0.09,-0.5,-0.16,0.04,-0.29,0.09,0.02,-0.02,0.0,0.0
202692,Alec Burks,8939,4431,4508,-0.29,0.21,-0.5,-0.53,0.4,-0.13,-0.2,0.03,0.37,-0.03,0.01
1642843,Cooper Flagg,8113,3999,4114,-0.87,-0.37,-0.5,-0.43,-0.15,-0.27,-0.28,0.14,-0.26,-0.02,0.03
1630196,Filip Petrusev,35,16,19,-0.27,0.24,-0.51,-0.08,-0.06,-0.13,0.09,0.04,0.1,0.0,0.01
1627739,Kris Dunn,20085,10032,10053,0.48,0.99,-0.51,0.08,0.06,0.22,0.0,0.31,0.66,0.12,0.02
1631169,Josh Minott,4177,2062,2115,-0.21,0.3,-0.51,-0.23,-0.21,0.2,-0.08,0.33,0.09,0.03,-0.04
1629098,Jack McVeigh,178,85,93,-0.52,0.0,-0.52,-0.09,-0.08,-0.34,-0.06,0.02,0.03,-0.01,0.01
1629010,Jerome Robinson,333,175,158,-0.38,0.14,-0.52,-0.01,-0.13,-0.24,-0.01,0.05,0.1,0.0,0.0
1626153,Delon Wright,6014,3009,3005,-0.94,-0.42,-0.52,-0.6,-0.25,-0.06,-0.15,-0.13,-0.12,-0.03,-0.02
1630259,Jordan Ford,82,43,39,-0.24,0.28,-0.52,-0.04,-0.07,-0.12,0.05,0.04,0.19,-0.01,0.0
1642434,Riley Minix,104,54,50,-0.15,0.37,-0.53,-0.03,-0.06,-0.05,0.11,0.11,0.15,-0.01,0.0
1641750,Ryan Kalkbrenner,4986,2486,2500,-1.25,-0.72,-0.53,0.91,0.14,-2.44,-0.37,-0.19,-0.28,0.14,0.12
1628415,Dillon Brooks,26148,13279,12869,-0.04,0.5,-0.54,-0.53,0.39,0.08,-0.07,0.4,0.25,0.02,-0.08
1630563,Joshua Primo,44,19,25,-0.3,0.24,-0.54,-0.05,-0.07,-0.18,0.06,0.05,0.12,0.0,0.01
1629603,Mamadi Diakite,143,74,69,-0.47,0.07,-0.54,-0.06,-0.02,-0.38,0.05,0.09,-0.08,-0.01,0.01
1629726,Garrison Mathews,8255,4121,4134,-0.1,0.46,-0.55,0.01,0.03,-0.11,-0.01,0.33,0.15,-0.03,-0.01
1631166,Drew Timme,1734,857,877,-0.34,0.21,-0.55,0.04,-0.26,-0.14,0.24,0.01,-0.01,0.02,-0.03
1642260,Nikola Topić,198,95,103,-0.59,-0.03,-0.55,-0.03,-0.17,-0.38,0.02,0.01,-0.07,-0.01,0.01
1630167,Obi Toppin,17474,8705,8769,1.04,1.6,-0.56,1.0,0.0,0.15,0.22,0.41,0.93,-0.11,0.04
1630535,Greg Brown III,182,86,96,-0.34,0.22,-0.57,-0.02,-0.05,-0.27,0.06,0.03,0.13,0.0,0.0
1641772,Nae'Qwan Tomlin,3741,1877,1864,-0.8,-0.22,-0.58,0.01,-0.26,-0.49,0.01,0.02,-0.27,-0.06,0.02
1631254,Kenneth Lofton Jr.,835,412,423,-0.44,0.14,-0.58,-0.21,-0.09,-0.14,0.11,0.14,-0.12,0.0,0.01
1626220,Royce O'Neale,23891,11846,12045,-0.69,-0.1,-0.58,0.2,-0.03,-0.81,-0.19,0.09,-0.08,-0.05,0.08
1642050,Jackson Rowe,226,125,101,-0.35,0.24,-0.59,-0.14,-0.02,-0.2,0.1,0.11,0.03,0.01,-0.0
1629618,Jalen Pickett,6263,3084,3179,-1.86,-1.26,-0.6,-0.06,-0.19,-1.64,-0.28,-0.16,-0.81,0.03,-0.01
1630207,Nate Hinton,333,167,166,-0.37,0.22,-0.6,-0.03,-0.11,-0.23,0.11,0.12,-0.0,0.0,-0.01
1630846,Olivier Sarr,382,185,197,-0.3,0.31,-0.61,-0.03,-0.08,-0.19,-0.03,0.04,0.29,0.0,0.01
1642419,Jamison Battle,5984,3010,2974,-0.48,0.14,-0.61,0.06,-0.4,-0.13,0.08,0.31,-0.3,-0.01,0.05
1643024,Chris Mañon,97,48,49,-0.47,0.14,-0.61,-0.11,-0.02,-0.33,0.05,0.02,-0.02,-0.01,0.09
1642263,Reed Sheppard,9935,5008,4927,-0.58,0.03,-0.61,-0.24,-0.37,-0.1,0.33,0.14,-0.44,0.13,-0.0
1628391,D.J. Wilson,58,29,29,-0.29,0.31,-0.61,-0.03,-0.06,-0.2,0.06,0.05,0.2,0.0,0.0
1630622,Jalen Crutcher,9,4,5,-0.32,0.3,-0.61,-0.07,-0.06,-0.18,0.07,0.06,0.16,-0.01,0.01
1630608,Malcolm Cazalon,10,6,4,-0.29,0.33,-0.62,-0.07,-0.05,-0.17,0.06,0.05,0.22,0.0,0.0
1631262,Jules Bernard,642,338,304,-0.45,0.17,-0.62,-0.13,-0.11,-0.21,0.15,0.08,-0.06,-0.0,0.0
1628382,Justin Jackson,2,0,2,-0.34,0.28,-0.62,-0.07,-0.06,-0.21,0.05,0.05,0.17,-0.0,0.01
1631221,Collin Gillespie,10435,5297,5138,0.51,1.13,-0.62,-0.25,-0.66,1.46,-0.16,-0.08,1.41,-0.04,-0.04
1629056,Terence Davis,31,14,17,-0.4,0.22,-0.62,-0.06,-0.08,-0.25,0.02,0.05,0.15,-0.01,0.0
1630284,Kevon Harris,29,12,17,-0.27,0.36,-0.62,-0.08,-0.06,-0.13,0.06,0.06,0.23,0.0,0.01
1630168,Onyeka Okongwu,22623,11407,11216,0.62,1.24,-0.62,0.18,0.33,0.09,0.56,0.01,0.59,0.02,0.08
1630231,Kenyon Martin Jr.,6759,3373,3386,-0.57,0.05,-0.62,0.04,-0.1,-0.48,0.16,0.2,-0.31,-0.03,0.0
1642389,Zyon Pullin,10,5,5,-0.35,0.28,-0.63,-0.07,-0.07,-0.22,0.08,0.05,0.15,0.01,0.0
1642384,Isaiah Crawford,447,232,215,-0.72,-0.09,-0.63,0.06,-0.21,-0.54,0.08,-0.1,-0.14,-0.03,0.07
1642385,Cui Yongxi,40,20,20,-0.36,0.27,-0.63,-0.08,-0.07,-0.21,0.09,0.09,0.09,0.0,0.0
1642928,Dylan Cardwell,2467,1255,1212,-1.32,-0.69,-0.63,-0.56,-0.05,-0.64,-0.49,0.03,-0.31,-0.07,0.08
1631106,Tari Eason,13311,6779,6532,-0.6,0.03,-0.63,-0.52,-0.26,0.29,-0.09,0.47,-0.26,-0.11,-0.09
1630197,Aleksej Pokusevski,1590,777,813,-0.59,0.04,-0.63,-0.09,-0.07,-0.42,0.02,-0.08,0.1,-0.01,-0.0
1627732,Ben Simmons,5968,2986,2982,0.4,1.04,-0.64,-0.46,-0.25,1.12,0.06,-0.03,1.01,-0.01,0.0
1626143,Jahlil Okafor,16,10,6,-0.37,0.27,-0.64,-0.05,-0.06,-0.26,0.06,0.05,0.16,0.0,0.0
202709,Cory Joseph,4099,2076,2023,0.06,0.71,-0.65,-0.53,-0.12,0.73,0.09,0.21,0.4,-0.02,0.01
1630606,Javonte Smart,3,0,3,-0.34,0.31,-0.65,-0.07,-0.06,-0.21,0.07,0.05,0.18,-0.0,0.01
1641806,Markquis Nowell,13,8,5,-0.35,0.3,-0.65,-0.07,-0.05,-0.23,0.05,0.05,0.19,0.0,0.01
1629232,Kaiser Gates,33,16,17,-0.4,0.25,-0.65,-0.06,-0.05,-0.28,0.05,0.04,0.16,-0.01,0.0
201980,Danny Green,77,39,38,-0.3,0.35,-0.65,-0.09,-0.05,-0.17,0.04,0.07,0.25,0.01,-0.01
1628373,Frank Ntilikina,177,90,87,-0.21,0.43,-0.65,-0.14,-0.03,-0.05,0.07,0.1,0.27,0.01,-0.01
1641775,Jordan Walsh,6017,3023,2994,0.03,0.69,-0.66,0.43,-0.2,-0.21,-0.1,0.27,0.58,0.01,-0.06
1642917,Shulga,19,8,11,-0.32,0.35,-0.66,-0.09,-0.05,-0.17,0.05,0.06,0.18,-0.01,0.06
1631167,Izaiah Brockington,23,13,10,-0.39,0.27,-0.66,-0.05,-0.06,-0.27,0.07,0.06,0.14,-0.01,0.0
1642856,Egor Dëmin,5415,2720,2695,0.16,0.81,-0.66,0.44,0.1,-0.39,0.57,-0.03,0.26,0.01,0.01
1629631,De'Andre Hunter,20120,10161,9959,0.68,1.35,-0.66,0.12,0.69,-0.08,0.48,0.3,0.6,-0.05,-0.03
1641783,Tristan da Silva,12293,6249,6044,-1.1,-0.43,-0.67,-0.25,0.06,-1.13,-0.55,-0.15,0.38,0.22,-0.11
1627752,Taurean Prince,19266,9458,9808,0.26,0.92,-0.67,0.12,-0.23,0.43,0.12,-0.13,0.95,-0.06,-0.02
1643141,Telfort,123,60,63,-0.48,0.19,-0.67,-0.07,-0.08,-0.32,0.01,0.04,0.14,-0.01,0.0
1631376,Dmytro Skapintsev,7,4,3,-0.36,0.3,-0.67,-0.09,-0.06,-0.21,0.05,0.07,0.18,0.0,0.0
1630551,Justin Champagnie,11459,5605,5854,-0.38,0.3,-0.68,-0.25,-0.28,0.16,0.39,0.24,-0.29,-0.01,-0.04
1631204,Marcus Sasser,9978,5000,4978,0.23,0.91,-0.68,-0.08,-0.12,0.41,-0.14,0.38,0.68,0.02,-0.01
1628365,Markelle Fultz,4669,2370,2299,-0.65,0.03,-0.68,-0.57,-0.5,0.46,0.19,-0.29,0.13,-0.04,-0.0
1630194,Paul Reed,11138,5699,5439,-0.67,0.0,-0.68,-0.44,-0.6,0.32,0.19,0.01,-0.11,0.05,-0.09
1629623,Lindell Wigginton,31,12,19,-0.39,0.3,-0.68,-0.07,-0.07,-0.25,0.08,0.05,0.16,0.0,0.01
1631197,Jared Rhoden,1962,992,970,-0.53,0.17,-0.69,-0.11,-0.07,-0.35,0.08,-0.07,0.15,0.0,0.01
1630547,James Bouknight,308,156,152,-0.24,0.44,-0.69,-0.06,-0.12,-0.07,0.1,0.04,0.3,0.01,0.0
1641926,Dexter Dennis,138,67,71,-0.48,0.2,-0.69,-0.02,-0.03,-0.43,0.05,0.03,0.12,0.0,0.0
1641847,Andrew Funk,55,29,26,-0.36,0.34,-0.69,-0.06,-0.08,-0.22,0.07,0.07,0.2,0.0,0.0
201568,Danilo Gallinari,2652,1297,1355,0.27,0.98,-0.7,-0.26,0.19,0.34,0.25,-0.03,0.77,0.0,-0.01
1642377,Jaylen Wells,15981,8052,7929,1.24,1.94,-0.7,0.55,-0.21,0.85,0.35,-0.21,1.74,0.05,0.06
1641754,Seth Lundy,199,94,105,-0.31,0.39,-0.7,-0.04,-0.04,-0.23,0.03,0.03,0.32,0.0,0.01
1642884,Goldin,51,23,28,-0.32,0.37,-0.7,-0.07,-0.07,-0.16,-0.01,0.07,0.35,-0.02,-0.04
1629007,Jontay Porter,1476,723,753,-0.28,0.43,-0.71,-0.14,-0.1,-0.04,0.19,-0.06,0.3,0.0,0.0
1630585,Marcus Garrett,314,145,169,-0.6,0.11,-0.71,-0.12,-0.13,-0.34,-0.15,0.09,0.16,-0.01,0.01
1626246,Boban Marjanovic,300,142,158,-0.36,0.35,-0.71,-0.05,-0.09,-0.22,-0.02,0.02,0.35,0.0,0.0
1629718,Charles Brown Jr.,141,71,70,-0.41,0.3,-0.71,-0.09,-0.07,-0.24,0.08,0.06,0.16,-0.01,-0.0
1641761,Nelson,136,68,68,-0.17,0.55,-0.72,-0.12,-0.06,0.04,-0.01,0.15,0.43,-0.03,-0.02
203490,Otto Porter Jr.,722,373,349,-0.43,0.28,-0.72,-0.2,-0.04,-0.19,0.12,0.05,0.11,0.0,0.0
1630528,Josh Christopher,289,140,149,-0.24,0.49,-0.72,0.06,-0.11,-0.19,-0.04,0.02,0.5,0.0,0.01
1628977,Hamidou Diallo,21,14,7,-0.43,0.3,-0.73,-0.08,-0.06,-0.29,0.06,0.06,0.17,0.0,0.01
1630762,Phillip Wheeler,183,98,85,-0.66,0.08,-0.73,-0.04,-0.06,-0.54,0.05,-0.02,0.04,-0.02,0.01
1629308,Juan Toscano-Anderson,214,104,110,-0.49,0.25,-0.73,-0.04,-0.08,-0.37,0.04,0.08,0.12,0.0,0.01
1642277,Johnny Furphy,4216,2116,2100,-0.12,0.61,-0.73,0.01,-0.39,0.26,-0.29,0.01,0.92,0.0,-0.03
1642352,Keshad Johnson,1265,634,631,-0.48,0.26,-0.73,-0.01,0.06,-0.58,0.11,0.14,-0.01,0.05,0.02
201565,Derrick Rose,1616,804,812,-0.64,0.11,-0.75,-0.28,-0.2,-0.16,0.03,0.03,0.04,0.0,0.01
1630180,Saddiq Bey,17376,8787,8589,-0.57,0.18,-0.75,0.61,0.4,-1.5,0.64,0.03,-0.46,-0.08,-0.03
202738,Isaiah Thomas,93,41,52,-0.41,0.34,-0.75,-0.09,-0.11,-0.21,0.09,0.04,0.21,0.0,0.0
1630562,Matt Hurt,446,226,220,-0.62,0.14,-0.76,-0.2,0.03,-0.45,0.11,0.0,0.02,0.0,0.01
1642404,Chaz Lanier,854,437,417,-0.2,0.55,-0.76,0.19,-0.12,-0.25,-0.05,0.05,0.6,-0.02,-0.05
1641817,Anton Watson,92,45,47,-0.29,0.48,-0.77,-0.06,-0.07,-0.15,0.09,0.09,0.31,-0.01,-0.01
1642955,Kadary Richmond,271,137,134,-0.19,0.58,-0.77,-0.05,-0.03,-0.09,0.21,0.02,0.36,-0.02,-0.01
1641778,Leaky Black,1819,905,914,-0.72,0.05,-0.77,-0.25,-0.2,-0.45,0.38,-0.05,-0.49,0.18,0.21
1627885,Shaquille Harrison,22,10,12,-0.41,0.36,-0.78,-0.09,-0.07,-0.26,0.07,0.07,0.23,0.01,-0.01
1628366,Lonzo Ball,6383,3204,3179,-1.22,-0.45,-0.78,0.22,-0.46,-0.97,-0.04,0.23,-0.62,-0.01,-0.02
1642468,Brown,10,5,5,-0.37,0.42,-0.78,-0.06,-0.05,-0.26,0.06,0.05,0.31,0.0,0.0
1630222,Mason Jones,289,148,141,-0.48,0.31,-0.78,-0.09,-0.12,-0.27,0.01,0.04,0.25,0.0,0.01
1642363,Nique Clifford,6179,3098,3081,-0.35,0.43,-0.78,-0.77,-0.08,0.52,0.06,0.1,0.31,-0.02,-0.04
1630256,Jae'Sean Tate,7863,3984,3879,-1.29,-0.51,-0.78,-0.37,-0.06,-0.85,-0.36,0.49,-0.6,-0.01,-0.04
203488,Mike Muscala,2471,1220,1251,-0.56,0.22,-0.78,-0.32,-0.29,0.05,0.31,-0.1,0.01,-0.0,0.0
201580,JaVale McGee,1421,720,701,-0.48,0.31,-0.79,0.15,-0.2,-0.42,0.1,0.09,0.12,-0.01,0.0
1630929,Henri Drell,129,70,59,-0.3,0.49,-0.79,-0.02,-0.06,-0.21,0.11,0.07,0.31,-0.01,0.0
1630202,Payton Pritchard,27590,13967,13623,-0.33,0.45,-0.79,0.05,-0.34,-0.11,-0.43,-0.03,0.94,0.07,-0.03
1630557,Corey Kispert,19158,9407,9751,-0.27,0.52,-0.79,-0.41,0.01,0.1,0.05,0.09,0.48,0.03,-0.1
203469,Cody Zeller,1361,701,660,-0.41,0.39,-0.79,-0.01,-0.06,-0.33,-0.04,0.07,0.36,-0.01,0.0
1642400,Enaruna,116,63,53,-0.39,0.4,-0.79,-0.08,-0.11,-0.2,-0.03,0.05,0.36,0.0,0.02
1642359,Pacôme Dadiet,793,388,405,-0.73,0.07,-0.8,-0.23,-0.13,-0.37,-0.06,-0.06,0.1,0.0,0.09
1631257,Jermaine Samuels Jr.,256,127,129,-0.34,0.46,-0.8,-0.03,-0.1,-0.21,0.13,0.07,0.26,-0.0,0.0
1642399,Jesse Edwards,19,9,10,-0.36,0.44,-0.8,-0.07,-0.07,-0.22,0.04,0.07,0.33,0.0,-0.0
1629052,Oshae Brissett,3390,1714,1676,-0.26,0.54,-0.8,0.04,-0.21,-0.09,0.18,-0.02,0.37,0.0,0.01
1641766,Adama Sanogo,352,191,161,-0.42,0.38,-0.8,-0.09,-0.09,-0.24,0.04,0.03,0.3,0.0,0.01
1631105,Jalen Duren,22819,11501,11318,0.07,0.88,-0.81,0.98,-0.11,-0.75,0.66,0.12,0.09,-0.05,0.01
1631301,Jaylen Sims,456,221,235,-0.32,0.5,-0.81,-0.18,0.09,-0.23,-0.06,0.07,0.49,0.0,0.0
1631131,Oscar Tshiebwe,1872,966,906,-0.58,0.23,-0.81,-0.38,-0.13,-0.07,0.02,0.1,0.17,0.0,-0.06
1642265,Rob Dillingham,4899,2420,2479,-1.44,-0.62,-0.82,-0.48,-0.4,-0.47,0.23,-0.01,-0.91,-0.09,0.07
1629652,Luguentz Dort,28554,14356,14198,-0.44,0.38,-0.82,0.2,-0.36,-0.26,-0.14,0.04,0.51,-0.02,-0.03
1642346,Ryan Dunn,10331,5129,5202,-1.99,-1.16,-0.82,0.39,-0.75,-1.62,-0.34,0.33,-1.19,-0.01,0.04
203925,Joe Harris,717,348,369,-0.41,0.42,-0.83,-0.09,-0.02,-0.29,0.07,0.21,0.14,-0.01,-0.0
203200,Justin Holiday,4049,2027,2022,-0.95,-0.12,-0.83,0.1,-0.3,-0.73,-0.14,0.18,-0.16,-0.02,0.0
1628404,Josh Hart,33298,16921,16377,-0.12,0.71,-0.83,-0.14,0.19,-0.09,0.06,-0.04,0.68,-0.08,0.01
1629023,P.J. Washington,26255,12993,13262,-1.35,-0.52,-0.83,-0.56,0.04,-0.72,-0.17,0.2,-0.62,-0.11,0.07
1642910,Tonje,39,19,20,-0.34,0.49,-0.84,-0.08,-0.06,-0.2,0.05,0.07,0.38,0.0,-0.01
1642282,Sallis,109,52,57,-0.55,0.29,-0.84,-0.08,-0.1,-0.36,0.1,0.08,0.11,-0.01,0.0
1630586,Usman Garuba,77,39,38,-0.49,0.36,-0.84,-0.09,-0.03,-0.36,0.06,0.07,0.23,-0.01,0.0
1631121,Bryce McGowens,7630,3791,3839,0.31,1.15,-0.84,-0.92,0.16,0.98,-0.07,0.02,1.23,0.09,-0.03
1631173,Terquavion Smith,366,188,178,-0.14,0.71,-0.85,0.07,-0.06,-0.15,0.13,0.03,0.54,-0.0,0.01
1628970,Miles Bridges,26758,13316,13442,-0.62,0.24,-0.85,-0.3,-0.08,-0.21,0.2,-0.24,0.28,-0.03,-0.0
1642920,Kobe Sanders,4561,2232,2329,-0.53,0.33,-0.86,0.08,0.57,-1.14,-0.17,0.31,0.13,-0.04,0.06
1630536,Sharife Cooper,1498,728,770,0.21,1.08,-0.87,-0.4,-0.07,0.66,0.16,0.25,0.68,0.02,-0.01
1641749,Keyontae Johnson,248,124,124,-0.42,0.45,-0.87,-0.05,-0.06,-0.31,0.05,0.03,0.37,0.0,0.0
1630688,Ish Wainright,247,131,116,-0.74,0.14,-0.88,-0.12,-0.08,-0.53,0.06,0.1,-0.02,-0.01,0.0
201577,Robin Lopez,259,125,134,-0.46,0.43,-0.88,-0.12,-0.13,-0.21,-0.0,0.14,0.29,-0.0,0.0
1643133,Lawson Lovering,213,110,103,-0.47,0.41,-0.88,0.06,-0.17,-0.35,0.01,0.06,0.36,-0.01,-0.02
201988,Patty Mills,3177,1609,1568,-1.05,-0.18,-0.88,0.16,0.13,-1.34,-0.02,0.17,-0.32,0.0,-0.01
1641857,Liam Robbins,216,111,105,-0.77,0.11,-0.88,-0.19,-0.11,-0.47,0.02,0.09,-0.0,0.0,0.0
1630543,Isaiah Jackson,7543,3760,3783,-0.76,0.13,-0.89,-0.22,-0.07,-0.58,0.42,0.06,-0.36,0.11,0.01
1642449,Tolu Smith,429,224,205,-0.41,0.48,-0.89,0.07,-0.1,-0.38,-0.03,0.19,0.34,0.0,-0.02
1630204,Ashton Hagans,1243,639,604,-0.8,0.09,-0.89,-0.1,-0.14,-0.55,-0.0,0.27,-0.18,-0.01,-0.0
1641809,Drew Peterson,1073,543,530,-0.5,0.39,-0.89,0.24,-0.04,-0.69,-0.02,0.22,0.19,-0.01,0.0
1631211,Trevor Keels,25,10,15,-0.64,0.24,-0.89,-0.06,-0.08,-0.49,0.05,0.09,0.15,-0.01,-0.05
1630224,Jalen Green,24800,12642,12158,-1.47,-0.57,-0.9,-0.48,-0.36,-0.56,0.02,-0.36,-0.29,-0.07,0.06
1630296,Braxton Key,393,204,189,-0.45,0.45,-0.9,-0.01,-0.03,-0.4,0.01,0.13,0.31,-0.01,0.0
1642880,Kam Jones,1671,811,860,0.42,1.33,-0.91,-0.07,-0.14,0.57,-0.34,-0.12,1.95,0.06,-0.16
201949,James Johnson,397,203,194,-0.48,0.43,-0.91,0.02,-0.16,-0.33,0.13,0.07,0.23,-0.01,-0.0
1642443,Jahmir Young,341,165,176,-0.17,0.74,-0.91,-0.1,-0.17,0.11,-0.04,0.13,0.66,-0.01,-0.01
201942,DeMar DeRozan,32039,16109,15930,0.88,1.8,-0.92,-1.62,0.62,1.97,0.35,-0.23,1.7,-0.09,-0.02
1642939,Miles Kelly,570,284,286,-0.99,-0.07,-0.92,0.03,-0.22,-0.78,-0.07,-0.02,0.01,-0.02,0.01
1626158,Richaun Holmes,4423,2216,2207,-0.45,0.47,-0.92,-0.19,-0.03,-0.22,-0.08,0.11,0.45,-0.01,-0.01
200768,Kyle Lowry,10191,5123,5068,-1.22,-0.29,-0.92,-0.47,-0.04,-0.72,-0.33,0.09,-0.09,0.01,0.04
1629611,Terance Mann,19827,9837,9990,0.06,0.99,-0.93,0.13,-0.02,-0.05,0.45,0.4,0.22,0.0,-0.08
1641729,Brice Sensabaugh,14329,7034,7295,0.94,1.87,-0.93,0.29,0.12,0.49,0.93,0.29,0.69,0.04,-0.04
1642967,Poulakidas,56,29,27,-0.59,0.34,-0.93,-0.06,-0.07,-0.45,0.09,0.11,0.13,-0.01,0.01
1628998,Cody Martin,8070,4011,4059,-2.12,-1.18,-0.94,-0.66,-0.07,-1.4,-0.18,0.25,-1.24,0.01,-0.01
1642280,Trentyn Flowers,126,62,64,-0.58,0.36,-0.94,-0.05,-0.06,-0.46,0.12,0.12,0.12,-0.01,0.0
1641764,Brandin Podziemski,24116,12262,11854,-1.77,-0.83,-0.94,-0.96,-0.29,-0.49,-0.2,0.03,-0.66,-0.03,0.0
1631114,Jalen Williams,26311,13265,13046,-0.47,0.48,-0.95,-0.63,-0.23,0.44,-0.17,-0.01,0.65,-0.05,0.01
1629117,Wenyen Gabriel,311,159,152,-0.83,0.12,-0.95,-0.07,-0.1,-0.66,0.06,-0.0,0.06,0.0,0.0
1642484,RayJ Dennis,1123,573,550,-2.36,-1.4,-0.96,0.22,-0.01,-2.52,0.03,0.03,-1.48,-0.05,0.02
1641803,Tristen Newton,80,44,36,-0.64,0.32,-0.96,-0.03,-0.06,-0.54,0.08,0.06,0.18,-0.01,0.0
202083,Wesley Matthews,1705,857,848,-0.69,0.27,-0.96,-0.08,0.05,-0.65,0.07,0.17,0.02,-0.01,0.01
1630604,E.J. Liddell,660,319,341,-0.26,0.69,-0.96,-0.16,-0.04,0.02,0.04,0.04,0.5,-0.08,0.11
1641970,Maozinha Pereira,483,254,229,-0.84,0.12,-0.96,-0.16,-0.12,-0.56,-0.02,0.04,0.1,0.0,-0.0
1642874,Danny Wolf,4259,2128,2131,-1.37,-0.4,-0.96,-0.46,-0.22,-0.68,-0.17,0.2,-0.45,-0.01,0.02
1641936,Miles Norris,140,68,72,-0.8,0.16,-0.96,-0.09,-0.11,-0.6,0.07,0.06,0.03,0.0,0.0
1628424,Kobi Simmons,262,128,134,-0.53,0.43,-0.97,-0.1,-0.07,-0.36,0.13,0.0,0.3,0.0,0.0
1631112,Kendall Brown,318,153,165,-0.7,0.27,-0.97,-0.04,-0.09,-0.56,0.0,0.1,0.16,-0.01,0.01
1630699,MarJon Beauchamp,3473,1720,1753,-0.51,0.45,-0.97,-0.25,-0.11,-0.22,-0.27,0.55,0.1,0.07,0.07
1642862,Liam McNeeley,1365,703,662,-0.48,0.5,-0.97,-0.01,0.09,-0.55,-0.02,-0.03,0.54,-0.01,0.01
203493,Reggie Bullock,1714,854,860,-0.47,0.51,-0.97,0.15,-0.15,-0.47,0.12,-0.12,0.5,0.0,0.01
1641753,Chris Livingston,870,421,449,-0.63,0.34,-0.97,-0.18,-0.16,-0.3,0.1,0.27,-0.02,0.01,-0.01
1631165,Keon Ellis,16243,8210,8033,-0.51,0.47,-0.98,0.02,-0.06,-0.45,0.06,0.13,0.22,-0.02,0.06
1628966,Keita Bates-Diop,2624,1285,1339,-0.66,0.32,-0.98,0.15,0.11,-0.9,0.02,0.13,0.18,-0.02,-0.01
1641879,Yuri Collins,70,39,31,-0.6,0.38,-0.98,-0.06,-0.08,-0.45,0.1,0.08,0.2,-0.01,0.0
1628963,Marvin Bagley III,9765,4879,4886,-0.84,0.14,-0.98,0.43,-0.19,-1.05,0.29,0.11,-0.07,-0.03,-0.19
1642935,Hepburn,56,27,29,-0.67,0.32,-0.99,-0.07,-0.07,-0.52,0.05,0.04,0.23,-0.01,0.0
203078,Bradley Beal,14937,7292,7645,0.79,1.78,-0.99,0.19,-0.23,0.81,0.31,0.04,1.48,0.02,-0.05
201599,DeAndre Jordan,5319,2600,2719,-2.29,-1.29,-0.99,-0.29,-0.69,-1.25,-0.06,0.01,-1.13,-0.06,-0.11
1629656,Quentin Grimes,20318,10119,10199,-1.46,-0.47,-0.99,0.3,0.28,-2.06,0.16,0.17,-0.85,0.02,0.05
1642259,Alexandre Sarr,12779,6228,6551,-1.84,-0.83,-1.0,-0.25,-0.5,-1.12,0.38,-0.39,-0.78,0.03,-0.04
1629020,Jarred Vanderbilt,8928,4476,4452,-0.13,0.88,-1.0,-0.48,0.28,0.09,0.44,0.73,-0.27,-0.02,-0.02
1631243,Mouhamed Gueye,6557,3312,3245,-1.21,-0.21,-1.0,-0.16,-0.52,-0.46,-0.39,-0.01,0.23,-0.07,-0.04
1631210,Jacob Toppin,481,239,242,-0.64,0.36,-1.0,-0.05,-0.16,-0.42,0.14,0.08,0.14,-0.01,-0.0
1630621,Hunter Dickinson,40,16,24,-0.53,0.48,-1.01,-0.09,-0.07,-0.37,0.12,0.12,0.23,0.0,0.01
1628962,Udoka Azubuike,475,227,248,-0.49,0.51,-1.01,-0.02,-0.06,-0.41,0.01,0.07,0.43,0.0,0.0
1629002,Chimezie Metu,3385,1656,1729,-0.7,0.31,-1.01,-0.22,-0.01,-0.46,0.17,-0.18,0.31,-0.01,0.01
201976,Patrick Beverley,6702,3338,3364,-1.13,-0.12,-1.01,-0.36,0.38,-1.16,-0.22,0.05,0.05,0.01,-0.0
1630625,Dalano Banton,9000,4491,4509,-1.39,-0.37,-1.02,-0.06,-0.5,-0.8,0.16,-0.04,-0.48,-0.03,-0.01
1631209,Isaiah Wong,1029,530,499,-1.07,-0.05,-1.02,-0.43,-0.06,-0.57,-0.01,0.08,-0.13,-0.01,0.01
1630314,Brandon Williams,8198,4068,4130,0.09,1.1,-1.02,-0.54,0.07,0.56,0.43,0.08,0.71,-0.0,-0.12
1642066,Myron Gardner,1498,789,709,-0.98,0.05,-1.03,-0.28,-0.18,-0.64,-0.22,0.23,0.08,0.12,-0.04
1642439,Quincy Olivari,44,22,22,-0.56,0.47,-1.03,-0.07,-0.08,-0.41,0.04,0.06,0.36,0.0,0.01
1641793,D'Moi Hodge,162,78,84,-0.52,0.51,-1.03,-0.11,-0.08,-0.34,0.14,0.03,0.34,0.01,0.0
1630590,Scotty Pippen Jr.,10699,5328,5371,-1.16,-0.12,-1.03,-0.26,-0.37,-0.56,-0.16,0.15,-0.16,0.03,0.05
1630264,Anthony Gill,5569,2750,2819,-0.22,0.82,-1.04,-0.54,-0.13,0.41,0.26,0.12,0.14,0.04,0.3
1642281,Jaylon Tyson,8888,4463,4425,-0.23,0.83,-1.05,0.03,-0.51,0.2,-0.05,0.1,0.72,0.05,0.06
1642950,Lachlan Olbrich,564,286,278,-1.28,-0.23,-1.05,-0.45,-0.31,-0.56,0.04,0.1,-0.34,0.04,-0.03
203991,Clint Capela,16135,8251,7884,-3.11,-2.05,-1.06,-0.31,-1.04,-1.78,0.09,-0.7,-1.51,0.02,0.07
1629139,Yuta Watanabe,1882,925,957,-0.57,0.49,-1.06,0.1,-0.06,-0.6,0.05,0.17,0.27,-0.01,-0.0
201152,Thaddeus Young,1802,903,899,-0.33,0.72,-1.06,-0.26,-0.11,0.04,0.5,0.07,0.15,0.0,-0.0
1641717,Cason Wallace,24895,12542,12353,-1.64,-0.57,-1.07,0.04,-0.27,-1.43,-0.18,-0.18,-0.21,0.02,0.0
1629647,Darius Bazley,631,313,318,-0.42,0.64,-1.07,-0.26,-0.04,-0.12,0.11,0.03,0.5,0.0,0.0
1630184,Kira Lewis Jr.,1109,541,568,-1.04,0.03,-1.07,-0.2,0.03,-0.86,0.17,0.05,-0.19,-0.01,-0.0
1627734,Domantas Sabonis,24209,12255,11954,0.55,1.62,-1.07,1.16,-0.35,-0.26,-0.26,0.0,1.95,0.0,-0.07
1627824,Guerschon Yabusele,10396,5217,5179,0.4,1.48,-1.08,-0.45,-0.31,1.24,0.87,-0.11,0.75,-0.08,-0.03
1642382,Branden Carlson,2640,1308,1332,-0.57,0.52,-1.08,0.07,-0.5,-0.11,-0.12,-0.24,0.87,-0.03,0.01
1627863,Danuel House Jr.,2094,1068,1026,-1.0,0.08,-1.08,-0.32,0.22,-0.88,0.02,0.16,-0.1,-0.02,0.0
1642855,Essengue,27,14,13,-0.55,0.53,-1.08,-0.09,-0.09,-0.37,0.09,0.07,0.37,0.0,0.0
1631126,Caleb Love,4252,2112,2140,-0.25,0.83,-1.08,-0.12,-0.3,0.2,0.26,0.04,0.55,-0.03,-0.02
1642905,Yang Hansen,1140,547,593,-1.26,-0.18,-1.09,-0.29,-0.08,-0.92,-0.02,0.02,-0.22,0.03,0.04
203482,Kelly Olynyk,12404,6142,6262,-0.44,0.66,-1.09,0.16,-0.15,-0.4,0.26,-0.02,0.42,-0.05,0.0
203901,Elfrid Payton,2104,1030,1074,-1.53,-0.42,-1.1,-0.53,-0.36,-0.63,0.08,-0.07,-0.44,-0.01,0.01
1642013,Malik Williams,428,206,222,-0.77,0.33,-1.1,-0.19,-0.11,-0.46,0.08,0.04,0.21,-0.01,0.0
1642876,Adou Thiero,403,206,197,-0.11,0.99,-1.1,-0.01,0.04,-0.12,0.15,0.01,0.87,-0.02,-0.04
1631386,Taze Moore,266,138,128,-0.97,0.12,-1.1,-0.14,-0.11,-0.72,0.13,0.01,-0.02,0.0,-0.0
1630215,Jared Butler,6713,3355,3358,-1.08,0.02,-1.1,-0.38,-0.2,-0.49,-0.09,0.18,-0.04,-0.01,-0.03
203484,Kentavious Caldwell-Pope,25452,12865,12587,-1.46,-0.35,-1.1,-0.41,-0.13,-0.85,-0.41,0.23,-0.15,-0.07,-0.02
1642918,Alijah Martin,412,218,194,-1.14,-0.02,-1.11,-0.11,0.06,-1.11,0.06,0.17,-0.22,0.02,-0.03
1629642,Nassir Little,1934,929,1005,-1.16,-0.06,-1.11,0.06,0.01,-1.21,-0.08,0.19,-0.17,-0.02,0.0
203648,Thanasis Antetokounmpo,920,458,462,-0.9,0.22,-1.12,-0.11,-0.11,-0.67,0.25,0.19,-0.29,-0.01,0.07
1631116,Patrick Baldwin Jr.,2762,1405,1357,-1.08,0.04,-1.12,-0.07,-0.19,-0.81,0.22,0.14,-0.32,-0.01,0.0
1631095,Jabari Smith Jr.,26499,13475,13024,-1.63,-0.51,-1.12,-0.32,0.14,-1.47,-0.1,0.32,-0.69,0.02,-0.04
1642396,Blake Hinson,676,334,342,-0.88,0.24,-1.12,-0.0,-0.11,-0.69,0.01,0.2,-0.12,-0.08,0.15
1642882,Julian Reese,501,251,250,0.33,1.46,-1.13,-0.23,-0.13,0.41,0.11,0.09,1.2,0.28,0.06
1641788,Alex Fudge,162,80,82,-0.65,0.48,-1.13,-0.08,-0.1,-0.46,0.09,0.08,0.31,-0.01,0.0
1631245,Quenton Jackson,4161,2090,2071,-0.92,0.21,-1.13,-0.01,0.13,-0.97,0.13,0.03,-0.16,-0.07,0.21
1641745,Adam Flagler,874,436,438,-1.67,-0.53,-1.13,-0.22,-0.42,-1.02,-0.08,0.04,-0.5,-0.01,0.01
1630537,Chris Duarte,3214,1620,1594,-0.73,0.4,-1.13,0.06,-0.24,-0.54,0.17,0.16,0.08,-0.01,-0.01
1641713,GG Jackson,10811,5365,5446,-0.29,0.84,-1.14,-0.55,0.01,0.35,0.52,-0.31,0.43,-0.1,0.2
203967,Dario Saric,5481,2747,2734,-0.96,0.18,-1.14,-0.02,-0.14,-0.8,0.29,-0.03,-0.08,0.0,0.0
1641780,Johni Broome,243,123,120,-0.93,0.22,-1.15,-0.1,-0.07,-0.74,-0.05,0.17,0.1,-0.02,-0.0
1629614,Andrew Nembhard,26477,13108,13369,-0.48,0.69,-1.16,-0.16,-0.39,0.16,-0.61,0.21,1.02,-0.09,0.07
1641931,Onuralp Bitim,1090,545,545,-0.72,0.45,-1.16,-0.08,-0.12,-0.51,0.15,0.08,0.21,-0.01,0.01
1642270,Donovan Clingan,12923,6567,6356,-1.95,-0.79,-1.16,-0.38,-0.61,-0.97,-0.85,-0.76,0.8,0.01,0.02
1641807,Omier,58,29,29,-0.5,0.67,-1.17,-0.06,-0.07,-0.33,0.09,0.02,0.59,-0.04,-0.03
1642942,Jahmai Mashack,1746,873,873,-0.38,0.78,-1.17,-0.4,-0.07,0.18,0.14,0.18,0.21,-0.09,0.25
203084,Harrison Barnes,26084,13108,12976,0.11,1.28,-1.17,0.18,0.09,-0.11,0.38,-0.57,1.44,-0.05,0.03
1642279,Ulrich Chomche,120,61,59,-0.46,0.72,-1.18,-0.11,0.0,-0.35,0.07,0.09,0.56,-0.0,-0.0
1630600,Isaiah Mobley,341,172,169,-0.73,0.46,-1.19,-0.13,-0.15,-0.45,0.13,-0.0,0.33,0.0,0.0
1642863,Khaman Maluach,858,433,425,-0.9,0.3,-1.19,-0.12,-0.23,-0.64,0.15,-0.04,-0.02,0.09,0.21
1629680,Matisse Thybulle,7993,4013,3980,-1.39,-0.19,-1.2,-0.25,-0.21,-0.96,0.41,0.23,-0.92,0.03,0.09
1629022,Lonnie Walker IV,6086,3022,3064,-0.97,0.23,-1.2,-0.14,-0.37,-0.46,0.0,0.14,0.12,0.0,-0.03
1626168,Trey Lyles,10225,5196,5029,-0.77,0.43,-1.2,-0.52,-0.17,-0.05,-0.33,0.15,0.63,-0.03,-0.02
1631298,Jack White,266,140,126,-0.87,0.35,-1.22,-0.19,-0.06,-0.61,0.09,0.09,0.17,-0.01,0.0
1631338,Mouhamadou Gueye,487,229,258,-1.14,0.08,-1.23,-0.15,-0.08,-0.9,0.3,-0.03,-0.18,-0.01,-0.01
202693,Markieff Morris,1629,799,830,-0.96,0.27,-1.23,-0.31,-0.25,-0.39,-0.04,-0.07,0.39,-0.01,-0.01
1642859,Jase Richardson,2069,1054,1015,-0.45,0.79,-1.24,-0.17,0.19,-0.37,-0.32,0.38,0.74,-0.1,-0.01
1642347,Jamal Shead,12001,6086,5915,-0.65,0.59,-1.24,-0.24,-0.08,-0.25,-0.27,0.43,0.39,-0.08,0.04
1642355,Bronny James,1635,806,829,-0.33,0.91,-1.24,-0.13,-0.38,0.21,0.36,-0.08,0.59,-0.03,0.04
1630541,Moses Moody,18433,9330,9103,-1.66,-0.39,-1.27,-0.33,-0.12,-1.23,0.03,0.01,-0.41,0.02,-0.02
1631230,Dominick Barlow,9084,4589,4495,-1.02,0.25,-1.27,-0.37,-0.2,-0.59,0.13,-0.01,-0.06,0.14,0.19
1629027,Trae Young,21628,10948,10680,1.86,3.14,-1.28,1.01,0.88,-0.03,0.73,0.18,2.25,0.0,-0.02
1631323,Simone Fontecchio,16469,8267,8202,-0.97,0.32,-1.29,-0.27,0.05,-0.72,-0.12,0.26,0.23,-0.03,-0.05
1629650,Moses Brown,1340,673,667,-0.96,0.33,-1.29,0.12,-0.16,-0.91,-0.15,0.08,0.4,-0.01,0.0
1629006,Josh Okogie,11329,5667,5662,-0.88,0.42,-1.3,0.17,0.16,-1.08,0.1,0.16,0.2,-0.13,-0.04
1630649,Stanley Umude,1615,773,842,-0.74,0.56,-1.31,-0.07,-0.04,-0.62,-0.01,0.37,0.21,-0.01,-0.01
1628972,Troy Brown Jr.,3339,1641,1698,-0.65,0.66,-1.31,0.05,0.09,-0.79,0.23,0.02,0.41,0.0,0.0
1628427,Vlatko Cancar,597,300,297,-1.26,0.05,-1.31,-0.12,-0.2,-0.93,0.21,0.08,-0.24,-0.01,0.0
1630165,Killian Hayes,5437,2684,2753,-0.97,0.34,-1.31,-0.28,-0.41,-0.42,-0.13,0.07,0.57,0.14,-0.17
1629048,Goga Bitadze,12288,6264,6024,-1.16,0.16,-1.32,0.12,-0.19,-1.03,0.49,0.05,-0.38,-0.06,-0.0
1631311,Lester Quinones,2423,1238,1185,-1.32,-0.0,-1.32,-0.16,-0.17,-0.98,0.33,0.15,-0.48,-0.01,-0.0
1629875,Xavier Moon,496,252,244,-1.07,0.26,-1.33,-0.07,-0.22,-0.77,0.13,0.04,0.09,-0.01,0.0
1641755,Kevin McCullar Jr.,633,299,334,-1.06,0.26,-1.33,-0.2,-0.11,-0.75,-0.28,0.21,0.34,0.0,-0.01
1629643,Chuma Okeke,2551,1276,1275,-0.95,0.39,-1.34,-0.2,-0.26,-0.47,-0.02,-0.18,0.6,-0.02,-0.01
1628385,Harry Giles III,436,220,216,-0.65,0.69,-1.34,0.02,-0.15,-0.51,0.1,0.11,0.48,-0.01,0.0
1641998,Trey Jemison,4032,2014,2018,-1.53,-0.17,-1.35,-0.53,-0.34,-0.65,0.04,-0.18,-0.02,-0.01,-0.01
1628981,Bruno Fernando,3273,1625,1648,-0.78,0.58,-1.36,0.12,-0.28,-0.61,0.29,0.11,0.16,-0.01,0.02
202704,Reggie Jackson,9305,4640,4665,-1.47,-0.11,-1.36,-0.24,-0.44,-0.81,-0.33,0.2,0.01,0.02,0.01
1630243,Trevelin Queen,2304,1142,1162,-0.49,0.87,-1.37,-0.24,-0.07,-0.16,0.01,0.29,0.59,-0.02,-0.02
1629610,DaQuan Jeffries,4590,2240,2350,-1.05,0.32,-1.37,-0.64,-0.1,-0.32,-0.34,0.17,0.48,0.01,0.01
1631100,AJ Griffin,696,356,340,-0.41,0.97,-1.38,-0.0,-0.05,-0.35,0.08,0.08,0.81,-0.01,-0.0
202722,Davis Bertans,2630,1321,1309,-0.48,0.9,-1.38,0.24,-0.0,-0.7,0.12,0.06,0.72,-0.02,0.0
1641801,Emanuel Miller,208,107,101,-0.61,0.76,-1.38,-0.1,-0.11,-0.4,0.09,0.07,0.6,0.0,0.0
1630641,Ibou Badji,909,448,461,-0.92,0.46,-1.38,-0.27,-0.06,-0.59,0.17,0.07,0.22,-0.0,0.0
1642873,Amari Williams,477,231,246,-1.27,0.12,-1.39,-0.08,-0.05,-1.11,-0.0,0.0,0.11,-0.03,0.01
1631216,Caleb Houstan,6730,3370,3360,-1.87,-0.48,-1.39,-0.44,-0.63,-0.75,0.35,-0.19,-0.62,-0.05,-0.02
1641854,Craig Porter,9045,4505,4540,-0.03,1.37,-1.4,-0.18,-0.35,0.5,0.09,-0.1,1.42,0.0,-0.04
1630587,Isaiah Livers,3328,1643,1685,-0.62,0.78,-1.4,-0.25,-0.1,-0.27,0.0,0.44,0.37,0.0,-0.03
1631321,Sidy Cissoko,6300,3167,3133,-1.51,-0.1,-1.41,-0.19,0.03,-1.24,-0.04,0.05,-0.17,-0.11,0.06
1642402,Enrique Freeman,806,420,386,-0.94,0.48,-1.42,0.12,-0.12,-0.93,0.21,0.12,0.16,-0.01,-0.01
1630177,Theo Maledon,908,465,443,-0.6,0.84,-1.43,-0.13,0.01,-0.47,0.17,0.22,0.45,-0.01,-0.0
203914,Gary Harris,11167,5666,5501,-0.49,0.93,-1.43,-0.48,-0.05,0.08,-0.14,0.15,0.94,-0.04,-0.02
1631247,Luke Travers,849,424,425,-1.38,0.05,-1.43,0.23,-0.23,-1.36,0.08,0.13,-0.16,-0.02,-0.0
1630703,Scoot Henderson,15930,8018,7912,-0.52,0.92,-1.44,-0.65,-0.08,0.24,0.29,0.27,0.33,-0.03,0.03
1630610,DeJon Jarreau,717,375,342,-1.08,0.36,-1.44,-0.15,-0.12,-0.88,-0.01,-0.07,0.46,0.07,-0.02
1642505,Alex Ducas,519,259,260,-1.16,0.29,-1.45,-0.26,-0.26,-0.64,-0.07,0.19,0.17,0.0,-0.0
1631123,Jamaree Bouyea,2639,1340,1299,-1.77,-0.32,-1.45,-0.16,-0.68,-0.89,0.17,-0.05,-0.43,-0.04,-0.01
1642867,Collin Murray-Boyles,4189,2138,2051,-1.74,-0.29,-1.45,-0.14,-0.2,-1.43,0.23,-0.0,-0.45,0.03,-0.07
1641794,Dillon Jones,2521,1266,1255,-1.5,-0.04,-1.46,-0.15,-0.35,-0.98,-0.25,0.38,-0.17,-0.02,0.0
1630623,Tyson Etienne,904,451,453,-0.38,1.09,-1.47,-0.07,-0.06,-0.04,0.11,0.15,0.72,-0.21,0.11
1641730,Noah Clowney,12585,6261,6324,-0.94,0.53,-1.47,-0.27,0.58,-1.22,0.02,0.04,0.46,-0.03,0.01
203926,Doug McDermott,6124,3040,3084,-0.47,1.0,-1.48,-0.11,-0.46,0.11,0.12,-0.12,1.0,-0.01,0.0
1630249,Vit Krejci,12496,6284,6212,-0.56,0.94,-1.49,-0.12,-0.43,-0.06,0.23,0.11,0.66,0.05,-0.06
1631102,TyTy Washington Jr.,882,436,446,-0.97,0.52,-1.49,-0.2,-0.19,-0.52,0.17,-0.02,0.36,-0.06,0.01
1642954,Will Richard,4617,2315,2302,-1.12,0.38,-1.5,-0.2,0.19,-1.16,0.38,-0.02,0.09,0.05,-0.07
1630579,Jericho Sims,8743,4299,4444,-0.71,0.79,-1.5,-0.32,-0.36,-0.03,-0.2,-0.09,1.09,0.0,-0.01
1631466,Jeenathan Williams,1588,796,792,-0.26,1.25,-1.51,-0.13,-0.32,0.26,0.18,0.14,0.82,-0.07,0.11
1630550,JT Thor,4153,2077,2076,-2.04,-0.52,-1.51,-0.69,-0.22,-1.12,0.18,0.15,-0.83,-0.01,-0.02
1630285,Zavier Simpson,663,351,312,-1.27,0.24,-1.51,-0.2,-0.14,-0.92,0.03,0.06,0.15,-0.01,0.0
1642879,Ben Saraf,2240,1104,1136,0.21,1.73,-1.52,-0.34,-0.17,0.6,0.04,0.36,1.27,0.12,0.06
1641710,Anthony Black,19694,9955,9739,-0.89,0.63,-1.52,-0.34,0.31,-0.67,-0.26,-0.03,0.9,-0.19,0.02
1641752,Bobi Klintman,463,241,222,-0.64,0.88,-1.52,0.05,-0.09,-0.55,0.11,0.19,0.6,-0.05,-0.02
1641815,Isaiah Stevens,186,100,86,-0.74,0.79,-1.53,-0.01,-0.04,-0.68,0.08,-0.01,0.71,-0.01,0.01
203552,Seth Curry,7019,3523,3496,-1.46,0.07,-1.53,-0.85,-0.16,-0.38,0.08,-0.05,0.05,-0.07,-0.01
1641741,Ricky Council IV,6240,3135,3105,-0.7,0.83,-1.53,-0.48,0.28,-0.5,0.71,-0.23,0.36,0.0,-0.01
1630696,Dru Smith,6424,3201,3223,-2.18,-0.63,-1.55,-0.58,0.04,-1.7,-0.25,0.03,-0.26,0.06,-0.15
203458,Alex Len,3356,1691,1665,-1.13,0.43,-1.56,-0.35,-0.52,-0.25,-0.13,0.19,0.38,-0.01,-0.01
1631288,Jamal Cain,3787,1899,1888,-0.81,0.75,-1.56,-0.47,-0.09,-0.28,0.31,0.18,0.21,0.03,0.05
1628464,Daniel Theis,6780,3416,3364,-1.17,0.39,-1.56,-0.37,0.03,-0.82,-0.03,0.13,0.28,-0.01,0.01
1642933,Gilbert,187,87,100,-0.66,0.9,-1.57,-0.29,-0.05,-0.32,-0.22,-0.01,1.13,-0.0,0.0
1628380,Zach Collins,11191,5536,5655,-1.82,-0.23,-1.59,-0.43,-0.19,-1.17,-0.58,-0.0,0.38,-0.03,-0.03
202330,Gordon Hayward,5258,2629,2629,-0.24,1.36,-1.6,-0.19,-0.29,0.24,0.13,0.26,0.98,0.0,-0.01
1629011,Mitchell Robinson,10020,5163,4857,-2.1,-0.5,-1.6,-0.62,-0.94,-0.75,0.05,0.17,-0.7,0.21,-0.02
1629669,Jaylen Nowell,1538,771,767,-1.55,0.05,-1.6,-0.61,-0.3,-0.64,0.02,-0.01,0.04,-0.0,0.0
1630245,Ayo Dosunmu,21114,10417,10697,-1.12,0.49,-1.61,0.22,0.08,-1.39,0.14,0.21,0.13,-0.03,0.01
1629670,Jordan Nwora,2962,1452,1510,-0.94,0.68,-1.61,-0.26,-0.06,-0.61,0.4,-0.09,0.36,-0.01,0.01
1641711,Gradey Dick,15777,7906,7871,-0.58,1.03,-1.61,0.14,-0.09,-0.67,0.81,0.48,-0.2,0.04,-0.06
1642962,Drake Powell,3885,1879,2006,-0.86,0.76,-1.62,-0.42,0.32,-0.82,-0.0,0.03,0.66,0.06,0.07
1642422,Armel Traoré,260,132,128,-0.94,0.69,-1.62,-0.13,-0.07,-0.72,0.15,0.03,0.51,-0.02,0.0
1626162,Kelly Oubre Jr.,22986,11565,11421,0.08,1.7,-1.62,-0.39,0.38,-0.01,0.88,0.12,0.71,0.1,-0.01
203924,Jerami Grant,20264,10147,10117,-0.37,1.27,-1.64,-1.15,0.74,-0.0,0.21,0.39,0.59,0.04,0.08
203903,Jordan Clarkson,14856,7381,7475,-0.54,1.1,-1.64,-0.5,0.31,-0.38,0.4,-0.01,0.76,0.03,-0.05
201959,Taj Gibson,2510,1242,1268,-2.25,-0.61,-1.64,-0.75,-0.47,-1.09,-0.28,-0.02,-0.31,0.06,0.0
1629723,John Konchar,10445,5234,5211,-2.39,-0.75,-1.64,-0.4,-0.29,-1.77,0.45,-0.31,-1.04,0.07,0.15
1631172,Ousmane Dieng,5851,2877,2974,-1.74,-0.1,-1.64,0.18,-0.3,-1.8,-0.15,-0.22,0.27,0.18,-0.0
203937,Kyle Anderson,14354,7188,7166,-2.28,-0.62,-1.65,-0.94,0.1,-1.37,-0.25,0.23,-0.59,-0.07,-0.01
1642271,Kyle Filipowski,12519,6199,6320,0.26,1.9,-1.65,0.07,0.03,0.03,0.39,-0.04,1.45,0.13,0.1
1630531,Jaden Springer,3581,1796,1785,-0.72,0.94,-1.66,-0.22,-0.12,-0.38,0.09,0.14,0.71,0.0,0.0
1627745,Damian Jones,1025,503,522,-0.91,0.75,-1.66,-0.1,-0.15,-0.65,0.1,-0.06,0.71,-0.01,0.0
1641851,Timmy Allen,516,271,245,-1.29,0.38,-1.67,-0.25,-0.12,-0.9,0.12,0.07,0.19,-0.02,0.0
1641727,Dariq Whitehead,1093,551,542,-0.88,0.81,-1.69,-0.12,-0.16,-0.6,0.19,0.13,0.5,0.0,-0.01
1642261,Dalton Knecht,8027,3948,4079,-1.35,0.35,-1.7,0.19,-0.4,-1.13,0.22,0.25,-0.14,-0.01,0.02
1630679,Ethan Thompson,1566,803,763,-0.78,0.94,-1.71,-0.48,-0.19,-0.18,-0.22,0.29,0.88,0.07,-0.01
1631200,Kris Murray,14241,7198,7043,-2.96,-1.24,-1.71,-0.05,-0.1,-2.8,-0.08,0.54,-1.63,-0.01,-0.07
200782,P.J. Tucker,2287,1134,1153,-0.7,1.0,-1.71,-0.31,-0.02,-0.37,-0.11,0.0,1.11,0.0,0.0
1642964,Brooks Barnhizer,1071,508,563,-1.31,0.4,-1.71,-0.22,0.0,-1.13,0.08,-0.14,0.45,0.04,0.01
1641740,Jaylen Clark,5277,2672,2605,-1.66,0.06,-1.73,-0.71,0.19,-1.13,-0.41,0.15,0.4,-0.01,-0.08
1630560,Cam Thomas,15218,7582,7636,0.55,2.29,-1.74,-0.27,0.39,0.45,0.9,0.16,1.2,-0.02,0.03
1630192,Zeke Nnaji,7391,3576,3815,-2.85,-1.11,-1.74,-0.52,-0.4,-2.02,0.09,0.25,-1.51,0.09,0.06
1641810,Antonio Reeves,2933,1479,1454,-0.38,1.37,-1.75,-0.35,-0.09,0.08,0.34,0.08,0.96,-0.02,-0.01
203095,Evan Fournier,2306,1136,1170,-1.71,0.05,-1.76,-0.13,-0.03,-1.55,0.32,0.08,-0.35,0.0,-0.0
203952,Andrew Wiggins,23665,11810,11855,-1.04,0.72,-1.76,-0.34,-0.08,-0.55,-0.12,-0.23,1.12,-0.07,-0.05
1642285,Cam Spencer,7405,3746,3659,-0.17,1.6,-1.76,0.49,0.19,-0.77,0.45,0.35,0.76,-0.08,0.04
1631133,Jabari Walker,13021,6612,6409,-0.86,0.91,-1.77,-0.61,-0.01,-0.3,0.48,0.21,0.21,0.06,0.01
1629234,Drew Eubanks,10245,5007,5238,-2.16,-0.39,-1.77,-0.27,0.07,-2.05,0.15,-0.11,-0.35,0.09,-0.08
1628995,Kevin Knox II,2837,1456,1381,-0.46,1.32,-1.78,0.12,0.13,-0.69,-0.02,0.16,1.18,-0.02,0.0
1631241,Javon Freeman-Liberty,1637,809,828,-0.74,1.05,-1.79,-0.34,0.01,-0.41,0.37,-0.08,0.75,0.0,0.01
1631093,Jaden Ivey,15450,7689,7761,-0.54,1.26,-1.79,-0.8,-0.33,0.59,0.36,0.13,0.79,0.0,-0.02
1642877,Micah Peavy,3156,1583,1573,-0.63,1.18,-1.81,0.2,-0.14,-0.65,-0.08,0.26,0.94,-0.04,0.06
1641734,Emoni Bates,843,410,433,-1.53,0.3,-1.82,-0.21,-0.26,-1.04,0.2,0.01,0.08,-0.02,0.01
1641877,Nathan Mensah,1195,598,597,-1.23,0.6,-1.82,-0.3,-0.03,-0.88,0.14,0.05,0.41,-0.02,0.0
1630283,Kylor Kelley,560,276,284,-1.04,0.78,-1.82,-0.32,-0.09,-0.61,0.22,0.03,0.53,-0.02,0.0
1641731,Bilal Coulibaly,20316,9937,10379,-1.02,0.81,-1.83,-0.48,0.06,-0.61,0.5,0.04,0.13,0.01,0.14
1629667,Jalen McDaniels,2236,1098,1138,-1.36,0.47,-1.83,-0.54,-0.09,-0.71,0.5,-0.09,0.06,-0.02,-0.0
1643007,Taelon Peter,1292,640,652,-0.87,0.98,-1.85,0.26,-0.36,-0.78,0.11,0.07,0.76,0.01,0.04
1631199,Ron Harper Jr.,1019,526,493,-0.93,0.91,-1.85,0.05,-0.25,-0.68,-0.14,0.13,0.88,-0.05,0.04
1629003,Shake Milton,5788,2897,2891,-1.37,0.49,-1.86,-0.39,-0.08,-0.89,0.18,0.39,-0.07,-0.01,-0.01
1631222,Jake LaRavia,15839,7925,7914,0.07,1.93,-1.86,0.14,0.39,-0.49,0.28,0.39,1.32,0.03,-0.06
1630219,Skylar Mays,1746,887,859,-1.22,0.66,-1.88,-0.41,-0.22,-0.59,-0.03,0.16,0.53,0.0,0.0
1630235,Trent Forrest,1601,803,798,-0.9,1.0,-1.89,-0.04,-0.18,-0.67,0.13,0.02,0.85,-0.01,0.0
1642852,Derik Queen,7494,3704,3790,0.62,2.52,-1.9,0.2,0.78,-0.29,0.14,-0.21,2.52,-0.07,0.07
1630288,Jeff Dowtin,3086,1565,1521,-1.39,0.52,-1.91,-0.47,-0.29,-0.62,0.36,-0.14,0.29,-0.01,0.01
1630542,Marcus Bagley,1071,533,538,-1.27,0.64,-1.91,-0.33,-0.2,-0.73,-0.04,-0.09,0.77,-0.01,0.0
1642502,Malevy Leons,485,248,237,-0.71,1.2,-1.92,-0.03,-0.11,-0.53,0.2,0.12,0.96,-0.04,-0.08
201145,Jeff Green,7656,3830,3826,-0.98,0.95,-1.93,-0.07,-0.1,-0.76,0.1,0.17,0.63,-0.05,0.05
1630548,Johnny Juzang,7038,3434,3604,-0.93,0.99,-1.93,-0.26,-0.32,-0.34,-0.13,-0.04,1.19,-0.01,-0.03
1630553,Keon Johnson,7840,3914,3926,-1.26,0.68,-1.94,-0.94,-0.29,-0.03,0.27,0.41,-0.0,0.0,0.0
1628502,Nigel Hayes,763,375,388,-1.41,0.54,-1.96,-0.27,-0.09,-0.99,0.24,0.04,0.27,-0.06,-0.01
1641732,Colby Jones,2887,1449,1438,-1.62,0.37,-1.98,-0.69,-0.36,-0.58,0.0,0.06,0.32,0.01,-0.01
1629673,Jordan Poole,22003,10843,11160,-1.88,0.1,-1.98,0.51,0.0,-2.37,0.52,0.47,-0.87,-0.02,-0.02
1642857,Kasparas Jakučionis,3193,1646,1547,-0.74,1.24,-1.98,-0.25,0.17,-0.94,0.16,0.18,0.84,0.28,0.06
1629629,Cam Reddish,6407,3150,3257,-1.04,0.95,-1.99,-0.26,0.11,-0.89,0.26,0.0,0.7,0.0,-0.01
202684,Tristan Thompson,3999,1974,2025,-2.38,-0.37,-2.0,-0.39,-0.66,-1.3,0.01,-0.16,-0.22,-0.03,0.0
1631109,Mark Williams,12466,6218,6248,-1.79,0.21,-2.0,0.06,0.08,-1.93,0.38,-0.58,0.44,0.0,-0.03
1642403,Isaac Jones,1304,650,654,-0.9,1.1,-2.0,-0.13,-0.23,-0.56,-0.04,0.05,1.11,0.02,-0.02
1630175,Cole Anthony,14816,7496,7320,-1.91,0.11,-2.01,-0.45,-0.15,-1.24,-0.26,0.75,-0.36,-0.07,-0.02
1631232,Keion Brooks Jr.,1364,667,697,-0.96,1.06,-2.02,-0.36,-0.12,-0.47,0.08,0.04,0.95,-0.01,-0.01
202066,Garrett Temple,2279,1143,1136,-1.12,0.91,-2.03,-0.35,-0.12,-0.7,0.26,-0.01,0.69,0.05,-0.03
202687,Bismack Biyombo,5781,2834,2947,-0.96,1.08,-2.04,-1.25,-0.89,1.19,0.19,-0.41,1.3,-0.01,0.0
202711,Bojan Bogdanovic,6207,3078,3129,-0.58,1.47,-2.05,-0.5,-0.1,0.03,0.1,0.13,1.23,-0.01,0.01
1626192,Pat Connaughton,10788,5358,5430,-1.25,0.79,-2.05,-0.03,0.14,-1.36,-0.12,-0.09,0.98,0.0,0.02
1631367,Jacob Gilyard,2769,1386,1383,-1.0,1.06,-2.06,-0.01,-0.25,-0.74,0.37,0.1,0.6,0.0,-0.01
1641718,Keyonte George,24582,12071,12511,0.78,2.83,-2.06,0.45,0.86,-0.57,0.86,-0.01,2.01,0.04,-0.03
1631111,Wendell Moore Jr.,2690,1363,1327,-1.57,0.5,-2.06,-0.32,-0.28,-0.95,-0.28,-0.14,0.93,-0.02,-0.01
1626196,Josh Richardson,4931,2451,2480,-0.85,1.22,-2.07,0.12,0.18,-1.11,0.17,0.15,0.91,-0.04,-0.01
1641724,Jett Howard,5353,2717,2636,-0.85,1.23,-2.08,-0.18,-0.09,-0.84,0.28,0.57,0.24,0.26,0.14
1631098,Johnny Davis,3622,1811,1811,-1.54,0.55,-2.09,-0.37,-0.23,-0.93,0.21,0.17,0.19,-0.01,-0.02
1630658,Colin Castleton,2077,1043,1034,-2.34,-0.24,-2.1,-0.25,-0.09,-2.0,-0.05,0.02,-0.21,0.0,0.0
1631103,Malaki Branham,9522,4670,4852,-1.26,0.84,-2.1,-0.23,-0.35,-0.66,0.64,-0.43,0.65,-0.02,-0.02
1642878,Tyrese Proctor,1819,927,892,-1.06,1.04,-2.1,0.08,0.0,-1.13,0.27,0.24,0.55,-0.01,-0.02
1630702,Jaden Hardy,10994,5444,5550,-0.9,1.21,-2.11,-0.2,-0.45,-0.31,-0.13,0.32,0.96,0.06,0.06
1642869,Noah Penda,2643,1344,1299,-1.24,0.88,-2.11,-0.58,-0.05,-0.86,0.3,0.03,0.42,0.25,0.13
1641721,Maxwell Lewis,1683,833,850,-1.56,0.56,-2.12,-0.19,-0.31,-1.05,0.12,0.16,0.29,-0.01,-0.01
1631342,Daeqwon Plowden,2147,1092,1055,-1.02,1.1,-2.12,-0.05,-0.26,-0.95,-0.08,-0.14,1.19,0.24,0.13
1630644,Mac McClung,264,145,119,-1.27,0.86,-2.13,-0.19,-0.14,-0.93,0.25,0.06,0.56,-0.01,-0.01
1642854,Asa Newell,1871,954,917,-1.05,1.08,-2.13,0.13,-0.2,-0.96,-0.06,0.31,0.82,-0.02,0.01
1630527,Brandon Boston Jr.,5530,2778,2752,-1.8,0.33,-2.13,-1.01,-0.46,-0.32,0.16,0.01,0.15,-0.01,0.01
1631104,Blake Wesley,7638,3790,3848,-0.88,1.26,-2.14,-0.28,-0.61,-0.09,0.17,0.15,0.93,0.1,0.01
1641723,Kobe Bufkin,1668,826,842,-1.9,0.25,-2.15,-0.3,-0.16,-1.43,0.32,-0.02,-0.09,-0.01,0.04
1630322,Lindy Waters III,5218,2643,2575,-1.27,0.9,-2.17,-0.07,-0.73,-0.48,-0.2,0.22,0.91,0.01,-0.03
1630209,Omer Yurtseven,2234,1126,1108,-1.51,0.69,-2.19,-0.24,-0.19,-1.06,0.35,-0.04,0.38,-0.02,0.0
1630311,Pat Spencer,4970,2527,2443,-0.81,1.38,-2.19,-0.35,-0.61,0.14,-0.03,0.27,1.18,0.01,-0.04
1631303,Justin Minaya,1915,990,925,-1.94,0.26,-2.19,-0.28,-0.24,-1.41,0.0,0.08,0.18,-0.01,0.0
1631451,Javonte Cooke,375,191,184,-1.78,0.46,-2.23,-0.21,-0.21,-1.35,0.25,0.01,0.19,-0.01,0.01
1626204,Larry Nance Jr.,8434,4242,4192,-1.17,1.09,-2.25,0.17,-0.04,-1.27,0.66,0.07,0.35,-0.03,0.01
1628371,Jonathan Isaac,10797,5549,5248,-3.23,-0.96,-2.26,-0.43,-0.01,-2.73,-0.67,0.42,-0.67,-0.06,-0.04
1630201,Malachi Flynn,3723,1853,1870,-1.43,0.85,-2.28,-0.47,-0.16,-0.81,0.14,0.07,0.64,0.01,-0.0
1630647,Eugene Omoruyi,1658,834,824,-1.08,1.2,-2.29,-0.16,-0.1,-0.81,0.35,0.03,0.83,-0.01,-0.01
1641767,Ben Sheppard,15989,7978,8011,-1.39,0.9,-2.29,-0.22,-0.26,-0.85,-0.06,0.67,0.32,-0.06,-0.03
1642450,Daniss Jenkins,4196,2162,2034,-2.02,0.27,-2.29,-0.53,0.37,-1.76,0.09,0.58,-0.52,-0.1,0.12
1627749,Dejounte Murray,16852,8576,8276,-0.06,2.25,-2.31,-0.31,0.25,-0.11,0.22,0.21,1.96,0.11,-0.14
1630556,Kessler Edwards,3585,1760,1825,-0.55,1.78,-2.33,-0.22,-0.27,-0.07,0.28,-0.0,1.51,0.01,-0.01
1642275,Tidjane Salaün,7234,3616,3618,-2.44,-0.11,-2.33,-1.03,-0.01,-1.4,0.12,-0.08,-0.15,0.0,0.0
1630538,Nah'Shon Hyland,6643,3321,3322,-1.24,1.13,-2.37,0.07,-0.53,-0.72,0.16,0.26,0.68,-0.06,0.03
1631124,Julian Strawther,11193,5514,5679,-1.24,1.14,-2.38,0.23,0.13,-1.66,-0.43,0.12,1.45,0.06,0.0
1628964,Mo Bamba,4743,2372,2371,-2.18,0.22,-2.4,-0.22,-0.42,-1.61,0.09,0.19,-0.12,0.07,0.06
1641720,Jalen Hood-Schifino,1739,858,881,-1.11,1.31,-2.42,-0.51,-0.11,-0.5,0.02,0.06,1.25,0.01,-0.02
1641816,Hunter Tyson,2632,1303,1329,-2.49,-0.07,-2.43,0.1,-0.23,-2.34,0.16,-0.07,-0.15,-0.02,-0.01
1641871,Duop Reath,7912,4008,3904,-1.26,1.17,-2.44,-0.27,-0.15,-0.81,0.36,0.19,0.63,-0.03,-0.01
1631223,David Roddy,6498,3232,3266,-1.36,1.1,-2.46,-0.57,-0.21,-0.62,0.38,0.17,0.5,0.04,0.05
1630568,Luka Garza,5215,2680,2535,-0.61,1.86,-2.47,-0.05,-0.21,-0.3,0.32,0.08,1.37,-0.05,0.09
1628398,Kyle Kuzma,24826,12088,12738,-1.1,1.4,-2.5,-0.59,-0.59,0.01,0.37,0.05,1.03,0.07,-0.05
1641787,Tosan Evbuomwan,4100,2065,2035,-2.05,0.48,-2.52,-0.72,-0.23,-1.1,-0.11,0.12,0.47,0.0,0.0
1642849,Nolan Traore,3853,1917,1936,-0.19,2.35,-2.54,-0.25,0.09,0.01,-0.26,0.38,2.21,-0.04,0.02
1629028,Deandre Ayton,18796,9349,9447,-1.35,1.19,-2.54,-0.59,-0.58,-0.18,0.41,-0.65,1.42,-0.0,0.01
1629651,Nicolas Claxton,23140,11422,11718,-2.34,0.21,-2.54,-0.19,-0.6,-1.51,0.14,-0.2,0.28,-0.04,-0.01
1641715,Cam Whitmore,8795,4450,4345,-0.49,2.05,-2.54,-0.09,-0.35,-0.03,0.55,0.11,1.41,-0.02,-0.02
1630592,Jalen Wilson,13173,6641,6532,-1.25,1.31,-2.56,-1.19,0.03,-0.0,-0.09,0.17,1.24,-0.09,-0.01
203109,Jae Crowder,5298,2648,2650,-1.19,1.4,-2.59,0.08,-0.14,-1.12,0.15,0.03,1.23,-0.01,-0.01
1631218,Trayce Jackson-Davis,10799,5440,5359,-1.87,0.72,-2.59,0.23,-0.71,-1.39,0.31,-0.22,0.63,-0.0,0.0
1641748,Andre Jackson Jr.,7351,3636,3715,-1.09,1.51,-2.6,0.12,-0.45,-0.75,0.26,0.3,0.89,-0.01,0.06
1630692,Jordan Goodwin,11634,5934,5700,-1.95,0.65,-2.6,-0.94,-0.25,-0.86,0.14,0.63,-0.11,0.1,-0.01
1630208,Nick Richards,14579,7150,7429,-1.32,1.29,-2.61,-0.11,-0.18,-0.97,0.84,-0.41,0.89,-0.06,-0.03
1641722,Jordan Hawkins,12692,6351,6341,-1.55,1.07,-2.62,-0.41,0.05,-1.12,0.39,-0.1,0.72,-0.07,0.06
201566,Russell Westbrook,24322,12049,12273,-0.9,1.72,-2.62,-1.01,-0.15,0.22,0.28,0.17,1.21,0.04,0.06
202694,Marcus Morris Sr.,3818,1938,1880,-1.61,1.02,-2.63,-0.54,0.12,-1.18,-0.07,0.13,0.97,-0.01,-0.01
1641707,Taylor Hendricks,7424,3675,3749,-1.21,1.44,-2.66,-0.22,-0.32,-0.72,0.51,0.25,0.53,0.05,0.15
1631207,Dalen Terry,8944,4496,4448,-2.32,0.37,-2.68,-0.61,-0.37,-1.49,-0.34,0.48,0.25,0.15,-0.02
1628396,Tony Bradley,2470,1278,1192,-2.2,0.49,-2.69,-0.69,0.1,-1.62,0.35,0.48,-0.31,0.01,-0.03
1642358,AJ Johnson,3895,1924,1971,-2.93,-0.22,-2.71,-0.79,-0.19,-1.93,0.21,0.07,-0.46,-0.02,-0.04
1629646,Charles Bassey,2610,1295,1315,-1.74,0.98,-2.72,0.04,-0.17,-1.61,0.54,0.2,0.24,0.0,0.0
1641878,Damion Baugh,1509,750,759,-1.53,1.19,-2.72,-0.28,-0.05,-1.19,0.05,-0.01,1.15,-0.01,0.0
1630639,AJ Lawson,3960,2016,1944,-1.84,0.9,-2.74,0.1,-0.14,-1.81,-0.08,-0.07,1.07,0.01,-0.02
1641736,Reece Beekman,1831,942,889,-1.89,0.9,-2.79,-0.66,-0.21,-1.02,0.22,0.26,0.44,0.0,-0.02
1626145,Tyus Jones,20759,10235,10524,-1.37,1.44,-2.81,0.2,-0.42,-1.13,0.8,-0.56,1.24,-0.02,-0.04
1630164,James Wiseman,4736,2323,2413,-1.62,1.21,-2.83,-0.29,-0.0,-1.31,0.13,0.27,0.8,-0.02,0.01
1642875,Maxime Raynaud,6176,3066,3110,-1.73,1.14,-2.87,-1.34,-0.2,-0.28,0.65,0.22,0.29,0.09,-0.02
1629018,Gary Trent Jr.,21624,10671,10953,-0.36,2.52,-2.88,-0.27,-0.22,0.08,0.47,0.17,1.83,0.05,0.05
1642262,Cody Williams,9151,4484,4667,-1.2,1.68,-2.88,-0.25,-0.21,-0.81,0.26,-0.21,1.64,0.07,-0.01
1642354,KJ Simpson,4403,2186,2217,-1.95,0.95,-2.9,-0.57,-0.21,-1.18,0.34,-0.08,0.69,0.01,0.0
1630173,Precious Achiuwa,17500,8788,8712,-2.29,0.63,-2.92,-0.7,-0.55,-1.1,0.35,-0.53,0.78,0.06,0.03
1630214,Xavier Tillman,5595,2826,2769,-2.27,0.69,-2.96,-0.3,-0.33,-1.61,0.16,-0.27,0.82,-0.03,-0.02
1628997,Caleb Martin,15807,7909,7898,-2.58,0.43,-3.0,-0.94,-0.29,-1.31,0.3,-0.12,0.27,-0.04,-0.02
1629111,Jock Landale,11130,5663,5467,-1.01,2.05,-3.05,-0.13,-0.25,-0.58,-0.01,-0.26,2.4,-0.05,-0.08
1627741,Buddy Hield,21375,10829,10546,-1.34,1.71,-3.05,0.27,-0.7,-0.89,0.2,0.13,1.4,-0.02,-0.02
1626224,Cedi Osman,5337,2639,2698,-0.98,2.09,-3.06,-0.44,-0.29,-0.23,0.27,0.21,1.63,-0.02,-0.02
1642860,Will Riley,4556,2233,2323,-1.29,1.78,-3.07,-0.54,0.03,-0.86,0.3,0.22,1.0,0.08,0.26
1642269,Devin Carter,3218,1667,1551,-2.02,1.05,-3.07,-0.54,-0.18,-1.45,-0.26,0.24,1.11,0.15,-0.04
1641798,Jaylen Martin,975,483,492,-1.79,1.33,-3.11,-0.39,-0.11,-1.28,0.23,0.09,1.02,-0.01,-0.01
202397,Ish Smith,2962,1486,1476,-1.42,1.7,-3.11,-0.33,-0.26,-0.82,0.09,0.27,1.37,-0.01,-0.03
1642258,Zaccharie Risacher,13261,6689,6572,-1.36,1.83,-3.2,-0.11,-0.78,-0.47,0.52,0.04,1.32,-0.0,-0.05
1642266,Ja'Kobe Walter,8878,4480,4398,-2.31,0.89,-3.2,-0.3,-0.22,-1.84,0.08,0.57,0.23,0.05,0.01
1628971,Bruce Brown,18594,9194,9400,-1.24,1.97,-3.21,0.01,0.18,-1.4,0.27,0.4,1.34,-0.03,-0.04
1631115,Orlando Robinson,4521,2294,2227,-2.73,0.49,-3.22,-0.67,-0.29,-1.78,0.33,0.17,0.01,0.01,-0.02
1629014,Anfernee Simons,21415,10798,10617,-2.18,1.12,-3.3,-0.58,-0.15,-1.45,0.2,0.1,0.87,-0.0,-0.05
1630533,Ziaire Williams,14552,7264,7288,-1.7,1.61,-3.31,-0.02,0.31,-2.03,0.89,0.19,0.52,0.04,0.01
1630172,Patrick Williams,16008,7927,8081,-2.38,1.02,-3.4,-0.6,-0.09,-1.64,0.35,-0.1,0.78,-0.05,-0.01
1630545,Terrence Shannon Jr.,3185,1585,1600,-1.52,1.89,-3.42,-0.34,-0.02,-1.07,0.25,0.37,1.34,-0.09,-0.07
1629640,Keldon Johnson,23037,11531,11506,-2.63,0.81,-3.44,-0.99,0.04,-1.71,0.3,0.48,0.02,0.03,0.01
1642268,Isaiah Collier,13625,6671,6954,-1.1,2.37,-3.47,-0.27,-0.35,-0.51,0.28,0.37,1.71,0.03,0.01
1642367,Jonathan Mogbo,5928,2979,2949,-2.96,0.53,-3.49,-0.13,-0.32,-2.51,0.4,0.22,-0.02,0.0,-0.07
1626179,Terry Rozier,14806,7398,7408,-2.23,1.27,-3.51,-0.66,-0.39,-1.14,0.33,-0.1,1.06,-0.04,-0.02
1642846,Ace Bailey,6693,3356,3337,-1.95,1.65,-3.6,0.03,0.02,-2.2,0.47,0.62,0.46,0.2,0.1
1642847,Jeremiah Fears,7739,3904,3835,-1.68,1.99,-3.67,-0.33,-0.03,-1.26,0.27,0.07,1.6,-0.06,0.05
1641733,Nick Smith Jr.,9679,4782,4897,-2.55,1.14,-3.69,-1.1,-0.25,-1.21,0.83,0.07,0.25,0.01,-0.01
1641716,Jarace Walker,13757,6812,6945,-1.58,2.12,-3.7,-0.64,-0.12,-0.85,0.75,-0.01,1.38,0.03,0.0
1630544,Tre Mann,7574,3742,3832,-1.62,2.15,-3.77,-0.3,-0.23,-1.03,0.41,-0.05,1.8,-0.06,-0.01
1628470,Torrey Craig,5595,2840,2755,-2.25,1.53,-3.78,-0.21,-0.33,-1.7,0.33,0.16,1.05,-0.01,-0.01
1642267,Carlton Carrington,17783,8657,9126,-2.15,1.73,-3.88,-0.69,-0.58,-0.86,0.37,0.04,1.13,-0.02,0.19
1641765,Olivier-Maxence Prosper,6928,3442,3486,-1.87,2.02,-3.88,-0.23,-0.14,-1.41,-0.02,-0.02,1.87,-0.09,0.19
1630526,Jeremiah Robinson-Earl,8065,4017,4048,-1.54,2.44,-3.98,-0.86,-0.24,-0.4,0.18,-0.03,2.33,-0.04,-0.04
1631110,Jeremy Sochan,16649,8241,8408,-2.46,1.55,-4.01,-0.04,-0.15,-2.25,0.55,-0.02,0.97,-0.02,0.05
1641738,Kobe Brown,5302,2612,2690,-2.02,2.08,-4.11,0.08,-0.12,-1.93,0.08,0.08,1.81,-0.05,0.11
1642348,Justin Edwards,7756,3879,3877,0.14,4.72,-4.58,0.01,-0.28,0.39,0.81,0.29,3.55,0.02,0.07
1641712,Rayan Rupert,7925,4022,3903,-3.22,1.61,-4.83,-1.05,-0.25,-1.91,0.24,0.05,1.29,-0.01,0.03
1631213,Tyrese Martin,8380,4267,4113,-2.43,2.9,-5.33,-0.6,-0.35,-1.52,0.39,0.23,2.23,0.04,0.05
203083,Andre Drummond,12683,6500,6183,-4.18,1.37,-5.56,-0.66,-0.56,-2.9,0.94,-0.05,0.49,-0.06,-0.01
1642274,Yves Missi,12692,6473,6219,-3.63,1.97,-5.61,-1.45,-0.74,-1.48,0.61,-0.39,1.83,0.04,-0.08
