player_id,player_name,possessions,off_poss,def_poss,oTS,dTS,net_ts,oSQ,oFT,oCONTEST,dSQ,dFT,dCONTEST,oRESID,dRESID
203999,Nikola Jokic,35373,17767,17606,7.06,-0.26,7.32,1.93,1.04,4.01,-0.84,-0.34,1.06,0.08,-0.14
1641705,Victor Wembanyama,22909,11388,11521,2.23,-4.82,7.05,1.53,0.23,0.16,-0.34,-0.64,-3.68,0.31,-0.16
1628983,Shai Gilgeous-Alexander,35832,18195,17637,4.01,-2.54,6.55,-0.43,1.5,2.78,-0.44,0.54,-2.63,0.16,-0.01
203507,Giannis Antetokounmpo,25231,12460,12771,4.64,-1.79,6.43,3.26,-0.21,1.53,-0.24,-0.11,-1.16,0.06,-0.28
1631096,Chet Holmgren,25959,13017,12942,1.92,-4.21,6.14,0.33,0.11,1.51,-0.93,-0.88,-2.5,-0.03,0.1
202695,Kawhi Leonard,23438,11695,11743,3.5,-1.73,5.23,0.57,0.19,2.54,0.01,-0.48,-1.31,0.2,0.05
203954,Joel Embiid,13524,6738,6786,2.47,-2.25,4.72,-0.17,1.35,1.35,-0.66,-0.29,-1.2,-0.06,-0.1
201142,Kevin Durant,32699,16130,16569,4.84,0.26,4.58,1.23,0.88,2.75,0.36,-0.09,-0.01,-0.02,0.0
201939,Stephen Curry,26044,13087,12957,5.64,1.44,4.2,2.64,0.33,2.55,0.46,0.19,0.82,0.12,-0.03
1630169,Tyrese Haliburton,24552,12235,12317,3.33,-0.76,4.09,1.84,-0.03,1.66,0.6,-0.12,-1.26,-0.14,0.02
1628401,Derrick White,34989,17560,17429,0.81,-3.0,3.8,0.92,-0.01,-0.12,-0.41,-0.29,-2.3,0.02,0.0
1629029,Luka Doncic,31592,15768,15824,3.57,-0.16,3.73,1.13,0.3,2.17,-0.06,-0.22,0.06,-0.03,0.06
203497,Rudy Gobert,32861,16412,16449,-1.38,-5.11,3.73,1.36,-1.04,-1.78,-1.3,-0.82,-2.91,0.08,-0.08
1642907,Cedric Coward,6754,3337,3417,2.3,-1.22,3.52,-0.04,0.75,1.63,-0.29,-0.1,-1.04,-0.04,0.21
203081,Damian Lillard,20401,10042,10359,1.15,-2.33,3.48,0.79,1.02,-0.71,-0.14,-0.14,-2.08,0.05,0.03
1631119,Jaylin Williams,13065,6523,6542,1.04,-2.43,3.46,-0.23,0.34,0.85,-0.73,-0.03,-1.49,0.08,-0.18
1628386,Jarrett Allen,27190,13604,13586,2.34,-0.97,3.31,1.2,-0.14,1.38,0.49,-1.01,-0.36,-0.1,-0.09
1629060,Rui Hachimura,23998,11784,12214,1.79,-1.49,3.28,0.35,0.28,1.42,0.31,-0.51,-1.28,-0.26,-0.01
202681,Kyrie Irving,19325,9649,9676,1.67,-1.41,3.08,0.25,0.03,1.46,-0.18,-0.15,-0.98,-0.07,-0.1
1626156,D'Angelo Russell,19133,9450,9683,0.83,-2.11,2.95,0.04,-0.13,0.94,0.13,-0.28,-2.01,-0.02,0.05
1628374,Lauri Markkanen,19658,9813,9845,1.62,-1.28,2.91,0.82,0.44,0.34,-0.3,-0.03,-0.83,0.02,-0.12
1627827,Dorian Finney-Smith,18011,8948,9063,0.73,-2.16,2.88,-0.0,-0.07,0.8,-0.31,-0.2,-1.7,0.0,0.05
1626164,Devin Booker,30985,15382,15603,2.2,-0.66,2.86,0.26,0.8,1.13,-0.07,0.22,-0.88,0.01,0.07
1630170,Devin Vassell,26151,12941,13210,1.79,-1.01,2.8,-0.25,0.09,1.85,0.53,-0.44,-0.97,0.1,-0.13
1626167,Myles Turner,30272,14918,15354,1.82,-0.9,2.71,0.92,0.17,0.77,-0.17,-0.3,-0.27,-0.04,-0.16
1627750,Jamal Murray,32635,16266,16369,3.27,0.62,2.65,-0.02,0.32,3.12,0.02,-0.3,0.79,-0.15,0.11
1630573,Sam Hauser,22692,11448,11244,1.52,-1.1,2.63,1.28,-0.39,0.63,-0.3,-0.12,-0.58,0.0,-0.1
1628369,Jayson Tatum,27884,13987,13897,1.32,-1.3,2.62,-0.08,0.22,1.08,-0.42,-0.45,-0.46,0.1,0.03
1630529,Herbert Jones,18983,9540,9443,1.34,-1.26,2.6,0.46,0.08,0.71,0.03,0.18,-1.29,0.09,-0.18
1628384,OG Anunoby,30894,15637,15257,0.7,-1.89,2.59,0.52,-0.3,0.55,-0.22,-0.4,-1.27,-0.07,0.0
201950,Jrue Holiday,27333,13675,13658,0.41,-2.11,2.52,0.58,-0.02,0.18,-0.47,-0.48,-1.09,-0.33,-0.07
1626157,Karl-Anthony Towns,31877,16097,15780,3.23,0.72,2.52,0.83,0.83,1.55,-0.02,0.07,0.72,0.02,-0.05
203935,Marcus Smart,12386,6194,6192,1.22,-1.29,2.51,-0.08,0.34,1.15,-0.49,0.59,-1.35,-0.19,-0.04
1630596,Evan Mobley,26475,13223,13252,0.33,-2.17,2.49,0.66,-0.28,-0.15,-1.02,-0.25,-0.96,0.1,0.06
1641726,Dereck Lively II,11056,5546,5510,0.82,-1.62,2.44,0.47,-0.25,0.66,-0.31,-0.17,-1.07,-0.06,-0.07
1630174,Aaron Nesmith,23211,11519,11692,1.91,-0.52,2.43,0.04,0.34,1.47,-0.28,0.45,-0.8,0.06,0.11
201572,Brook Lopez,27943,13733,14210,0.71,-1.69,2.39,0.44,0.37,0.12,-0.32,-0.65,-0.67,-0.22,-0.05
1628989,Kevin Huerter,19798,9923,9875,1.38,-1.01,2.39,-0.09,-0.32,1.71,-0.14,0.06,-0.93,0.08,0.0
1631157,Ryan Rollins,13503,6589,6914,1.51,-0.84,2.35,-0.14,-0.58,2.37,0.08,0.31,-1.46,-0.14,0.23
1630559,Austin Reaves,29389,14481,14908,2.77,0.48,2.29,0.87,1.21,0.6,-0.23,-0.08,0.76,0.09,0.03
1630581,Josh Giddey,25300,12459,12841,2.02,-0.25,2.27,0.57,0.1,1.25,0.58,-0.39,-0.43,0.1,-0.01
1627826,Ivica Zubac,24877,12393,12484,0.44,-1.83,2.27,0.98,-0.62,0.37,-0.8,-0.77,-0.21,-0.29,-0.05
1642851,Kon Knueppel,10377,5234,5143,2.15,-0.12,2.26,1.42,-0.14,0.85,-0.68,-0.13,0.45,0.02,0.24
202710,Jimmy Butler,21340,10779,10561,2.01,-0.23,2.24,-0.2,1.39,0.87,0.21,-0.29,-0.17,-0.05,0.02
1627783,Pascal Siakam,35238,17567,17671,0.57,-1.66,2.23,-1.21,-0.15,1.83,-0.46,-0.23,-0.93,0.1,-0.04
1626181,Norman Powell,24971,12486,12485,1.32,-0.9,2.22,0.29,0.56,0.67,0.24,0.23,-1.33,-0.2,-0.04
1629660,Ty Jerome,8016,4029,3987,2.42,0.25,2.17,0.31,0.39,1.82,-0.31,0.09,0.31,-0.1,0.16
201569,Eric Gordon,11506,5604,5902,1.38,-0.76,2.14,-0.32,0.19,1.61,0.1,0.18,-0.96,-0.1,-0.08
1631128,Christian Braun,26527,13176,13351,-0.27,-2.4,2.13,0.65,-0.08,-0.84,-0.12,-0.25,-2.13,-0.0,0.1
203944,Julius Randle,28266,14127,14139,2.67,0.58,2.09,-0.29,0.77,2.17,0.28,-0.1,0.48,0.02,-0.08
1629638,Nickeil Alexander-Walker,29410,14732,14678,1.6,-0.48,2.08,-0.37,0.19,1.86,-0.76,0.01,0.3,-0.08,-0.03
202699,Tobias Harris,28173,14279,13894,-0.37,-2.43,2.06,-0.13,0.24,-0.62,-0.3,0.09,-2.1,0.14,-0.12
1629057,Robert Williams III,6073,3012,3061,-0.31,-2.35,2.04,0.24,-0.08,-0.28,0.04,0.08,-2.35,-0.19,-0.12
203932,Aaron Gordon,23067,11587,11480,-0.3,-2.32,2.02,0.17,0.03,-0.62,-0.15,-0.38,-1.86,0.12,0.07
1630532,Franz Wagner,22965,11743,11222,0.94,-1.05,2.0,0.1,0.63,0.37,-0.59,0.15,-0.51,-0.16,-0.1
1629674,Neemias Queta,12548,6346,6202,-0.35,-2.34,1.99,0.87,-0.59,-0.84,-0.67,-0.28,-1.41,0.21,0.02
1628378,Donovan Mitchell,29574,14927,14647,1.82,-0.13,1.95,-0.08,0.55,1.36,-0.65,0.2,0.24,-0.01,0.08
203897,Zach LaVine,19316,9513,9803,1.72,-0.19,1.91,0.29,-0.15,1.6,0.26,0.12,-0.4,-0.02,-0.17
203076,Anthony Davis,21455,10566,10889,0.43,-1.46,1.89,0.05,0.01,0.37,-0.07,-0.53,-0.78,0.0,-0.08
201143,Al Horford,21186,10625,10561,0.71,-1.15,1.86,0.16,-0.46,1.1,-0.13,-0.53,-0.48,-0.09,-0.01
1629655,Daniel Gafford,19673,9611,10062,-0.32,-2.15,1.83,0.56,-0.4,-0.53,-0.08,-0.48,-1.58,0.05,-0.01
1630577,Julian Champagnie,23875,11918,11957,1.41,-0.4,1.81,0.51,0.21,0.76,0.22,-0.46,-0.16,-0.07,0.0
1629634,Brandon Clarke,5805,2911,2894,0.43,-1.38,1.8,0.22,-0.29,0.61,0.23,0.27,-1.87,-0.11,-0.01
1627936,Alex Caruso,18720,9515,9205,-0.28,-2.06,1.78,-0.01,0.53,-0.78,-1.04,0.35,-1.31,-0.02,-0.06
1628368,De'Aaron Fox,29632,15002,14630,1.47,-0.29,1.76,-0.38,-0.07,1.74,-0.65,0.07,0.38,0.18,-0.09
203110,Draymond Green,23271,11630,11641,0.49,-1.27,1.76,0.39,0.18,0.06,-1.2,-0.58,0.48,-0.14,0.03
1630166,Deni Avdija,27703,13812,13891,2.59,0.86,1.73,0.3,0.44,1.86,-0.21,0.39,0.76,-0.01,-0.08
1641744,Zach Edey,7663,3860,3803,-0.34,-2.06,1.72,-0.24,-0.46,0.41,-0.41,-0.64,-0.94,-0.05,-0.07
1642864,Hugo González,4332,2197,2135,0.57,-1.1,1.67,0.04,-0.34,0.72,-0.11,0.14,-1.17,0.15,0.04
1630700,Dyson Daniels,26782,13545,13237,1.23,-0.42,1.65,-0.08,-0.54,2.0,-0.04,0.01,-0.41,-0.15,0.02
1629628,RJ Barrett,22480,11260,11220,2.19,0.58,1.6,-0.42,-0.41,2.76,0.3,-0.39,0.56,0.26,0.11
1642844,Dylan Harper,6439,3254,3185,0.18,-1.37,1.55,-0.5,0.02,0.59,-0.06,0.42,-1.49,0.07,-0.24
1630598,Aaron Wiggins,19819,9885,9934,0.75,-0.8,1.55,0.35,-0.18,0.7,-0.48,-0.15,-0.2,-0.12,0.03
1631260,A.J. Green,19214,9464,9750,0.73,-0.81,1.54,0.8,-0.42,0.13,-0.33,0.13,-0.66,0.22,0.05
1629632,Coby White,27149,13500,13649,1.92,0.39,1.53,-0.02,0.24,1.62,0.04,0.03,0.35,0.08,-0.03
1630162,Anthony Edwards,35974,17970,18004,1.95,0.48,1.47,-0.39,0.72,1.66,-0.3,0.46,0.4,-0.04,-0.08
1628392,Isaiah Hartenstein,22437,11457,10980,-0.22,-1.68,1.46,-0.26,-0.4,0.45,-1.03,-0.42,-0.2,-0.01,-0.03
1629630,Ja Morant,10674,5361,5313,0.16,-1.3,1.45,0.25,0.67,-0.76,0.18,0.15,-1.68,-0.0,0.05
1630591,Jalen Suggs,19150,9735,9415,1.05,-0.38,1.43,0.68,0.12,0.02,-0.35,0.66,-0.76,0.23,0.07
1630198,Isaiah Joe,20232,10284,9948,1.49,0.07,1.42,0.55,0.52,0.56,-0.2,0.38,-0.14,-0.14,0.03
202331,Paul George,20587,10323,10264,0.44,-0.97,1.41,0.25,-0.07,0.24,-0.15,-0.32,-0.42,0.02,-0.08
1628389,Bam Adebayo,31123,15664,15459,0.43,-0.98,1.41,-0.91,0.22,0.92,-0.69,-0.48,0.18,0.2,0.01
203957,Dante Exum,6602,3270,3332,0.88,-0.54,1.41,-0.17,-0.2,1.32,0.26,-0.11,-0.67,-0.07,-0.02
1630188,Jalen Smith,13369,6639,6730,1.11,-0.27,1.38,0.24,-0.34,1.15,0.23,0.07,-0.6,0.06,0.03
1642948,Ryan Nembhard,5052,2489,2563,1.09,-0.28,1.37,-0.39,-0.78,2.14,0.08,-0.3,-0.11,0.12,0.05
1631107,Nikola Jovic,12428,6155,6273,-0.54,-1.9,1.35,0.1,0.26,-0.91,0.06,-0.28,-1.69,0.01,0.01
1630228,Jonathan Kuminga,16902,8471,8431,-0.42,-1.75,1.33,0.25,-0.08,-0.49,-0.36,0.09,-1.42,-0.1,-0.06
1627832,Fred VanVleet,20782,10656,10126,-0.09,-1.39,1.3,0.04,0.08,-0.21,-0.65,-0.03,-0.64,0.0,-0.07
1630595,Cade Cunningham,28454,14335,14119,2.06,0.78,1.29,0.23,0.53,1.11,-0.33,0.42,0.66,0.19,0.03
1631117,Walker Kessler,13781,6730,7051,-1.05,-2.32,1.27,0.23,-0.08,-1.18,-0.14,-0.86,-1.22,-0.02,-0.1
1630572,Sandro Mamukelashvili,11810,5977,5833,0.59,-0.68,1.27,0.43,0.03,0.07,0.25,-0.09,-1.08,0.06,0.24
1630552,Jalen Johnson,24101,12135,11966,-0.12,-1.37,1.25,0.7,0.32,-1.2,0.2,0.0,-1.55,0.06,-0.02
1628379,Luke Kennard,17506,8677,8829,2.83,1.58,1.24,0.12,-0.13,2.82,0.19,0.22,1.07,0.02,0.1
1631255,Karlo Matkovic,7048,3473,3575,-0.57,-1.79,1.22,0.08,-0.31,-0.14,-0.21,0.35,-1.85,-0.2,-0.08
201587,Nicolas Batum,18136,9010,9126,-0.22,-1.43,1.21,-0.45,0.78,-0.33,-0.37,0.23,-1.22,-0.22,-0.07
203468,CJ McCollum,26599,13373,13226,0.24,-0.97,1.21,-0.58,-0.3,1.23,0.28,-0.3,-1.0,-0.11,0.05
204060,Joe Ingles,5949,2990,2959,2.22,1.03,1.19,0.29,0.08,1.85,0.07,0.02,0.87,0.0,0.07
1630643,Jay Huff,10527,5122,5405,-0.82,-1.97,1.15,0.15,-0.45,-0.93,-0.0,0.02,-1.88,0.41,-0.11
1629731,Dean Wade,15847,7971,7876,-0.02,-1.16,1.14,0.67,-0.2,-0.31,-0.07,0.08,-1.14,-0.18,-0.03
1629130,Duncan Robinson,23578,11906,11672,1.26,0.13,1.14,0.77,-0.36,0.83,-0.2,0.38,0.07,0.02,-0.12
1630205,Lamar Stevens,2965,1488,1477,-0.95,-2.08,1.13,0.1,-0.09,-0.93,0.13,-0.11,-2.1,-0.03,0.0
2544,LeBron James,29469,14487,14982,1.33,0.21,1.12,1.2,-0.12,0.12,-0.35,-0.44,1.09,0.13,-0.09
203994,Jusuf Nurkic,17754,8782,8972,-0.87,-1.99,1.12,0.06,-0.39,-0.52,-0.97,-0.23,-0.6,-0.02,-0.19
1627759,Jaylen Brown,32822,16410,16412,1.76,0.64,1.12,-0.14,0.13,1.7,0.1,0.09,0.35,0.07,0.1
1628988,Aaron Holiday,11915,6034,5881,-0.73,-1.84,1.11,-0.65,-0.0,-0.16,-1.06,0.45,-1.38,0.08,0.15
1630558,Davion Mitchell,21572,10799,10773,0.31,-0.79,1.1,-0.68,-0.47,1.23,-0.32,0.1,-0.83,0.23,0.26
1628969,Mikal Bridges,37317,18751,18566,-0.25,-1.33,1.08,-0.26,-0.36,0.24,-0.73,-0.44,-0.22,0.13,0.06
1627884,Derrick Jones Jr.,23253,11596,11657,0.01,-1.03,1.04,-0.4,-0.43,0.55,-0.06,0.0,-0.93,0.29,-0.04
1642883,Sion James,7294,3628,3666,-0.1,-1.14,1.04,0.39,0.7,-1.04,-0.31,-0.14,-0.6,-0.15,-0.09
1641763,Julian Phillips,7775,3845,3930,-0.15,-1.19,1.04,0.15,0.03,-0.14,0.05,0.1,-1.27,-0.19,-0.07
204001,Kristaps Porzingis,16749,8339,8410,0.09,-0.93,1.03,-0.1,0.68,-0.45,0.0,-0.34,-0.71,-0.04,0.12
1631212,Peyton Watson,20477,9984,10493,-0.25,-1.28,1.02,0.19,-0.29,0.13,-0.17,0.52,-1.55,-0.28,-0.08
201935,James Harden,32677,16253,16424,2.3,1.28,1.01,1.23,1.56,-0.52,0.1,0.07,0.91,0.03,0.2
1630191,Isaiah Stewart,17151,8472,8679,-0.8,-1.8,1.0,-0.69,0.04,-0.11,-0.87,0.19,-1.21,-0.04,0.09
1627736,Malik Beasley,20492,10195,10297,0.5,-0.49,0.99,-0.24,-0.22,1.11,-0.25,0.17,-0.35,-0.15,-0.06
1630217,Desmond Bane,27214,13702,13512,1.21,0.26,0.95,-0.33,0.47,0.81,-0.36,0.31,0.22,0.26,0.09
1629639,Tyler Herro,22108,10989,11119,1.37,0.44,0.93,0.73,-0.26,0.95,-0.06,-0.14,0.41,-0.05,0.23
1630241,Sam Merrill,16864,8498,8366,0.1,-0.81,0.91,0.98,-0.21,-0.96,-0.64,0.31,-0.59,0.29,0.11
1628960,Grayson Allen,22598,11223,11375,1.77,0.9,0.87,1.0,0.5,0.27,0.06,-0.11,0.94,0.0,0.01
1641706,Brandon Miller,21256,10677,10579,0.38,-0.45,0.84,0.6,0.11,-0.64,0.31,-0.06,-0.74,0.31,0.04
1628991,Jaren Jackson Jr.,24769,12387,12382,-1.56,-2.37,0.81,-0.99,0.68,-1.24,-0.31,-0.02,-1.89,-0.01,-0.15
1630183,Jaden McDaniels,32143,15978,16165,-0.28,-1.06,0.78,0.47,-0.13,-0.52,-0.0,0.0,-1.15,-0.1,0.09
1630230,Naji Marshall,22550,11145,11405,0.3,-0.43,0.73,-0.39,0.62,0.04,-0.02,-0.24,-0.31,0.03,0.14
1630631,Jose Alvarado,15493,7799,7694,-0.56,-1.25,0.69,-0.33,-0.19,-0.12,-0.1,0.09,-1.43,0.08,0.19
1642278,Tyler Kolek,4074,2034,2040,-0.7,-1.39,0.69,-0.17,-0.47,-0.24,-0.29,-0.06,-1.13,0.18,0.09
1630178,Tyrese Maxey,30487,15431,15056,0.92,0.23,0.69,-0.08,0.84,0.28,0.88,0.34,-1.1,-0.12,0.11
1628467,Maxi Kleber,8871,4389,4482,0.84,0.16,0.68,-0.2,0.47,0.7,-0.32,-0.03,0.46,-0.13,0.05
1629004,Svi Mykhailiuk,9841,4924,4917,0.55,-0.12,0.67,0.47,-0.22,0.34,0.47,0.15,-0.72,-0.04,-0.02
1629627,Zion Williamson,20527,10357,10170,0.45,-0.21,0.66,0.52,0.12,-0.39,0.62,0.21,-0.96,0.2,-0.08
1642949,Yanic Konan Niederhäuser,1683,823,860,0.2,-0.46,0.66,0.0,0.11,0.14,-0.17,0.11,-0.39,-0.05,-0.01
1642885,Mohamed Diawara,2700,1361,1339,0.26,-0.34,0.6,-0.26,-0.45,0.77,-0.3,0.13,-0.1,0.2,-0.07
1641708,Amen Thompson,27945,14258,13687,-1.05,-1.64,0.6,-0.26,-0.51,-0.6,-0.55,-0.04,-1.3,0.32,0.25
203500,Steven Adams,7031,3645,3386,-2.23,-2.83,0.59,-1.4,-0.33,-0.17,-0.87,-0.58,-1.11,-0.33,-0.27
203486,Mason Plumlee,8986,4442,4544,1.2,0.62,0.58,0.43,-0.3,1.09,-0.34,-0.49,1.67,-0.02,-0.22
1629684,Grant Williams,13396,6690,6706,0.94,0.4,0.54,-0.42,0.04,1.16,-0.11,0.14,0.22,0.16,0.15
1631159,Leonard Miller,3464,1709,1755,0.66,0.13,0.54,0.23,-0.1,0.46,0.02,0.06,-0.36,0.07,0.41
1642364,Jamir Watkins,4250,2091,2159,0.64,0.11,0.52,-0.06,0.21,0.62,-0.15,0.25,-0.09,-0.13,0.1
203915,Spencer Dinwiddie,18036,8862,9174,0.59,0.09,0.51,-0.22,0.26,0.65,-0.2,-0.17,0.59,-0.1,-0.13
1629645,Kevin Porter Jr.,11784,5769,6015,-0.92,-1.39,0.48,-0.26,0.19,-0.65,-0.42,0.07,-0.92,-0.2,-0.12
202696,Nikola Vucevic,27628,13665,13963,0.5,0.02,0.48,0.5,-0.73,0.68,0.34,-0.9,0.54,0.05,0.04
1628436,Luke Kornet,16703,8454,8249,-1.33,-1.8,0.47,0.28,-0.5,-1.1,-1.54,-0.72,0.42,-0.01,0.04
1641709,Ausar Thompson,20230,10188,10042,-1.22,-1.69,0.47,-0.08,-0.53,-0.6,-0.44,0.11,-1.28,-0.01,-0.08
1643018,LJ Cryer,1125,563,562,0.36,-0.12,0.47,-0.04,-0.11,0.44,0.05,-0.02,-0.17,0.07,0.02
1629622,Max Strus,18298,9150,9148,-0.3,-0.76,0.47,0.27,-0.04,-0.76,-0.21,-0.17,-0.44,0.23,0.06
1629626,Bol Bol,3795,1841,1954,-0.19,-0.65,0.47,0.06,-0.43,0.24,0.41,-0.12,-0.97,-0.06,0.03
203496,Robert Covington,1953,981,972,-0.07,-0.54,0.46,0.02,0.09,-0.22,0.03,0.13,-0.71,0.04,0.01
1631214,Alondes Williams,479,233,246,0.59,0.14,0.45,-0.02,0.08,0.52,0.13,0.15,-0.09,0.01,-0.05
1629636,Darius Garland,24948,12444,12504,1.63,1.18,0.45,0.93,-0.21,0.94,0.4,0.08,0.72,-0.03,-0.02
1630540,Miles McBride,18832,9579,9253,-1.03,-1.49,0.45,0.06,-0.12,-0.89,-0.44,0.3,-1.38,-0.08,0.03
1630611,Gui Santos,9733,4957,4776,-0.06,-0.48,0.42,-0.19,-0.14,0.08,-0.19,0.23,-0.49,0.19,-0.03
1631099,Keegan Murray,24421,12330,12091,-0.92,-1.3,0.38,0.02,-0.2,-0.59,-0.0,-0.09,-1.14,-0.15,-0.07
1642349,Ajay Mitchell,8624,4402,4222,0.25,-0.12,0.37,0.08,0.45,-0.4,-0.33,0.24,0.09,0.12,-0.12
1642276,Kel'el Ware,13392,6597,6795,-0.49,-0.84,0.35,-0.04,-0.43,-0.07,-0.43,-0.55,0.13,0.05,0.01
1642264,Stephon Castle,17755,8834,8921,-0.06,-0.4,0.34,-0.06,0.02,-0.1,0.18,0.06,-0.64,0.08,0.0
1629675,Naz Reid,28103,14110,13993,-0.03,-0.35,0.32,-0.4,-0.32,0.53,-0.28,0.59,-0.81,0.16,0.15
1630549,Day'Ron Sharpe,11896,6053,5843,-1.1,-1.42,0.32,-0.47,-0.15,-0.46,-0.62,0.21,-0.9,-0.02,-0.11
1642938,Jones,375,183,192,-0.08,-0.39,0.31,-0.08,-0.04,-0.1,0.13,0.04,-0.52,0.14,-0.04
1642845,VJ Edgecombe,10872,5489,5383,-0.03,-0.33,0.3,0.17,0.02,-0.25,0.19,0.01,-0.39,0.03,-0.14
1630171,Isaac Okoro,20526,10101,10425,0.59,0.31,0.28,-0.29,-0.41,1.35,-0.53,0.27,0.71,-0.06,-0.14
1642396,Blake Hinson,1198,606,592,-0.19,-0.47,0.28,-0.0,-0.12,0.16,0.01,0.22,-0.81,-0.23,0.11
1629001,De'Anthony Melton,9430,4807,4623,1.31,1.04,0.27,-0.36,0.36,1.43,-0.03,0.14,0.74,-0.12,0.19
1630167,Obi Toppin,18559,9234,9325,1.93,1.66,0.27,1.08,0.0,0.66,0.23,0.45,0.99,0.19,-0.01
203995,Vasilije Micic,7715,3796,3919,-0.45,-0.71,0.26,-0.37,-0.14,0.09,0.44,0.04,-1.22,-0.03,0.03
1628978,Donte DiVincenzo,29765,14947,14818,0.57,0.31,0.26,0.51,-0.14,0.09,0.19,0.14,-0.01,0.11,-0.01
1627763,Malcolm Brogdon,6848,3410,3438,0.04,-0.21,0.25,-0.63,0.36,0.3,-0.07,-0.14,0.07,0.01,-0.07
1630567,Scottie Barnes,28420,14331,14089,-0.9,-1.14,0.23,-0.17,-0.1,-0.7,-0.46,-0.11,-0.63,0.07,0.06
1642024,Alex Reese,909,454,455,0.6,0.37,0.23,-0.12,-0.11,0.84,-0.18,0.03,0.56,-0.01,-0.04
1629750,Javonte Green,12107,6113,5994,0.21,-0.02,0.22,-0.72,0.06,0.77,0.2,0.14,-0.53,0.1,0.17
1630534,Ochai Agbaji,17848,8818,9030,-1.53,-1.73,0.2,-0.36,-0.19,-0.99,0.15,0.02,-1.81,0.01,-0.09
1630846,Olivier Sarr,550,266,284,0.37,0.18,0.19,-0.03,-0.09,0.29,-0.03,0.04,0.19,0.2,-0.02
201144,Mike Conley,22632,11338,11294,0.3,0.1,0.19,0.6,0.34,-0.5,0.12,-0.27,0.23,-0.14,0.02
1628381,John Collins,20311,10023,10288,0.11,-0.07,0.19,0.08,0.59,-0.45,0.46,-0.06,-0.44,-0.11,-0.03
1641739,Toumani Camara,28846,14571,14275,-0.48,-0.67,0.19,-0.02,-0.19,-0.38,-0.02,0.07,-0.72,0.11,-0.0
1629026,Kenrich Williams,12784,6438,6346,0.49,0.32,0.18,-0.02,-0.4,1.11,-0.36,-0.31,0.97,-0.2,0.02
1629162,Jordan McLaughlin,4863,2451,2412,1.02,0.85,0.18,-0.38,-0.2,1.63,-0.17,-0.02,1.18,-0.03,-0.14
1641750,Ryan Kalkbrenner,6125,3044,3081,-1.55,-1.72,0.17,0.98,0.15,-3.04,-0.4,-0.21,-1.28,0.36,0.17
1630551,Justin Champagnie,12452,6097,6355,-0.01,-0.17,0.16,-0.27,-0.31,0.49,0.42,0.27,-0.82,0.08,-0.04
1630561,David Duke Jr.,352,176,176,0.21,0.06,0.15,-0.09,-0.09,0.4,0.08,0.11,-0.17,-0.01,0.04
1631170,Jaime Jaquez Jr.,23589,11753,11836,-0.12,-0.27,0.15,-0.52,0.3,0.14,-0.15,-0.15,-0.03,-0.04,0.06
1642434,Riley Minix,271,134,137,0.43,0.29,0.14,-0.03,-0.07,0.4,0.12,0.12,0.0,0.13,0.05
1642959,Chris Youngblood,727,348,379,-0.38,-0.51,0.13,-0.01,-0.23,-0.12,-0.13,-0.12,-0.29,-0.02,0.03
1626174,Christian Wood,3531,1716,1815,-0.26,-0.39,0.12,-0.1,0.08,-0.22,-0.25,0.13,-0.22,-0.02,-0.05
1642853,Rasheer Fleming,2657,1358,1299,-0.58,-0.69,0.12,0.01,-0.36,-0.24,0.18,-0.0,-1.08,0.01,0.21
1642273,Kyshawn George,13286,6504,6782,-0.77,-0.88,0.11,-0.55,-0.12,-0.09,0.23,0.29,-1.16,-0.01,-0.24
1642866,Joan Beringer,1367,669,698,0.43,0.33,0.1,-0.03,-0.13,0.59,0.21,0.02,0.02,0.0,0.08
1642345,Oso Ighodaro,11370,5749,5621,-0.49,-0.59,0.1,-0.47,-0.64,0.63,-0.05,0.69,-1.23,-0.01,0.0
1641747,DaRon Holmes II,816,386,430,0.07,-0.03,0.1,0.43,-0.26,-0.22,0.07,0.08,-0.28,0.12,0.1
1642366,Quinten Post,7987,3993,3994,-0.93,-1.02,0.09,-0.01,-0.41,-0.54,0.07,-0.13,-0.95,0.03,-0.01
1627777,Georges Niang,14888,7401,7487,1.41,1.33,0.08,0.15,-0.22,1.63,-0.12,0.11,1.45,-0.15,-0.11
1642920,Kobe Sanders,5599,2750,2849,-0.23,-0.26,0.03,0.09,0.63,-0.87,-0.18,0.34,-0.36,-0.08,-0.06
1628449,Chris Boucher,6811,3445,3366,-0.22,-0.24,0.02,0.11,-0.08,-0.24,0.48,0.39,-1.08,-0.01,-0.03
1631220,Dereon Seabron,228,107,121,-0.12,-0.11,-0.0,-0.08,-0.03,-0.01,0.08,0.04,-0.28,0.0,0.05
201567,Kevin Love,7482,3764,3718,0.65,0.66,-0.01,0.85,0.55,-0.79,0.38,-0.18,0.6,0.04,-0.14
1641989,Elijah Harkless,2828,1438,1390,0.01,0.04,-0.03,-0.31,0.18,0.08,-0.0,0.33,-0.51,0.06,0.22
1628973,Jalen Brunson,35115,17931,17184,2.08,2.11,-0.03,0.1,0.5,1.57,0.62,0.42,1.17,-0.09,-0.1
1629661,Cameron Johnson,20423,10262,10161,1.16,1.2,-0.03,0.84,0.04,0.07,0.52,0.15,0.58,0.21,-0.05
1641774,Tristan Vukcevic,5549,2665,2884,-0.57,-0.52,-0.05,-0.47,0.21,-0.23,0.29,-0.18,-0.81,-0.08,0.18
1631246,Vince Williams Jr.,11440,5727,5713,-0.63,-0.59,-0.05,-0.41,-0.09,-0.19,0.39,-0.1,-0.86,0.06,-0.02
1642389,Zyon Pullin,201,90,111,0.06,0.13,-0.07,-0.08,-0.08,0.15,0.08,0.06,-0.15,0.07,0.14
1642911,Zikarsky,158,71,87,-0.16,-0.08,-0.08,-0.09,-0.04,0.04,0.04,0.04,-0.18,-0.07,0.02
1627751,Jakob Poeltl,16928,8496,8432,0.63,0.73,-0.1,0.12,-0.52,1.25,0.49,-0.33,0.56,-0.22,0.01
1627747,Caris LeVert,20589,10305,10284,-1.12,-1.03,-0.1,-0.53,0.24,-0.8,-0.29,0.29,-1.17,-0.03,0.14
1631217,Moussa Diabate,12898,6599,6299,-0.91,-0.82,-0.1,-0.17,-0.1,-0.79,0.08,0.18,-0.92,0.15,-0.16
1629637,Jaxson Hayes,12915,6334,6581,-0.69,-0.59,-0.1,1.01,-0.07,-1.67,-0.23,0.07,-0.67,0.04,0.24
1629013,Landry Shamet,11106,5620,5486,-0.64,-0.55,-0.1,-0.43,-0.07,-0.42,-0.57,0.31,-0.18,0.28,-0.11
1630200,Tre Jones,20062,9936,10126,-0.23,-0.12,-0.11,-0.04,0.08,-0.3,0.05,-0.24,-0.15,0.03,0.22
1631101,Shaedon Sharpe,19809,9937,9872,-0.24,-0.12,-0.12,-0.54,0.13,0.16,0.68,0.01,-0.81,0.01,0.0
1630193,Immanuel Quickley,21013,10592,10421,-0.4,-0.26,-0.13,-0.85,0.23,0.11,-0.18,-0.28,0.24,0.11,-0.04
1642368,N'Faly Dante,282,138,144,-0.03,0.11,-0.14,-0.17,-0.12,0.32,0.04,0.09,-0.03,-0.06,0.01
1629618,Jalen Pickett,6583,3243,3340,-1.63,-1.49,-0.14,-0.06,-0.21,-1.36,-0.3,-0.18,-0.99,0.0,-0.02
1628976,Wendell Carter Jr.,23083,11675,11408,-0.78,-0.63,-0.15,-0.7,-0.02,-0.39,-0.52,0.21,-0.39,0.33,0.07
203471,Dennis Schroder,26150,13006,13144,0.06,0.2,-0.15,-0.86,0.36,0.39,-0.12,0.25,0.07,0.17,0.0
1642352,Keshad Johnson,1675,856,819,0.58,0.75,-0.17,-0.01,0.07,0.35,0.12,0.15,0.46,0.17,0.02
1631245,Quenton Jackson,5270,2619,2651,-0.15,0.02,-0.18,-0.01,0.14,-0.54,0.14,0.03,-0.21,0.26,0.06
1630346,Matt Ryan,1905,930,975,-0.77,-0.58,-0.19,0.16,-0.07,-0.89,0.14,0.0,-0.76,0.03,0.04
1629659,Talen Horton-Tucker,7323,3612,3711,-0.03,0.16,-0.19,-0.33,0.19,0.19,0.02,-0.15,0.34,-0.08,-0.05
1627742,Brandon Ingram,21812,10976,10836,0.91,1.11,-0.2,-0.39,0.15,1.27,0.94,0.07,-0.28,-0.12,0.38
1630619,Moussa Cisse,2269,1139,1130,-1.0,-0.8,-0.2,0.0,-0.35,-0.72,-0.05,0.41,-1.26,0.07,0.1
1628418,Thomas Bryant,9246,4602,4644,-0.75,-0.55,-0.2,0.43,0.19,-1.51,0.07,-0.21,-0.36,0.14,-0.05
1642400,Enaruna,323,167,156,0.22,0.43,-0.21,-0.09,-0.12,0.26,-0.03,0.06,0.33,0.17,0.07
1629677,Luka Samanic,1689,822,867,-0.68,-0.47,-0.21,-0.18,0.14,-0.64,0.12,-0.06,-0.54,-0.0,0.01
202691,Klay Thompson,24078,11921,12157,-0.41,-0.19,-0.22,1.16,-0.59,-1.18,0.5,-0.24,-0.48,0.2,0.03
101108,Chris Paul,16561,8213,8348,0.15,0.39,-0.24,0.4,-0.42,0.23,0.51,-0.17,0.04,-0.06,0.01
1626166,Cameron Payne,11913,5976,5937,-0.84,-0.6,-0.24,-0.19,-0.23,-0.49,-0.24,0.2,-0.52,0.07,-0.04
1630240,Saben Lee,748,361,387,-0.57,-0.33,-0.24,0.03,0.09,-0.71,0.07,-0.08,-0.34,0.02,0.02
202685,Jonas Valanciunas,17842,8879,8963,0.54,0.78,-0.24,0.01,-0.03,0.61,-0.32,-0.44,1.63,-0.05,-0.09
1642914,Javon Small,3496,1742,1754,0.76,1.01,-0.25,-0.2,0.25,0.58,-0.03,-0.03,0.18,0.13,0.89
1630678,Terry Taylor,775,390,385,-0.4,-0.15,-0.25,-0.15,-0.18,-0.03,0.0,-0.02,-0.12,-0.04,-0.01
1630695,Micah Potter,7190,3530,3660,-0.17,0.08,-0.26,-0.46,-0.3,0.38,0.06,-0.24,0.28,0.21,-0.02
1630578,Alperen Sengun,28896,14761,14135,0.16,0.46,-0.3,0.2,-0.34,0.14,0.03,-0.5,0.95,0.16,-0.02
1641771,Jalen Slawson,1419,692,727,-0.99,-0.69,-0.3,-0.01,-0.1,-1.22,0.11,0.08,-0.96,0.34,0.08
1631094,Paolo Banchero,29272,14794,14478,-0.16,0.15,-0.31,-1.73,0.35,0.87,-0.07,0.4,-0.13,0.35,-0.05
1631114,Jalen Williams,27040,13640,13400,-0.32,0.0,-0.32,-0.68,-0.25,0.61,-0.18,-0.01,0.23,0.0,-0.04
203992,Bogdan Bogdanovic,17632,8956,8676,-0.45,-0.14,-0.32,0.15,-0.11,-0.43,-0.24,-0.1,0.32,-0.06,-0.12
1642259,Alexandre Sarr,13054,6354,6700,-1.86,-1.53,-0.33,-0.27,-0.55,-1.09,0.41,-0.43,-1.32,0.05,-0.19
1641813,Mark Sears,93,48,45,0.12,0.45,-0.33,-0.09,0.03,0.17,0.07,0.13,0.23,0.01,0.02
1642353,Cam Christie,2115,1034,1081,-0.5,-0.17,-0.33,0.02,-0.09,-0.25,0.06,-0.2,-0.01,-0.18,-0.02
1628984,Devonte' Graham,1262,629,633,-0.39,-0.06,-0.33,-0.11,-0.06,-0.19,0.14,0.1,-0.34,-0.03,0.04
1628370,Malik Monk,22102,11143,10959,0.13,0.46,-0.34,0.06,0.45,-0.42,-0.31,0.67,0.11,0.04,-0.01
1630227,Daishen Nix,256,137,119,0.05,0.39,-0.34,-0.0,0.01,0.04,0.03,0.06,0.3,0.0,0.0
1631306,Cole Swider,1057,543,514,-0.45,-0.1,-0.35,0.01,-0.33,-0.1,0.07,0.09,-0.3,-0.03,0.04
1631248,Baylor Scheierman,7294,3671,3623,-1.19,-0.83,-0.36,0.38,-0.41,-1.13,-0.24,-0.19,-0.59,-0.03,0.19
1631250,Pete Nance,3496,1712,1784,0.74,1.1,-0.36,-0.11,-0.28,1.2,-0.07,-0.07,0.95,-0.07,0.29
1631127,Harrison Ingram,237,122,115,0.16,0.52,-0.36,-0.01,-0.12,0.37,0.14,0.13,0.22,-0.08,0.03
1641772,Nae'Qwan Tomlin,4465,2239,2226,-1.1,-0.73,-0.36,0.01,-0.29,-0.86,0.01,0.02,-0.93,0.04,0.17
204456,T.J. McConnell,17970,8924,9046,1.52,1.89,-0.37,-0.94,-0.55,3.18,-0.21,0.45,1.6,-0.17,0.05
1642357,David Jones Garcia,276,147,129,0.35,0.72,-0.37,-0.08,-0.06,0.46,0.07,0.19,0.46,0.03,0.0
1642856,Egor Dëmin,5208,2609,2599,0.42,0.79,-0.37,0.47,0.11,-0.26,0.61,-0.03,0.16,0.1,0.05
1628426,Sasha Vezenkov,2085,1039,1046,0.22,0.59,-0.37,0.14,-0.26,0.37,0.15,0.11,0.31,-0.03,0.02
1641824,Matas Buzelis,15817,7732,8085,-0.65,-0.27,-0.38,-0.26,-0.13,-0.25,0.02,-0.28,-0.12,-0.01,0.11
1629716,Marques Bolden,480,228,252,-0.17,0.21,-0.38,-0.12,-0.08,0.04,0.12,-0.02,0.11,-0.01,0.0
1641796,Pelle Larsson,11214,5610,5604,0.5,0.88,-0.38,-0.44,-0.17,0.85,-0.28,0.22,0.85,0.26,0.09
1627814,Damion Lee,583,291,292,-0.42,-0.04,-0.38,-0.25,-0.01,-0.13,0.23,-0.02,-0.3,-0.03,0.05
1641789,Jazian Gortman,237,120,117,-0.36,0.02,-0.38,-0.12,-0.07,-0.15,0.01,0.08,-0.08,-0.02,0.01
1630163,LaMelo Ball,17608,8968,8640,1.88,2.27,-0.38,1.21,-0.14,0.57,-0.28,0.35,2.19,0.24,0.01
1630530,Trey Murphy III,24900,12539,12361,0.1,0.49,-0.39,0.44,0.22,-0.72,0.43,-0.21,0.47,0.16,-0.2
1628420,Monte Morris,4754,2385,2369,-1.92,-1.53,-0.39,-0.7,-0.07,-1.08,0.07,-0.18,-1.43,-0.07,0.01
1631200,Kris Murray,15280,7726,7554,-1.92,-1.52,-0.4,-0.05,-0.11,-1.73,-0.08,0.6,-1.95,-0.03,-0.09
203501,Tim Hardaway Jr.,27966,13917,14049,0.27,0.68,-0.41,0.83,0.59,-1.01,-0.17,-0.09,0.96,-0.14,-0.02
1629717,Armoni Brooks,450,233,217,-0.17,0.26,-0.43,0.01,-0.06,-0.14,0.12,0.01,0.1,0.02,0.03
1630186,Jahmi'us Ramsey,505,238,267,-0.49,-0.06,-0.43,-0.09,-0.04,-0.35,0.2,0.0,-0.31,-0.01,0.05
1641735,Amari Bailey,256,125,131,-0.22,0.21,-0.43,-0.1,-0.04,-0.09,0.07,-0.01,0.13,0.01,0.02
1641783,Tristan da Silva,14039,7115,6924,-0.71,-0.27,-0.44,-0.27,0.07,-0.96,-0.59,-0.17,0.73,0.45,-0.24
1630554,Jason Preston,307,154,153,-0.33,0.11,-0.44,-0.22,-0.08,-0.0,0.04,0.03,0.03,-0.03,0.01
1630811,Keaton Wallace,4167,2051,2116,-1.4,-0.95,-0.45,-0.13,-0.55,-0.8,-0.07,0.08,-0.98,0.08,0.02
1629008,Michael Porter Jr.,31498,15800,15698,0.58,1.03,-0.45,1.45,-0.47,-0.29,1.21,-0.04,0.02,-0.11,-0.16
1630543,Isaiah Jackson,7903,3941,3962,-0.53,-0.07,-0.46,-0.24,-0.08,-0.31,0.46,0.07,-0.48,0.1,-0.12
1631132,Christian Koloko,2868,1425,1443,-1.54,-1.08,-0.46,-0.02,-0.33,-1.23,-0.24,0.09,-0.92,0.04,-0.01
1626153,Delon Wright,6014,3009,3005,-1.06,-0.6,-0.46,-0.65,-0.28,0.03,-0.16,-0.14,-0.24,-0.16,-0.06
1627853,Ryan Arcidiacono,174,80,94,-0.55,-0.09,-0.47,-0.05,-0.09,-0.39,0.04,0.02,-0.17,-0.02,0.02
1629678,Admiral Schofield,318,146,172,-0.44,0.04,-0.48,-0.03,-0.15,-0.24,0.05,0.0,-0.02,-0.02,0.01
1642363,Nique Clifford,7633,3828,3805,0.1,0.58,-0.48,-0.83,-0.09,0.97,0.06,0.11,0.46,0.05,-0.05
1630181,R.J. Hampton,318,159,159,-0.32,0.17,-0.49,-0.12,-0.07,-0.11,0.15,0.07,-0.07,-0.02,0.02
1641757,Jordan Miller,7058,3458,3600,1.13,1.63,-0.49,-0.51,0.57,1.13,0.33,0.13,1.18,-0.06,-0.01
1631205,Buddy Boeheim,403,206,197,-0.64,-0.15,-0.49,-0.13,0.02,-0.54,0.08,0.03,-0.32,0.01,0.06
1629631,De'Andre Hunter,20029,10114,9915,0.83,1.32,-0.49,0.13,0.76,0.01,0.52,0.33,0.55,-0.07,-0.08
1628372,Dennis Smith Jr.,4210,2113,2097,-0.57,-0.07,-0.5,0.04,-0.23,-0.36,-0.29,0.2,0.04,-0.02,-0.02
1630168,Onyeka Okongwu,24068,12167,11901,0.79,1.29,-0.5,0.19,0.36,0.24,0.6,0.01,0.68,0.0,0.0
1627788,Furkan Korkmaz,1232,623,609,0.38,0.88,-0.5,-0.03,0.26,0.1,0.23,0.32,0.27,0.05,0.06
1630564,RaiQuan Gray,164,80,84,-0.15,0.35,-0.5,-0.09,-0.08,0.02,0.07,0.09,0.17,0.0,0.02
1630182,Josh Green,19049,9503,9546,-0.77,-0.26,-0.51,-0.44,-0.07,-0.17,-0.4,0.08,0.2,-0.09,-0.14
1630699,MarJon Beauchamp,4003,1975,2028,-0.51,0.0,-0.51,-0.27,-0.12,-0.13,-0.29,0.61,-0.24,0.01,-0.08
1630231,Kenyon Martin Jr.,6759,3373,3386,-0.56,-0.05,-0.51,0.04,-0.11,-0.48,0.17,0.22,-0.4,-0.01,-0.04
202692,Alec Burks,8939,4431,4508,-0.4,0.12,-0.51,-0.57,0.44,-0.21,-0.21,0.03,0.38,-0.06,-0.08
1626171,Bobby Portis,21236,10471,10765,-0.14,0.38,-0.52,-0.77,-0.67,1.36,-0.42,-0.06,0.74,-0.06,0.12
1642884,Goldin,108,53,55,-0.31,0.22,-0.52,-0.08,-0.08,-0.14,-0.01,0.08,0.14,-0.01,0.01
1628408,PJ Dozier,130,61,69,-0.03,0.5,-0.53,0.04,-0.02,-0.06,0.08,0.07,0.34,0.01,0.01
1626220,Royce O'Neale,25100,12472,12628,-0.8,-0.28,-0.53,0.22,-0.03,-1.03,-0.2,0.1,-0.24,0.04,0.06
1629599,Amir Coffey,15258,7500,7758,-0.47,0.06,-0.53,-0.24,0.35,-0.48,0.74,0.1,-0.86,-0.1,0.08
1630618,D.J. Carton,302,139,163,-0.58,-0.05,-0.53,-0.02,0.01,-0.59,-0.07,0.01,0.02,0.02,-0.01
1643024,Chris Mañon,189,91,98,-0.44,0.09,-0.53,-0.12,-0.02,-0.32,0.05,0.02,-0.11,0.02,0.13
1628970,Miles Bridges,28400,14150,14250,-0.51,0.02,-0.53,-0.32,-0.09,-0.05,0.21,-0.27,0.11,-0.05,-0.03
1642530,Yuki Kawamura,1274,636,638,0.17,0.7,-0.53,0.03,-0.04,0.21,0.43,-0.02,0.34,-0.03,-0.05
1630202,Payton Pritchard,29323,14846,14477,-0.18,0.36,-0.54,0.05,-0.37,0.16,-0.47,-0.03,0.85,-0.02,0.01
1642910,Tonje,170,79,91,-0.22,0.33,-0.54,-0.09,-0.07,-0.3,0.05,0.08,0.2,0.24,0.0
1642272,Jared McCain,7155,3597,3558,-0.56,-0.01,-0.54,-0.08,-0.32,-0.22,0.18,0.12,-0.22,0.06,-0.09
1631106,Tari Eason,14839,7564,7275,-1.0,-0.46,-0.54,-0.56,-0.29,-0.27,-0.1,0.52,-0.79,0.12,-0.09
1631097,Bennedict Mathurin,23288,11493,11795,-0.44,0.11,-0.55,-0.24,1.32,-1.65,0.25,0.2,-0.26,0.13,-0.08
1630539,Kai Jones,1861,913,948,-0.42,0.13,-0.55,0.15,-0.19,-0.4,0.38,-0.01,-0.26,0.02,0.02
1641790,PJ Hall,1132,555,577,-0.89,-0.33,-0.55,0.13,-0.02,-0.9,-0.01,0.27,-0.59,-0.1,-0.0
203933,T.J. Warren,565,298,267,-0.58,-0.01,-0.56,-0.17,-0.08,-0.29,0.03,0.09,-0.16,-0.04,0.03
1629023,P.J. Washington,27139,13458,13681,-0.96,-0.4,-0.56,-0.6,0.04,-0.28,-0.18,0.22,-0.46,-0.12,0.02
1631120,JD Davison,1345,662,683,-0.94,-0.37,-0.56,-0.22,-0.35,-0.46,-0.11,0.01,-0.29,0.09,0.02
203114,Khris Middleton,16899,8335,8564,0.65,1.21,-0.56,0.23,0.33,0.21,0.0,0.09,0.99,-0.12,0.13
1627780,Gary Payton II,12038,5984,6054,0.32,0.89,-0.56,0.45,-0.17,0.08,-0.17,0.4,0.46,-0.04,0.2
1627746,Skal Labissiere,204,103,101,-0.44,0.13,-0.56,-0.06,-0.13,-0.24,-0.07,0.12,0.1,-0.01,-0.02
1629685,Dylan Windler,432,204,228,-0.22,0.34,-0.56,-0.02,-0.08,-0.11,0.12,-0.0,0.21,-0.01,0.01
1642461,Spencer Jones,6462,3172,3290,-0.27,0.3,-0.57,0.47,-0.06,-0.75,0.07,0.44,-0.31,0.07,0.1
1641779,Jalen Bridges,114,57,57,-0.5,0.09,-0.58,-0.17,0.04,-0.35,0.1,0.02,-0.05,-0.02,0.02
1629726,Garrison Mathews,8255,4121,4134,-0.09,0.49,-0.58,0.01,0.03,-0.13,-0.01,0.37,0.17,0.0,-0.04
1631230,Dominick Barlow,10255,5170,5085,-0.64,-0.05,-0.59,-0.4,-0.22,-0.18,0.14,-0.01,-0.34,0.16,0.16
1630196,Filip Petrusev,35,16,19,-0.31,0.28,-0.59,-0.09,-0.07,-0.14,0.1,0.04,0.11,-0.01,0.03
1631123,Jamaree Bouyea,3123,1583,1540,-1.74,-1.14,-0.59,-0.17,-0.75,-0.78,0.18,-0.06,-1.19,-0.04,-0.07
1629216,Gabe Vincent,11204,5559,5645,-0.22,0.38,-0.6,-0.72,0.1,0.62,-0.1,0.24,0.21,-0.22,0.03
1630259,Jordan Ford,82,43,39,-0.27,0.34,-0.6,-0.04,-0.08,-0.13,0.05,0.04,0.22,-0.02,0.03
1641764,Brandin Podziemski,25864,13136,12728,-1.42,-0.82,-0.6,-1.04,-0.32,-0.13,-0.21,0.03,-0.65,0.07,0.01
1630583,Santi Aldama,19234,9615,9619,0.07,0.67,-0.6,0.44,-0.21,-0.07,0.17,0.22,0.44,-0.09,-0.16
1629010,Jerome Robinson,333,175,158,-0.45,0.16,-0.61,-0.01,-0.14,-0.28,-0.01,0.06,0.11,-0.02,0.0
1631254,Kenneth Lofton Jr.,835,412,423,-0.48,0.14,-0.62,-0.23,-0.1,-0.11,0.12,0.15,-0.17,-0.04,0.04
1629098,Jack McVeigh,178,85,93,-0.64,-0.03,-0.62,-0.1,-0.09,-0.42,-0.06,0.02,0.02,-0.03,-0.01
1631211,Trevor Keels,72,34,38,-0.57,0.06,-0.63,-0.06,-0.09,-0.41,0.05,0.1,-0.1,-0.01,0.01
1642347,Jamal Shead,13482,6836,6646,-0.67,-0.04,-0.63,-0.26,-0.09,-0.29,-0.29,0.48,-0.06,-0.03,-0.17
1630563,Joshua Primo,44,19,25,-0.35,0.29,-0.64,-0.05,-0.08,-0.21,0.06,0.06,0.14,-0.01,0.03
1629603,Mamadi Diakite,143,74,69,-0.58,0.07,-0.65,-0.06,-0.02,-0.47,0.05,0.1,-0.12,-0.03,0.04
1629614,Andrew Nembhard,27163,13430,13733,-0.41,0.25,-0.65,-0.17,-0.43,0.31,-0.66,0.23,0.64,-0.12,0.04
1630535,Greg Brown III,182,86,96,-0.42,0.26,-0.67,-0.02,-0.06,-0.33,0.06,0.03,0.15,-0.01,0.02
1642867,Collin Murray-Boyles,5008,2540,2468,-1.33,-0.66,-0.67,-0.15,-0.22,-1.06,0.24,-0.0,-0.91,0.1,0.01
1628366,Lonzo Ball,6375,3204,3171,-1.31,-0.64,-0.67,0.24,-0.51,-0.99,-0.04,0.25,-0.82,-0.05,-0.03
202709,Cory Joseph,4099,2076,2023,0.12,0.79,-0.68,-0.57,-0.13,0.93,0.1,0.23,0.47,-0.11,-0.01
1627732,Ben Simmons,5968,2986,2982,0.5,1.18,-0.68,-0.5,-0.28,1.38,0.06,-0.03,1.22,-0.1,-0.07
1631262,Jules Bernard,642,338,304,-0.51,0.17,-0.68,-0.14,-0.12,-0.23,0.16,0.09,-0.11,-0.02,0.03
1642050,Jackson Rowe,226,125,101,-0.43,0.26,-0.69,-0.15,-0.02,-0.25,0.11,0.12,0.01,-0.01,0.02
1629656,Quentin Grimes,21653,10788,10865,-1.53,-0.85,-0.69,0.32,0.31,-2.25,0.17,0.19,-1.21,0.09,0.0
1627739,Kris Dunn,21572,10779,10793,0.44,1.13,-0.7,0.09,0.07,0.28,0.0,0.34,0.98,-0.0,-0.19
1630570,Trendon Watford,10636,5288,5348,-1.55,-0.85,-0.7,-0.51,0.19,-1.23,-0.37,0.18,-0.53,0.0,-0.13
1628415,Dillon Brooks,26970,13683,13287,-0.54,0.16,-0.7,-0.57,0.43,-0.33,-0.07,0.44,0.04,-0.07,-0.25
1631166,Drew Timme,1941,949,992,-0.37,0.33,-0.7,0.04,-0.29,-0.19,0.25,0.01,0.15,0.07,-0.08
1631108,Max Christie,21922,10748,11174,-0.36,0.35,-0.71,-0.29,0.32,-0.28,0.23,-0.29,0.37,-0.11,0.04
1628391,D.J. Wilson,58,29,29,-0.33,0.38,-0.72,-0.03,-0.07,-0.22,0.06,0.06,0.24,-0.01,0.02
1630180,Saddiq Bey,18249,9231,9018,-0.3,0.42,-0.72,0.66,0.44,-1.12,0.69,0.03,-0.45,-0.28,0.15
1630622,Jalen Crutcher,9,4,5,-0.37,0.36,-0.72,-0.08,-0.07,-0.21,0.07,0.07,0.19,-0.01,0.03
1642271,Kyle Filipowski,13771,6815,6956,1.02,1.74,-0.72,0.08,0.03,0.77,0.42,-0.04,1.22,0.14,0.14
1630207,Nate Hinton,333,167,166,-0.45,0.27,-0.72,-0.03,-0.12,-0.27,0.12,0.13,-0.01,-0.03,0.03
1641713,GG Jackson,11856,5885,5971,-0.06,0.67,-0.73,-0.59,0.01,0.48,0.56,-0.34,0.3,0.04,0.15
1631204,Marcus Sasser,10588,5304,5284,0.28,1.01,-0.73,-0.09,-0.13,0.66,-0.15,0.42,0.72,-0.16,0.02
1628382,Justin Jackson,2,0,2,-0.4,0.33,-0.73,-0.08,-0.07,-0.24,0.05,0.06,0.21,-0.01,0.01
1630194,Paul Reed,12085,6167,5918,-0.65,0.08,-0.73,-0.47,-0.66,0.52,0.2,0.01,-0.21,-0.04,0.08
1630284,Kevon Harris,29,12,17,-0.3,0.43,-0.73,-0.09,-0.07,-0.14,0.06,0.07,0.29,0.0,0.01
1629056,Terence Davis,31,14,17,-0.47,0.26,-0.73,-0.06,-0.09,-0.3,0.02,0.06,0.17,-0.02,0.01
1630608,Malcolm Cazalon,10,6,4,-0.34,0.4,-0.74,-0.08,-0.06,-0.19,0.06,0.06,0.27,-0.01,0.01
1631105,Jalen Duren,24545,12362,12183,0.32,1.07,-0.75,1.06,-0.12,-0.76,0.71,0.13,0.31,0.14,-0.08
1642263,Reed Sheppard,11589,5838,5751,-0.08,0.67,-0.75,-0.26,-0.41,0.2,0.35,0.15,0.06,0.39,0.11
1642385,Cui Yongxi,40,20,20,-0.42,0.33,-0.75,-0.09,-0.08,-0.24,0.1,0.1,0.11,-0.01,0.02
1631169,Josh Minott,4973,2478,2495,-0.49,0.27,-0.75,-0.25,-0.23,0.09,-0.08,0.37,-0.06,-0.1,0.04
201568,Danilo Gallinari,2652,1297,1355,0.42,1.17,-0.75,-0.28,0.21,0.52,0.26,-0.03,0.95,-0.03,-0.01
1626143,Jahlil Okafor,16,10,6,-0.44,0.32,-0.76,-0.05,-0.07,-0.31,0.06,0.06,0.18,-0.01,0.02
1642955,Richmond,271,137,134,-0.25,0.51,-0.76,-0.05,-0.03,-0.17,0.22,0.02,0.31,0.0,-0.04
1629007,Jontay Porter,1476,723,753,-0.29,0.47,-0.76,-0.15,-0.11,0.01,0.2,-0.07,0.34,-0.04,-0.0
1641806,Markquis Nowell,13,8,5,-0.41,0.36,-0.77,-0.08,-0.06,-0.27,0.05,0.06,0.23,0.0,0.02
1628373,Frank Ntilikina,177,90,87,-0.24,0.53,-0.77,-0.15,-0.03,-0.04,0.07,0.11,0.33,-0.02,0.02
1630606,Javonte Smart,3,0,3,-0.4,0.37,-0.77,-0.08,-0.07,-0.24,0.07,0.06,0.22,-0.01,0.02
1629012,Collin Sexton,22592,11176,11416,0.41,1.18,-0.77,0.01,0.25,0.32,0.29,0.03,0.76,-0.17,0.1
1629232,Kaiser Gates,33,16,17,-0.47,0.3,-0.77,-0.06,-0.06,-0.33,0.05,0.04,0.19,-0.02,0.02
1641761,Nelson,136,68,68,-0.18,0.59,-0.77,-0.13,-0.07,0.04,-0.01,0.17,0.48,-0.02,-0.05
1631197,Jared Rhoden,1962,992,970,-0.57,0.21,-0.78,-0.12,-0.08,-0.38,0.08,-0.08,0.21,0.01,0.0
1631167,Izaiah Brockington,23,13,10,-0.46,0.33,-0.78,-0.05,-0.07,-0.32,0.07,0.07,0.16,-0.02,0.03
1631095,Jabari Smith Jr.,28554,14516,14038,-1.6,-0.82,-0.78,-0.35,0.15,-1.48,-0.11,0.35,-0.98,0.08,-0.08
1641737,Adem Bona,8821,4409,4412,-0.84,-0.07,-0.78,-0.31,-0.11,-0.62,-0.05,0.24,-0.2,0.2,-0.06
201980,Danny Green,77,39,38,-0.35,0.43,-0.78,-0.1,-0.06,-0.19,0.04,0.08,0.31,0.0,0.0
1629020,Jarred Vanderbilt,9388,4694,4694,0.36,1.15,-0.79,-0.52,0.31,0.8,0.48,0.81,-0.02,-0.23,-0.12
203482,Kelly Olynyk,12404,6129,6275,0.03,0.81,-0.79,0.17,-0.17,-0.04,0.28,-0.02,0.59,0.07,-0.04
1630197,Aleksej Pokusevski,1590,777,813,-0.74,0.05,-0.79,-0.1,-0.08,-0.54,0.02,-0.09,0.15,-0.02,-0.03
1628998,Cody Martin,8070,4011,4059,-2.23,-1.44,-0.79,-0.71,-0.08,-1.38,-0.19,0.28,-1.49,-0.06,-0.04
1631376,Dmytro Skapintsev,7,4,3,-0.43,0.37,-0.8,-0.1,-0.07,-0.25,0.05,0.08,0.22,-0.01,0.02
201565,Derrick Rose,1616,804,812,-0.7,0.1,-0.81,-0.3,-0.22,-0.12,0.03,0.03,0.03,-0.06,0.01
1630585,Marcus Garrett,314,145,169,-0.71,0.1,-0.81,-0.13,-0.14,-0.4,-0.16,0.1,0.17,-0.04,-0.01
203991,Clint Capela,16821,8593,8228,-3.67,-2.86,-0.81,-0.33,-1.15,-2.15,0.1,-0.77,-2.08,-0.04,-0.11
1630547,James Bouknight,308,156,152,-0.26,0.55,-0.81,-0.06,-0.13,-0.06,0.11,0.04,0.39,-0.01,0.01
1630574,Ariel Hukporti,2890,1423,1467,-2.0,-1.19,-0.81,-0.61,-0.23,-1.16,-0.55,-0.02,-0.81,0.0,0.19
1629623,Lindell Wigginton,31,12,19,-0.46,0.36,-0.82,-0.08,-0.08,-0.3,0.08,0.06,0.18,-0.0,0.04
1641847,Andrew Funk,55,29,26,-0.42,0.4,-0.82,-0.06,-0.09,-0.25,0.07,0.08,0.23,-0.02,0.02
1641926,Dexter Dennis,138,67,71,-0.59,0.23,-0.82,-0.02,-0.03,-0.55,0.05,0.03,0.14,0.01,0.01
1643141,Telfort,123,60,63,-0.58,0.25,-0.83,-0.08,-0.09,-0.4,0.01,0.04,0.17,-0.01,0.03
203490,Otto Porter Jr.,722,373,349,-0.52,0.32,-0.84,-0.22,-0.04,-0.23,0.13,0.06,0.1,-0.03,0.03
203488,Mike Muscala,2471,1220,1251,-0.65,0.2,-0.85,-0.35,-0.32,0.09,0.33,-0.11,-0.04,-0.07,0.02
1641754,Seth Lundy,199,94,105,-0.36,0.48,-0.85,-0.04,-0.04,-0.28,0.03,0.03,0.41,0.0,0.01
201942,DeMar DeRozan,33145,16666,16479,1.09,1.94,-0.85,-1.75,0.68,2.13,0.37,-0.25,1.82,0.03,0.0
1629718,Charles Brown Jr.,141,71,70,-0.48,0.37,-0.85,-0.1,-0.08,-0.28,0.08,0.07,0.2,-0.02,0.02
1642848,Tre Johnson,6299,3090,3209,-0.52,0.35,-0.86,0.42,-0.07,-0.91,0.48,0.38,-0.61,0.04,0.1
1631165,Keon Ellis,17659,8911,8748,-0.09,0.78,-0.87,0.02,-0.07,-0.48,0.06,0.14,0.52,0.44,0.06
1626246,Boban Marjanovic,300,142,158,-0.43,0.43,-0.87,-0.05,-0.1,-0.26,-0.02,0.02,0.45,-0.02,-0.02
1628977,Hamidou Diallo,21,14,7,-0.52,0.36,-0.88,-0.09,-0.07,-0.34,0.06,0.07,0.21,-0.02,0.02
1629308,Juan Toscano-Anderson,214,104,110,-0.59,0.3,-0.88,-0.04,-0.09,-0.45,0.04,0.09,0.14,-0.01,0.03
1641717,Cason Wallace,25820,13033,12787,-1.44,-0.54,-0.89,0.04,-0.3,-1.29,-0.19,-0.2,-0.19,0.11,0.04
1630762,Phillip Wheeler,183,98,85,-0.81,0.08,-0.89,-0.04,-0.07,-0.69,0.05,-0.02,0.04,-0.01,0.01
1630528,Josh Christopher,289,140,149,-0.3,0.59,-0.89,0.06,-0.12,-0.25,-0.04,0.02,0.62,0.01,-0.01
1630562,Matt Hurt,446,226,220,-0.75,0.15,-0.9,-0.22,0.03,-0.55,0.12,0.0,0.01,-0.01,0.02
1642880,Kam Jones,2405,1155,1250,0.39,1.3,-0.9,-0.08,-0.15,0.55,-0.36,-0.13,1.93,0.07,-0.14
203469,Cody Zeller,1361,701,660,-0.45,0.44,-0.9,-0.01,-0.07,-0.36,-0.04,0.08,0.43,-0.01,-0.03
1631301,Jaylen Sims,456,221,235,-0.29,0.61,-0.9,-0.19,0.1,-0.21,-0.06,0.08,0.61,0.01,-0.02
1642443,Jahmir Young,390,192,198,-0.15,0.76,-0.91,-0.11,-0.19,0.15,-0.04,0.14,0.64,0.0,0.02
202738,Isaiah Thomas,93,41,52,-0.49,0.43,-0.91,-0.1,-0.12,-0.24,0.1,0.04,0.28,-0.03,0.01
1642468,Brown,10,5,5,-0.43,0.48,-0.91,-0.06,-0.06,-0.29,0.06,0.06,0.36,-0.02,0.0
1631323,Simone Fontecchio,17027,8571,8456,-0.61,0.31,-0.92,-0.29,0.06,-0.52,-0.13,0.29,0.11,0.14,0.04
1630222,Mason Jones,289,148,141,-0.56,0.36,-0.92,-0.1,-0.13,-0.32,0.01,0.04,0.3,-0.01,0.01
1630245,Ayo Dosunmu,22562,11145,11417,-0.74,0.17,-0.92,0.24,0.09,-1.03,0.15,0.23,-0.11,-0.04,-0.1
1630625,Dalano Banton,9152,4561,4591,-1.54,-0.63,-0.92,-0.06,-0.55,-1.04,0.17,-0.04,-0.77,0.11,0.01
1627885,Shaquille Harrison,22,10,12,-0.49,0.45,-0.93,-0.1,-0.08,-0.3,0.07,0.08,0.29,-0.01,0.01
1630929,Henri Drell,129,70,59,-0.33,0.61,-0.94,-0.02,-0.07,-0.23,0.12,0.08,0.39,-0.01,0.02
1641817,Anton Watson,92,45,47,-0.33,0.62,-0.94,-0.06,-0.08,-0.17,0.1,0.1,0.41,-0.02,0.01
1629027,Trae Young,21672,10968,10704,2.19,3.14,-0.95,1.09,0.97,0.11,0.78,0.2,2.34,0.02,-0.18
1641766,Adama Sanogo,352,191,161,-0.49,0.46,-0.96,-0.1,-0.1,-0.27,0.04,0.03,0.39,-0.02,0.0
201580,JaVale McGee,1421,720,701,-0.58,0.38,-0.96,0.16,-0.22,-0.5,0.11,0.1,0.16,-0.02,0.01
201976,Patrick Beverley,6702,3338,3364,-1.18,-0.22,-0.96,-0.39,0.42,-1.24,-0.23,0.06,0.02,0.03,-0.07
203925,Joe Harris,717,348,369,-0.45,0.51,-0.97,-0.1,-0.02,-0.31,0.07,0.23,0.17,-0.02,0.04
1642399,Jesse Edwards,19,9,10,-0.43,0.54,-0.97,-0.08,-0.08,-0.26,0.04,0.08,0.42,-0.01,0.0
1641809,Drew Peterson,1073,543,530,-0.53,0.44,-0.97,0.26,-0.04,-0.76,-0.02,0.24,0.19,0.01,0.03
1642886,Brea,314,157,157,-0.59,0.39,-0.98,-0.06,-0.08,-0.35,0.06,0.03,0.27,-0.1,0.03
1629312,Haywood Highsmith,13564,6756,6808,-0.93,0.06,-0.98,0.15,-0.22,-0.86,-0.29,-0.28,0.74,-0.0,-0.11
1626158,Richaun Holmes,4423,2216,2207,-0.48,0.5,-0.98,-0.2,-0.03,-0.2,-0.08,0.12,0.54,-0.05,-0.08
1642285,Cam Spencer,8158,4111,4047,0.09,1.07,-0.99,0.53,0.21,-0.76,0.49,0.39,-0.14,0.11,0.33
1643133,Lovering,213,110,103,-0.52,0.48,-0.99,0.06,-0.19,-0.37,0.01,0.07,0.41,-0.02,-0.01
203084,Harrison Barnes,27196,13671,13525,0.19,1.17,-0.99,0.19,0.1,-0.08,0.41,-0.63,1.23,-0.02,0.16
1631257,Jermaine Samuels Jr.,256,127,129,-0.42,0.57,-0.99,-0.03,-0.11,-0.25,0.14,0.08,0.33,-0.03,0.02
1641775,Jordan Walsh,6854,3444,3410,-0.37,0.62,-0.99,0.46,-0.22,-0.65,-0.11,0.3,0.32,0.04,0.11
203200,Justin Holiday,4049,2027,2022,-1.14,-0.13,-1.01,0.11,-0.33,-0.9,-0.15,0.2,-0.18,-0.02,-0.0
201988,Patty Mills,3177,1609,1568,-1.27,-0.25,-1.02,0.17,0.14,-1.65,-0.02,0.19,-0.42,0.07,-0.0
1642282,Sallis,109,52,57,-0.66,0.36,-1.02,-0.09,-0.11,-0.44,0.11,0.09,0.14,-0.02,0.02
1641842,Ronald Holland II,11471,5744,5727,-1.97,-0.95,-1.02,-0.44,0.4,-1.87,-0.12,0.6,-1.6,-0.06,0.17
1630586,Usman Garuba,77,39,38,-0.59,0.44,-1.03,-0.1,-0.03,-0.45,0.06,0.08,0.28,-0.01,0.02
1631173,Terquavion Smith,366,188,178,-0.14,0.88,-1.03,0.08,-0.07,-0.17,0.14,0.03,0.69,0.02,0.02
1641749,Keyontae Johnson,248,124,124,-0.5,0.53,-1.03,-0.05,-0.07,-0.36,0.05,0.03,0.45,-0.02,0.0
1628404,Josh Hart,34735,17643,17092,0.13,1.16,-1.03,-0.15,0.21,0.11,0.06,-0.04,1.07,-0.04,0.07
1630204,Ashton Hagans,1243,639,604,-0.93,0.11,-1.04,-0.11,-0.15,-0.64,-0.0,0.3,-0.22,-0.03,0.03
1642404,Chaz Lanier,1059,534,525,-0.53,0.52,-1.05,0.2,-0.13,-0.41,-0.05,0.06,0.35,-0.19,0.16
1629002,Chimezie Metu,3385,1656,1729,-0.72,0.34,-1.06,-0.24,-0.01,-0.44,0.18,-0.2,0.39,-0.03,-0.03
201577,Robin Lopez,259,125,134,-0.54,0.52,-1.06,-0.13,-0.14,-0.23,-0.0,0.15,0.37,-0.04,0.0
1631321,Sidy Cissoko,6916,3461,3455,-1.12,-0.06,-1.06,-0.2,0.03,-0.87,-0.04,0.06,-0.28,-0.08,0.2
1629052,Oshae Brissett,3390,1714,1676,-0.35,0.7,-1.06,0.04,-0.23,-0.13,0.19,-0.02,0.5,-0.03,0.03
1641857,Liam Robbins,216,111,105,-0.95,0.12,-1.07,-0.2,-0.12,-0.59,0.02,0.1,-0.01,-0.04,0.01
1630679,Ethan Thompson,2538,1276,1262,-0.54,0.54,-1.08,-0.52,-0.21,-0.32,-0.23,0.32,0.7,0.51,-0.25
1642917,Shulga,145,73,72,-0.77,0.31,-1.08,-0.1,-0.06,-0.63,0.05,0.07,0.07,0.02,0.12
1629006,Josh Okogie,11895,5948,5947,-1.14,-0.05,-1.08,0.18,0.18,-1.37,0.11,0.18,-0.55,-0.13,0.21
1630688,Ish Wainright,247,131,116,-0.92,0.16,-1.08,-0.13,-0.09,-0.67,0.06,0.11,-0.04,-0.03,0.03
1630296,Braxton Key,393,204,189,-0.55,0.53,-1.08,-0.01,-0.03,-0.5,0.01,0.14,0.37,-0.01,0.01
1630557,Corey Kispert,19800,9720,10080,-0.43,0.66,-1.09,-0.44,0.01,-0.22,0.05,0.1,0.56,0.22,-0.05
201949,James Johnson,397,203,194,-0.58,0.51,-1.09,0.02,-0.18,-0.4,0.14,0.08,0.27,-0.02,0.02
1642280,Trentyn Flowers,126,62,64,-0.67,0.42,-1.09,-0.05,-0.07,-0.55,0.13,0.13,0.13,0.0,0.03
1642863,Khaman Maluach,1625,835,790,-1.65,-0.56,-1.09,-0.13,-0.25,-1.11,0.16,-0.04,-0.8,-0.16,0.12
1630590,Scotty Pippen Jr.,10699,5328,5371,-1.24,-0.14,-1.1,-0.28,-0.41,-0.57,-0.17,0.17,-0.07,0.02,-0.07
1642905,Yang Hansen,1229,590,639,-1.32,-0.22,-1.11,-0.31,-0.09,-0.99,-0.02,0.02,-0.28,0.07,0.06
1627752,Taurean Prince,20697,10149,10548,0.56,1.68,-1.12,0.13,-0.25,0.76,0.13,-0.14,1.61,-0.08,0.08
202083,Wesley Matthews,1705,857,848,-0.84,0.28,-1.12,-0.09,0.06,-0.82,0.07,0.19,-0.01,0.01,0.03
203648,Thanasis Antetokounmpo,1163,578,585,-1.05,0.07,-1.12,-0.12,-0.12,-0.9,0.26,0.21,-0.39,0.09,-0.01
1630256,Jae'Sean Tate,8312,4213,4099,-1.93,-0.79,-1.13,-0.4,-0.07,-1.4,-0.39,0.54,-0.79,-0.06,-0.15
1629117,Wenyen Gabriel,311,159,152,-1.02,0.11,-1.13,-0.08,-0.11,-0.82,0.06,-0.0,0.06,-0.01,-0.01
1630215,Jared Butler,6713,3355,3358,-1.23,-0.11,-1.13,-0.41,-0.22,-0.57,-0.1,0.2,-0.13,-0.03,-0.08
1631209,Isaiah Wong,1029,530,499,-1.24,-0.09,-1.14,-0.46,-0.07,-0.66,-0.01,0.09,-0.19,-0.05,0.02
1628966,Keita Bates-Diop,2624,1285,1339,-0.74,0.4,-1.14,0.16,0.12,-1.05,0.02,0.14,0.24,0.03,0.0
1641725,Trey Alexander,955,477,478,-1.0,0.14,-1.14,-0.3,-0.22,-0.29,-0.3,0.15,0.11,-0.19,0.18
1628424,Kobi Simmons,262,128,134,-0.63,0.53,-1.15,-0.11,-0.08,-0.42,0.14,0.0,0.38,-0.02,0.01
1642935,Hepburn,56,27,29,-0.77,0.38,-1.15,-0.08,-0.08,-0.6,0.05,0.04,0.27,-0.01,0.02
1631112,Kendall Brown,318,153,165,-0.86,0.31,-1.16,-0.04,-0.1,-0.71,0.0,0.11,0.18,-0.01,0.02
1641970,Maozinha Pereira,483,254,229,-1.02,0.14,-1.16,-0.17,-0.13,-0.68,-0.02,0.04,0.13,-0.04,-0.01
203901,Elfrid Payton,2104,1030,1074,-1.78,-0.62,-1.16,-0.57,-0.4,-0.74,0.08,-0.08,-0.65,-0.07,0.03
1642377,Jaylen Wells,16318,8208,8110,0.86,2.02,-1.16,0.59,-0.23,0.53,0.37,-0.23,1.87,-0.03,0.01
1630224,Jalen Green,26298,13416,12882,-1.01,0.16,-1.17,-0.52,-0.4,-0.01,0.02,-0.4,0.33,-0.08,0.21
1642939,Miles Kelly,572,285,287,-1.16,0.01,-1.17,0.03,-0.24,-0.91,-0.07,-0.02,0.05,-0.04,0.05
1641753,Chris Livingston,870,421,449,-0.8,0.39,-1.19,-0.19,-0.18,-0.38,0.11,0.3,-0.05,-0.05,0.03
1641936,Miles Norris,140,68,72,-1.0,0.2,-1.19,-0.1,-0.12,-0.76,0.07,0.07,0.04,-0.02,0.02
203939,Dwight Powell,9611,4828,4783,-0.65,0.55,-1.2,-0.64,0.03,-0.01,-0.13,-0.1,0.63,-0.03,0.15
1642270,Donovan Clingan,14395,7315,7080,-2.22,-1.02,-1.2,-0.41,-0.67,-1.27,-0.91,-0.83,0.65,0.13,0.07
1631221,Collin Gillespie,12314,6258,6056,0.5,1.7,-1.2,-0.27,-0.73,1.4,-0.17,-0.09,1.69,0.1,0.27
1631121,Bryce McGowens,7381,3669,3712,-0.13,1.07,-1.2,-0.99,0.18,0.63,-0.07,0.02,1.11,0.05,0.01
1629139,Yuta Watanabe,1882,925,957,-0.61,0.6,-1.21,0.11,-0.07,-0.67,0.05,0.19,0.35,0.02,0.01
1629021,Moritz Wagner,9946,5041,4905,0.01,1.24,-1.22,0.22,0.31,-0.59,-0.21,-0.14,1.54,0.07,0.05
1631126,Caleb Love,4213,2090,2123,-0.35,0.87,-1.22,-0.13,-0.33,0.07,0.28,0.04,0.51,0.04,0.04
201152,Thaddeus Young,1802,903,899,-0.4,0.82,-1.22,-0.28,-0.12,0.08,0.54,0.08,0.14,-0.08,0.06
1641879,Yuri Collins,70,39,31,-0.75,0.47,-1.22,-0.06,-0.09,-0.58,0.11,0.09,0.24,-0.02,0.03
1628962,Udoka Azubuike,475,227,248,-0.59,0.65,-1.24,-0.02,-0.07,-0.48,0.01,0.08,0.57,-0.02,-0.01
1642862,Liam McNeeley,1451,742,709,-0.61,0.62,-1.24,-0.01,0.1,-0.69,-0.02,-0.03,0.73,-0.01,-0.06
203493,Reggie Bullock,1714,854,860,-0.55,0.69,-1.24,0.16,-0.17,-0.57,0.13,-0.13,0.7,0.03,-0.01
203078,Bradley Beal,14930,7285,7645,0.81,2.05,-1.24,0.2,-0.25,0.95,0.33,0.04,1.75,-0.09,-0.07
1627734,Domantas Sabonis,24064,12180,11884,0.31,1.56,-1.25,1.25,-0.39,-0.45,-0.28,0.0,1.95,-0.1,-0.11
1641793,D'Moi Hodge,162,78,84,-0.62,0.63,-1.25,-0.12,-0.09,-0.4,0.15,0.03,0.43,-0.01,0.02
1642402,Enrique Freeman,945,488,457,-0.91,0.34,-1.25,0.13,-0.13,-0.93,0.22,0.13,-0.1,0.02,0.09
1641780,Broome,214,108,106,-0.99,0.26,-1.25,-0.11,-0.08,-0.72,-0.05,0.19,0.16,-0.08,-0.04
1642439,Quincy Olivari,44,22,22,-0.68,0.58,-1.26,-0.08,-0.09,-0.5,0.04,0.07,0.47,-0.01,0.0
1642855,Essengue,27,14,13,-0.63,0.62,-1.26,-0.1,-0.1,-0.42,0.1,0.08,0.44,-0.01,0.0
1629647,Darius Bazley,631,313,318,-0.47,0.79,-1.26,-0.28,-0.04,-0.1,0.12,0.03,0.63,-0.05,0.01
1642876,Adou Thiero,578,283,295,0.26,1.53,-1.27,-0.01,0.04,0.25,0.16,0.01,1.36,-0.02,0.0
1631210,Jacob Toppin,481,239,242,-0.81,0.45,-1.27,-0.05,-0.18,-0.54,0.15,0.09,0.2,-0.04,0.01
1642449,Tolu Smith,611,317,294,-0.57,0.7,-1.27,0.08,-0.11,-0.32,-0.03,0.21,0.42,-0.22,0.1
1630184,Kira Lewis Jr.,1109,541,568,-1.27,-0.0,-1.27,-0.22,0.03,-1.06,0.18,0.06,-0.27,-0.02,0.03
1641730,Noah Clowney,12696,6301,6395,-0.85,0.42,-1.27,-0.29,0.64,-1.12,0.02,0.04,0.45,-0.08,-0.09
1642868,Carter Bryant,3358,1660,1698,-1.69,-0.41,-1.28,0.27,0.14,-2.15,-0.4,-0.11,-0.17,0.05,0.27
1641803,Tristen Newton,134,72,62,-0.85,0.43,-1.28,-0.03,-0.07,-0.76,0.08,0.07,0.29,0.01,-0.01
1642277,Johnny Furphy,4164,2088,2076,-0.59,0.69,-1.28,0.01,-0.43,-0.08,-0.31,0.01,1.02,-0.09,-0.03
1642261,Dalton Knecht,8080,3952,4128,-0.87,0.41,-1.28,0.2,-0.44,-0.62,0.23,0.28,-0.12,-0.01,0.02
203484,Kentavious Caldwell-Pope,25275,12776,12499,-1.7,-0.4,-1.3,-0.44,-0.14,-0.82,-0.44,0.25,-0.12,-0.3,-0.09
1641745,Adam Flagler,874,436,438,-2.09,-0.79,-1.3,-0.24,-0.46,-1.31,-0.08,0.04,-0.77,-0.08,0.02
1642359,Pacôme Dadiet,989,486,503,-0.98,0.32,-1.3,-0.25,-0.14,-0.46,-0.06,-0.07,0.45,-0.13,0.0
1642013,Malik Williams,428,206,222,-0.92,0.39,-1.31,-0.2,-0.12,-0.56,0.08,0.04,0.26,-0.04,0.01
1642384,Isaiah Crawford,552,286,266,-1.31,-0.0,-1.31,0.06,-0.23,-1.05,0.08,-0.11,-0.07,-0.09,0.1
1642346,Ryan Dunn,11133,5535,5598,-2.89,-1.57,-1.32,0.42,-0.83,-2.31,-0.36,0.37,-1.51,-0.17,-0.07
1627863,Danuel House Jr.,2094,1068,1026,-1.21,0.11,-1.32,-0.35,0.24,-1.09,0.02,0.18,-0.11,-0.01,0.02
1629611,Terance Mann,20040,9940,10100,-0.08,1.24,-1.32,0.14,-0.02,-0.23,0.49,0.44,0.55,0.03,-0.24
1629642,Nassir Little,1934,929,1005,-1.38,-0.06,-1.32,0.06,0.01,-1.45,-0.08,0.21,-0.19,0.0,0.0
1631386,Taze Moore,266,138,128,-1.2,0.12,-1.32,-0.15,-0.12,-0.89,0.14,0.01,-0.05,-0.04,0.02
1628365,Markelle Fultz,4828,2443,2385,-0.98,0.34,-1.32,-0.61,-0.55,0.58,0.2,-0.32,0.43,-0.4,0.03
1630537,Chris Duarte,3214,1620,1594,-0.86,0.49,-1.35,0.06,-0.26,-0.63,0.18,0.18,0.11,-0.03,0.02
1626172,Kevon Looney,11479,5827,5652,-3.14,-1.78,-1.36,-0.96,-0.19,-1.84,-0.85,0.1,-0.96,-0.15,-0.07
1630541,Moses Moody,18413,9332,9081,-1.89,-0.52,-1.36,-0.36,-0.13,-1.48,0.03,0.01,-0.47,0.08,-0.09
1641931,Onuralp Bitim,1090,545,545,-0.86,0.55,-1.4,-0.09,-0.13,-0.63,0.16,0.09,0.27,-0.01,0.03
1641788,Alex Fudge,162,80,82,-0.81,0.59,-1.4,-0.09,-0.11,-0.59,0.1,0.09,0.4,-0.02,-0.0
1631216,Caleb Houstan,6810,3412,3398,-1.99,-0.58,-1.41,-0.47,-0.69,-0.68,0.37,-0.21,-0.73,-0.15,-0.01
1630621,Hunter Dickinson,201,98,103,-0.81,0.6,-1.41,-0.1,-0.08,-0.63,0.13,0.13,0.5,0.0,-0.16
1642419,Jamison Battle,6381,3205,3176,-0.87,0.54,-1.42,0.06,-0.44,-0.37,0.08,0.34,-0.08,-0.12,0.2
1630649,Stanley Umude,1615,773,842,-0.85,0.56,-1.42,-0.08,-0.04,-0.73,-0.01,0.41,0.15,0.0,0.01
1641854,Craig Porter,9538,4759,4779,-0.29,1.14,-1.43,-0.19,-0.39,0.42,0.1,-0.11,1.2,-0.13,-0.05
1629022,Lonnie Walker IV,6086,3022,3064,-1.11,0.32,-1.43,-0.15,-0.41,-0.48,0.0,0.15,0.17,-0.07,0.0
1642450,Daniss Jenkins,5941,3044,2897,-0.88,0.55,-1.43,-0.57,0.41,-0.68,0.1,0.64,-0.26,-0.04,0.07
1641778,Leaky Black,2961,1467,1494,-1.12,0.31,-1.43,-0.27,-0.22,-0.37,0.41,-0.06,-0.26,-0.26,0.22
202693,Markieff Morris,1629,799,830,-1.17,0.27,-1.44,-0.33,-0.28,-0.47,-0.04,-0.08,0.45,-0.09,-0.06
203967,Dario Saric,5481,2747,2734,-1.14,0.3,-1.44,-0.02,-0.15,-0.97,0.31,-0.03,0.02,0.0,-0.0
1642279,Ulrich Chomche,120,61,59,-0.54,0.9,-1.45,-0.12,0.0,-0.41,0.07,0.1,0.72,-0.01,0.01
1642843,Cooper Flagg,10079,4986,5093,-1.48,-0.03,-1.45,-0.46,-0.17,-1.06,-0.3,0.15,-0.06,0.21,0.18
1630600,Isaiah Mobley,341,172,169,-0.89,0.56,-1.46,-0.14,-0.17,-0.55,0.14,-0.0,0.41,-0.03,0.01
1629680,Matisse Thybulle,9180,4637,4543,-1.71,-0.24,-1.47,-0.27,-0.23,-0.87,0.44,0.25,-0.94,-0.34,0.01
1631298,Jack White,266,140,126,-1.06,0.42,-1.47,-0.2,-0.07,-0.75,0.1,0.1,0.2,-0.04,0.02
1641998,Trey Jemison,4116,2054,2062,-1.68,-0.2,-1.48,-0.57,-0.37,-0.67,0.04,-0.2,-0.01,-0.07,-0.03
1630249,Vit Krejci,12561,6324,6237,-0.71,0.78,-1.49,-0.13,-0.47,-0.22,0.24,0.12,0.46,0.11,-0.04
203903,Jordan Clarkson,15913,7921,7992,-0.62,0.87,-1.49,-0.54,0.34,-0.37,0.43,-0.01,0.48,-0.05,-0.03
1641729,Brice Sensabaugh,15739,7724,8015,0.65,2.14,-1.49,0.31,0.13,0.03,1.0,0.32,0.74,0.18,0.08
1642874,Danny Wolf,4625,2307,2318,-2.23,-0.73,-1.49,-0.5,-0.24,-1.52,-0.18,0.22,-0.65,0.03,-0.12
200768,Kyle Lowry,10303,5173,5130,-1.84,-0.34,-1.5,-0.51,-0.04,-1.32,-0.35,0.1,-0.01,0.03,-0.08
1630243,Trevelin Queen,2304,1142,1162,-0.5,1.0,-1.5,-0.26,-0.08,-0.11,0.01,0.32,0.67,-0.05,0.0
202704,Reggie Jackson,9305,4640,4665,-1.63,-0.14,-1.5,-0.26,-0.48,-0.87,-0.35,0.22,-0.01,-0.02,-0.0
1626168,Trey Lyles,10225,5196,5029,-1.04,0.46,-1.5,-0.56,-0.19,-0.13,-0.35,0.17,0.68,-0.16,-0.04
1628972,Troy Brown Jr.,3339,1641,1698,-0.74,0.78,-1.52,0.05,0.1,-0.93,0.24,0.02,0.53,0.04,-0.01
201599,DeAndre Jordan,5454,2673,2781,-2.56,-1.05,-1.52,-0.31,-0.76,-1.38,-0.06,0.01,-0.82,-0.11,-0.18
1629643,Chuma Okeke,2551,1276,1275,-1.1,0.42,-1.52,-0.22,-0.29,-0.54,-0.02,-0.2,0.73,-0.05,-0.09
1628380,Zach Collins,11184,5529,5655,-1.99,-0.46,-1.53,-0.46,-0.21,-1.26,-0.62,-0.0,0.32,-0.06,-0.16
203952,Andrew Wiggins,24731,12346,12385,-0.92,0.61,-1.54,-0.37,-0.09,-0.37,-0.13,-0.25,0.95,-0.09,0.04
1627824,Guerschon Yabusele,11540,5776,5764,0.47,2.01,-1.54,-0.49,-0.34,1.17,0.93,-0.12,1.24,0.13,-0.04
1628963,Marvin Bagley III,10932,5450,5482,-0.93,0.61,-1.54,0.46,-0.21,-1.34,0.31,0.12,0.36,0.16,-0.18
1629610,DaQuan Jeffries,4830,2367,2463,-0.94,0.6,-1.54,-0.69,-0.11,-0.08,-0.36,0.19,0.84,-0.06,-0.07
1642877,Micah Peavy,3839,1940,1899,-0.65,0.9,-1.55,0.22,-0.15,-0.77,-0.08,0.29,0.57,0.05,0.12
1629650,Moses Brown,1340,673,667,-1.17,0.38,-1.55,0.13,-0.18,-1.14,-0.16,0.09,0.49,0.02,-0.04
1642484,RayJ Dennis,1187,607,580,-2.4,-0.84,-1.56,0.24,-0.01,-2.58,0.03,0.03,-0.88,-0.05,-0.02
1628981,Bruno Fernando,3273,1625,1648,-0.92,0.64,-1.56,0.13,-0.31,-0.71,0.31,0.12,0.16,-0.03,0.05
1628427,Vlatko Cancar,597,300,297,-1.54,0.03,-1.57,-0.13,-0.22,-1.15,0.22,0.09,-0.32,-0.04,0.04
1641801,Emanuel Miller,208,107,101,-0.67,0.9,-1.57,-0.11,-0.12,-0.43,0.1,0.08,0.72,-0.01,0.0
1630536,Sharife Cooper,2894,1413,1481,0.06,1.64,-1.58,-0.43,-0.08,0.65,0.17,0.28,1.21,-0.08,-0.02
1630550,JT Thor,4153,2077,2076,-2.31,-0.73,-1.58,-0.74,-0.24,-1.27,0.19,0.17,-1.08,-0.06,-0.01
1631466,Jeenathan Williams,2195,1093,1102,0.02,1.6,-1.58,-0.14,-0.35,0.83,0.19,0.15,1.02,-0.32,0.24
1631243,Mouhamed Gueye,7274,3692,3582,-1.49,0.09,-1.59,-0.17,-0.57,-0.82,-0.42,-0.01,0.5,0.07,0.02
1642260,Nikola Topić,652,319,333,-0.66,0.94,-1.6,-0.03,-0.19,-0.26,0.02,0.01,0.93,-0.18,-0.02
1630165,Killian Hayes,6469,3211,3258,-1.5,0.1,-1.6,-0.3,-0.45,-0.81,-0.14,0.08,0.44,0.06,-0.28
203937,Kyle Anderson,15563,7784,7779,-2.79,-1.18,-1.6,-1.01,0.11,-1.64,-0.26,0.25,-1.33,-0.25,0.16
1642281,Jaylon Tyson,9236,4634,4602,-0.94,0.66,-1.6,0.03,-0.56,-0.46,-0.05,0.11,0.57,0.05,0.03
1631311,Lester Quinones,2423,1238,1185,-1.66,-0.06,-1.6,-0.17,-0.19,-1.25,0.35,0.17,-0.67,-0.05,0.09
1642928,Dylan Cardwell,3591,1832,1759,-2.11,-0.5,-1.61,-0.6,-0.06,-1.14,-0.53,0.03,-0.26,-0.31,0.26
1642852,Derik Queen,8569,4250,4319,0.79,2.41,-1.62,0.22,0.86,-0.24,0.15,-0.23,2.52,-0.05,-0.03
1641807,Omier,98,51,47,-0.77,0.85,-1.62,-0.06,-0.08,-0.59,0.1,0.02,0.69,-0.04,0.04
1642933,Gilbert,300,140,160,-0.34,1.3,-1.63,-0.31,-0.06,-0.07,-0.23,-0.01,1.63,0.1,-0.09
1641710,Anthony Black,19981,10109,9872,-1.34,0.31,-1.64,-0.37,0.34,-0.97,-0.28,-0.03,0.71,-0.34,-0.09
1641741,Ricky Council IV,6240,3135,3105,-0.77,0.88,-1.64,-0.52,0.31,-0.57,0.76,-0.25,0.38,0.01,-0.01
1631116,Patrick Baldwin Jr.,2933,1492,1441,-1.04,0.6,-1.65,-0.08,-0.21,-0.58,0.23,0.15,0.19,-0.17,0.03
1628385,Harry Giles III,436,220,216,-0.78,0.88,-1.66,0.02,-0.17,-0.62,0.11,0.12,0.63,-0.01,0.02
1641794,Dillon Jones,2582,1300,1282,-1.76,-0.1,-1.67,-0.16,-0.39,-1.1,-0.26,0.42,-0.28,-0.11,0.02
1629875,Xavier Moon,496,252,244,-1.37,0.3,-1.67,-0.08,-0.24,-1.01,0.14,0.04,0.09,-0.04,0.03
1630703,Scoot Henderson,17581,8850,8731,-0.63,1.04,-1.67,-0.7,-0.09,0.4,0.31,0.3,0.59,-0.24,-0.16
1641755,Kevin McCullar Jr.,739,354,385,-1.33,0.35,-1.68,-0.22,-0.12,-0.82,-0.3,0.23,0.32,-0.17,0.1
1642066,Myron Gardner,1790,935,855,-1.5,0.19,-1.68,-0.3,-0.2,-1.13,-0.23,0.25,0.15,0.13,0.02
1630314,Brandon Williams,8737,4357,4380,-0.24,1.45,-1.69,-0.58,0.08,-0.06,0.47,0.09,0.94,0.32,-0.05
1631247,Luke Travers,834,411,423,-1.71,-0.03,-1.69,0.25,-0.25,-1.69,0.08,0.14,-0.3,-0.02,0.05
1630604,E.J. Liddell,1703,851,852,-0.03,1.66,-1.69,-0.17,-0.04,0.17,0.04,0.04,1.03,0.01,0.55
1630641,Ibou Badji,909,448,461,-1.14,0.56,-1.7,-0.29,-0.07,-0.75,0.18,0.08,0.28,-0.03,0.02
1631100,AJ Griffin,696,356,340,-0.5,1.2,-1.7,-0.0,-0.06,-0.43,0.08,0.09,1.03,-0.01,0.0
1641752,Bobi Klintman,457,239,218,-0.93,0.77,-1.7,0.05,-0.1,-0.84,0.12,0.21,0.47,-0.04,-0.03
1641815,Isaiah Stevens,186,100,86,-0.92,0.8,-1.71,-0.01,-0.04,-0.8,0.08,-0.01,0.7,-0.07,0.03
1642265,Rob Dillingham,6309,3118,3191,-1.91,-0.19,-1.72,-0.52,-0.44,-0.55,0.24,-0.01,-0.61,-0.4,0.19
1631338,Mouhamadou Gueye,688,328,360,-1.41,0.3,-1.72,-0.16,-0.09,-1.06,0.32,-0.03,-0.15,-0.1,0.16
1630175,Cole Anthony,14692,7430,7262,-1.85,-0.13,-1.72,-0.49,-0.17,-1.14,-0.28,0.82,-0.62,-0.05,-0.05
1630538,Nah'Shon Hyland,7981,3994,3987,-1.48,0.24,-1.72,0.08,-0.58,-0.87,0.17,0.29,-0.62,-0.11,0.4
1631109,Mark Williams,13184,6566,6618,-1.64,0.1,-1.73,0.06,0.09,-1.96,0.41,-0.64,0.27,0.17,0.06
1630560,Cam Thomas,15119,7529,7590,0.65,2.38,-1.73,-0.29,0.43,0.6,0.96,0.18,1.33,-0.09,-0.09
1628464,Daniel Theis,6780,3416,3364,-1.35,0.38,-1.73,-0.4,0.03,-0.93,-0.03,0.14,0.36,-0.05,-0.09
1642873,Amari Williams,579,279,300,-1.59,0.15,-1.74,-0.09,-0.06,-1.47,-0.0,0.0,0.13,0.03,0.02
1631093,Jaden Ivey,15498,7713,7785,-0.83,0.91,-1.74,-0.86,-0.36,0.44,0.39,0.14,0.47,-0.05,-0.09
1642505,Alex Ducas,519,259,260,-1.45,0.3,-1.75,-0.28,-0.29,-0.81,-0.07,0.21,0.15,-0.07,0.01
1630177,Theo Maledon,908,465,443,-0.73,1.03,-1.76,-0.14,0.01,-0.58,0.18,0.24,0.57,-0.02,0.04
202722,Davis Bertans,2630,1321,1309,-0.61,1.17,-1.77,0.26,-0.0,-0.91,0.13,0.07,0.99,0.04,-0.02
1628975,Jevon Carter,9025,4596,4429,-1.09,0.68,-1.77,-0.01,-0.33,-0.88,0.23,0.11,0.03,0.13,0.31
1642950,Lachlan Olbrich,1420,731,689,-1.43,0.35,-1.78,-0.49,-0.34,-0.53,0.04,0.11,0.07,-0.07,0.13
1642918,Alijah Martin,584,304,280,-1.49,0.29,-1.78,-0.12,0.07,-1.44,0.06,0.19,-0.07,0.0,0.11
203924,Jerami Grant,20808,10411,10397,-0.36,1.43,-1.79,-1.24,0.82,-0.15,0.22,0.43,0.78,0.21,-0.0
1631199,Ron Harper Jr.,1339,682,657,-1.24,0.56,-1.8,0.05,-0.28,-1.16,-0.15,0.14,0.52,0.15,0.05
1641890,Tyler Smith,1207,612,595,-0.82,1.0,-1.81,-0.1,-0.04,-0.9,0.19,0.1,0.46,0.22,0.25
1629670,Jordan Nwora,2962,1452,1510,-1.08,0.74,-1.82,-0.28,-0.07,-0.71,0.43,-0.1,0.4,-0.02,0.01
1630192,Zeke Nnaji,7564,3660,3904,-2.78,-0.96,-1.82,-0.56,-0.44,-1.76,0.1,0.28,-1.51,-0.02,0.17
1630285,Zavier Simpson,663,351,312,-1.54,0.29,-1.83,-0.22,-0.15,-1.12,0.03,0.07,0.18,-0.05,0.01
1630587,Isaiah Livers,3375,1674,1701,-0.74,1.09,-1.83,-0.27,-0.11,-0.32,0.0,0.49,0.62,-0.04,-0.02
1642878,Tyrese Proctor,2219,1124,1095,-0.67,1.17,-1.84,0.09,0.0,-0.88,0.29,0.27,0.62,0.12,-0.01
203552,Seth Curry,7335,3688,3647,-1.47,0.39,-1.85,-0.92,-0.18,-0.23,0.08,-0.06,0.39,-0.14,-0.02
202330,Gordon Hayward,5258,2629,2629,-0.31,1.55,-1.86,-0.2,-0.32,0.3,0.14,0.29,1.15,-0.09,-0.03
1631288,Jamal Cain,5064,2562,2502,-0.1,1.76,-1.86,-0.51,-0.1,0.17,0.33,0.2,1.17,0.34,0.06
1642382,Branden Carlson,3048,1512,1536,-0.57,1.3,-1.87,0.08,-0.55,0.04,-0.13,-0.27,1.67,-0.14,0.03
1630579,Jericho Sims,10197,5024,5173,-0.5,1.38,-1.88,-0.35,-0.4,0.14,-0.21,-0.1,1.54,0.11,0.15
1630553,Keon Johnson,7840,3914,3926,-1.07,0.81,-1.89,-1.01,-0.32,0.29,0.29,0.45,0.09,-0.03,-0.02
1629669,Jaylen Nowell,1538,771,767,-1.89,0.0,-1.89,-0.66,-0.33,-0.78,0.02,-0.01,0.01,-0.12,-0.02
1642859,Jase Richardson,2394,1219,1175,-0.75,1.15,-1.9,-0.18,0.21,-0.42,-0.34,0.42,1.05,-0.36,0.02
203458,Alex Len,3356,1691,1665,-1.42,0.47,-1.9,-0.38,-0.57,-0.33,-0.14,0.21,0.42,-0.14,-0.02
1641810,Antonio Reeves,2937,1481,1456,-0.4,1.5,-1.9,-0.38,-0.1,0.14,0.36,0.09,1.03,-0.06,0.02
203914,Gary Harris,11345,5755,5590,-0.69,1.24,-1.93,-0.52,-0.06,0.02,-0.15,0.17,1.31,-0.13,-0.09
1629652,Luguentz Dort,29526,14861,14665,-0.96,0.98,-1.94,0.22,-0.4,-0.56,-0.15,0.04,1.11,-0.22,-0.02
1629011,Mitchell Robinson,10899,5601,5298,-2.46,-0.52,-1.94,-0.67,-1.04,-1.0,0.05,0.19,-0.74,0.25,-0.02
1629673,Jordan Poole,22397,11035,11362,-1.71,0.25,-1.96,0.55,0.0,-2.22,0.56,0.52,-0.68,-0.04,-0.15
1630702,Jaden Hardy,12033,5951,6082,-0.5,1.47,-1.98,-0.22,-0.5,0.23,-0.14,0.35,0.98,-0.01,0.28
1641731,Bilal Coulibaly,21375,10452,10923,-0.97,1.02,-1.99,-0.52,0.07,-0.54,0.54,0.04,0.29,0.02,0.15
1631104,Blake Wesley,7889,3908,3981,-0.93,1.07,-2.0,-0.3,-0.67,-0.05,0.18,0.17,0.74,0.09,-0.02
1641740,Jaylen Clark,5816,2933,2883,-1.71,0.29,-2.0,-0.77,0.21,-1.04,-0.44,0.17,0.58,-0.11,-0.02
1629028,Deandre Ayton,19963,9933,10030,-1.2,0.81,-2.01,-0.64,-0.64,-0.01,0.44,-0.72,1.17,0.09,-0.08
1642383,Walter Clayton Jr.,5892,2924,2968,0.93,2.94,-2.02,0.33,0.5,0.04,0.08,0.3,2.44,0.06,0.12
1626162,Kelly Oubre Jr.,23929,12025,11904,0.07,2.09,-2.02,-0.42,0.42,0.05,0.94,0.13,1.0,0.02,0.02
1642422,Armel Traoré,260,132,128,-1.15,0.86,-2.02,-0.14,-0.08,-0.91,0.16,0.03,0.66,-0.02,0.01
1641851,Timmy Allen,516,271,245,-1.57,0.46,-2.02,-0.27,-0.13,-1.11,0.13,0.08,0.22,-0.06,0.03
1643007,Taelon Peter,1944,951,993,-0.83,1.2,-2.03,0.28,-0.4,-0.99,0.12,0.08,0.84,0.28,0.16
1627745,Damian Jones,1025,503,522,-1.13,0.91,-2.04,-0.11,-0.17,-0.81,0.11,-0.07,0.89,-0.04,-0.02
1630531,Jaden Springer,3581,1796,1785,-0.9,1.16,-2.06,-0.24,-0.13,-0.46,0.1,0.15,0.93,-0.07,-0.02
1630548,Johnny Juzang,7038,3434,3604,-1.04,1.02,-2.06,-0.28,-0.35,-0.32,-0.14,-0.04,1.34,-0.09,-0.14
1629048,Goga Bitadze,13663,6981,6682,-1.1,0.96,-2.06,0.13,-0.21,-1.26,0.53,0.06,0.14,0.24,0.23
203095,Evan Fournier,2306,1136,1170,-2.06,0.01,-2.07,-0.14,-0.03,-1.89,0.34,0.09,-0.47,0.0,0.05
1628995,Kevin Knox II,2837,1456,1381,-0.52,1.54,-2.07,0.13,0.14,-0.84,-0.02,0.18,1.41,0.05,-0.03
1642882,Julian Reese,1664,826,838,-0.43,1.65,-2.07,-0.25,-0.14,0.04,0.12,0.1,1.35,-0.08,0.08
1630639,AJ Lawson,4415,2238,2177,-1.35,0.73,-2.08,0.11,-0.15,-1.31,-0.08,-0.08,0.82,0.0,0.07
1628371,Jonathan Isaac,10826,5564,5262,-3.34,-1.26,-2.08,-0.46,-0.01,-2.79,-0.72,0.46,-0.86,-0.08,-0.14
200782,P.J. Tucker,2287,1134,1153,-0.8,1.29,-2.09,-0.33,-0.02,-0.39,-0.12,0.0,1.47,-0.06,-0.06
1626145,Tyus Jones,21090,10409,10681,-0.88,1.22,-2.11,0.22,-0.46,-0.52,0.86,-0.62,1.1,-0.12,-0.12
1628502,Nigel Hayes,761,374,387,-1.48,0.63,-2.11,-0.29,-0.1,-1.04,0.25,0.04,0.34,-0.05,0.0
1629003,Shake Milton,5788,2897,2891,-1.54,0.57,-2.12,-0.42,-0.09,-1.01,0.19,0.43,-0.05,-0.02,0.0
1629234,Drew Eubanks,10184,4986,5198,-2.4,-0.26,-2.13,-0.29,0.08,-2.22,0.16,-0.12,-0.21,0.03,-0.09
1631241,Javon Freeman-Liberty,1637,809,828,-0.88,1.25,-2.13,-0.37,0.01,-0.47,0.4,-0.09,0.93,-0.05,0.01
1642857,Kasparas Jakučionis,4111,2107,2004,-0.25,1.88,-2.13,-0.27,0.19,-0.45,0.17,0.2,1.53,0.28,-0.02
1642967,John Poulakidas,1091,562,529,-1.08,1.06,-2.14,-0.06,-0.08,-1.14,0.1,0.12,0.33,0.2,0.51
1642854,Asa Newell,2096,1067,1029,-0.67,1.47,-2.15,0.14,-0.22,-0.66,-0.06,0.34,1.1,0.07,0.09
1631103,Malaki Branham,9514,4670,4844,-1.41,0.75,-2.16,-0.25,-0.39,-0.67,0.69,-0.48,0.56,-0.1,-0.02
1629667,Jalen McDaniels,2236,1098,1138,-1.61,0.55,-2.16,-0.58,-0.1,-0.84,0.54,-0.1,0.05,-0.09,0.06
1641718,Keyonte George,24554,12043,12511,0.61,2.81,-2.2,0.49,0.95,-0.79,0.92,-0.01,2.14,-0.04,-0.24
1631222,Jake LaRavia,17128,8578,8550,-0.03,2.17,-2.2,0.15,0.43,-0.63,0.3,0.43,1.43,0.02,0.01
1641877,Nathan Mensah,1195,598,597,-1.47,0.74,-2.21,-0.32,-0.03,-1.08,0.15,0.06,0.54,-0.04,-0.01
1631102,TyTy Washington Jr.,1009,503,506,-1.33,0.88,-2.21,-0.22,-0.21,-0.77,0.18,-0.02,0.68,-0.13,0.04
1630283,Kylor Kelley,560,276,284,-1.3,0.91,-2.21,-0.35,-0.1,-0.77,0.23,0.03,0.64,-0.08,0.01
1631223,David Roddy,6763,3362,3401,-1.17,1.05,-2.22,-0.61,-0.23,-0.4,0.41,0.19,0.47,0.07,-0.02
202711,Bojan Bogdanovic,6207,3078,3129,-0.51,1.7,-2.22,-0.54,-0.11,0.21,0.11,0.14,1.49,-0.07,-0.04
201959,Taj Gibson,2875,1431,1444,-3.03,-0.8,-2.24,-0.81,-0.52,-1.46,-0.3,-0.02,-0.55,-0.24,0.07
1631133,Jabari Walker,13132,6655,6477,-1.06,1.18,-2.24,-0.66,-0.01,-0.56,0.52,0.23,0.39,0.17,0.04
1642962,Drake Powell,5124,2481,2643,-1.75,0.5,-2.25,-0.45,0.35,-1.63,-0.0,0.03,0.11,-0.02,0.36
1630527,Brandon Boston Jr.,5530,2778,2752,-2.08,0.17,-2.25,-1.09,-0.51,-0.36,0.17,0.01,0.05,-0.12,-0.06
1641734,Emoni Bates,843,410,433,-1.87,0.38,-2.25,-0.23,-0.29,-1.29,0.21,0.01,0.11,-0.06,0.05
1630209,Omer Yurtseven,2658,1332,1326,-1.54,0.72,-2.26,-0.26,-0.21,-1.03,0.37,-0.04,0.29,-0.04,0.1
1642266,Ja'Kobe Walter,10465,5288,5177,-1.49,0.77,-2.26,-0.32,-0.24,-1.04,0.08,0.63,0.04,0.11,0.02
1630288,Jeff Dowtin,3086,1565,1521,-1.7,0.57,-2.27,-0.51,-0.32,-0.79,0.39,-0.15,0.33,-0.08,-0.0
202684,Tristan Thompson,3999,1974,2025,-2.82,-0.55,-2.27,-0.42,-0.73,-1.53,0.01,-0.18,-0.34,-0.14,-0.04
1641732,Colby Jones,2887,1449,1438,-1.88,0.41,-2.29,-0.74,-0.4,-0.64,0.0,0.07,0.38,-0.1,-0.04
1641711,Gradey Dick,16162,8089,8073,-1.16,1.13,-2.3,0.15,-0.1,-1.19,0.87,0.53,-0.21,-0.02,-0.06
202066,Garrett Temple,2378,1196,1182,-1.3,1.01,-2.31,-0.38,-0.13,-0.83,0.28,-0.01,0.79,0.04,-0.05
1630219,Skylar Mays,1746,887,859,-1.53,0.8,-2.33,-0.44,-0.24,-0.75,-0.03,0.18,0.67,-0.1,-0.02
1630542,Marcus Bagley,1071,533,538,-1.53,0.79,-2.33,-0.36,-0.22,-0.87,-0.04,-0.1,0.98,-0.08,-0.05
1630644,Mac McClung,624,325,299,-0.76,1.57,-2.33,-0.2,-0.15,-0.68,0.26,0.07,1.13,0.27,0.11
1642355,Bronny James,2174,1065,1109,-1.07,1.27,-2.34,-0.14,-0.42,-0.33,0.39,-0.09,1.06,-0.18,-0.09
1631098,Johnny Davis,3622,1811,1811,-1.84,0.5,-2.34,-0.4,-0.25,-1.13,0.22,0.19,0.09,-0.06,0.0
1630235,Trent Forrest,1601,803,798,-1.11,1.23,-2.34,-0.04,-0.2,-0.85,0.14,0.02,1.08,-0.02,-0.01
1631232,Keion Brooks Jr.,1364,667,697,-1.14,1.22,-2.36,-0.39,-0.13,-0.58,0.08,0.04,1.09,-0.04,0.01
1630568,Luka Garza,6119,3146,2973,-0.43,1.94,-2.36,-0.05,-0.23,-0.41,0.34,0.09,1.42,0.26,0.09
1626204,Larry Nance Jr.,8850,4453,4397,-1.52,0.86,-2.38,0.18,-0.04,-1.61,0.71,0.08,0.04,-0.05,0.03
1641721,Maxwell Lewis,1683,833,850,-1.79,0.61,-2.4,-0.2,-0.34,-1.19,0.13,0.18,0.33,-0.06,-0.03
1630264,Anthony Gill,7447,3667,3780,-0.45,1.95,-2.4,-0.58,-0.14,0.44,0.28,0.13,1.09,-0.17,0.45
1629629,Cam Reddish,6407,3150,3257,-1.26,1.16,-2.42,-0.28,0.12,-1.03,0.28,0.0,0.9,-0.07,-0.02
1631367,Jacob Gilyard,2769,1386,1383,-1.12,1.3,-2.42,-0.01,-0.28,-0.85,0.4,0.11,0.76,0.02,0.03
1631451,Cooke,375,191,184,-1.93,0.5,-2.43,-0.23,-0.23,-1.47,0.26,0.01,0.22,0.0,0.01
1642954,Will Richard,5597,2811,2786,-0.72,1.73,-2.45,-0.22,0.21,-0.8,0.41,-0.02,1.28,0.09,0.06
203926,Doug McDermott,7242,3605,3637,-1.03,1.46,-2.48,-0.12,-0.51,-0.2,0.13,-0.13,1.53,-0.2,-0.07
1641767,Ben Sheppard,16644,8299,8345,-1.65,0.83,-2.48,-0.24,-0.29,-1.16,-0.06,0.74,0.28,0.04,-0.13
1629651,Nicolas Claxton,23550,11612,11938,-2.83,-0.32,-2.5,-0.2,-0.66,-1.89,0.15,-0.22,-0.09,-0.08,-0.16
1642849,Nolan Traore,4917,2443,2474,-0.1,2.4,-2.5,-0.27,0.1,0.38,-0.28,0.42,2.07,-0.31,0.19
1630208,Nick Richards,14973,7344,7629,-1.02,1.47,-2.5,-0.12,-0.2,-0.66,0.9,-0.45,1.12,-0.04,-0.1
1642502,Malevy Leons,1189,591,598,-0.96,1.55,-2.51,-0.03,-0.12,-0.73,0.21,0.13,1.14,-0.08,0.07
1630658,Colin Castleton,2153,1084,1069,-2.75,-0.22,-2.53,-0.27,-0.1,-2.23,-0.05,0.02,-0.18,-0.15,-0.01
1626192,Pat Connaughton,10958,5446,5512,-1.47,1.09,-2.55,-0.03,0.15,-1.5,-0.13,-0.1,1.31,-0.09,0.01
1626196,Josh Richardson,4931,2451,2480,-1.05,1.52,-2.56,0.13,0.2,-1.36,0.18,0.17,1.15,-0.02,0.02
1627749,Dejounte Murray,17538,8914,8624,0.32,2.91,-2.59,-0.33,0.28,0.23,0.23,0.23,2.48,0.14,-0.03
1630696,Dru Smith,6519,3263,3256,-3.13,-0.53,-2.59,-0.63,0.04,-2.61,-0.26,0.03,-0.29,0.07,-0.01
1630322,Lindy Waters III,5424,2743,2681,-1.49,1.11,-2.6,-0.08,-0.8,-0.6,-0.21,0.24,1.07,-0.01,0.01
1642869,Noah Penda,3062,1561,1501,-1.87,0.74,-2.61,-0.63,-0.06,-1.13,0.32,0.03,0.23,-0.05,0.16
1630610,DeJon Jarreau,1561,783,778,-1.81,0.85,-2.65,-0.16,-0.13,-1.57,-0.01,-0.08,0.19,0.05,0.75
1630556,Kessler Edwards,3585,1760,1825,-0.66,2.01,-2.66,-0.24,-0.3,-0.02,0.3,-0.0,1.79,-0.1,-0.08
1631303,Justin Minaya,1915,990,925,-2.38,0.28,-2.66,-0.3,-0.26,-1.76,0.0,0.09,0.19,-0.06,0.0
1631131,Oscar Tshiebwe,3163,1624,1539,-1.39,1.27,-2.67,-0.41,-0.14,-0.59,0.02,0.11,1.13,-0.25,0.01
1642403,Isaac Jones,1352,674,678,-1.17,1.51,-2.68,-0.14,-0.25,-0.74,-0.04,0.06,1.57,-0.04,-0.08
1642875,Maxime Raynaud,8095,4010,4085,-1.04,1.64,-2.68,-1.45,-0.22,0.17,0.7,0.24,0.65,0.46,0.05
1630201,Malachi Flynn,3723,1853,1870,-1.67,1.02,-2.69,-0.51,-0.18,-0.94,0.15,0.08,0.8,-0.04,-0.01
202687,Bismack Biyombo,5902,2884,3018,-1.24,1.46,-2.7,-1.35,-0.98,1.31,0.2,-0.45,1.75,-0.22,-0.04
1628964,Mo Bamba,4743,2372,2371,-2.45,0.25,-2.7,-0.24,-0.46,-1.82,0.1,0.21,-0.1,0.07,0.04
1630311,Pat Spencer,6352,3211,3141,-0.31,2.4,-2.71,-0.38,-0.67,0.85,-0.03,0.3,2.0,-0.11,0.13
1629111,Jock Landale,11672,5936,5736,-1.08,1.65,-2.73,-0.14,-0.28,-0.64,-0.01,-0.29,2.13,-0.02,-0.18
1631342,Daeqwon Plowden,3733,1887,1846,-0.48,2.26,-2.74,-0.05,-0.29,-0.47,-0.08,-0.15,2.49,0.33,-0.0
1630545,Terrence Shannon Jr.,3888,1933,1955,-0.63,2.12,-2.75,-0.37,-0.02,-0.35,0.26,0.41,1.6,0.11,-0.15
1641787,Tosan Evbuomwan,4100,2065,2035,-2.26,0.51,-2.77,-0.78,-0.25,-1.18,-0.12,0.13,0.59,-0.05,-0.09
1641723,Kobe Bufkin,1782,875,907,-2.17,0.61,-2.78,-0.32,-0.18,-1.58,0.34,-0.02,0.24,-0.09,0.05
1630647,Eugene Omoruyi,1658,834,824,-1.32,1.47,-2.78,-0.17,-0.11,-1.0,0.38,0.03,1.04,-0.04,0.02
201566,Russell Westbrook,24544,12153,12391,-1.2,1.59,-2.79,-1.09,-0.17,0.01,0.3,0.19,1.12,0.05,-0.02
201145,Jeff Green,7842,3927,3915,-1.61,1.18,-2.79,-0.08,-0.11,-1.41,0.11,0.19,0.87,-0.01,0.01
1631218,Trayce Jackson-Davis,10969,5527,5442,-2.38,0.42,-2.8,0.25,-0.78,-1.74,0.33,-0.24,0.45,-0.11,-0.12
1628398,Kyle Kuzma,25397,12368,13029,-1.36,1.45,-2.81,-0.64,-0.65,-0.16,0.4,0.06,1.1,0.09,-0.11
1629018,Gary Trent Jr.,22125,10914,11211,-0.03,2.8,-2.83,-0.29,-0.24,0.53,0.51,0.19,2.11,-0.03,-0.01
1630623,Tyson Etienne,2123,1050,1073,-0.46,2.37,-2.84,-0.08,-0.07,-0.24,0.12,0.17,1.47,-0.07,0.61
1641871,Duop Reath,7905,4008,3897,-1.43,1.42,-2.85,-0.29,-0.17,-1.03,0.39,0.21,0.81,0.06,0.01
1642860,Will Riley,6688,3278,3410,-0.22,2.65,-2.87,-0.58,0.03,0.19,0.32,0.24,1.53,0.14,0.56
1627741,Buddy Hield,21486,10885,10601,-1.19,1.69,-2.88,0.29,-0.77,-0.8,0.21,0.14,1.56,0.09,-0.22
1641707,Taylor Hendricks,8455,4182,4273,-1.45,1.43,-2.88,-0.24,-0.35,-0.95,0.55,0.28,0.23,0.09,0.37
1631111,Wendell Moore Jr.,2640,1334,1306,-2.19,0.7,-2.89,-0.35,-0.31,-1.52,-0.3,-0.15,1.15,-0.01,0.0
1628997,Caleb Martin,15794,7905,7889,-2.64,0.26,-2.9,-1.01,-0.32,-1.23,0.32,-0.13,0.24,-0.08,-0.17
1641720,Jalen Hood-Schifino,1739,858,881,-1.3,1.61,-2.91,-0.55,-0.12,-0.57,0.02,0.07,1.57,-0.06,-0.05
1629723,John Konchar,12027,6037,5990,-3.14,-0.17,-2.97,-0.43,-0.32,-2.32,0.49,-0.34,-0.52,-0.07,0.2
1642942,Jahmai Mashack,2818,1386,1432,-1.26,1.74,-2.99,-0.43,-0.08,-0.59,0.15,0.2,0.84,-0.16,0.55
1641715,Cam Whitmore,8766,4429,4337,-0.87,2.13,-2.99,-0.1,-0.39,-0.32,0.59,0.12,1.46,-0.06,-0.04
1642275,Tidjane Salaün,7227,3607,3620,-2.89,0.12,-3.01,-1.11,-0.01,-1.62,0.13,-0.09,0.13,-0.15,-0.05
1641738,Kobe Brown,6653,3253,3400,-0.79,2.23,-3.02,0.09,-0.13,-0.67,0.08,0.09,2.03,-0.08,0.03
1630214,Xavier Tillman,5736,2898,2838,-2.45,0.57,-3.02,-0.32,-0.36,-1.59,0.17,-0.3,0.84,-0.18,-0.14
1631124,Julian Strawther,11988,5911,6077,-1.43,1.62,-3.05,0.25,0.14,-1.8,-0.47,0.13,1.87,-0.02,0.09
202694,Marcus Morris Sr.,3818,1938,1880,-1.89,1.24,-3.13,-0.58,0.13,-1.38,-0.07,0.14,1.23,-0.06,-0.06
1630592,Jalen Wilson,13898,7013,6885,-1.15,1.98,-3.13,-1.28,0.03,0.24,-0.1,0.19,1.78,-0.14,0.11
203109,Jae Crowder,5298,2648,2650,-1.37,1.79,-3.17,0.09,-0.15,-1.31,0.16,0.03,1.59,0.0,0.01
1641878,Damion Baugh,1509,750,759,-1.73,1.45,-3.18,-0.3,-0.06,-1.38,0.05,-0.01,1.43,0.01,-0.02
1629014,Anfernee Simons,21387,10791,10596,-2.32,0.89,-3.21,-0.63,-0.17,-1.56,0.21,0.11,0.67,0.04,-0.1
1628396,Tony Bradley,2592,1336,1256,-2.49,0.73,-3.23,-0.74,0.11,-1.91,0.37,0.53,-0.21,0.05,0.04
1630173,Precious Achiuwa,19063,9589,9474,-2.66,0.59,-3.24,-0.76,-0.61,-1.44,0.38,-0.59,0.93,0.15,-0.13
1642269,Devin Carter,4492,2309,2183,-1.92,1.33,-3.25,-0.58,-0.2,-1.2,-0.28,0.27,1.4,0.06,-0.06
1641727,Dariq Whitehead,1900,946,954,-1.77,1.49,-3.26,-0.13,-0.18,-1.51,0.2,0.14,0.61,0.05,0.54
1630164,James Wiseman,4737,2323,2414,-1.79,1.47,-3.27,-0.31,-0.0,-1.49,0.14,0.3,1.04,0.01,-0.01
1641736,Reece Beekman,1831,942,889,-2.23,1.04,-3.27,-0.71,-0.23,-1.22,0.23,0.29,0.51,-0.07,0.01
1641816,Hunter Tyson,2625,1303,1322,-3.05,0.24,-3.29,0.11,-0.25,-2.82,0.17,-0.08,0.15,-0.09,0.0
1641748,Andre Jackson Jr.,8104,4003,4101,-1.32,1.98,-3.31,0.13,-0.5,-1.08,0.28,0.33,1.48,0.13,-0.11
1642847,Jeremiah Fears,8988,4534,4454,-1.65,1.73,-3.38,-0.36,-0.03,-1.39,0.29,0.08,1.33,0.13,0.03
1628971,Bruce Brown,19756,9762,9994,-1.35,2.05,-3.41,0.01,0.2,-1.47,0.29,0.44,1.48,-0.09,-0.16
1629640,Keldon Johnson,24322,12186,12136,-2.43,1.0,-3.42,-1.07,0.04,-1.42,0.32,0.53,0.16,0.02,-0.01
1631207,Dalen Terry,9271,4656,4615,-2.99,0.49,-3.48,-0.66,-0.41,-2.04,-0.36,0.53,0.49,0.12,-0.17
1642268,Isaiah Collier,13840,6771,7069,-1.11,2.4,-3.5,-0.29,-0.39,-0.42,0.3,0.41,1.75,-0.01,-0.06
1642258,Zaccharie Risacher,14064,7091,6973,-1.38,2.17,-3.55,-0.12,-0.86,-0.58,0.56,0.04,1.49,0.18,0.08
1641722,Jordan Hawkins,13291,6661,6630,-2.43,1.15,-3.58,-0.44,0.06,-1.98,0.42,-0.11,0.89,-0.07,-0.05
1642358,AJ Johnson,4423,2200,2223,-3.12,0.47,-3.59,-0.85,-0.21,-2.17,0.22,0.08,0.13,0.11,0.04
1642262,Cody Williams,11219,5519,5700,-1.56,2.04,-3.6,-0.27,-0.23,-0.88,0.28,-0.23,1.68,-0.18,0.31
1641733,Nick Smith Jr.,9897,4889,5008,-2.68,0.92,-3.61,-1.19,-0.28,-1.14,0.89,0.08,0.01,-0.07,-0.06
1626224,Cedi Osman,5337,2639,2698,-1.13,2.52,-3.65,-0.47,-0.32,-0.25,0.29,0.23,2.0,-0.09,0.0
1642964,Brooks Barnhizer,1413,692,721,-2.6,1.06,-3.66,-0.24,0.0,-2.2,0.08,-0.15,1.0,-0.16,0.13
1630692,Jordan Goodwin,12872,6579,6293,-2.66,1.02,-3.67,-1.01,-0.28,-1.45,0.15,0.7,0.2,0.08,-0.03
1630533,Ziaire Williams,15311,7633,7678,-2.37,1.39,-3.76,-0.02,0.34,-2.62,0.95,0.21,0.23,-0.07,0.0
1642354,KJ Simpson,4436,2202,2234,-2.42,1.35,-3.76,-0.61,-0.23,-1.58,0.36,-0.09,1.03,0.0,0.05
1631110,Jeremy Sochan,16707,8271,8436,-2.23,1.53,-3.77,-0.04,-0.17,-1.95,0.59,-0.02,1.11,-0.07,-0.15
202397,Ish Smith,2962,1486,1476,-1.73,2.07,-3.8,-0.36,-0.29,-1.04,0.1,0.3,1.72,-0.04,-0.05
1641798,Jaylen Martin,975,483,492,-2.16,1.65,-3.81,-0.42,-0.12,-1.59,0.24,0.1,1.3,-0.03,0.01
1630172,Patrick Williams,17873,8853,9020,-2.87,0.95,-3.82,-0.65,-0.1,-2.11,0.38,-0.11,0.52,-0.01,0.16
1642846,Ace Bailey,8468,4219,4249,-1.97,1.9,-3.86,0.03,0.02,-2.1,0.51,0.69,0.47,0.08,0.23
1641724,Jett Howard,5966,3029,2937,-1.66,2.2,-3.86,-0.19,-0.1,-1.51,0.3,0.63,1.01,0.14,0.26
1631115,Orlando Robinson,4521,2294,2227,-3.31,0.56,-3.88,-0.72,-0.32,-2.17,0.35,0.19,-0.0,-0.1,0.02
1629646,Charles Bassey,3075,1530,1545,-2.33,1.58,-3.91,0.04,-0.19,-2.07,0.58,0.22,0.73,-0.11,0.05
1641765,Olivier-Maxence Prosper,7942,3943,3999,-1.71,2.24,-3.95,-0.25,-0.15,-1.41,-0.02,-0.02,1.97,0.1,0.31
1630544,Tre Mann,7710,3809,3901,-1.86,2.1,-3.95,-0.32,-0.25,-1.02,0.44,-0.06,1.89,-0.27,-0.17
1642879,Ben Saraf,3571,1785,1786,-1.26,2.75,-4.01,-0.37,-0.19,-0.59,0.04,0.4,2.0,-0.11,0.31
1642348,Justin Edwards,8705,4364,4341,0.49,4.5,-4.01,0.01,-0.31,1.02,0.87,0.32,3.29,-0.23,0.02
1626179,Terry Rozier,14806,7398,7408,-2.65,1.45,-4.11,-0.71,-0.43,-1.4,0.35,-0.11,1.3,-0.11,-0.09
1631172,Ousmane Dieng,7635,3765,3870,-2.41,1.76,-4.17,0.19,-0.33,-2.48,-0.16,-0.24,1.79,0.21,0.37
1630526,Jeremiah Robinson-Earl,8038,4003,4035,-1.75,2.55,-4.29,-0.93,-0.26,-0.47,0.19,-0.03,2.52,-0.09,-0.13
1642367,Jonathan Mogbo,6288,3157,3131,-3.56,0.77,-4.33,-0.14,-0.35,-2.96,0.43,0.24,0.18,-0.11,-0.08
1641716,Jarace Walker,14760,7285,7475,-1.61,2.78,-4.39,-0.69,-0.13,-0.88,0.8,-0.01,1.92,0.09,0.07
1628470,Torrey Craig,5595,2840,2755,-2.73,1.86,-4.59,-0.23,-0.36,-2.09,0.35,0.18,1.33,-0.05,0.0
1642267,Carlton Carrington,19700,9591,10109,-2.68,1.95,-4.62,-0.74,-0.64,-1.15,0.4,0.04,1.36,-0.15,0.15
203083,Andre Drummond,13574,6942,6632,-4.13,1.02,-5.16,-0.71,-0.62,-2.64,1.01,-0.06,0.23,-0.16,-0.16
1631213,Tyrese Martin,8182,4163,4019,-2.56,2.73,-5.29,-0.65,-0.39,-1.61,0.42,0.25,2.12,0.09,-0.06
1642274,Yves Missi,13529,6877,6652,-4.07,2.13,-6.2,-1.56,-0.82,-1.77,0.66,-0.43,2.01,0.08,-0.11
1641712,Rayan Rupert,8898,4488,4410,-4.15,2.37,-6.52,-1.13,-0.28,-2.77,0.25,0.06,2.02,0.03,0.04
