player_id,player_name,Latest_Year,oALT_TS,oALT_TOV,oSC,dALT_TS,dALT_TOV,dSC,oFC,dFC,off,def,net_rapm,RESID,possessions,off_poss,def_poss
1628983,Shai Gilgeous-Alexander,2026,3.63,1.98,-1.24,1.8,0.51,-0.7,5.61,2.31,4.37,1.61,5.98,0.0,9221,4611,4610
1641705,Victor Wembanyama,2026,1.34,0.09,0.33,3.57,-0.09,0.62,1.43,3.48,1.76,4.1,5.86,0.0,7936,3984,3952
202695,Kawhi Leonard,2026,2.56,1.03,0.24,1.37,0.43,0.11,3.59,1.8,3.83,1.91,5.73,-0.01,8314,4156,4158
203999,Nikola Jokic,2026,4.32,0.1,-0.09,-0.48,-0.27,1.24,4.42,-0.75,4.33,0.49,4.82,0.0,9381,4705,4676
1631096,Chet Holmgren,2026,0.55,0.0,0.39,3.48,0.03,0.34,0.55,3.51,0.94,3.85,4.8,0.01,8086,4035,4051
1628401,Derrick White,2026,0.71,0.47,0.0,2.94,0.35,0.29,1.18,3.29,1.18,3.58,4.76,0.0,10227,5115,5112
1630700,Dyson Daniels,2026,1.85,0.65,-0.07,1.09,1.29,-0.23,2.5,2.38,2.43,2.15,4.58,0.0,10569,5271,5298
203935,Marcus Smart,2026,2.0,0.66,-0.84,1.24,0.87,0.41,2.66,2.11,1.82,2.52,4.33,-0.01,6988,3495,3493
1628389,Bam Adebayo,2026,1.32,0.54,0.04,0.48,0.3,1.44,1.86,0.78,1.9,2.22,4.12,0.0,9845,4931,4914
202710,Jimmy Butler,2026,1.87,0.66,0.15,1.21,-0.09,0.16,2.53,1.12,2.68,1.28,3.97,0.01,4824,2415,2409
1641706,Brandon Miller,2026,0.99,-0.44,1.14,1.79,-0.3,0.71,0.55,1.49,1.69,2.2,3.89,0.0,7822,3922,3900
1629674,Neemias Queta,2026,0.04,0.37,0.27,3.25,-0.05,-0.14,0.41,3.2,0.68,3.06,3.74,0.0,7443,3721,3722
1630577,Julian Champagnie,2026,1.95,0.5,-0.25,1.35,-0.17,0.3,2.45,1.18,2.2,1.48,3.68,0.0,9521,4775,4746
1627936,Alex Caruso,2026,0.65,0.43,-0.31,1.8,1.29,-0.19,1.08,3.09,0.77,2.9,3.68,0.01,4120,2057,2063
1630595,Cade Cunningham,2026,1.59,0.4,0.39,0.7,0.4,0.18,1.99,1.1,2.38,1.28,3.66,0.0,8722,4366,4356
1631217,Moussa Diabate,2026,0.82,-0.1,2.22,0.3,0.55,-0.24,0.72,0.85,2.94,0.61,3.54,-0.01,7395,3690,3705
1630170,Devin Vassell,2026,2.65,0.19,-0.37,1.99,-0.4,-0.53,2.84,1.59,2.47,1.06,3.53,0.0,8328,4168,4160
1628378,Donovan Mitchell,2026,2.7,0.93,-0.03,-0.21,0.14,-0.01,3.63,-0.07,3.6,-0.08,3.52,-0.0,9694,4854,4840
1630188,Jalen Smith,2026,1.97,0.2,0.34,1.08,-0.32,0.21,2.17,0.76,2.51,0.97,3.48,0.0,4578,2286,2292
203507,Giannis Antetokounmpo,2026,2.73,0.37,-0.08,0.88,-0.35,-0.08,3.1,0.53,3.02,0.45,3.47,0.0,4415,2209,2206
1641708,Amen Thompson,2026,1.34,0.01,0.56,1.1,-0.05,0.37,1.35,1.05,1.91,1.42,3.33,-0.0,11565,5776,5789
1628978,Donte DiVincenzo,2026,1.15,-0.23,0.21,2.4,0.26,-0.51,0.92,2.66,1.13,2.15,3.29,0.01,10451,5224,5227
1626164,Devin Booker,2026,1.14,-0.38,0.48,1.22,0.8,-0.04,0.76,2.02,1.24,1.98,3.23,0.01,9011,4506,4505
201950,Jrue Holiday,2026,0.47,-0.28,0.29,1.72,1.0,0.01,0.19,2.72,0.48,2.73,3.21,0.0,6392,3195,3197
1642864,Hugo González,2026,0.36,-0.06,1.09,1.32,0.7,-0.51,0.3,2.02,1.39,1.51,2.91,0.01,4197,2087,2110
1630540,Miles McBride,2026,-0.13,0.87,1.37,0.66,0.24,-0.11,0.74,0.9,2.11,0.79,2.9,-0.0,4289,2151,2138
1642349,Ajay Mitchell,2026,1.3,0.78,-0.77,0.61,0.76,0.21,2.08,1.37,1.31,1.58,2.89,0.0,5973,3001,2972
1630182,Josh Green,2026,1.57,-0.36,-0.29,1.29,0.52,0.12,1.21,1.81,0.92,1.93,2.85,0.0,3533,1769,1764
203932,Aaron Gordon,2026,0.27,1.32,-0.17,1.8,-0.53,0.08,1.59,1.27,1.42,1.35,2.77,-0.0,4073,2033,2040
1628374,Lauri Markkanen,2026,1.03,-0.57,0.29,2.02,-0.1,0.05,0.46,1.92,0.75,1.97,2.72,0.0,6095,3052,3043
1630591,Jalen Suggs,2026,1.58,0.2,-1.42,0.06,1.15,1.02,1.78,1.21,0.36,2.23,2.59,0.0,6357,3181,3176
1630559,Austin Reaves,2026,1.83,0.0,-0.74,0.68,0.31,0.45,1.83,0.99,1.09,1.44,2.53,-0.0,7093,3548,3545
1629661,Cameron Johnson,2026,1.48,0.42,0.46,0.53,-0.29,-0.12,1.9,0.24,2.36,0.12,2.48,0.0,6776,3392,3384
1641744,Zach Edey,2026,0.33,-0.29,-0.09,1.96,-0.0,0.54,0.04,1.96,-0.05,2.5,2.46,0.01,1160,584,576
203468,CJ McCollum,2026,0.71,0.45,-0.37,2.55,-0.29,-0.6,1.16,2.26,0.79,1.66,2.45,0.0,9541,4786,4755
1629684,Grant Williams,2026,1.78,-1.13,0.45,1.16,0.29,-0.1,0.65,1.45,1.1,1.35,2.44,-0.01,2745,1373,1372
1642347,Jamal Shead,2026,0.38,0.15,0.23,0.49,1.39,-0.29,0.53,1.88,0.76,1.59,2.35,0.0,7356,3689,3667
1630596,Evan Mobley,2026,0.68,0.45,-0.8,1.88,-0.57,0.68,1.13,1.31,0.33,1.99,2.32,-0.0,8594,4294,4300
1641709,Ausar Thompson,2026,0.71,-0.54,0.38,0.55,0.79,0.4,0.17,1.34,0.55,1.74,2.29,0.0,7563,3755,3808
1631105,Jalen Duren,2026,0.49,0.27,0.29,0.75,0.67,-0.21,0.76,1.42,1.05,1.21,2.26,-0.0,8020,4017,4003
1628384,OG Anunoby,2026,0.65,0.21,0.19,0.25,0.37,0.59,0.86,0.62,1.05,1.21,2.26,0.0,9261,4637,4624
1630163,LaMelo Ball,2026,1.25,0.6,1.8,-0.59,-0.21,-0.62,1.85,-0.8,3.65,-1.42,2.23,-0.0,8050,4054,3996
1642844,Dylan Harper,2026,-0.25,0.47,0.65,0.3,-0.09,1.12,0.22,0.21,0.87,1.33,2.2,0.0,6251,3128,3123
203954,Joel Embiid,2026,2.25,0.54,-0.5,0.9,-0.62,-0.38,2.79,0.28,2.29,-0.1,2.19,0.0,4905,2457,2448
1628392,Isaiah Hartenstein,2026,-0.24,-0.57,1.18,0.88,0.62,0.26,-0.81,1.5,0.37,1.76,2.13,0.0,4662,2332,2330
202699,Tobias Harris,2026,-0.16,0.4,0.51,2.51,-0.49,-0.66,0.24,2.02,0.75,1.36,2.1,-0.01,7050,3541,3509
1631221,Collin Gillespie,2026,0.69,0.22,0.08,-0.01,0.54,0.58,0.91,0.53,0.99,1.11,2.1,0.0,9560,4777,4783
1630558,Davion Mitchell,2026,1.09,0.85,-0.62,1.47,-0.47,-0.26,1.94,1.0,1.32,0.74,2.06,-0.0,8386,4201,4185
1630567,Scottie Barnes,2026,-0.06,0.44,0.55,0.85,0.6,-0.41,0.38,1.45,0.93,1.04,1.97,0.0,10746,5385,5361
1631157,Ryan Rollins,2026,2.21,0.21,-1.24,1.57,-0.04,-0.78,2.42,1.53,1.18,0.75,1.93,0.0,9788,4888,4900
1629628,RJ Barrett,2026,2.43,0.85,-0.76,-0.74,0.21,-0.07,3.28,-0.53,2.52,-0.6,1.92,-0.0,6941,3465,3476
1627750,Jamal Murray,2026,3.01,1.22,-0.33,-0.21,-1.37,-0.45,4.23,-1.58,3.9,-2.03,1.88,0.01,10766,5401,5365
1629750,Javonte Green,2026,2.31,-1.3,-0.57,0.07,2.1,-0.74,1.01,2.17,0.44,1.43,1.87,-0.0,5818,2901,2917
1642907,Cedric Coward,2026,2.12,-0.26,-0.14,0.96,-0.39,-0.42,1.86,0.57,1.72,0.15,1.87,0.0,6677,3344,3333
203991,Clint Capela,2026,-1.21,-0.09,0.71,2.62,-0.01,-0.17,-1.3,2.61,-0.59,2.44,1.85,-0.0,3590,1793,1797
1642345,Oso Ighodaro,2026,-0.06,0.87,0.14,0.48,0.65,-0.24,0.81,1.13,0.95,0.89,1.85,0.01,7106,3540,3566
1630573,Sam Hauser,2026,1.0,1.0,0.08,-0.15,-0.72,0.63,2.0,-0.87,2.08,-0.24,1.84,-0.0,7587,3800,3787
203497,Rudy Gobert,2026,-2.07,-0.7,0.39,3.22,0.39,0.59,-2.77,3.61,-2.38,4.2,1.81,-0.01,9847,4914,4933
1630228,Jonathan Kuminga,2026,-0.09,-0.3,-0.28,1.35,0.57,0.54,-0.39,1.92,-0.67,2.46,1.79,0.0,3457,1721,1736
1629731,Dean Wade,2026,0.67,0.18,-0.2,0.98,-0.31,0.45,0.85,0.67,0.65,1.12,1.77,0.0,5409,2693,2716
1631128,Christian Braun,2026,0.33,0.26,0.15,1.46,-0.51,0.08,0.59,0.95,0.74,1.03,1.77,-0.0,5772,2886,2886
1631119,Jaylin Williams,2026,0.93,0.14,-1.26,2.17,-0.2,-0.03,1.07,1.97,-0.19,1.94,1.75,0.0,5192,2592,2600
1641717,Cason Wallace,2026,0.48,0.35,-1.36,-0.14,1.32,1.09,0.83,1.18,-0.53,2.27,1.73,-0.01,8352,4163,4189
1630572,Sandro Mamukelashvili,2026,0.48,0.65,-0.34,0.2,0.78,-0.05,1.13,0.98,0.79,0.93,1.72,0.0,7058,3538,3520
1627884,Derrick Jones Jr.,2026,1.62,0.42,-0.68,0.56,0.26,-0.46,2.04,0.82,1.36,0.36,1.72,0.0,5359,2681,2678
1630217,Desmond Bane,2026,0.63,0.45,-0.29,0.36,0.04,0.54,1.08,0.4,0.79,0.94,1.72,-0.01,11197,5602,5595
1629638,Nickeil Alexander-Walker,2026,1.62,0.77,-0.47,0.11,0.34,-0.67,2.39,0.45,1.92,-0.22,1.7,-0.0,10984,5498,5486
1628969,Mikal Bridges,2026,1.43,-0.07,-0.45,1.1,0.08,-0.4,1.36,1.18,0.91,0.78,1.69,0.0,10824,5393,5431
1628368,De'Aaron Fox,2026,1.45,1.43,-0.77,0.51,-1.16,0.23,2.88,-0.65,2.11,-0.42,1.69,-0.0,9026,4520,4506
1630241,Sam Merrill,2026,0.85,0.53,0.19,0.38,-0.08,-0.26,1.38,0.3,1.57,0.04,1.61,0.0,5668,2851,2817
1629001,De'Anthony Melton,2026,0.38,0.08,1.02,-0.81,1.03,-0.08,0.46,0.22,1.48,0.14,1.61,-0.01,4613,2310,2303
1629029,Luka Doncic,2026,2.34,0.75,-0.96,-0.19,-0.77,0.42,3.09,-0.96,2.13,-0.54,1.6,0.01,9479,4737,4742
1629130,Duncan Robinson,2026,0.98,0.53,0.29,0.64,-0.62,-0.23,1.51,0.02,1.8,-0.21,1.59,0.0,8482,4267,4215
1631095,Jabari Smith Jr.,2026,-0.25,-0.08,1.07,1.38,-0.16,-0.41,-0.33,1.22,0.74,0.81,1.55,-0.0,10566,5285,5281
1629680,Matisse Thybulle,2026,-0.12,-0.58,-0.08,0.62,1.71,0.0,-0.7,2.33,-0.78,2.33,1.55,0.0,1953,974,979
1628386,Jarrett Allen,2026,1.67,-0.58,0.01,1.16,-0.23,-0.5,1.09,0.93,1.1,0.43,1.54,0.01,6337,3167,3170
201939,Stephen Curry,2026,4.05,-0.48,-0.66,-1.43,0.28,-0.23,3.57,-1.15,2.91,-1.38,1.53,0.0,5483,2746,2737
1629004,Svi Mykhailiuk,2026,0.83,0.01,0.74,0.57,-0.32,-0.3,0.84,0.25,1.58,-0.05,1.53,0.0,4853,2422,2431
1628989,Kevin Huerter,2026,0.51,0.14,-0.24,1.31,-0.38,0.17,0.65,0.93,0.41,1.1,1.51,-0.0,6351,3192,3159
203944,Julius Randle,2026,3.48,0.03,-1.21,0.32,0.09,-1.33,3.51,0.41,2.3,-0.92,1.37,-0.01,10802,5399,5403
203500,Steven Adams,2026,-0.28,-0.96,0.73,2.21,-0.54,0.19,-1.24,1.67,-0.51,1.86,1.35,0.0,2968,1491,1477
1626157,Karl-Anthony Towns,2026,1.38,0.07,-0.12,0.1,-0.09,0.01,1.45,0.01,1.33,0.02,1.35,0.0,9332,4682,4650
1631114,Jalen Williams,2026,0.55,0.37,-0.04,-0.56,0.61,0.42,0.92,0.05,0.88,0.47,1.35,0.0,3770,1882,1888
1630541,Moses Moody,2026,-0.69,-0.34,0.28,2.34,0.24,-0.51,-1.03,2.58,-0.75,2.07,1.32,0.0,6261,3134,3127
1631106,Tari Eason,2026,-0.46,-0.24,1.11,1.03,-0.26,0.11,-0.7,0.77,0.41,0.88,1.29,-0.0,6074,3022,3052
1629011,Mitchell Robinson,2026,-0.55,-0.64,1.88,0.4,0.17,0.03,-1.19,0.57,0.69,0.6,1.29,0.0,4655,2314,2341
1641739,Toumani Camara,2026,0.89,-0.48,-0.36,0.56,0.67,0.0,0.41,1.23,0.05,1.23,1.28,-0.0,11246,5611,5635
1642396,Blake Hinson,2026,0.23,-0.15,0.22,1.0,0.01,-0.06,0.08,1.01,0.3,0.95,1.25,0.0,1086,541,545
1641740,Jaylen Clark,2026,-0.43,0.69,0.32,1.1,0.45,-0.92,0.26,1.55,0.58,0.63,1.22,0.01,3383,1675,1708
1628973,Jalen Brunson,2026,1.42,1.04,-0.16,-1.07,-0.29,0.25,2.46,-1.36,2.3,-1.11,1.19,0.0,10244,5138,5106
1630611,Gui Santos,2026,0.43,-0.44,0.18,0.88,0.29,-0.15,-0.01,1.17,0.17,1.02,1.19,-0.0,5507,2757,2750
1641783,Tristan da Silva,2026,-0.15,0.28,0.03,1.18,-0.28,0.12,0.13,0.9,0.16,1.02,1.18,0.0,7572,3787,3785
1630202,Payton Pritchard,2026,0.73,0.65,0.52,0.7,-0.75,-0.68,1.38,-0.05,1.9,-0.73,1.17,0.0,9904,4962,4942
1630532,Franz Wagner,2026,1.15,-0.28,0.07,-1.02,0.64,0.59,0.87,-0.38,0.94,0.21,1.16,0.01,4091,2048,2043
1631159,Leonard Miller,2026,1.85,-0.15,-0.67,1.0,-0.17,-0.7,1.7,0.83,1.03,0.13,1.16,-0.0,2890,1443,1447
1642851,Kon Knueppel,2026,2.13,-0.32,-0.38,0.35,-0.85,0.19,1.81,-0.5,1.43,-0.31,1.12,0.0,10107,5065,5042
1630692,Jordan Goodwin,2026,-0.57,-0.17,1.49,-1.36,1.28,0.45,-0.74,-0.08,0.75,0.37,1.12,0.0,6272,3125,3147
1630178,Tyrese Maxey,2026,-0.21,0.7,0.13,0.52,0.53,-0.55,0.49,1.05,0.62,0.5,1.11,-0.01,10728,5380,5348
1629632,Coby White,2026,1.22,0.72,-0.03,-0.08,-0.29,-0.43,1.94,-0.37,1.91,-0.8,1.11,0.0,5041,2512,2529
1631288,Jamal Cain,2026,0.26,0.08,1.08,-0.45,0.29,-0.16,0.34,-0.16,1.42,-0.32,1.1,-0.0,1893,944,949
1628369,Jayson Tatum,2026,0.58,0.35,-0.05,0.02,-0.66,0.83,0.93,-0.64,0.88,0.19,1.07,0.0,2074,1032,1042
1642885,Mohamed Diawara,2026,0.97,-0.22,-1.15,1.25,0.19,0.03,0.75,1.44,-0.4,1.47,1.07,0.0,2619,1306,1313
1630198,Isaiah Joe,2026,0.9,0.26,-0.39,0.26,0.43,-0.39,1.16,0.69,0.77,0.3,1.06,-0.01,6122,3069,3053
1642853,Rasheer Fleming,2026,-0.05,-0.7,0.87,0.57,0.05,0.32,-0.75,0.62,0.12,0.94,1.06,0.0,2461,1223,1238
1629057,Robert Williams III,2026,-0.38,-0.92,0.8,1.62,-0.02,-0.07,-1.3,1.6,-0.5,1.53,1.03,0.0,4052,2025,2027
1629675,Naz Reid,2026,0.48,0.09,-0.61,0.3,0.5,0.26,0.57,0.8,-0.04,1.06,1.02,0.0,8593,4300,4293
1631212,Peyton Watson,2026,2.54,0.28,-0.55,-0.68,0.04,-0.62,2.82,-0.64,2.27,-1.26,1.01,-0.0,6466,3232,3234
1642364,Jamir Watkins,2026,0.69,-0.53,-0.26,0.97,1.1,-0.98,0.16,2.07,-0.1,1.09,0.99,0.0,4155,2071,2084
1631214,Alondes Williams,2026,0.67,0.08,-0.05,0.04,0.19,0.04,0.75,0.23,0.7,0.27,0.97,0.0,420,208,212
1629008,Michael Porter Jr.,2026,1.36,0.23,0.21,-0.5,-0.22,-0.11,1.59,-0.72,1.8,-0.83,0.97,-0.0,6745,3381,3364
1642264,Stephon Castle,2026,0.44,-0.52,-0.56,1.7,0.02,-0.14,-0.08,1.72,-0.64,1.58,0.94,0.0,8531,4269,4262
1630529,Herbert Jones,2026,0.72,0.13,-1.11,0.5,0.79,-0.11,0.85,1.29,-0.26,1.18,0.93,0.01,6544,3285,3259
1642948,Ryan Nembhard,2026,1.17,-0.08,-0.43,1.1,-0.58,-0.26,1.09,0.52,0.66,0.26,0.92,-0.0,4856,2431,2425
1642928,Dylan Cardwell,2026,-1.06,-0.6,1.28,0.34,0.51,0.43,-1.66,0.85,-0.38,1.28,0.91,0.01,3473,1739,1734
1630619,Moussa Cisse,2026,-0.27,0.01,-0.03,1.78,0.2,-0.78,-0.26,1.98,-0.29,1.2,0.91,0.0,2031,1018,1013
1642950,Lachlan Olbrich,2026,-1.07,0.21,0.9,0.77,0.31,-0.25,-0.86,1.08,0.04,0.83,0.87,0.0,1249,622,627
1641796,Pelle Larsson,2026,1.22,0.32,-1.02,0.1,0.24,-0.01,1.54,0.34,0.52,0.33,0.86,0.01,7915,3950,3965
1631111,Wendell Moore Jr.,2026,0.81,0.25,-0.53,0.48,0.19,-0.35,1.06,0.67,0.53,0.32,0.85,0.0,235,117,118
1631245,Quenton Jackson,2026,0.77,0.01,-0.96,-0.08,0.5,0.61,0.78,0.42,-0.18,1.03,0.85,-0.0,3562,1785,1777
1642363,Nique Clifford,2026,0.56,-0.48,-0.01,0.02,0.49,0.22,0.08,0.51,0.07,0.73,0.81,0.01,7463,3717,3746
1642845,VJ Edgecombe,2026,-0.45,0.34,0.69,0.33,0.35,-0.47,-0.11,0.68,0.58,0.21,0.79,0.0,10580,5292,5288
201142,Kevin Durant,2026,2.21,-0.57,-0.8,0.63,-0.72,0.04,1.64,-0.09,0.84,-0.05,0.79,-0.0,11336,5685,5651
1629013,Landry Shamet,2026,-1.34,0.6,-0.09,1.14,0.42,0.05,-0.74,1.56,-0.83,1.61,0.78,0.0,4721,2368,2353
1642278,Tyler Kolek,2026,0.5,-0.79,-0.21,1.45,-0.14,-0.04,-0.29,1.31,-0.5,1.27,0.77,0.0,2844,1424,1420
1642352,Keshad Johnson,2026,0.48,-0.24,0.49,-0.23,0.04,0.21,0.24,-0.19,0.73,0.02,0.74,-0.01,1117,561,556
1641854,Craig Porter,2026,-0.78,-0.11,1.28,-0.47,0.8,-0.01,-0.89,0.33,0.39,0.32,0.71,-0.0,4665,2332,2333
1631204,Marcus Sasser,2026,0.95,-0.41,-0.18,0.31,0.6,-0.57,0.54,0.91,0.36,0.34,0.71,0.01,1778,899,879
1629656,Quentin Grimes,2026,0.31,0.05,-0.77,0.66,0.03,0.43,0.36,0.69,-0.41,1.12,0.71,0.0,8930,4461,4469
1628988,Aaron Holiday,2026,-0.59,-0.0,0.37,1.64,0.24,-1.0,-0.59,1.88,-0.22,0.88,0.65,-0.01,3010,1505,1505
1631200,Kris Murray,2026,-0.65,-0.62,0.34,0.81,0.29,0.47,-1.27,1.1,-0.93,1.57,0.64,-0.0,5367,2676,2691
1630194,Paul Reed,2026,-0.37,-0.55,0.74,0.01,0.95,-0.16,-0.92,0.96,-0.18,0.8,0.62,0.0,3519,1751,1768
1642883,Sion James,2026,-0.56,-0.78,0.8,1.01,-0.55,0.7,-1.34,0.46,-0.54,1.16,0.62,0.0,7150,3540,3610
1630631,Jose Alvarado,2026,-0.29,0.19,-0.39,1.34,0.31,-0.55,-0.1,1.65,-0.49,1.1,0.61,-0.0,5348,2683,2665
1642277,Johnny Furphy,2026,0.94,0.09,-0.84,0.45,0.06,-0.1,1.03,0.51,0.19,0.41,0.6,-0.0,2531,1261,1270
1631246,Vince Williams Jr.,2026,-1.13,-0.31,0.28,2.26,-0.13,-0.37,-1.44,2.13,-1.16,1.76,0.6,0.0,3355,1677,1678
1642949,Yanic Konan Niederhäuser,2026,0.78,0.03,-0.63,0.16,0.05,0.21,0.81,0.21,0.18,0.42,0.6,-0.0,1673,835,838
1627783,Pascal Siakam,2026,1.02,0.8,-0.65,0.35,-0.45,-0.48,1.82,-0.1,1.17,-0.58,0.59,-0.0,8551,4274,4277
1627739,Kris Dunn,2026,0.49,-0.0,-0.75,-0.42,1.2,0.05,0.49,0.78,-0.26,0.83,0.57,-0.0,8786,4377,4409
1631323,Simone Fontecchio,2026,-1.31,-0.08,1.56,0.47,-0.45,0.37,-1.39,0.02,0.17,0.39,0.56,0.0,4969,2485,2484
1627749,Dejounte Murray,2026,0.91,-0.11,-0.37,0.2,0.36,-0.44,0.8,0.56,0.43,0.12,0.55,0.0,1602,805,797
1630193,Immanuel Quickley,2026,-0.22,0.76,-0.05,0.61,-0.02,-0.54,0.54,0.59,0.49,0.05,0.54,0.0,8973,4484,4489
1630167,Obi Toppin,2026,0.83,0.63,-0.37,0.22,-0.49,-0.29,1.46,-0.27,1.09,-0.56,0.53,0.0,1688,847,841
1642357,David Jones Garcia,2026,0.51,-0.02,0.02,-0.46,0.36,0.12,0.49,-0.1,0.51,0.02,0.53,0.0,293,149,144
1642450,Daniss Jenkins,2026,-0.5,-0.6,0.67,0.08,1.15,-0.33,-1.1,1.23,-0.43,0.9,0.47,0.0,5785,2901,2884
1628976,Wendell Carter Jr.,2026,0.53,-0.15,-0.75,0.8,0.05,-0.02,0.38,0.85,-0.37,0.83,0.46,0.0,9463,4744,4719
203939,Dwight Powell,2026,0.06,0.24,-0.36,0.13,0.5,-0.12,0.3,0.63,-0.06,0.51,0.45,-0.0,3669,1844,1825
1642272,Jared McCain,2026,0.26,0.05,-0.01,0.21,-0.22,0.15,0.31,-0.01,0.3,0.14,0.44,-0.0,4694,2342,2352
1642419,Jamison Battle,2026,0.61,-0.13,-0.52,0.96,-0.11,-0.4,0.48,0.85,-0.04,0.45,0.41,0.0,2078,1043,1035
1629006,Josh Okogie,2026,0.24,-0.27,0.36,0.43,0.88,-1.24,-0.03,1.31,0.33,0.07,0.4,-0.0,5135,2538,2597
1642400,Enaruna,2026,0.05,-0.29,0.34,0.17,0.14,-0.01,-0.24,0.31,0.1,0.3,0.4,0.0,226,112,114
1641772,Nae'Qwan Tomlin,2026,-0.51,-0.21,0.18,0.57,0.54,-0.17,-0.72,1.11,-0.54,0.94,0.4,0.0,4015,1998,2017
1628404,Josh Hart,2026,0.55,-0.07,0.08,-1.11,0.25,0.69,0.48,-0.86,0.56,-0.17,0.39,0.0,7895,3952,3943
1628380,Zach Collins,2026,-0.23,0.09,0.54,-0.47,0.16,0.29,-0.14,-0.31,0.4,-0.02,0.39,0.01,761,376,385
1629660,Ty Jerome,2026,1.48,0.3,-0.04,-0.36,-0.3,-0.71,1.78,-0.66,1.74,-1.37,0.37,0.0,1375,686,689
203501,Tim Hardaway Jr.,2026,0.57,0.77,-0.33,0.29,-0.59,-0.35,1.34,-0.3,1.01,-0.65,0.35,-0.01,8670,4341,4329
1631260,A.J. Green,2026,0.69,-0.16,-0.03,-0.1,-0.07,0.02,0.53,-0.17,0.5,-0.15,0.35,0.0,9196,4603,4593
1628960,Grayson Allen,2026,-0.41,0.82,0.57,-0.15,0.52,-1.01,0.41,0.37,0.98,-0.64,0.34,-0.0,5846,2932,2914
1627752,Taurean Prince,2026,1.59,-0.2,-0.42,-0.51,0.41,-0.54,1.39,-0.1,0.97,-0.64,0.33,-0.0,2331,1162,1169
204001,Kristaps Porzingis,2026,-0.02,0.37,0.01,-0.24,-0.03,0.23,0.35,-0.27,0.36,-0.04,0.32,0.0,3099,1545,1554
1631170,Jaime Jaquez Jr.,2026,0.7,0.36,-0.5,0.63,-0.37,-0.5,1.06,0.26,0.56,-0.24,0.32,0.0,8926,4465,4461
1630200,Tre Jones,2026,-0.24,1.18,-0.76,-0.29,0.16,0.26,0.94,-0.13,0.18,0.13,0.3,-0.01,7259,3629,3630
1642066,Myron Gardner,2026,-1.58,0.25,0.92,0.32,0.1,0.28,-1.33,0.42,-0.41,0.7,0.29,-0.0,1730,864,866
1642490,Oduro,2026,0.33,0.08,0.08,-0.02,-0.16,-0.04,0.41,-0.18,0.49,-0.22,0.27,-0.0,235,117,118
1641810,Antonio Reeves,2026,-0.12,-0.02,0.1,0.29,0.23,-0.22,-0.14,0.52,-0.04,0.3,0.26,0.0,249,126,123
1642867,Collin Murray-Boyles,2026,-0.85,-0.1,-0.01,0.11,0.36,0.75,-0.95,0.47,-0.96,1.22,0.26,0.0,4937,2459,2478
1642270,Donovan Clingan,2026,-2.03,-0.75,2.49,0.29,-0.24,0.5,-2.78,0.05,-0.29,0.55,0.25,-0.01,8604,4296,4308
1643018,LJ Cryer,2026,0.81,-0.47,-0.47,0.38,0.26,-0.29,0.34,0.64,-0.13,0.35,0.23,0.01,1150,584,566
1641726,Dereck Lively II,2026,0.11,-0.33,-0.22,0.44,0.22,-0.01,-0.22,0.66,-0.44,0.65,0.21,0.0,502,252,250
1631117,Walker Kessler,2026,0.12,-0.27,0.21,0.59,0.02,-0.47,-0.15,0.61,0.06,0.14,0.2,0.0,615,309,306
1641813,Mark Sears,2026,0.45,-0.04,-0.2,-0.13,0.29,-0.17,0.41,0.16,0.21,-0.01,0.2,0.0,105,53,52
1642271,Kyle Filipowski,2026,1.14,0.18,0.04,-1.16,0.22,-0.23,1.32,-0.94,1.36,-1.17,0.19,0.0,7598,3803,3795
1630530,Trey Murphy III,2026,0.72,-0.3,-0.16,-0.49,0.44,-0.02,0.42,-0.05,0.26,-0.07,0.18,-0.01,9718,4876,4842
1642866,Joan Beringer,2026,0.74,-0.14,0.19,-0.34,0.21,-0.49,0.6,-0.13,0.79,-0.62,0.18,0.01,1192,590,602
1630679,Ethan Thompson,2026,-0.46,0.52,-0.51,0.34,0.19,0.09,0.06,0.53,-0.45,0.62,0.17,0.0,2407,1209,1198
1630538,Nah'Shon Hyland,2026,-0.28,0.39,-0.28,-0.74,0.65,0.42,0.11,-0.09,-0.17,0.33,0.17,0.01,4808,2412,2396
1630587,Isaiah Livers,2026,-0.35,-0.27,0.03,1.08,0.01,-0.34,-0.62,1.09,-0.59,0.75,0.15,-0.01,1421,704,717
1631210,Jacob Toppin,2026,0.07,-0.01,-0.24,0.19,0.21,-0.07,0.06,0.4,-0.18,0.33,0.15,0.0,67,33,34
1629060,Rui Hachimura,2026,1.82,-0.1,-1.09,0.43,-0.0,-0.9,1.72,0.43,0.63,-0.47,0.15,-0.01,7678,3849,3829
1642434,Riley Minix,2026,0.46,-0.09,-0.06,-0.16,0.08,-0.09,0.37,-0.08,0.31,-0.17,0.14,0.0,149,74,75
1630173,Precious Achiuwa,2026,-1.03,0.39,1.1,0.05,0.04,-0.41,-0.64,0.09,0.46,-0.32,0.14,-0.0,6793,3383,3410
1631243,Mouhamed Gueye,2026,-0.36,0.2,0.23,-0.25,0.98,-0.67,-0.16,0.73,0.07,0.06,0.13,0.0,4807,2379,2428
1641989,Elijah Harkless,2026,0.31,0.1,-0.61,0.3,0.85,-0.83,0.41,1.15,-0.2,0.32,0.12,0.0,2295,1153,1142
1630549,Day'Ron Sharpe,2026,-0.34,-1.47,1.34,-0.51,0.72,0.36,-1.81,0.21,-0.47,0.57,0.1,0.0,4577,2292,2285
1631132,Christian Koloko,2026,-1.14,-0.11,0.13,1.09,0.02,0.11,-1.25,1.11,-1.12,1.22,0.1,0.0,1409,700,709
1629640,Keldon Johnson,2026,-1.08,0.24,0.51,1.07,-0.45,-0.2,-0.84,0.62,-0.33,0.42,0.09,0.0,7774,3899,3875
1642914,Javon Small,2026,-0.1,0.29,0.62,-0.57,0.85,-1.0,0.19,0.28,0.81,-0.72,0.09,0.0,3362,1679,1683
1628418,Thomas Bryant,2026,-0.35,0.18,0.12,0.42,0.35,-0.64,-0.17,0.77,-0.05,0.13,0.08,0.0,3005,1505,1500
201567,Kevin Love,2026,0.96,0.13,-0.06,-0.89,-0.27,0.21,1.09,-1.16,1.03,-0.95,0.08,0.0,2582,1294,1288
1630695,Micah Potter,2026,1.02,0.13,-0.86,-0.44,0.17,0.05,1.15,-0.27,0.29,-0.22,0.07,0.0,3538,1770,1768
1642504,Cormac Ryan,2026,1.33,-0.56,-0.29,-0.0,-0.16,-0.26,0.77,-0.16,0.48,-0.42,0.06,-0.0,900,454,446
1630174,Aaron Nesmith,2026,0.63,0.2,-0.32,0.31,-0.54,-0.22,0.83,-0.23,0.51,-0.45,0.06,-0.0,5582,2790,2792
1628379,Luke Kennard,2026,2.18,-0.17,-0.93,0.0,-0.77,-0.27,2.01,-0.77,1.08,-1.04,0.05,0.01,6947,3477,3470
1641842,Ronald Holland II,2026,-1.28,-0.52,-0.4,0.66,1.56,0.02,-1.8,2.22,-2.2,2.24,0.04,-0.0,6142,3062,3080
1642920,Kobe Sanders,2026,-0.51,-0.07,0.0,0.25,-0.58,0.95,-0.58,-0.33,-0.58,0.62,0.04,0.0,5498,2754,2744
1642856,Egor Dëmin,2026,-0.31,-0.38,-0.17,-0.48,0.63,0.74,-0.69,0.15,-0.86,0.89,0.03,-0.0,5271,2646,2625
1630552,Jalen Johnson,2026,0.14,0.1,-0.87,0.05,-0.22,0.83,0.24,-0.17,-0.63,0.66,0.03,-0.0,10703,5356,5347
1628991,Jaren Jackson Jr.,2026,-1.19,-0.46,-0.37,2.41,-0.24,-0.12,-1.65,2.17,-2.02,2.05,0.03,-0.0,6063,3025,3038
1642938,Jones,2026,0.26,0.07,-0.4,0.35,-0.04,-0.21,0.33,0.31,-0.07,0.1,0.03,0.0,224,113,111
1641775,Jordan Walsh,2026,0.91,-0.4,0.96,-0.75,-0.24,-0.47,0.51,-0.99,1.47,-1.46,0.02,0.01,4491,2231,2260
1630568,Luka Garza,2026,-0.38,0.19,1.41,-0.73,-0.38,-0.1,-0.19,-1.11,1.22,-1.21,0.01,0.0,4201,2107,2094
1642857,Kasparas Jakučionis,2026,-0.42,0.48,-0.01,-0.73,0.28,0.4,0.06,-0.45,0.05,-0.05,-0.0,-0.0,4007,2002,2005
1628467,Maxi Kleber,2026,1.05,-0.56,-0.58,-0.06,-0.06,0.21,0.49,-0.12,-0.09,0.09,0.0,-0.0,1857,928,929
1631093,Jaden Ivey,2026,-0.56,-0.13,0.1,0.12,0.48,-0.01,-0.69,0.6,-0.59,0.59,0.0,0.0,2725,1365,1360
1629645,Kevin Porter Jr.,2026,0.01,-0.05,-0.23,0.67,-0.28,-0.14,-0.04,0.39,-0.27,0.25,-0.01,0.01,5260,2637,2623
203648,Thanasis Antetokounmpo,2026,-0.65,-0.2,-0.38,0.54,0.99,-0.3,-0.85,1.53,-1.23,1.23,-0.01,-0.01,479,244,235
1641732,Colby Jones,2026,0.04,0.02,-0.16,0.19,0.06,-0.16,0.06,0.25,-0.1,0.09,-0.01,0.0,29,14,15
1642366,Quinten Post,2026,-0.68,-0.03,0.09,0.89,-0.16,-0.14,-0.71,0.73,-0.62,0.59,-0.02,0.01,4729,2372,2357
1631248,Baylor Scheierman,2026,-0.36,0.34,0.1,0.89,-0.77,-0.21,-0.02,0.12,0.08,-0.09,-0.02,-0.01,5369,2686,2683
1642346,Ryan Dunn,2026,-0.75,-0.74,0.46,0.72,0.19,0.08,-1.49,0.91,-1.03,0.99,-0.04,0.0,5243,2590,2653
203967,Dario Saric,2026,0.22,-0.07,-0.43,0.69,0.05,-0.49,0.15,0.74,-0.28,0.25,-0.04,-0.01,163,82,81
1641771,Jalen Slawson,2026,-0.14,-0.12,-0.5,1.04,-0.04,-0.29,-0.26,1.0,-0.76,0.71,-0.05,-0.0,1157,582,575
1631230,Dominick Barlow,2026,-1.01,0.14,-0.54,1.77,0.34,-0.75,-0.87,2.11,-1.41,1.36,-0.05,0.0,6873,3431,3442
1631133,Jabari Walker,2026,-0.28,-0.38,0.57,-0.53,0.26,0.3,-0.66,-0.27,-0.09,0.03,-0.07,-0.01,3092,1549,1543
201935,James Harden,2026,2.88,0.23,-1.35,-0.7,-0.96,-0.17,3.11,-1.66,1.76,-1.83,-0.07,0.0,9756,4890,4866
1629637,Jaxson Hayes,2026,-0.66,0.3,0.25,0.39,-0.04,-0.33,-0.36,0.35,-0.11,0.02,-0.09,0.0,4859,2430,2429
2544,LeBron James,2026,0.6,-0.34,-0.36,0.45,0.21,-0.66,0.26,0.66,-0.1,0.0,-0.1,0.0,7932,3964,3968
201599,DeAndre Jordan,2026,-0.39,-0.36,0.33,0.64,-0.0,-0.32,-0.75,0.64,-0.42,0.32,-0.1,-0.0,807,403,404
1641710,Anthony Black,2026,-0.7,0.65,-0.34,0.43,0.0,-0.16,-0.05,0.43,-0.39,0.27,-0.12,-0.0,7617,3805,3812
1630702,Jaden Hardy,2026,0.9,-0.13,-0.15,-0.11,-0.44,-0.2,0.77,-0.55,0.62,-0.75,-0.13,0.0,3675,1840,1835
1631457,Morales,2026,0.06,-0.06,-0.08,-0.22,0.18,-0.01,0.0,-0.04,-0.08,-0.05,-0.13,0.0,94,48,46
202331,Paul George,2026,-0.85,0.88,-0.16,0.07,0.21,-0.28,0.03,0.28,-0.13,-0.0,-0.14,-0.01,4515,2262,2253
1630165,Killian Hayes,2026,-1.42,0.12,0.25,1.17,-0.07,-0.19,-1.3,1.1,-1.05,0.91,-0.14,-0.0,1549,777,772
1627746,Skal Labissiere,2026,-0.02,-0.03,-0.16,0.42,-0.05,-0.29,-0.05,0.37,-0.21,0.08,-0.14,-0.01,150,75,75
1642955,Richmond,2026,0.03,-0.0,-0.32,-0.15,0.44,-0.16,0.03,0.29,-0.29,0.13,-0.15,0.01,294,145,149
1627780,Gary Payton II,2026,0.26,0.32,-0.18,-0.76,0.98,-0.77,0.58,0.22,0.4,-0.55,-0.15,-0.0,4734,2329,2405
1642368,N'Faly Dante,2026,-0.01,-0.01,-0.18,0.2,0.07,-0.23,-0.02,0.27,-0.2,0.04,-0.16,-0.0,59,31,28
1630846,Olivier Sarr,2026,0.46,-0.03,-0.26,-0.09,-0.1,-0.14,0.43,-0.19,0.17,-0.33,-0.17,-0.01,71,35,36
201572,Brook Lopez,2026,1.03,0.13,-1.99,1.03,0.06,-0.43,1.16,1.09,-0.83,0.66,-0.18,-0.01,6373,3180,3193
201959,Taj Gibson,2026,-0.58,0.17,-0.14,0.29,-0.05,0.13,-0.41,0.24,-0.55,0.37,-0.18,-0.0,323,161,162
1642863,Khaman Maluach,2026,-0.38,-0.59,-0.24,0.51,0.34,0.19,-0.97,0.85,-1.21,1.04,-0.18,-0.01,1486,741,745
1629312,Haywood Highsmith,2026,0.18,0.13,-0.19,-0.15,0.09,-0.25,0.31,-0.06,0.12,-0.31,-0.19,0.0,299,149,150
1642862,Liam McNeeley,2026,-0.7,0.25,0.23,0.21,0.01,-0.19,-0.45,0.22,-0.22,0.03,-0.19,-0.0,1424,713,711
1641733,Nick Smith Jr.,2026,0.95,-0.19,-0.79,-0.13,0.52,-0.55,0.76,0.39,-0.03,-0.16,-0.19,0.0,1419,711,708
202696,Nikola Vucevic,2026,0.51,0.36,-1.16,0.96,-1.25,0.38,0.87,-0.29,-0.29,0.09,-0.2,-0.0,7533,3772,3761
1628449,Chris Boucher,2026,-0.35,0.22,-0.1,0.05,0.33,-0.36,-0.13,0.38,-0.23,0.02,-0.22,-0.01,362,179,183
1642281,Jaylon Tyson,2026,0.03,-0.23,0.55,-0.99,0.72,-0.31,-0.2,-0.27,0.35,-0.58,-0.23,-0.0,7077,3534,3543
1630543,Isaiah Jackson,2026,-0.05,-0.02,0.47,-0.36,0.52,-0.8,-0.07,0.16,0.4,-0.64,-0.24,0.0,3648,1819,1829
1643257,Kent,2026,-0.02,-0.08,-0.29,0.24,0.08,-0.18,-0.1,0.32,-0.39,0.14,-0.25,0.0,81,40,41
1630658,Colin Castleton,2026,0.1,-0.06,-0.21,-0.13,0.18,-0.13,0.04,0.05,-0.17,-0.08,-0.25,0.0,82,42,40
1641713,GG Jackson,2026,0.88,0.08,0.12,-0.8,0.32,-0.86,0.96,-0.48,1.08,-1.34,-0.26,-0.0,4865,2440,2425
1641753,Chris Livingston,2026,0.05,-0.05,-0.22,-0.04,0.05,-0.07,0.0,0.01,-0.22,-0.06,-0.28,0.0,71,36,35
203076,Anthony Davis,2026,0.12,-0.23,-0.18,-0.1,-0.08,0.19,-0.11,-0.18,-0.29,0.01,-0.28,0.0,2574,1288,1286
203552,Seth Curry,2026,0.18,0.14,-0.06,-1.18,0.3,0.32,0.32,-0.88,0.26,-0.56,-0.29,0.01,476,243,233
1641794,Dillon Jones,2026,0.18,-0.04,-0.26,0.16,-0.17,-0.18,0.14,-0.01,-0.12,-0.19,-0.31,0.0,110,55,55
1626181,Norman Powell,2026,-0.35,0.03,-0.31,0.01,0.3,0.01,-0.32,0.31,-0.63,0.32,-0.31,-0.0,7301,3656,3645
1630168,Onyeka Okongwu,2026,0.13,-0.62,-0.58,-0.58,0.53,0.8,-0.49,-0.05,-1.07,0.75,-0.32,-0.0,9696,4854,4842
1631107,Nikola Jovic,2026,-0.21,-0.31,-0.87,1.97,0.42,-1.32,-0.52,2.39,-1.39,1.07,-0.32,0.0,3523,1752,1771
1631205,Buddy Boeheim,2026,-0.26,0.02,-0.21,0.21,0.1,-0.19,-0.24,0.31,-0.45,0.12,-0.33,0.0,56,29,27
1631216,Caleb Houstan,2026,-0.11,-0.11,-0.54,0.07,0.26,0.11,-0.22,0.33,-0.76,0.44,-0.33,-0.01,314,156,158
1629020,Jarred Vanderbilt,2026,0.45,-0.55,0.33,-1.31,0.25,0.5,-0.1,-1.06,0.23,-0.56,-0.33,0.0,4477,2235,2242
1630166,Deni Avdija,2026,1.16,-0.31,0.41,-0.52,-0.59,-0.49,0.85,-1.11,1.26,-1.6,-0.33,0.01,9033,4513,4520
1629610,DaQuan Jeffries,2026,0.06,0.07,0.03,-0.11,0.07,-0.46,0.13,-0.04,0.16,-0.5,-0.34,0.0,233,116,117
1630604,E.J. Liddell,2026,-0.22,0.33,0.03,-0.17,0.0,-0.33,0.11,-0.17,0.14,-0.5,-0.36,0.0,1300,648,652
201143,Al Horford,2026,0.62,0.28,-0.78,-0.28,0.65,-0.85,0.9,0.37,0.12,-0.48,-0.37,-0.01,3845,1927,1918
1630574,Ariel Hukporti,2026,-1.16,0.02,0.12,1.37,-0.4,-0.34,-1.14,0.97,-1.02,0.63,-0.38,0.01,1863,928,935
1627759,Jaylen Brown,2026,0.71,0.1,-0.26,0.75,-0.89,-0.79,0.81,-0.14,0.55,-0.93,-0.38,0.0,9719,4863,4856
1631250,Pete Nance,2026,1.39,-0.22,-0.61,-0.87,-0.16,0.07,1.17,-1.03,0.56,-0.96,-0.4,0.0,2883,1443,1440
1630699,MarJon Beauchamp,2026,0.05,-0.06,-0.41,0.53,-0.07,-0.44,-0.01,0.46,-0.42,0.02,-0.4,-0.0,817,407,410
1642402,Enrique Freeman,2026,-0.1,-0.19,-0.1,0.06,0.07,-0.13,-0.29,0.13,-0.39,-0.0,-0.4,-0.01,52,27,25
203084,Harrison Barnes,2026,-0.81,0.67,0.37,-0.39,-0.12,-0.12,-0.14,-0.51,0.23,-0.63,-0.4,0.0,8064,4047,4017
1643133,Lovering,2026,0.05,-0.03,-0.28,-0.28,0.08,0.05,0.02,-0.2,-0.26,-0.15,-0.41,0.0,214,107,107
1627751,Jakob Poeltl,2026,0.46,-0.52,-0.14,-0.56,0.2,0.14,-0.06,-0.36,-0.2,-0.22,-0.42,0.0,4595,2292,2303
1641761,Nelson,2026,0.13,0.1,-0.19,-0.23,0.02,-0.25,0.23,-0.21,0.04,-0.46,-0.42,0.0,134,68,66
1630180,Saddiq Bey,2026,-0.48,1.05,-0.5,0.3,-0.52,-0.27,0.57,-0.22,0.07,-0.49,-0.42,0.0,9316,4665,4651
1643024,Chris Mañon,2026,-0.35,0.01,-0.09,0.36,0.17,-0.53,-0.34,0.53,-0.43,0.0,-0.43,-0.0,153,76,77
1642280,Trentyn Flowers,2026,-0.27,0.02,-0.03,0.05,0.01,-0.22,-0.25,0.06,-0.28,-0.16,-0.44,0.0,20,10,10
1630581,Josh Giddey,2026,0.46,-0.39,-0.29,1.39,-1.0,-0.62,0.07,0.39,-0.22,-0.23,-0.45,0.0,7225,3616,3609
203994,Jusuf Nurkic,2026,-0.45,-1.0,-0.26,1.17,-1.09,1.18,-1.45,0.08,-1.71,1.26,-0.45,0.0,4647,2313,2334
1642449,Tolu Smith,2026,0.17,-0.33,-0.21,-0.04,0.01,-0.05,-0.16,-0.03,-0.37,-0.08,-0.45,-0.0,509,255,254
1643047,Huntley,2026,-0.07,-0.15,-0.22,-0.02,0.09,-0.08,-0.22,0.07,-0.44,-0.01,-0.46,-0.01,46,24,22
1631101,Shaedon Sharpe,2026,0.54,-0.49,-0.13,0.66,-0.73,-0.32,0.05,-0.07,-0.08,-0.39,-0.47,-0.0,6100,3052,3048
1642359,Pacôme Dadiet,2026,-0.86,-0.12,0.16,0.4,0.06,-0.11,-0.98,0.46,-0.82,0.35,-0.47,-0.0,425,213,212
1630230,Naji Marshall,2026,0.11,0.28,-0.85,0.38,-0.27,-0.13,0.39,0.11,-0.46,-0.02,-0.48,0.0,9196,4598,4598
1642274,Yves Missi,2026,-1.54,0.19,0.94,-0.81,-0.19,0.93,-1.35,-1.0,-0.41,-0.07,-0.48,0.0,5330,2684,2646
1630828,Antetokounmpo,2026,-0.21,-0.01,-0.21,0.22,-0.0,-0.27,-0.22,0.22,-0.43,-0.05,-0.48,0.0,67,35,32
1642843,Cooper Flagg,2026,-0.97,0.63,-0.34,0.26,-0.3,0.24,-0.34,-0.04,-0.68,0.2,-0.48,0.0,9933,4966,4967
1631338,Mouhamadou Gueye,2026,-0.16,-0.02,-0.08,0.13,-0.07,-0.28,-0.18,0.06,-0.26,-0.22,-0.48,0.0,67,34,33
1643141,Telfort,2026,-0.19,-0.01,-0.26,0.06,0.06,-0.14,-0.2,0.12,-0.46,-0.02,-0.48,0.0,126,63,63
1631255,Karlo Matkovic,2026,-1.24,-0.4,0.03,1.02,0.17,-0.07,-1.64,1.19,-1.61,1.12,-0.49,0.0,3755,1865,1890
1629726,Garrison Mathews,2026,-0.78,0.17,-0.24,0.3,0.39,-0.34,-0.61,0.69,-0.85,0.35,-0.49,0.01,816,411,405
1631169,Josh Minott,2026,-0.72,0.2,0.12,-0.57,0.48,0.0,-0.52,-0.09,-0.4,-0.09,-0.49,0.0,3303,1647,1656
1642468,Brown,2026,0.0,0.02,-0.23,-0.1,-0.04,-0.15,0.02,-0.14,-0.21,-0.29,-0.5,0.0,9,4,5
1631120,JD Davison,2026,0.19,-0.17,-0.12,0.34,-0.18,-0.56,0.02,0.16,-0.1,-0.4,-0.5,0.0,647,322,325
1630162,Anthony Edwards,2026,1.37,0.67,-0.63,-2.27,-0.44,0.81,2.04,-2.71,1.41,-1.9,-0.5,-0.01,8797,4398,4399
1631223,David Roddy,2026,0.2,-0.17,-0.45,-0.07,0.12,-0.13,0.03,0.05,-0.42,-0.08,-0.51,-0.01,169,85,84
1642285,Cam Spencer,2026,0.15,0.89,-1.23,-0.02,0.35,-0.65,1.04,0.33,-0.19,-0.32,-0.51,0.0,7031,3535,3496
1643052,Chaney Johnson,2026,0.63,-0.36,-0.48,-0.83,0.86,-0.34,0.27,0.03,-0.21,-0.31,-0.52,0.0,1263,633,630
1642911,Zikarsky,2026,0.17,-0.01,-0.35,0.03,-0.02,-0.34,0.16,0.01,-0.19,-0.33,-0.52,0.0,61,32,29
1642530,Yuki Kawamura,2026,0.25,-0.2,-0.01,-0.88,0.48,-0.16,0.05,-0.4,0.04,-0.56,-0.52,0.0,826,413,413
1629627,Zion Williamson,2026,-0.65,0.45,-0.06,0.93,-0.44,-0.76,-0.2,0.49,-0.26,-0.27,-0.52,0.01,7726,3887,3839
1642389,Zyon Pullin,2026,0.29,-0.21,-0.33,-0.17,0.07,-0.18,0.08,-0.1,-0.25,-0.28,-0.53,0.0,50,25,25
1628370,Malik Monk,2026,-0.23,0.58,-0.42,1.64,-0.23,-1.89,0.35,1.41,-0.07,-0.48,-0.54,0.01,5776,2888,2888
1641752,Bobi Klintman,2026,-0.65,0.08,-0.22,0.03,0.25,-0.03,-0.57,0.28,-0.79,0.25,-0.54,0.0,305,151,154
1641725,Trey Alexander,2026,0.02,-0.16,-0.19,0.57,-0.26,-0.52,-0.14,0.31,-0.33,-0.21,-0.54,0.0,328,166,162
1641711,Gradey Dick,2026,0.49,-0.3,-1.55,1.55,0.94,-1.66,0.19,2.49,-1.36,0.83,-0.54,-0.01,4389,2212,2177
1642884,Goldin,2026,0.12,-0.31,-0.2,-0.07,-0.02,-0.06,-0.19,-0.09,-0.39,-0.15,-0.55,-0.01,97,50,47
203486,Mason Plumlee,2026,0.49,-0.52,0.23,-0.92,-0.02,0.16,-0.03,-0.94,0.2,-0.78,-0.57,0.01,638,316,322
1629636,Darius Garland,2026,0.82,0.31,-0.86,-0.51,0.02,-0.35,1.13,-0.49,0.27,-0.84,-0.58,-0.01,5464,2733,2731
1629630,Ja Morant,2026,-0.34,0.11,-0.49,0.03,0.37,-0.26,-0.23,0.4,-0.72,0.14,-0.58,0.0,2443,1219,1224
1642275,Tidjane Salaün,2026,0.14,-0.34,0.1,0.17,-0.48,-0.19,-0.2,-0.31,-0.1,-0.5,-0.59,0.01,2251,1122,1129
1642353,Cam Christie,2026,-0.17,-0.34,-0.66,0.48,0.72,-0.61,-0.51,1.2,-1.17,0.59,-0.59,-0.01,1862,932,930
1641737,Adem Bona,2026,0.17,0.12,-0.38,-0.27,0.81,-1.03,0.29,0.54,-0.09,-0.49,-0.59,-0.01,5011,2507,2504
1630548,Johnny Juzang,2026,0.29,-0.2,-0.46,0.01,-0.03,-0.19,0.09,-0.02,-0.37,-0.21,-0.59,-0.01,346,172,174
1642959,Chris Youngblood,2026,-0.13,-0.01,-0.54,0.18,-0.44,0.34,-0.14,-0.26,-0.68,0.08,-0.6,-0.0,726,368,358
1631207,Dalen Terry,2026,-1.22,0.4,-0.29,0.0,0.78,-0.28,-0.82,0.78,-1.11,0.5,-0.61,-0.0,2298,1144,1154
202066,Garrett Temple,2026,-0.38,-0.25,-0.43,0.24,0.32,-0.12,-0.63,0.56,-1.06,0.44,-0.62,0.0,274,136,138
1642877,Micah Peavy,2026,-0.92,0.05,0.61,-0.31,0.4,-0.44,-0.87,0.09,-0.26,-0.35,-0.62,-0.01,3595,1796,1799
1629048,Goga Bitadze,2026,-0.69,-0.53,0.82,-0.85,0.57,0.06,-1.22,-0.28,-0.4,-0.22,-0.62,0.0,4252,2109,2143
1630209,Omer Yurtseven,2026,0.57,-0.42,-0.54,-0.13,0.18,-0.29,0.15,0.05,-0.39,-0.24,-0.63,0.0,433,217,216
1631211,Trevor Keels,2026,-0.1,-0.2,-0.33,0.2,-0.06,-0.15,-0.3,0.14,-0.63,-0.01,-0.64,0.0,59,30,29
1626156,D'Angelo Russell,2026,0.96,-0.44,-1.33,0.96,-0.21,-0.58,0.52,0.75,-0.81,0.17,-0.64,0.0,2076,1043,1033
1630703,Scoot Henderson,2026,0.2,-0.52,-0.68,1.03,-0.37,-0.33,-0.32,0.66,-1.0,0.33,-0.67,-0.0,3005,1502,1503
1631127,Harrison Ingram,2026,-0.01,-0.23,-0.03,-0.39,0.08,-0.1,-0.24,-0.31,-0.27,-0.41,-0.68,0.0,106,55,51
1631124,Julian Strawther,2026,0.59,-0.14,-0.65,-0.77,-0.24,0.52,0.45,-1.01,-0.2,-0.49,-0.68,0.01,3382,1696,1686
1642954,Will Richard,2026,-0.34,-0.46,0.3,-1.14,0.69,0.27,-0.8,-0.45,-0.5,-0.18,-0.68,-0.0,5568,2774,2794
1642967,John Poulakidas,2026,-0.9,0.53,-0.25,-0.04,0.07,-0.08,-0.37,0.03,-0.62,-0.05,-0.68,-0.01,921,462,459
1629622,Max Strus,2026,0.31,0.12,-0.49,0.07,-0.55,-0.15,0.43,-0.48,-0.06,-0.63,-0.69,0.0,1130,563,567
1630583,Santi Aldama,2026,0.81,-0.43,-0.21,-0.58,-0.38,0.1,0.38,-0.96,0.17,-0.86,-0.69,0.0,5027,2514,2513
1641764,Brandin Podziemski,2026,-1.23,-0.12,-0.48,1.41,0.24,-0.52,-1.35,1.65,-1.83,1.13,-0.69,0.01,9309,4676,4633
1641801,Emanuel Miller,2026,-0.36,-0.01,-0.15,-0.15,0.21,-0.23,-0.37,0.06,-0.52,-0.17,-0.69,0.0,104,52,52
1642910,Tonje,2026,-0.04,-0.2,-0.11,-0.18,0.01,-0.17,-0.24,-0.17,-0.35,-0.34,-0.69,0.0,46,23,23
1642854,Asa Newell,2026,-0.21,0.07,-0.04,-0.65,0.11,0.02,-0.14,-0.54,-0.18,-0.52,-0.7,0.0,1941,973,968
1642443,Jahmir Young,2026,-0.23,-0.04,0.06,-0.22,-0.22,-0.07,-0.27,-0.44,-0.21,-0.51,-0.72,0.0,241,119,122
1630551,Justin Champagnie,2026,-0.42,-0.4,0.85,-0.28,-0.22,-0.25,-0.82,-0.5,0.03,-0.75,-0.73,-0.01,5544,2761,2783
1641757,Jordan Miller,2026,1.85,-0.46,-0.68,-0.91,0.05,-0.58,1.39,-0.86,0.71,-1.44,-0.73,0.0,5125,2560,2565
1631103,Malaki Branham,2026,-1.16,-0.29,0.33,0.57,0.37,-0.55,-1.45,0.94,-1.12,0.39,-0.73,0.0,1092,545,547
1630164,James Wiseman,2026,-0.41,0.02,-0.46,0.29,-0.18,-0.02,-0.39,0.11,-0.85,0.09,-0.75,0.01,244,125,119
1642263,Reed Sheppard,2026,0.48,-0.35,-0.26,0.65,-0.29,-0.97,0.13,0.36,-0.13,-0.61,-0.75,-0.01,8397,4241,4156
1641763,Julian Phillips,2026,0.59,-0.68,-0.94,0.71,0.34,-0.77,-0.09,1.05,-1.03,0.28,-0.75,0.0,1600,799,801
1629652,Luguentz Dort,2026,-1.64,0.64,0.03,0.6,0.15,-0.54,-1.0,0.75,-0.97,0.21,-0.75,0.01,7399,3679,3720
1630639,AJ Lawson,2026,-0.32,0.12,-0.35,-0.46,0.05,0.21,-0.2,-0.41,-0.55,-0.2,-0.75,0.0,854,426,428
1629634,Brandon Clarke,2026,-0.37,-0.03,-0.11,-0.07,0.01,-0.18,-0.4,-0.06,-0.51,-0.24,-0.75,0.0,92,46,46
1641787,Tosan Evbuomwan,2026,-0.21,-0.02,-0.28,0.27,-0.06,-0.46,-0.23,0.21,-0.51,-0.25,-0.76,0.0,32,15,17
1631115,Orlando Robinson,2026,0.18,0.06,-0.31,-0.37,-0.07,-0.25,0.24,-0.44,-0.07,-0.69,-0.76,0.0,93,47,46
203903,Jordan Clarkson,2026,-0.69,-0.53,0.84,-0.74,0.2,0.15,-1.22,-0.54,-0.38,-0.39,-0.77,0.0,5056,2526,2530
1629216,Gabe Vincent,2026,0.61,0.04,0.12,-0.59,-0.48,-0.47,0.65,-1.07,0.77,-1.54,-0.77,-0.0,3617,1811,1806
1642384,Isaiah Crawford,2026,-0.67,0.08,-0.29,-0.11,0.35,-0.13,-0.59,0.24,-0.88,0.11,-0.77,0.0,291,148,143
1642282,Sallis,2026,-0.21,-0.08,-0.25,0.04,-0.05,-0.23,-0.29,-0.01,-0.54,-0.24,-0.78,0.0,107,54,53
1628998,Cody Martin,2026,-1.03,-0.12,-0.1,0.65,0.04,-0.23,-1.15,0.69,-1.25,0.46,-0.79,-0.0,230,113,117
1642266,Ja'Kobe Walter,2026,-0.3,0.06,-1.15,0.09,0.89,-0.38,-0.24,0.98,-1.39,0.6,-0.79,-0.0,5886,2929,2957
1631123,Jamaree Bouyea,2026,-1.65,-0.21,-0.48,1.43,0.63,-0.51,-1.86,2.06,-2.34,1.55,-0.8,-0.01,2340,1172,1168
1641816,Hunter Tyson,2026,-0.38,-0.06,-0.54,0.43,-0.28,0.03,-0.44,0.15,-0.98,0.18,-0.8,0.0,640,317,323
1630625,Dalano Banton,2026,0.11,-0.11,-0.16,-0.26,0.06,-0.46,0.0,-0.2,-0.16,-0.66,-0.82,0.0,94,47,47
1642935,Hepburn,2026,-0.36,-0.01,-0.15,-0.08,-0.05,-0.17,-0.37,-0.13,-0.52,-0.3,-0.83,-0.01,51,25,26
1630224,Jalen Green,2026,-0.66,0.5,-0.21,0.26,0.08,-0.8,-0.16,0.34,-0.37,-0.46,-0.83,0.0,3348,1684,1664
1641780,Broome,2026,-0.51,-0.12,-0.35,0.28,0.05,-0.19,-0.63,0.33,-0.98,0.14,-0.83,0.01,223,112,111
1641815,Isaiah Stevens,2026,-0.31,0.2,-0.23,-0.51,0.19,-0.17,-0.11,-0.32,-0.34,-0.49,-0.84,-0.01,168,83,85
204060,Joe Ingles,2026,0.65,-0.28,-0.69,-0.39,0.15,-0.28,0.37,-0.24,-0.32,-0.52,-0.84,0.0,547,277,270
1629723,John Konchar,2026,-2.44,-0.41,0.12,1.8,0.36,-0.27,-2.85,2.16,-2.73,1.89,-0.84,0.0,4623,2307,2316
1642878,Tyrese Proctor,2026,-0.62,0.12,0.32,-0.68,0.66,-0.64,-0.5,-0.02,-0.18,-0.66,-0.84,0.0,2051,1024,1027
1642939,Miles Kelly,2026,-0.71,-0.25,-0.05,0.81,-0.11,-0.55,-0.96,0.7,-1.01,0.15,-0.86,0.0,570,286,284
1631116,Patrick Baldwin Jr.,2026,-0.44,0.09,-0.37,-0.31,0.13,0.03,-0.35,-0.18,-0.72,-0.15,-0.87,0.0,414,206,208
1629655,Daniel Gafford,2026,-0.4,-0.29,-0.42,0.7,-0.45,-0.01,-0.69,0.25,-1.11,0.24,-0.87,-0.0,5010,2493,2517
1642855,Essengue,2026,-0.22,0.03,-0.27,-0.2,0.04,-0.25,-0.19,-0.16,-0.46,-0.41,-0.87,0.0,28,14,14
1628420,Monte Morris,2026,-1.07,-0.04,-0.05,0.3,0.17,-0.21,-1.11,0.47,-1.16,0.26,-0.9,0.0,275,138,137
1642951,Pedulla,2026,-0.51,0.09,-0.21,-0.27,0.05,-0.06,-0.42,-0.22,-0.63,-0.28,-0.91,-0.0,119,59,60
1641747,DaRon Holmes II,2026,0.0,-0.17,-0.42,0.11,-0.14,-0.29,-0.17,-0.03,-0.59,-0.32,-0.91,-0.0,783,395,388
1631321,Sidy Cissoko,2026,-0.35,-0.65,-0.49,0.04,1.05,-0.52,-1.0,1.09,-1.49,0.57,-0.92,-0.0,5909,2950,2959
1631166,Drew Timme,2026,-0.09,0.13,-0.53,0.63,-0.35,-0.71,0.04,0.28,-0.49,-0.43,-0.92,-0.0,882,440,442
1626172,Kevon Looney,2026,-1.42,0.09,0.22,1.01,-0.29,-0.54,-1.33,0.72,-1.11,0.18,-0.93,-0.0,1280,638,642
1628964,Mo Bamba,2026,-0.29,-0.05,-0.24,-0.14,-0.02,-0.19,-0.34,-0.16,-0.58,-0.35,-0.93,-0.0,172,85,87
1627826,Ivica Zubac,2026,-0.23,-0.43,0.63,0.61,-1.09,-0.43,-0.66,-0.48,-0.03,-0.91,-0.94,0.0,5763,2888,2875
1631094,Paolo Banchero,2026,0.52,-0.4,-0.36,-0.22,-0.28,-0.2,0.12,-0.5,-0.24,-0.7,-0.94,0.0,10162,5068,5094
1628415,Dillon Brooks,2026,-0.37,0.29,-0.38,-0.73,0.93,-0.69,-0.08,0.2,-0.46,-0.49,-0.95,-0.0,7189,3586,3603
1630249,Vit Krejci,2026,-1.1,-0.35,0.18,0.05,0.41,-0.13,-1.45,0.46,-1.27,0.33,-0.95,-0.01,5740,2868,2872
1641871,Duop Reath,2026,-0.56,-0.64,-0.34,0.76,0.09,-0.26,-1.2,0.85,-1.54,0.59,-0.95,0.0,1074,537,537
1630649,Stanley Umude,2026,-0.06,-0.14,-0.27,-0.35,-0.04,-0.11,-0.2,-0.39,-0.47,-0.5,-0.96,0.01,27,14,13
1631199,Ron Harper Jr.,2026,-0.48,-0.36,0.32,-0.13,-0.08,-0.23,-0.84,-0.21,-0.52,-0.44,-0.96,0.0,1058,530,528
1641998,Trey Jemison,2026,-0.22,-0.1,-0.56,0.16,0.04,-0.29,-0.32,0.2,-0.88,-0.09,-0.97,0.0,265,131,134
1641869,Malachi Smith,2026,-0.4,0.47,-0.54,-0.85,0.6,-0.25,0.07,-0.25,-0.47,-0.5,-0.97,0.0,1315,652,663
203484,Kentavious Caldwell-Pope,2026,-1.08,0.06,-0.03,-0.14,0.7,-0.49,-1.02,0.56,-1.05,0.07,-0.97,0.01,4499,2245,2254
1642362,Sandfort,2026,-0.24,-0.1,-0.21,-0.28,0.04,-0.19,-0.34,-0.24,-0.55,-0.43,-0.98,0.0,149,75,74
1642260,Nikola Topić,2026,0.1,-0.2,-0.37,-0.38,-0.07,-0.06,-0.1,-0.45,-0.47,-0.51,-0.98,0.0,484,239,245
1642461,Spencer Jones,2026,-0.63,0.22,-0.64,0.2,-0.23,0.09,-0.41,-0.03,-1.05,0.06,-0.99,0.0,5916,2942,2974
1631097,Bennedict Mathurin,2026,0.09,0.08,-0.95,-0.38,0.28,-0.13,0.17,-0.1,-0.78,-0.23,-1.01,0.0,6526,3265,3261
1641807,Omier,2026,-0.32,0.06,-0.06,-0.51,-0.09,-0.08,-0.26,-0.6,-0.32,-0.68,-1.01,-0.01,91,44,47
1642886,Brea,2026,-0.29,-0.4,-0.38,0.13,0.09,-0.17,-0.69,0.22,-1.07,0.05,-1.02,-0.0,206,104,102
1641809,Drew Peterson,2026,-0.56,0.01,-0.21,-0.39,0.4,-0.26,-0.55,0.01,-0.76,-0.25,-1.02,-0.01,253,126,127
1629599,Amir Coffey,2026,-0.35,-0.56,-0.24,0.9,0.13,-0.91,-0.91,1.03,-1.15,0.12,-1.03,-0.0,1813,903,910
1628371,Jonathan Isaac,2026,-2.34,-0.16,0.76,0.62,0.33,-0.24,-2.5,0.95,-1.74,0.71,-1.03,0.0,2108,1046,1062
1630245,Ayo Dosunmu,2026,0.71,-0.29,-1.44,1.11,-0.41,-0.73,0.42,0.7,-1.02,-0.03,-1.04,0.01,7681,3839,3842
1631121,Bryce McGowens,2026,0.14,0.78,-0.12,-0.62,-0.36,-0.85,0.92,-0.98,0.8,-1.83,-1.04,-0.01,3688,1848,1840
1642403,Isaac Jones,2026,-0.45,-0.09,-0.24,-0.03,0.05,-0.29,-0.54,0.02,-0.78,-0.27,-1.05,0.0,101,52,49
1642917,Shulga,2026,-0.36,-0.24,-0.22,0.06,-0.02,-0.27,-0.6,0.04,-0.82,-0.23,-1.06,-0.01,73,37,36
1630644,Mac McClung,2026,-0.33,0.05,-0.2,-0.74,0.13,0.03,-0.28,-0.61,-0.48,-0.58,-1.06,-0.0,495,249,246
1643158,Andersson Garcia,2026,-0.61,-0.37,0.03,-0.41,0.13,0.16,-0.98,-0.28,-0.95,-0.12,-1.07,0.0,708,353,355
1629026,Kenrich Williams,2026,-0.67,0.05,0.39,-0.7,0.24,-0.38,-0.62,-0.46,-0.23,-0.84,-1.07,-0.0,3258,1623,1635
1630314,Brandon Williams,2026,0.27,0.57,-0.78,-0.85,0.26,-0.54,0.84,-0.59,0.06,-1.13,-1.07,0.0,6222,3127,3095
1631099,Keegan Murray,2026,-1.49,0.4,-0.41,0.76,0.08,-0.41,-1.09,0.84,-1.5,0.43,-1.07,-0.0,3236,1620,1616
1642404,Chaz Lanier,2026,-0.22,0.01,-0.63,0.08,0.27,-0.58,-0.21,0.35,-0.84,-0.23,-1.07,-0.0,1045,529,516
1630534,Ochai Agbaji,2026,-0.56,-0.87,-0.54,0.73,-0.09,0.25,-1.43,0.64,-1.97,0.89,-1.08,0.0,3912,1950,1962
203992,Bogdan Bogdanovic,2026,0.2,-0.48,-0.57,0.24,-0.01,-0.48,-0.28,0.23,-0.85,-0.25,-1.11,-0.01,1671,836,835
1631131,Oscar Tshiebwe,2026,-0.73,-0.02,0.49,-0.38,-0.32,-0.15,-0.75,-0.7,-0.26,-0.85,-1.11,-0.0,1759,881,878
1642377,Jaylen Wells,2026,0.65,-0.17,-0.13,-0.9,-0.17,-0.4,0.48,-1.07,0.35,-1.47,-1.12,0.0,7529,3763,3766
203471,Dennis Schroder,2026,0.18,0.04,-0.9,0.56,-0.14,-0.86,0.22,0.42,-0.68,-0.44,-1.12,0.0,6859,3424,3435
203937,Kyle Anderson,2026,-1.64,0.27,-0.69,0.79,0.8,-0.65,-1.37,1.59,-2.06,0.94,-1.13,-0.01,3554,1782,1772
1630590,Scotty Pippen Jr.,2026,-0.6,0.09,-0.6,0.36,0.46,-0.84,-0.51,0.82,-1.11,-0.02,-1.13,0.0,906,452,454
1630183,Jaden McDaniels,2026,0.18,-0.22,-0.74,0.49,-0.52,-0.32,-0.04,-0.03,-0.78,-0.35,-1.13,0.0,9572,4773,4799
1642484,RayJ Dennis,2026,-1.6,-0.04,-0.05,0.57,0.02,-0.04,-1.64,0.59,-1.69,0.55,-1.14,0.0,750,379,371
1629646,Charles Bassey,2026,-1.34,-0.09,0.62,-0.58,-0.03,0.27,-1.43,-0.61,-0.81,-0.34,-1.15,0.0,541,270,271
1642918,Alijah Martin,2026,-0.94,0.21,-0.04,-0.18,-0.1,-0.1,-0.73,-0.28,-0.77,-0.38,-1.15,0.0,554,279,275
1629611,Terance Mann,2026,-0.16,-0.11,-0.32,-0.94,0.14,0.22,-0.27,-0.8,-0.59,-0.58,-1.17,0.0,6095,3057,3038
1642848,Tre Johnson,2026,-0.84,0.77,-0.82,0.55,-0.36,-0.47,-0.07,0.19,-0.89,-0.28,-1.17,0.0,6222,3111,3111
201144,Mike Conley,2026,-0.31,0.4,-0.88,-1.48,0.18,0.92,0.09,-1.3,-0.79,-0.38,-1.17,0.0,4099,2044,2055
203924,Jerami Grant,2026,1.0,-0.21,0.27,-1.91,0.17,-0.51,0.79,-1.74,1.06,-2.25,-1.18,0.01,7137,3560,3577
1642354,KJ Simpson,2026,-0.18,-0.53,-0.26,-0.26,0.08,-0.03,-0.71,-0.18,-0.97,-0.21,-1.19,-0.01,1037,519,518
204456,T.J. McConnell,2026,1.28,0.59,-1.86,-1.2,0.48,-0.48,1.87,-0.72,0.01,-1.2,-1.2,-0.01,3986,1997,1989
201569,Eric Gordon,2026,-0.36,-0.21,-0.07,-0.5,0.06,-0.12,-0.57,-0.44,-0.64,-0.56,-1.2,-0.0,305,151,154
1631113,Kennedy Chandler,2026,-0.02,0.5,-0.34,-1.29,0.13,-0.2,0.48,-1.16,0.14,-1.36,-1.22,0.0,1577,788,789
1628970,Miles Bridges,2026,-0.48,0.78,-0.46,-0.28,-0.45,-0.33,0.3,-0.73,-0.16,-1.06,-1.23,-0.01,9494,4743,4751
202691,Klay Thompson,2026,-0.31,-0.27,-1.5,1.56,-0.58,-0.13,-0.58,0.98,-2.08,0.85,-1.23,0.0,6326,3187,3139
1630598,Aaron Wiggins,2026,-1.09,-0.26,-0.19,0.34,0.38,-0.43,-1.35,0.72,-1.54,0.29,-1.24,0.01,5607,2802,2805
203078,Bradley Beal,2026,0.06,-0.02,-0.26,-0.83,0.01,-0.22,0.04,-0.82,-0.22,-1.04,-1.26,0.0,486,242,244
1628436,Luke Kornet,2026,-1.67,0.44,0.0,0.88,-0.65,-0.26,-1.23,0.23,-1.23,-0.03,-1.26,0.0,5900,2940,2960
1629111,Jock Landale,2026,-0.32,-0.14,1.14,-1.54,0.1,-0.51,-0.46,-1.44,0.68,-1.95,-1.27,0.0,6178,3086,3092
1631109,Mark Williams,2026,-1.24,-0.4,0.05,0.95,0.35,-0.99,-1.64,1.3,-1.59,0.31,-1.28,0.0,6243,3120,3123
1628381,John Collins,2026,-0.72,-0.95,0.22,0.4,-0.02,-0.22,-1.67,0.38,-1.45,0.16,-1.29,-0.0,7389,3696,3693
1642876,Adou Thiero,2026,-0.28,0.16,-0.16,-1.11,0.35,-0.25,-0.12,-0.76,-0.28,-1.01,-1.29,0.0,548,274,274
1630621,Hunter Dickinson,2026,-0.28,0.01,-0.18,-0.44,-0.23,-0.18,-0.27,-0.67,-0.45,-0.85,-1.3,0.0,100,50,50
1630214,Xavier Tillman,2026,-0.27,-0.47,-0.33,-0.76,0.51,0.02,-0.74,-0.25,-1.07,-0.23,-1.31,-0.01,711,355,356
1641778,Leaky Black,2026,-0.6,-0.18,0.27,-0.41,-0.58,0.19,-0.78,-0.99,-0.51,-0.8,-1.32,-0.01,1781,890,891
1630311,Pat Spencer,2026,-0.3,-0.54,0.56,-1.15,0.37,-0.27,-0.84,-0.78,-0.28,-1.05,-1.33,0.0,4940,2467,2473
1631247,Luke Travers,2026,-1.17,0.19,-0.03,-0.48,0.18,-0.02,-0.98,-0.3,-1.01,-0.32,-1.33,0.0,439,217,222
1641724,Jett Howard,2026,0.03,0.65,0.0,-1.45,-0.28,-0.3,0.68,-1.73,0.68,-2.03,-1.35,-0.0,2778,1390,1388
203083,Andre Drummond,2026,-2.39,0.2,0.76,-0.48,0.03,0.51,-2.19,-0.45,-1.43,0.06,-1.37,-0.0,4916,2442,2474
1628963,Marvin Bagley III,2026,-0.09,-0.02,0.49,-0.45,-0.84,-0.49,-0.11,-1.29,0.38,-1.78,-1.39,0.01,5217,2610,2607
1631466,Jeenathan Williams,2026,0.13,0.09,-0.3,-0.77,0.07,-0.61,0.22,-0.7,-0.08,-1.31,-1.39,0.0,908,452,456
202685,Jonas Valanciunas,2026,-0.84,-0.52,0.73,0.57,-1.12,-0.21,-1.36,-0.55,-0.63,-0.76,-1.39,0.0,3354,1674,1680
1642358,AJ Johnson,2026,-1.34,-0.33,-0.06,0.44,0.03,-0.15,-1.67,0.47,-1.73,0.32,-1.41,0.0,1669,843,826
1641890,Tyler Smith,2026,-0.82,0.11,0.16,-1.06,0.06,0.14,-0.71,-1.0,-0.55,-0.86,-1.41,-0.0,543,272,271
201587,Nicolas Batum,2026,-0.24,-0.26,-0.06,-0.24,-0.18,-0.44,-0.5,-0.42,-0.56,-0.86,-1.42,0.0,5026,2522,2504
1641790,PJ Hall,2026,-0.75,-0.27,0.03,-0.12,-0.11,-0.19,-1.02,-0.23,-0.99,-0.42,-1.42,-0.01,875,437,438
1630643,Jay Huff,2026,-1.72,0.05,-0.88,1.93,-0.41,-0.4,-1.67,1.52,-2.55,1.12,-1.43,-0.0,6982,3499,3483
1631102,TyTy Washington Jr.,2026,0.02,-0.16,-0.46,-0.68,0.25,-0.41,-0.14,-0.43,-0.6,-0.84,-1.44,0.0,338,167,171
1629028,Deandre Ayton,2026,-0.26,-0.51,-0.61,-0.62,0.23,0.32,-0.77,-0.39,-1.38,-0.07,-1.46,-0.01,8074,4031,4043
1642859,Jase Richardson,2026,-0.26,-0.27,-0.32,-0.44,0.25,-0.42,-0.53,-0.19,-0.85,-0.61,-1.46,0.0,2387,1192,1195
1642869,Noah Penda,2026,-0.63,-0.77,0.54,-0.22,-0.25,-0.14,-1.4,-0.47,-0.86,-0.61,-1.47,-0.0,3009,1500,1509
1629023,P.J. Washington,2026,-1.75,-0.0,0.02,0.63,-0.32,-0.06,-1.75,0.31,-1.73,0.25,-1.48,0.0,7293,3632,3661
1626166,Cameron Payne,2026,-0.75,-0.1,-0.53,0.12,-0.04,-0.19,-0.85,0.08,-1.38,-0.11,-1.49,-0.0,1570,784,786
1631451,Cooke,2026,-1.4,-0.3,-0.08,-0.02,0.31,-0.02,-1.7,0.29,-1.78,0.27,-1.51,0.0,392,192,200
1641730,Noah Clowney,2026,1.03,-0.36,-1.26,0.52,-0.7,-0.74,0.67,-0.18,-0.59,-0.92,-1.52,-0.01,7122,3562,3560
1631222,Jake LaRavia,2026,0.37,-0.42,0.2,-1.14,0.33,-0.88,-0.05,-0.81,0.15,-1.69,-1.53,0.01,8121,4051,4070
1628396,Tony Bradley,2026,-0.93,-0.14,0.28,-1.42,0.19,0.49,-1.07,-1.23,-0.79,-0.74,-1.54,-0.01,1683,842,841
200768,Kyle Lowry,2026,-0.81,0.08,-0.24,0.2,-0.11,-0.66,-0.73,0.09,-0.97,-0.57,-1.55,-0.01,473,238,235
1628365,Markelle Fultz,2026,-0.08,-0.17,-0.59,-0.32,-0.26,-0.14,-0.25,-0.58,-0.84,-0.72,-1.56,0.0,163,81,82
1642276,Kel'el Ware,2026,-1.62,-0.08,1.11,0.38,-0.43,-0.92,-1.7,-0.05,-0.59,-0.97,-1.57,-0.01,7155,3568,3587
1642273,Kyshawn George,2026,-1.16,-0.32,0.43,0.63,-0.18,-0.97,-1.48,0.45,-1.05,-0.52,-1.57,0.0,5815,2905,2910
1642882,Julian Reese,2026,0.05,-0.56,0.01,-0.8,-0.44,0.18,-0.51,-1.24,-0.5,-1.06,-1.57,-0.01,1604,800,804
1626204,Larry Nance Jr.,2026,-1.66,-0.12,-0.17,-0.4,0.54,0.25,-1.78,0.14,-1.95,0.39,-1.57,-0.01,1774,887,887
1629618,Jalen Pickett,2026,-1.34,0.62,-1.0,1.61,-0.61,-0.86,-0.72,1.0,-1.72,0.14,-1.58,0.0,3063,1541,1522
1626162,Kelly Oubre Jr.,2026,0.96,0.21,-0.73,-0.46,0.1,-1.66,1.17,-0.36,0.44,-2.02,-1.59,-0.01,6331,3160,3171
1642259,Alexandre Sarr,2026,-0.96,-0.05,-0.26,0.16,-0.28,-0.2,-1.01,-0.12,-1.27,-0.32,-1.59,0.0,5375,2676,2699
1642868,Carter Bryant,2026,-0.04,-0.48,-0.99,0.52,-0.16,-0.44,-0.52,0.36,-1.51,-0.08,-1.6,-0.01,3181,1575,1606
1629014,Anfernee Simons,2026,-0.98,0.69,0.45,-1.92,0.55,-0.39,-0.29,-1.37,0.16,-1.76,-1.6,0.0,5390,2709,2681
203897,Zach LaVine,2026,-0.5,-0.08,-0.17,-0.23,-0.2,-0.46,-0.58,-0.43,-0.75,-0.89,-1.63,0.01,5029,2515,2514
203952,Andrew Wiggins,2026,-0.66,0.39,-0.73,-0.11,0.39,-0.92,-0.27,0.28,-1.0,-0.64,-1.65,-0.01,8696,4352,4344
1630286,Trevon Scott,2026,-0.72,0.43,-0.5,-0.67,-0.18,0.0,-0.29,-0.85,-0.79,-0.85,-1.65,-0.01,630,314,316
1630322,Lindy Waters III,2026,-0.36,-0.18,-0.58,0.31,-0.34,-0.51,-0.54,-0.03,-1.12,-0.54,-1.66,0.0,1144,574,570
1641748,Andre Jackson Jr.,2026,-0.45,-0.79,-0.76,-0.73,0.87,0.19,-1.24,0.14,-2.0,0.33,-1.66,0.01,1498,754,744
1630175,Cole Anthony,2026,-0.97,-0.2,-0.47,-0.08,0.04,0.02,-1.17,-0.04,-1.64,-0.02,-1.66,0.0,2130,1062,1068
1629639,Tyler Herro,2026,0.23,0.83,-1.15,-0.39,-0.77,-0.42,1.06,-1.16,-0.09,-1.58,-1.67,0.0,4236,2117,2119
1641767,Ben Sheppard,2026,-2.04,0.41,0.2,-0.48,-0.4,0.64,-1.63,-0.88,-1.43,-0.24,-1.67,0.0,5751,2877,2874
1630578,Alperen Sengun,2026,0.39,-0.16,0.32,-1.45,0.42,-1.19,0.23,-1.03,0.55,-2.22,-1.68,-0.01,9374,4711,4663
1642269,Devin Carter,2026,-0.98,-0.09,0.15,-0.91,0.26,-0.14,-1.07,-0.65,-0.92,-0.79,-1.71,0.0,2723,1365,1358
1641755,Kevin McCullar Jr.,2026,-0.85,-0.04,-0.38,-0.11,-0.22,-0.12,-0.89,-0.33,-1.27,-0.45,-1.72,0.0,528,258,270
1642874,Danny Wolf,2026,-1.91,-0.78,0.11,0.57,-0.08,0.38,-2.69,0.49,-2.58,0.87,-1.72,-0.01,4652,2337,2315
1630592,Jalen Wilson,2026,-1.01,0.2,-0.11,-0.77,0.38,-0.43,-0.81,-0.39,-0.92,-0.82,-1.73,0.01,3284,1642,1642
1627742,Brandon Ingram,2026,-0.17,-0.4,-0.41,-1.28,-0.45,0.98,-0.57,-1.73,-0.98,-0.75,-1.73,0.0,10379,5190,5189
1630256,Jae'Sean Tate,2026,-1.6,-0.29,0.59,0.66,-0.27,-0.82,-1.89,0.39,-1.3,-0.43,-1.73,0.0,1456,716,740
1642502,Malevy Leons,2026,-0.28,-0.59,0.46,-0.67,0.04,-0.71,-0.87,-0.63,-0.41,-1.34,-1.75,0.0,1023,507,516
1630533,Ziaire Williams,2026,-0.89,-1.25,-0.63,-0.52,1.63,-0.1,-2.14,1.11,-2.77,1.01,-1.76,0.0,5185,2587,2598
1629234,Drew Eubanks,2026,-0.23,-0.1,-1.0,-0.16,0.38,-0.66,-0.33,0.22,-1.33,-0.44,-1.76,0.01,2270,1128,1142
1629673,Jordan Poole,2026,-1.15,-0.03,0.2,-0.5,-0.2,-0.13,-1.18,-0.7,-0.98,-0.83,-1.81,0.0,3943,1973,1970
201566,Russell Westbrook,2026,-0.24,-0.11,-0.18,-0.97,-0.22,-0.09,-0.35,-1.19,-0.53,-1.28,-1.81,0.0,7707,3853,3854
1626167,Myles Turner,2026,-0.62,-0.57,-1.61,0.22,-0.27,1.03,-1.19,-0.05,-2.8,0.98,-1.82,-0.0,8017,4013,4004
1628366,Lonzo Ball,2026,-1.17,-0.11,-0.84,-1.02,0.7,0.62,-1.28,-0.32,-2.12,0.3,-1.82,0.0,3083,1557,1526
1627827,Dorian Finney-Smith,2026,-1.06,-0.73,0.01,0.13,-0.23,0.05,-1.79,-0.1,-1.78,-0.05,-1.83,-0.0,2364,1184,1180
1642933,Gilbert,2026,-0.31,-0.13,-0.38,-0.49,-0.06,-0.45,-0.44,-0.55,-0.82,-1.0,-1.83,-0.01,191,97,94
1630811,Keaton Wallace,2026,-0.82,-0.22,-1.02,-0.14,0.09,0.28,-1.04,-0.05,-2.06,0.23,-1.84,-0.01,2037,1012,1025
1641707,Taylor Hendricks,2026,-0.51,-0.35,-0.6,-0.7,0.72,-0.43,-0.86,0.02,-1.46,-0.41,-1.87,0.0,4653,2316,2337
1641722,Jordan Hawkins,2026,-0.22,-0.13,-0.67,0.73,-0.51,-1.1,-0.35,0.22,-1.02,-0.88,-1.9,0.0,2738,1371,1367
1642873,Amari Williams,2026,-1.21,-0.74,-0.09,0.31,-0.24,0.06,-1.95,0.07,-2.04,0.13,-1.91,0.0,544,272,272
1627734,Domantas Sabonis,2026,-0.94,-0.2,0.4,-1.65,-0.28,0.76,-1.14,-1.93,-0.74,-1.17,-1.91,0.0,2352,1174,1178
1630623,Tyson Etienne,2026,-0.44,-0.06,-0.35,-0.26,0.0,-0.81,-0.5,-0.26,-0.85,-1.07,-1.92,0.0,1410,706,704
1630536,Sharife Cooper,2026,-0.62,0.29,-0.19,-0.97,0.11,-0.56,-0.33,-0.86,-0.52,-1.42,-1.94,0.0,2803,1401,1402
1641731,Bilal Coulibaly,2026,-0.72,-0.08,-0.08,-0.98,0.13,-0.22,-0.8,-0.85,-0.88,-1.07,-1.95,0.0,6118,3058,3060
203914,Gary Harris,2026,0.03,-0.87,-0.49,-2.1,0.56,0.91,-0.84,-1.54,-1.33,-0.63,-1.96,0.0,2592,1301,1291
1630610,DeJon Jarreau,2026,-0.33,-0.4,-0.56,-0.29,0.13,-0.5,-0.73,-0.16,-1.29,-0.66,-1.96,-0.01,957,475,482
1631104,Blake Wesley,2026,-0.5,-0.55,-0.43,0.18,0.33,-0.99,-1.05,0.51,-1.48,-0.48,-1.96,0.0,1518,755,763
1641723,Kobe Bufkin,2026,-0.39,0.15,-0.63,-0.36,-0.34,-0.4,-0.24,-0.7,-0.87,-1.1,-1.97,0.0,484,240,244
1642348,Justin Edwards,2026,1.07,-0.09,-1.32,-2.26,0.11,0.52,0.98,-2.15,-0.34,-1.63,-1.98,-0.01,3963,1979,1984
1642382,Branden Carlson,2026,-0.69,0.31,-0.36,-1.26,-0.34,0.36,-0.38,-1.6,-0.74,-1.24,-1.98,0.0,1829,912,917
1642261,Dalton Knecht,2026,-1.32,-0.09,-0.52,0.46,0.13,-0.65,-1.41,0.59,-1.93,-0.06,-1.98,0.01,2136,1062,1074
1631165,Keon Ellis,2026,-1.23,0.07,-0.3,-0.73,1.33,-1.12,-1.16,0.6,-1.46,-0.52,-1.98,0.0,5952,2987,2965
1630696,Dru Smith,2026,-2.24,-0.51,0.47,0.1,0.82,-0.62,-2.75,0.92,-2.28,0.3,-1.98,0.0,4872,2422,2450
1629012,Collin Sexton,2026,-0.11,-0.73,-0.48,0.58,-0.2,-1.04,-0.84,0.38,-1.32,-0.66,-1.99,-0.01,6586,3307,3279
1642905,Yang Hansen,2026,-0.65,-1.01,-0.56,0.45,-0.15,-0.07,-1.66,0.3,-2.22,0.23,-1.99,0.0,1250,623,627
1642355,Bronny James,2026,-0.01,-0.11,-0.84,-0.5,0.27,-0.84,-0.12,-0.23,-0.96,-1.07,-2.03,0.0,1400,698,702
1628975,Jevon Carter,2026,-0.98,0.55,0.01,-0.94,-0.16,-0.52,-0.43,-1.1,-0.42,-1.62,-2.04,0.0,3467,1741,1726
1641824,Matas Buzelis,2026,-0.13,-0.57,-0.69,0.15,-0.91,0.1,-0.7,-0.76,-1.39,-0.66,-2.05,0.0,9360,4678,4682
1631351,Lucas Williamson,2026,-0.47,0.27,-0.36,-1.34,0.08,-0.22,-0.2,-1.26,-0.56,-1.48,-2.05,-0.01,834,415,419
201145,Jeff Green,2026,-0.87,-0.23,0.14,-0.36,-0.3,-0.43,-1.1,-0.66,-0.96,-1.09,-2.05,0.0,595,300,295
1630526,Jeremiah Robinson-Earl,2026,-0.48,-0.03,0.04,-0.94,-0.17,-0.48,-0.51,-1.11,-0.47,-1.59,-2.06,-0.0,1524,761,763
1627747,Caris LeVert,2026,-2.1,-0.36,0.06,1.08,0.11,-0.85,-2.46,1.19,-2.4,0.34,-2.06,-0.0,4769,2385,2384
1642258,Zaccharie Risacher,2026,-2.05,-0.19,0.31,-0.9,0.07,0.68,-2.24,-0.83,-1.93,-0.15,-2.08,-0.0,6306,3145,3161
1626192,Pat Connaughton,2026,-2.09,-0.54,-0.22,0.54,0.13,0.1,-2.63,0.67,-2.85,0.77,-2.08,0.0,1139,569,570
1642849,Nolan Traore,2026,-0.38,0.12,-0.06,-1.6,-0.13,-0.04,-0.26,-1.73,-0.32,-1.77,-2.09,0.0,4929,2456,2473
1642265,Rob Dillingham,2026,-1.4,-0.69,-0.26,1.4,0.19,-1.34,-2.09,1.59,-2.35,0.25,-2.1,-0.0,3972,1987,1985
1641750,Ryan Kalkbrenner,2026,-1.25,-0.94,-0.73,1.6,-0.87,0.08,-2.19,0.73,-2.92,0.81,-2.11,0.0,6018,3026,2992
1642367,Jonathan Mogbo,2026,-1.25,-0.44,-0.49,0.23,0.25,-0.41,-1.69,0.48,-2.18,0.07,-2.12,-0.01,991,495,496
1641727,Dariq Whitehead,2026,-1.21,0.06,-0.03,-0.54,-0.11,-0.29,-1.15,-0.65,-1.18,-0.94,-2.12,0.0,631,313,318
1629631,De'Andre Hunter,2026,-1.19,-0.38,0.0,-0.63,0.12,-0.04,-1.57,-0.51,-1.57,-0.55,-2.13,-0.01,4932,2477,2455
1629027,Trae Young,2026,0.51,0.23,-0.15,-1.45,0.02,-1.31,0.74,-1.43,0.59,-2.74,-2.15,0.0,1676,843,833
1631218,Trayce Jackson-Davis,2026,-1.27,-1.21,0.69,-0.17,0.17,-0.37,-2.48,0.0,-1.79,-0.37,-2.16,0.0,2016,1002,1014
1630191,Isaiah Stewart,2026,-0.59,0.12,-0.27,0.09,-0.55,-0.98,-0.47,-0.46,-0.74,-1.44,-2.18,0.0,5181,2587,2594
1631126,Caleb Love,2026,-0.93,0.09,-0.49,-0.53,-0.06,-0.27,-0.84,-0.59,-1.33,-0.86,-2.19,0.0,4187,2099,2088
1627824,Guerschon Yabusele,2026,0.1,-0.41,-1.36,-0.09,-0.01,-0.44,-0.31,-0.1,-1.67,-0.54,-2.21,0.0,4212,2108,2104
1641715,Cam Whitmore,2026,-0.1,-0.29,-0.34,-0.78,-0.0,-0.72,-0.39,-0.78,-0.73,-1.5,-2.23,0.0,1501,741,760
1641729,Brice Sensabaugh,2026,1.0,-0.05,-1.16,-1.64,-0.03,-0.36,0.95,-1.67,-0.21,-2.03,-2.24,-0.0,7436,3718,3718
1631213,Tyrese Martin,2026,-1.68,0.29,0.07,-1.14,0.16,0.06,-1.39,-0.98,-1.32,-0.92,-2.24,-0.0,3037,1517,1520
1627741,Buddy Hield,2026,0.36,-0.29,-1.06,-0.25,0.76,-1.76,0.07,0.51,-0.99,-1.25,-2.24,0.0,3318,1660,1658
1628997,Caleb Martin,2026,-0.96,-0.38,-0.91,-0.29,0.19,0.1,-1.34,-0.1,-2.25,0.0,-2.25,0.0,3596,1792,1804
1641718,Keyonte George,2026,0.59,0.13,0.35,-1.79,-1.07,-0.46,0.72,-2.86,1.07,-3.32,-2.25,0.0,7529,3760,3769
1642383,Walter Clayton Jr.,2026,0.22,-0.18,0.54,-1.35,-0.09,-1.41,0.04,-1.44,0.58,-2.85,-2.27,0.0,5894,2942,2952
1642880,Kam Jones,2026,0.75,-0.69,-1.15,-0.56,-0.23,-0.41,0.06,-0.79,-1.09,-1.2,-2.29,0.0,2382,1187,1195
1626145,Tyus Jones,2026,-1.79,0.71,-0.99,0.02,-0.12,-0.14,-1.08,-0.1,-2.07,-0.24,-2.31,0.0,3910,1958,1952
1628398,Kyle Kuzma,2026,-0.03,0.46,-1.33,-0.35,-0.53,-0.54,0.43,-0.88,-0.9,-1.42,-2.32,0.0,7314,3656,3658
1631108,Max Christie,2026,-1.24,-0.1,-0.4,0.17,-0.78,0.0,-1.34,-0.61,-1.74,-0.61,-2.35,0.0,9319,4653,4666
203110,Draymond Green,2026,-0.28,-0.7,-1.04,-0.2,-0.42,0.25,-0.98,-0.62,-2.02,-0.37,-2.39,0.0,7676,3836,3840
1630579,Jericho Sims,2026,1.12,-1.21,0.04,-1.75,-0.64,0.03,-0.09,-2.39,-0.05,-2.36,-2.41,0.0,5041,2512,2529
101108,Chris Paul,2026,-1.28,-0.5,-0.05,-0.61,0.29,-0.27,-1.78,-0.32,-1.83,-0.59,-2.42,0.0,904,447,457
1628502,Nigel Hayes,2026,-1.28,-0.82,0.17,-0.28,-0.04,-0.18,-2.1,-0.32,-1.93,-0.5,-2.43,0.0,776,382,394
1629021,Moritz Wagner,2026,-0.42,0.26,-0.99,-1.29,-0.39,0.39,-0.16,-1.68,-1.15,-1.29,-2.44,0.0,1742,867,875
1626171,Bobby Portis,2026,-0.76,0.53,-0.37,-0.55,-0.73,-0.58,-0.23,-1.28,-0.6,-1.86,-2.46,0.0,6435,3210,3225
1630557,Corey Kispert,2026,-1.63,0.34,-0.23,-0.42,-0.58,0.04,-1.29,-1.0,-1.52,-0.96,-2.48,-0.0,4349,2171,2178
1643253,Toby Okani,2026,-1.28,0.16,-0.18,-0.83,-0.02,-0.37,-1.12,-0.85,-1.3,-1.22,-2.52,0.0,774,383,391
1630208,Nick Richards,2026,0.05,-1.1,0.02,0.57,-0.88,-1.21,-1.05,-0.31,-1.03,-1.52,-2.54,0.01,2893,1445,1448
1641765,Olivier-Maxence Prosper,2026,0.52,-0.28,-0.81,-1.1,0.7,-1.58,0.24,-0.4,-0.57,-1.98,-2.55,0.0,4136,2058,2078
1642852,Derik Queen,2026,1.26,-0.28,-1.03,-1.63,-0.17,-0.7,0.98,-1.8,-0.05,-2.5,-2.55,0.0,8303,4147,4156
1643007,Taelon Peter,2026,-0.33,-0.66,-0.79,-0.74,-0.02,-0.04,-0.99,-0.76,-1.78,-0.8,-2.58,0.0,1933,971,962
1630192,Zeke Nnaji,2026,-0.66,-0.69,-0.59,0.45,-0.17,-0.93,-1.35,0.28,-1.94,-0.65,-2.6,-0.01,2396,1186,1210
1642847,Jeremiah Fears,2026,-1.27,-0.23,0.56,-1.36,0.03,-0.41,-1.5,-1.33,-0.94,-1.74,-2.67,0.01,8646,4335,4311
1631174,Tyler Burton,2026,-1.0,-0.06,-0.75,-0.34,0.1,-0.62,-1.06,-0.24,-1.81,-0.86,-2.67,0.0,1282,641,641
1643016,Bez Mbeng,2026,-0.5,-0.13,-0.91,-1.04,0.15,-0.27,-0.63,-0.89,-1.54,-1.16,-2.7,0.0,1942,967,975
1630560,Cam Thomas,2026,-0.18,0.26,0.74,-2.12,-0.62,-0.79,0.08,-2.74,0.82,-3.53,-2.71,0.0,3423,1717,1706
1631342,Daeqwon Plowden,2026,-1.06,0.15,0.39,-2.37,0.01,0.16,-0.91,-2.36,-0.52,-2.2,-2.72,0.0,3354,1677,1677
1631110,Jeremy Sochan,2026,-0.62,-0.91,-0.58,-0.83,0.66,-0.49,-1.53,-0.17,-2.11,-0.66,-2.77,-0.0,1915,956,959
201942,DeMar DeRozan,2026,0.52,0.15,-0.81,-2.31,-0.45,0.13,0.67,-2.76,-0.14,-2.63,-2.77,0.0,9886,4954,4932
1629162,Jordan McLaughlin,2026,-0.59,-0.65,-0.68,-0.91,0.19,-0.17,-1.24,-0.72,-1.92,-0.89,-2.81,0.0,1129,565,564
203926,Doug McDermott,2026,-1.24,-0.21,-0.4,-0.36,0.09,-0.71,-1.45,-0.27,-1.85,-0.98,-2.83,0.0,1684,846,838
1641774,Tristan Vukcevic,2026,-0.14,-0.4,-1.18,0.36,-0.25,-1.22,-0.54,0.11,-1.72,-1.11,-2.83,0.0,2776,1389,1387
203114,Khris Middleton,2026,-0.37,0.44,-0.43,-1.57,-0.37,-0.6,0.07,-1.94,-0.36,-2.54,-2.9,0.0,6022,3018,3004
1630570,Trendon Watford,2026,-0.56,-0.59,-0.54,-0.36,-0.41,-0.49,-1.15,-0.77,-1.69,-1.26,-2.95,0.0,3542,1764,1778
1642942,Jahmai Mashack,2026,-0.99,-0.37,-0.2,-1.27,0.44,-0.61,-1.36,-0.83,-1.56,-1.44,-3.01,-0.01,2667,1329,1338
1642262,Cody Williams,2026,0.66,-0.13,-1.73,-2.14,0.23,0.07,0.53,-1.91,-1.2,-1.84,-3.05,-0.01,6793,3391,3402
1630545,Terrence Shannon Jr.,2026,-0.16,0.07,-0.12,-2.55,-0.23,-0.07,-0.09,-2.78,-0.21,-2.85,-3.06,-0.0,2040,1021,1019
1642964,Brooks Barnhizer,2026,-1.71,-0.16,-0.43,-0.36,0.08,-0.51,-1.87,-0.28,-2.3,-0.79,-3.09,0.0,1307,649,658
1630171,Isaac Okoro,2026,0.59,0.07,-0.55,-1.63,-1.07,-0.53,0.66,-2.7,0.11,-3.23,-3.12,0.0,7112,3553,3559
203482,Kelly Olynyk,2026,-1.37,-0.48,-0.64,-0.54,-0.33,0.14,-1.85,-0.87,-2.49,-0.73,-3.22,0.0,1458,738,720
202687,Bismack Biyombo,2026,-0.26,-0.68,-0.66,-1.22,-0.15,-0.34,-0.94,-1.37,-1.6,-1.71,-3.31,0.0,541,269,272
1628971,Bruce Brown,2026,-1.54,-0.19,-0.76,-0.7,-0.64,0.32,-1.73,-1.34,-2.49,-1.02,-3.51,0.0,7946,3959,3987
1642879,Ben Saraf,2026,-1.46,-1.03,0.01,-1.47,0.45,-0.05,-2.49,-1.02,-2.48,-1.07,-3.55,0.0,3589,1797,1792
1642846,Ace Bailey,2026,-1.95,0.38,-0.41,-0.69,-0.21,-0.72,-1.57,-0.9,-1.98,-1.62,-3.6,-0.0,8307,4158,4149
1626220,Royce O'Neale,2026,0.09,-0.47,-1.59,-0.33,-0.34,-1.03,-0.38,-0.67,-1.97,-1.7,-3.67,0.0,9226,4628,4598
1630264,Anthony Gill,2026,-0.45,-0.44,-0.71,-2.37,0.27,0.03,-0.89,-2.1,-1.6,-2.07,-3.67,0.0,3837,1911,1926
1631172,Ousmane Dieng,2026,-1.08,-0.38,-0.52,-1.62,-0.7,0.63,-1.46,-2.32,-1.98,-1.69,-3.67,0.0,4247,2122,2125
1629614,Andrew Nembhard,2026,-0.85,0.21,-1.04,-0.96,-0.78,-0.28,-0.64,-1.74,-1.68,-2.02,-3.69,0.01,7418,3707,3711
1642860,Will Riley,2026,-0.42,-0.3,-0.45,-1.66,-0.39,-0.5,-0.72,-2.05,-1.17,-2.55,-3.72,0.0,6556,3279,3277
1642380,Adama Bal,2026,-0.79,-0.26,-0.82,-1.37,0.0,-0.59,-1.05,-1.37,-1.87,-1.96,-3.83,0.0,1038,517,521
1642875,Maxime Raynaud,2026,-0.78,0.55,-1.46,-0.95,-1.37,0.09,-0.23,-2.32,-1.69,-2.23,-3.92,0.0,7883,3940,3943
1641716,Jarace Walker,2026,-0.75,-0.5,-0.98,-0.6,-0.66,-0.47,-1.25,-1.26,-2.23,-1.73,-3.96,0.0,8112,4054,4058
1641738,Kobe Brown,2026,0.52,-1.15,-0.34,-2.19,-0.65,-0.2,-0.63,-2.84,-0.97,-3.04,-4.01,0.0,3729,1865,1864
1629651,Nicolas Claxton,2026,-1.23,-0.11,-1.03,-0.47,-0.8,-0.49,-1.34,-1.27,-2.37,-1.76,-4.13,0.0,7696,3847,3849
1630172,Patrick Williams,2026,-2.72,-0.67,-0.54,-0.97,0.13,0.23,-3.39,-0.84,-3.93,-0.61,-4.55,-0.01,6360,3172,3188
1629018,Gary Trent Jr.,2026,0.13,-0.4,-1.64,-2.29,-0.1,-0.5,-0.27,-2.39,-1.91,-2.89,-4.8,0.0,5531,2764,2767
1630544,Tre Mann,2026,-2.08,-0.69,-0.24,-1.79,-0.01,-0.01,-2.77,-1.8,-3.01,-1.81,-4.82,-0.0,2598,1301,1297
1642962,Drake Powell,2026,-1.11,-0.71,-2.3,0.44,-0.21,-0.95,-1.82,0.23,-4.12,-0.72,-4.83,0.01,5132,2560,2572
1642267,Carlton Carrington,2026,-1.31,-0.29,-0.67,-1.52,-0.62,-0.56,-1.6,-2.14,-2.27,-2.7,-4.97,0.0,9331,4653,4678
1642268,Isaiah Collier,2026,-0.31,0.05,-1.5,-2.7,0.36,-0.9,-0.26,-2.34,-1.76,-3.24,-5.0,0.0,6401,3199,3202
1641712,Rayan Rupert,2026,-3.16,-0.7,0.17,-0.73,0.34,-1.21,-3.86,-0.39,-3.69,-1.6,-5.29,0.0,4263,2134,2129
