player_id,player_name,Latest_Year,oTS,oFT,oTOV,oTOV_bp,oTOV_sc,oREB,dTS,dFT,dTOV,dTOV_bp,dTOV_sc,dREB,off,def,net_rapm,RESID,o_sc,o_fc,d_sc,d_fc,o_pval,d_pval,possessions,off_poss,def_poss
1641705,Victor Wembanyama,2026,2.13,0.32,0.04,0.03,0.01,-0.05,3.01,0.08,0.07,0.34,-0.27,0.71,2.12,3.7,5.82,-0.09,0.06,2.06,0.48,3.22,-0.01,0.78,6341,3190,3151
1628983,Shai Gilgeous-Alexander,2026,3.1,1.1,2.06,0.98,1.08,-1.44,1.53,-0.29,0.61,0.16,0.46,-0.28,3.92,1.44,5.36,-0.22,-1.07,4.99,-0.22,1.66,0.62,0.33,7968,3975,3993
1628401,Derrick White,2026,0.04,-0.19,0.68,0.39,0.29,0.35,2.85,0.2,0.35,0.04,0.31,0.5,1.21,3.79,5.0,0.23,0.22,0.99,0.49,3.3,1.03,0.85,8577,4284,4293
203999,Nikola Jokic,2026,3.59,0.83,0.13,-0.65,0.77,-0.09,-0.38,0.0,-0.13,0.07,-0.2,1.2,4.09,0.71,4.79,0.47,0.26,3.83,1.2,-0.49,0.04,1.07,7748,3887,3861
202695,Kawhi Leonard,2026,1.98,0.35,1.0,0.48,0.52,-0.02,0.83,0.41,0.31,0.35,-0.04,0.21,3.08,1.48,4.56,0.25,0.2,2.88,0.67,0.81,0.98,0.52,6858,3430,3428
1630595,Cade Cunningham,2026,1.49,0.47,0.47,0.09,0.38,0.99,0.62,-0.07,0.33,-0.2,0.52,0.75,2.67,1.7,4.36,-0.29,0.52,2.15,0.67,1.03,1.46,1.08,8512,4269,4243
203935,Marcus Smart,2026,2.22,0.19,0.44,0.08,0.35,-0.7,0.25,-0.09,0.86,0.16,0.7,0.99,1.89,2.28,4.17,0.11,-0.79,2.68,0.8,1.48,-0.26,1.85,6659,3328,3331
1628378,Donovan Mitchell,2026,2.57,0.33,0.72,0.15,0.57,-0.22,-0.09,-0.32,0.23,0.3,-0.08,0.6,3.47,0.59,4.05,0.24,0.29,3.18,0.13,0.46,0.5,0.83,8359,4191,4168
1630577,Julian Champagnie,2026,1.95,0.29,0.65,0.28,0.37,-0.13,0.99,0.63,0.23,0.34,-0.1,0.67,2.38,1.62,4.0,-0.36,0.22,2.16,0.1,1.52,0.52,0.9,7997,4021,3976
1631096,Chet Holmgren,2026,0.86,-0.03,-0.1,0.2,-0.3,-0.04,2.18,0.41,-0.27,-0.09,-0.17,0.84,0.61,3.31,3.92,0.45,0.37,0.24,0.57,2.74,-0.14,0.57,7117,3544,3573
1627936,Alex Caruso,2026,1.01,0.43,0.65,-0.06,0.71,-0.65,0.62,-0.22,1.57,0.55,1.03,0.56,1.45,2.47,3.92,0.16,-0.06,1.51,0.32,2.15,0.0,2.13,3548,1766,1782
202710,Jimmy Butler,2026,1.71,0.9,0.67,0.28,0.39,-0.07,1.04,0.14,-0.08,0.12,-0.2,0.46,2.81,1.06,3.87,0.14,0.27,2.54,0.38,0.68,0.6,0.38,4987,2494,2493
1642349,Ajay Mitchell,2026,1.29,0.45,0.77,0.38,0.39,-0.87,0.87,-0.23,1.09,0.53,0.56,0.66,1.35,2.4,3.75,-0.06,-0.65,2.0,0.6,1.8,-0.1,1.75,5134,2576,2558
1642864,Hugo González,2026,0.44,-0.33,-0.05,0.49,-0.53,1.05,1.41,0.02,0.9,0.38,0.52,0.01,1.57,2.02,3.59,-0.17,1.44,0.13,-0.14,2.16,1.0,0.91,3723,1848,1875
1629001,De'Anthony Melton,2026,1.94,0.15,0.47,0.09,0.38,0.32,0.22,-0.01,0.81,0.74,0.05,-0.35,2.85,0.59,3.44,0.03,1.12,1.73,0.03,0.56,0.79,0.46,3428,1723,1705
1628978,Donte DiVincenzo,2026,1.94,-0.32,-0.15,-0.13,-0.04,0.09,1.49,-0.01,-0.01,0.18,-0.18,-0.24,1.89,1.55,3.43,0.31,0.28,1.61,-0.49,2.04,-0.06,-0.25,8963,4496,4467
1630182,Josh Green,2026,1.16,0.14,-0.27,-0.18,-0.1,1.06,1.29,0.02,0.31,0.05,0.26,0.01,1.77,1.62,3.39,-0.17,0.27,1.5,0.52,1.1,0.79,0.32,2831,1423,1408
1628389,Bam Adebayo,2026,0.76,0.49,0.53,0.65,-0.11,0.17,-0.06,0.3,0.4,0.09,0.33,1.7,1.47,1.89,3.36,-0.14,0.37,1.1,1.61,0.28,0.7,2.1,8247,4117,4130
1641708,Amen Thompson,2026,-0.28,-0.12,-0.08,-0.14,0.06,1.8,1.58,0.08,0.03,0.35,-0.33,0.41,1.42,1.93,3.35,-0.11,0.46,0.96,0.61,1.32,1.72,0.44,9338,4658,4680
1630170,Devin Vassell,2026,2.6,0.08,0.18,0.25,-0.08,-0.41,1.19,0.14,-0.4,-0.12,-0.27,-0.41,2.38,0.81,3.2,0.45,-0.38,2.76,-0.24,1.05,-0.23,-0.81,7174,3592,3582
1631217,Moussa Diabate,2026,1.41,0.06,-0.22,0.01,-0.22,1.75,0.16,0.09,0.34,-0.04,0.36,-0.08,2.95,0.19,3.15,-0.21,1.86,1.09,-0.08,0.27,1.53,0.26,6016,3001,3015
1630188,Jalen Smith,2026,1.15,-0.26,0.22,0.48,-0.27,0.15,0.73,0.04,-0.6,-0.6,0.0,0.63,2.31,0.79,3.09,0.81,0.32,1.99,0.3,0.49,0.37,0.03,4246,2117,2129
1626164,Devin Booker,2026,1.55,0.81,-0.59,-0.13,-0.47,0.66,0.69,-0.33,0.53,0.14,0.39,-0.04,1.62,1.43,3.04,0.24,0.95,0.67,0.42,1.01,0.07,0.49,7053,3532,3521
1628374,Lauri Markkanen,2026,0.49,0.4,-0.49,-0.22,-0.28,0.82,1.39,0.06,-0.14,0.2,-0.33,0.59,1.12,1.85,2.98,0.32,0.38,0.74,0.35,1.5,0.33,0.45,6129,3086,3043
203507,Giannis Antetokounmpo,2026,2.24,-0.08,0.03,0.08,-0.05,0.01,0.3,-0.04,-0.57,-0.65,0.08,0.02,2.97,-0.02,2.95,0.92,0.16,2.81,0.41,-0.43,0.04,-0.55,4361,2178,2183
1630700,Dyson Daniels,2026,1.2,-0.21,0.75,0.41,0.34,-0.59,0.53,-0.0,1.4,0.7,0.7,-0.46,1.55,1.38,2.93,0.1,-0.07,1.62,-0.08,1.46,0.16,0.94,8981,4474,4507
1630163,LaMelo Ball,2026,1.43,-0.32,0.57,-0.28,0.85,1.04,-0.8,-0.15,-0.17,-0.17,0.0,0.05,3.76,-0.84,2.92,0.8,2.02,1.74,-0.44,-0.4,1.61,-0.12,6439,3243,3196
203932,Aaron Gordon,2026,-0.23,0.04,1.23,0.61,0.62,-0.27,1.85,0.12,-0.44,-0.13,-0.31,0.39,0.76,2.07,2.83,0.3,-0.25,1.01,0.21,1.86,0.96,-0.05,3016,1511,1505
1630591,Jalen Suggs,2026,0.92,0.18,0.48,0.23,0.25,-0.66,0.14,-0.53,1.18,0.09,1.09,0.75,0.66,2.15,2.82,0.01,-1.2,1.86,1.37,0.78,-0.18,1.93,4714,2357,2357
1642345,Oso Ighodaro,2026,-0.28,-0.72,0.78,0.14,0.63,0.02,0.99,-0.68,0.82,0.44,0.36,0.36,0.51,2.12,2.62,-0.07,0.2,0.31,0.32,1.8,0.8,1.18,5571,2782,2789
1630558,Davion Mitchell,2026,0.9,-0.19,0.73,0.24,0.49,-0.72,1.35,0.14,-0.43,-0.3,-0.13,0.39,0.92,1.6,2.52,0.3,-0.58,1.5,0.21,1.39,0.01,-0.04,7036,3510,3526
1641744,Zach Edey,2026,0.05,-0.16,-0.33,0.06,-0.39,0.05,1.46,0.34,-0.04,-0.09,0.05,0.89,0.02,2.49,2.51,0.43,0.06,-0.04,0.73,1.76,-0.28,0.85,1160,584,576
1631105,Jalen Duren,2026,-0.19,-0.11,0.23,0.04,0.19,1.24,0.36,-0.27,1.04,0.16,0.88,-0.01,0.89,1.59,2.48,-0.19,0.61,0.28,-0.4,1.99,1.47,1.03,6421,3215,3206
1629661,Cameron Johnson,2026,1.67,-0.04,0.19,-0.13,0.33,0.39,-0.22,0.02,-0.21,-0.1,-0.1,0.54,2.43,0.05,2.48,0.12,0.5,1.93,0.08,-0.03,0.58,0.33,5451,2728,2723
1629674,Neemias Queta,2026,-0.84,-0.61,0.33,0.3,0.03,0.36,2.35,0.52,0.08,0.34,-0.27,0.5,-0.16,2.62,2.46,-0.32,0.27,-0.43,0.27,2.35,0.69,0.58,6096,3045,3051
1628384,OG Anunoby,2026,1.26,-0.04,-0.14,-0.15,0.01,-0.21,0.68,0.29,0.29,0.27,0.01,0.98,0.89,1.56,2.45,-0.41,-0.19,1.08,0.74,0.82,-0.35,1.27,7251,3637,3614
1631221,Collin Gillespie,2026,0.31,-0.72,0.14,0.28,-0.14,-0.13,-0.04,0.12,0.6,0.16,0.46,0.56,0.82,1.5,2.32,0.88,-0.04,0.86,0.68,0.82,0.01,1.16,7672,3838,3834
1630540,Miles McBride,2026,-0.1,0.23,0.95,0.76,0.19,0.9,-0.24,-0.25,0.23,0.48,-0.25,0.1,2.45,-0.26,2.2,0.36,1.71,0.74,0.01,-0.27,1.85,0.33,3782,1897,1885
1630567,Scottie Barnes,2026,-0.38,0.11,0.46,-0.13,0.58,0.28,1.19,0.01,0.55,0.03,0.51,-0.14,0.65,1.55,2.2,0.24,0.93,-0.28,-0.29,1.84,0.74,0.41,9217,4620,4597
1626157,Karl-Anthony Towns,2026,1.14,0.18,0.22,0.11,0.11,0.09,-0.2,-0.01,0.14,0.1,0.04,0.72,1.69,0.47,2.16,0.05,0.28,1.41,0.06,0.41,0.31,0.86,7917,3974,3943
1641706,Brandon Miller,2026,0.68,0.28,-0.7,-0.09,-0.61,0.83,1.59,0.1,-0.79,-0.2,-0.6,0.48,0.9,1.24,2.14,0.05,0.49,0.41,0.59,0.65,0.13,-0.31,6094,3069,3025
203954,Joel Embiid,2026,2.42,0.62,0.53,0.49,0.04,-0.66,0.12,-0.08,-0.44,0.33,-0.77,-0.2,2.32,-0.32,2.0,0.23,0.06,2.26,-0.22,-0.1,-0.13,-0.64,4214,2120,2094
1629684,Grant Williams,2026,0.8,0.15,-1.01,-0.47,-0.54,1.01,0.56,-0.11,-0.09,-0.01,-0.08,0.24,1.09,0.87,1.96,0.45,0.31,0.78,0.3,0.57,0.0,0.15,1819,914,905
203500,Steven Adams,2026,-0.72,-0.04,-0.76,-0.19,-0.58,1.69,1.67,0.24,-0.61,-0.04,-0.59,0.58,0.07,1.84,1.91,0.06,0.58,-0.51,0.44,1.4,0.93,-0.03,2870,1443,1427
1629731,Dean Wade,2026,0.39,-0.25,0.23,0.25,-0.01,0.27,0.57,-0.21,-0.23,-0.01,-0.23,0.51,0.94,0.95,1.89,0.15,0.0,0.94,0.39,0.56,0.5,0.28,4895,2436,2459
1631128,Christian Braun,2026,0.02,0.28,0.19,-0.13,0.32,-0.04,1.1,0.22,-0.08,0.42,-0.49,0.68,0.38,1.48,1.86,-0.01,0.49,-0.11,0.34,1.14,0.15,0.6,4211,2111,2100
1630217,Desmond Bane,2026,0.27,0.66,0.44,0.05,0.39,-0.12,0.4,0.0,0.09,-0.1,0.18,0.75,0.85,1.01,1.86,0.03,0.18,0.67,0.57,0.44,0.32,0.84,9159,4573,4586
1630573,Sam Hauser,2026,0.78,-0.34,1.01,0.52,0.51,-0.13,0.07,0.01,-0.48,-0.56,0.08,0.6,1.94,-0.15,1.79,-0.06,0.16,1.78,0.32,-0.47,0.88,0.12,6209,3108,3101
1630559,Austin Reaves,2026,1.03,0.81,-0.23,0.06,-0.29,-0.59,0.24,0.07,0.4,0.04,0.36,0.38,0.7,1.06,1.76,0.53,-0.64,1.34,0.51,0.55,-0.82,0.78,5837,2908,2929
1629011,Mitchell Robinson,2026,-1.08,-0.67,-0.49,-0.22,-0.28,1.96,0.5,-0.01,0.21,-0.04,0.25,-0.05,1.07,0.65,1.72,0.67,1.86,-0.79,0.35,0.3,1.47,0.16,3828,1904,1924
203468,CJ McCollum,2026,-0.57,-0.08,0.33,0.23,0.1,0.23,2.16,0.2,-0.65,-0.36,-0.29,-0.42,0.42,1.29,1.71,0.63,-0.15,0.57,-0.33,1.62,0.56,-1.07,7645,3836,3809
1642844,Dylan Harper,2026,0.05,-0.04,0.22,0.41,-0.19,0.61,0.43,-0.22,-0.1,0.13,-0.23,0.69,0.51,1.19,1.7,-0.2,0.93,-0.42,1.42,-0.23,0.83,0.59,5000,2503,2497
1630596,Evan Mobley,2026,0.12,-0.3,0.35,0.18,0.18,-0.21,0.92,0.04,-0.31,-0.16,-0.16,0.54,0.43,1.27,1.69,0.28,-0.45,0.88,0.94,0.33,0.14,0.23,7069,3536,3533
1628392,Isaiah Hartenstein,2026,-0.72,-0.45,-0.4,-0.23,-0.18,1.1,0.36,0.25,0.92,0.38,0.55,0.44,0.09,1.57,1.66,-0.04,0.91,-0.82,0.34,1.23,0.7,1.36,4021,2008,2013
1630241,Sam Merrill,2026,0.6,-0.13,0.25,-0.05,0.32,0.1,1.18,-0.2,-0.1,-0.52,0.42,-0.56,0.89,0.72,1.62,0.15,0.45,0.44,-0.2,0.92,0.35,-0.66,4597,2311,2286
1629750,Javonte Green,2026,0.53,0.17,-1.53,-0.81,-0.72,0.77,0.4,-0.25,2.34,0.96,1.38,-0.81,-0.1,1.69,1.59,-0.11,-0.24,0.14,-0.65,2.34,-0.76,1.53,5068,2534,2534
1641709,Ausar Thompson,2026,-0.08,-0.48,-0.68,-0.27,-0.42,1.27,0.62,0.02,0.81,0.4,0.4,0.18,0.26,1.33,1.59,-0.53,0.82,-0.56,0.49,0.84,0.59,0.99,6003,2982,3021
1642907,Cedric Coward,2026,1.13,0.7,-0.43,-0.22,-0.22,0.21,1.42,0.14,-0.55,-0.04,-0.51,-0.05,0.94,0.62,1.56,-0.17,0.04,0.9,-0.19,0.81,-0.22,-0.6,5783,2892,2891
1631111,Wendell Moore Jr.,2026,0.78,-0.1,0.38,0.18,0.22,-0.2,0.2,0.06,0.33,0.27,0.05,-0.02,0.9,0.66,1.56,0.09,-0.39,1.29,-0.03,0.69,0.18,0.31,287,144,143
1642419,Jamison Battle,2026,0.84,0.11,0.1,0.09,0.03,-0.12,1.16,-0.3,-0.13,-0.48,0.35,-0.06,0.61,0.92,1.53,-0.26,-0.07,0.68,0.09,0.83,-0.02,-0.19,1690,850,840
201950,Jrue Holiday,2026,0.39,-0.24,-0.15,-0.47,0.32,0.17,0.25,0.26,0.92,0.07,0.87,0.13,0.18,1.36,1.53,-0.18,0.09,0.09,0.07,1.29,0.02,1.05,4764,2380,2384
203939,Dwight Powell,2026,0.55,0.01,0.23,0.32,-0.09,-0.16,0.12,0.27,0.38,0.03,0.35,0.47,0.64,0.89,1.53,-0.06,-0.12,0.76,0.21,0.68,0.07,0.85,2925,1475,1450
203991,Clint Capela,2026,-1.09,-0.59,-0.0,-0.01,0.01,0.84,1.41,0.27,0.09,-0.27,0.36,0.28,-0.35,1.8,1.45,-0.08,0.88,-1.23,0.23,1.57,0.84,0.37,3023,1517,1506
1627750,Jamal Murray,2026,2.92,0.67,0.87,0.25,0.62,-0.45,-1.47,-0.02,-1.44,-0.53,-0.91,0.59,3.65,-2.22,1.43,0.41,-0.21,3.86,-0.23,-1.99,0.42,-0.85,9139,4570,4569
1630692,Jordan Goodwin,2026,-0.47,-0.13,-0.23,0.24,-0.47,1.49,-0.72,-0.67,1.3,0.25,1.05,0.04,1.09,0.33,1.42,0.01,1.64,-0.55,0.37,-0.04,1.26,1.34,5020,2516,2504
1641740,Jaylen Clark,2026,-1.15,0.16,0.49,0.34,0.15,0.29,1.24,0.12,0.25,0.07,0.2,-0.22,0.18,1.24,1.42,0.52,0.55,-0.37,-0.44,1.68,0.78,0.03,2987,1476,1511
1630178,Tyrese Maxey,2026,-0.39,0.43,0.85,0.65,0.2,0.31,0.3,-0.14,0.65,0.49,0.16,-0.88,0.99,0.34,1.32,0.48,0.47,0.52,-0.44,0.78,1.16,-0.23,9998,5014,4984
1629008,Michael Porter Jr.,2026,1.26,-0.06,0.19,-0.24,0.43,0.22,-0.78,-0.26,-0.1,0.03,-0.13,0.0,1.74,-0.45,1.29,0.5,0.25,1.49,-0.1,-0.35,0.41,-0.1,7009,3523,3486
1642928,Dylan Cardwell,2026,-0.82,-0.05,-0.43,-0.28,-0.15,1.0,0.72,-0.02,0.38,0.26,0.13,-0.01,0.07,1.2,1.27,0.43,0.97,-0.9,0.64,0.56,0.57,0.37,2496,1251,1245
1631119,Jaylin Williams,2026,0.29,0.34,0.03,0.23,-0.2,-1.3,1.9,0.07,0.05,0.12,-0.07,0.18,-0.65,1.91,1.26,0.11,-0.82,0.17,0.09,1.82,-1.27,0.23,4536,2262,2274
1642274,Yves Missi,2026,-1.73,-0.54,0.08,0.08,0.0,2.1,-0.11,0.13,0.22,0.36,-0.13,-0.1,0.48,0.78,1.25,0.79,1.69,-1.21,1.46,-0.68,2.18,0.12,4483,2256,2227
1627884,Derrick Jones Jr.,2026,0.86,0.06,0.53,0.25,0.28,-0.36,-0.07,0.02,0.38,0.2,0.18,-0.24,1.07,0.17,1.24,0.14,0.0,1.07,-0.39,0.56,0.17,0.14,3838,1924,1914
1629004,Svi Mykhailiuk,2026,0.57,0.03,0.0,-0.03,0.03,0.54,-0.18,0.02,-0.44,-0.17,-0.27,0.43,1.45,-0.23,1.23,0.31,0.87,0.58,-0.01,-0.22,0.54,-0.01,4731,2370,2361
1641717,Cason Wallace,2026,-0.75,-0.36,0.33,-0.1,0.43,-0.48,0.72,0.48,1.53,0.73,0.79,0.16,-1.03,2.25,1.22,-0.29,-1.13,0.1,0.98,1.27,-0.15,1.69,7495,3733,3762
1629029,Luka Doncic,2026,1.58,0.13,0.44,-0.34,0.79,-0.79,-0.07,0.36,-1.01,-0.01,-1.0,0.94,1.31,-0.11,1.21,0.12,-0.69,2.0,0.89,-1.0,-0.35,-0.07,8458,4213,4245
1641783,Tristan da Silva,2026,-0.51,-0.06,0.32,0.34,-0.04,0.27,1.54,0.29,0.07,-0.01,0.08,0.04,-0.29,1.5,1.21,-0.52,0.34,-0.63,0.34,1.16,0.59,0.11,5915,2958,2957
201142,Kevin Durant,2026,1.26,0.59,-0.85,-0.65,-0.19,1.51,-0.0,0.04,-0.51,-0.46,-0.05,0.61,0.85,0.35,1.2,-0.82,-0.05,0.9,0.33,0.02,0.66,0.1,9112,4568,4544
1630619,Moussa Cisse,2026,-0.45,-0.38,-0.19,-0.03,-0.16,0.36,0.74,-0.25,0.25,0.34,-0.09,-0.2,0.12,1.05,1.16,0.65,0.11,0.01,-0.52,1.57,0.17,0.05,1809,900,909
1631159,Leonard Miller,2026,1.23,-0.12,-0.15,0.05,-0.2,-0.12,0.53,0.1,-0.21,-0.14,-0.07,0.0,0.86,0.29,1.14,-0.14,-0.45,1.31,-0.41,0.7,-0.27,-0.21,1284,643,641
1631170,Jaime Jaquez Jr.,2026,0.52,0.19,0.19,0.53,-0.34,-0.0,0.69,0.16,0.08,0.07,0.03,-0.01,0.75,0.38,1.13,-0.34,-0.09,0.84,-0.02,0.4,0.19,0.07,7851,3918,3933
203497,Rudy Gobert,2026,-1.93,-0.86,-0.62,-0.74,0.11,0.3,2.79,0.57,0.07,0.14,-0.07,0.53,-2.29,3.41,1.12,-0.02,0.43,-2.72,0.67,2.74,-0.32,0.6,8615,4297,4318
1628969,Mikal Bridges,2026,0.27,-0.06,-0.05,0.11,-0.16,0.09,1.08,0.13,0.03,0.0,0.03,-0.17,0.53,0.58,1.11,-0.14,-0.29,0.82,-0.16,0.74,0.04,-0.14,9084,4534,4550
1630611,Gui Santos,2026,-0.78,-0.26,-0.34,-0.49,0.15,0.67,0.86,0.07,0.48,0.52,-0.05,-0.17,-0.33,1.42,1.09,0.37,0.67,-1.0,-0.37,1.79,0.33,0.31,4129,2069,2060
1628989,Kevin Huerter,2026,0.16,-0.24,0.11,0.08,0.04,-0.12,0.93,-0.03,-0.68,-0.4,-0.27,0.44,0.32,0.74,1.07,0.23,0.07,0.25,0.17,0.57,-0.01,-0.24,5110,2575,2535
1629057,Robert Williams III,2026,0.17,-0.06,-0.94,-0.48,-0.47,0.34,1.41,-0.07,0.44,0.27,0.17,-0.49,-0.4,1.45,1.06,0.13,0.79,-1.19,-0.46,1.91,-0.6,-0.05,3349,1671,1678
1628404,Josh Hart,2026,0.68,-0.05,-0.01,0.13,-0.15,0.15,-0.57,-0.27,0.26,0.33,-0.07,0.77,0.57,0.48,1.05,-0.23,0.81,-0.24,0.59,-0.11,0.14,1.03,6534,3275,3259
1630572,Sandro Mamukelashvili,2026,-0.34,0.19,0.84,0.57,0.27,-0.16,0.55,-0.07,0.68,0.14,0.53,-0.29,0.11,0.94,1.05,-0.23,-0.07,0.18,-0.05,0.99,0.68,0.39,5869,2954,2915
201939,Stephen Curry,2026,2.91,0.3,-0.58,-0.81,0.23,0.09,-1.6,-0.04,0.18,0.21,-0.01,-0.31,2.78,-1.74,1.04,0.35,-0.36,3.14,-0.17,-1.57,-0.49,-0.13,5181,2592,2589
1631204,Marcus Sasser,2026,1.03,-0.11,-0.52,-0.55,0.03,0.04,0.2,-0.19,0.55,0.38,0.17,-0.21,0.43,0.6,1.03,-0.06,0.09,0.34,-0.35,0.95,-0.48,0.34,1233,623,610
1627749,Dejounte Murray,2026,0.45,0.17,-0.1,-0.14,0.04,-0.04,0.35,-0.02,0.59,0.22,0.36,-0.23,0.23,0.8,1.03,0.01,-0.0,0.23,-0.48,1.28,-0.14,0.36,902,452,450
1631157,Ryan Rollins,2026,1.61,-0.53,0.05,0.43,-0.38,-1.15,1.02,0.15,-0.2,-0.16,-0.05,-0.34,0.62,0.41,1.03,0.04,-1.18,1.8,-0.49,0.9,-1.1,-0.54,8733,4368,4365
1630194,Paul Reed,2026,-0.27,-0.32,-0.66,-0.42,-0.24,0.9,0.36,0.14,0.87,0.34,0.53,-0.07,-0.07,1.1,1.03,-0.1,0.75,-0.82,0.03,1.07,0.24,0.8,2705,1356,1349
1629130,Duncan Robinson,2026,1.09,-0.26,0.4,0.13,0.27,0.47,-0.56,-0.23,-0.73,-0.43,-0.29,0.15,1.65,-0.63,1.02,0.2,0.22,1.43,-0.4,-0.23,0.87,-0.58,7424,3743,3681
1642066,Myron Gardner,2026,-0.8,-0.19,0.3,0.16,0.14,0.38,0.11,-0.22,0.1,0.2,-0.09,0.59,0.05,0.97,1.02,0.34,1.24,-1.19,0.36,0.61,0.68,0.69,1479,739,740
1642851,Kon Knueppel,2026,0.89,-0.22,-0.47,0.1,-0.57,0.34,-0.09,0.15,-0.57,-0.69,0.13,0.88,0.93,0.08,1.01,0.03,-0.29,1.22,0.26,-0.18,-0.13,0.31,8567,4293,4274
1629013,Landry Shamet,2026,-0.74,-0.0,0.81,0.63,0.18,-0.22,0.19,-0.09,0.52,0.04,0.48,0.68,-0.26,1.27,1.01,-0.23,-0.16,-0.1,0.34,0.93,0.59,1.2,4073,2047,2026
1642272,Jared McCain,2026,0.36,-0.37,0.28,0.42,-0.14,0.09,0.06,-0.09,-0.14,0.22,-0.36,-0.15,0.95,0.05,1.0,0.5,0.4,0.55,0.25,-0.2,0.37,-0.29,4006,2000,2006
1630193,Immanuel Quickley,2026,-0.06,-0.14,0.86,0.29,0.57,-0.14,0.07,0.39,0.08,0.27,-0.2,-0.08,0.87,0.11,0.99,0.26,0.14,0.73,-0.1,0.21,0.72,0.0,8616,4297,4319
1642347,Jamal Shead,2026,0.07,-0.0,0.05,-0.39,0.44,0.44,-0.32,-0.43,1.39,0.12,1.28,-0.44,0.38,0.61,0.99,-0.2,0.35,0.03,-0.08,0.69,0.49,0.95,6044,3037,3007
1630529,Herbert Jones,2026,0.09,-0.04,0.01,0.01,0.0,-0.2,-0.51,-0.17,1.21,0.44,0.77,-0.15,-0.29,1.27,0.98,0.53,-0.73,0.44,0.08,1.19,-0.19,1.06,5688,2854,2834
1628973,Jalen Brunson,2026,0.96,0.1,1.08,0.53,0.54,0.25,-1.14,-0.19,-0.35,-0.52,0.17,0.11,2.11,-1.14,0.97,0.06,0.3,1.81,0.31,-1.45,1.33,-0.24,8865,4450,4415
1631214,Alondes Williams,2026,0.75,0.08,0.06,-0.23,0.28,-0.09,-0.1,-0.06,0.2,-0.04,0.25,0.1,0.75,0.21,0.95,0.03,0.15,0.6,0.17,0.04,-0.03,0.3,420,208,212
1628976,Wendell Carter Jr.,2026,-0.02,0.28,0.14,0.05,0.09,-0.45,0.99,-0.23,0.0,-0.26,0.27,0.49,-0.5,1.43,0.92,-0.23,-0.58,0.08,0.11,1.32,-0.31,0.49,7558,3787,3771
1629675,Naz Reid,2026,0.34,-0.14,0.23,0.43,-0.2,-0.37,-0.3,-0.77,0.44,0.2,0.25,0.41,0.46,0.45,0.91,0.16,-0.63,1.09,0.4,0.05,-0.14,0.85,7405,3723,3682
1642949,Yanic Konan Niederhäuser,2026,0.29,0.03,0.03,-0.16,0.19,0.1,0.62,-0.06,0.2,0.12,0.08,-0.15,0.36,0.52,0.88,-0.21,-0.48,0.84,0.32,0.2,0.13,0.05,1673,834,839
202699,Tobias Harris,2026,-1.21,0.33,0.49,0.39,0.1,0.96,0.62,-0.56,-0.46,-0.35,-0.12,0.43,0.36,0.51,0.87,0.04,0.71,-0.35,-0.27,0.78,1.45,-0.03,5732,2888,2844
203944,Julius Randle,2026,2.23,0.65,0.16,0.22,-0.05,0.02,-0.8,-0.06,-0.0,-0.05,0.05,-0.26,2.32,-1.45,0.87,-0.48,-0.75,3.07,-0.79,-0.66,0.18,-0.26,9521,4777,4744
1642277,Johnny Furphy,2026,0.69,-0.27,0.05,-0.04,0.09,-0.2,-0.17,0.05,0.05,-0.05,0.1,0.61,0.45,0.42,0.87,-0.16,-0.59,1.04,0.04,0.38,-0.15,0.66,2587,1289,1298
1642264,Stephon Castle,2026,0.13,0.04,-0.66,-0.15,-0.51,-0.47,1.46,0.09,0.12,0.21,-0.08,0.32,-1.23,2.1,0.86,-0.04,-0.62,-0.61,-0.05,2.15,-1.13,0.44,7122,3574,3548
1641796,Pelle Larsson,2026,0.28,-0.05,0.44,-0.14,0.57,-0.42,0.41,0.06,0.26,0.01,0.26,0.14,0.08,0.79,0.86,-0.25,-0.84,0.92,-0.5,1.29,0.02,0.4,6375,3171,3204
1627752,Taurean Prince,2026,0.59,-0.17,0.05,-0.03,0.06,-0.04,0.02,-0.33,0.4,0.42,-0.01,-0.35,0.96,-0.11,0.85,0.18,-0.05,1.01,-0.2,0.09,0.01,0.05,1067,533,534
1642278,Tyler Kolek,2026,-0.73,-0.2,-0.85,-0.41,-0.43,0.57,1.27,0.12,-0.04,-0.25,0.2,0.44,-0.78,1.63,0.85,0.19,-0.15,-0.63,0.07,1.56,-0.28,0.4,2594,1298,1296
1631212,Peyton Watson,2026,2.62,0.3,0.18,0.11,0.06,-0.25,-0.7,-0.13,0.05,-0.03,0.07,-1.07,2.67,-1.83,0.84,0.01,-0.27,2.94,-0.43,-1.4,-0.07,-1.02,6253,3115,3138
1631250,Pete Nance,2026,0.28,-0.37,0.11,-0.14,0.27,-0.05,0.38,-0.0,0.2,0.08,0.12,-0.13,0.47,0.37,0.83,0.04,-0.13,0.6,0.0,0.37,0.06,0.07,1473,738,735
1631245,Quenton Jackson,2026,-0.03,0.23,-0.1,0.05,-0.15,-0.37,0.34,0.05,0.6,0.08,0.52,0.38,-0.59,1.42,0.83,0.01,-0.48,-0.11,0.99,0.43,-0.47,0.98,2641,1321,1320
1631117,Walker Kessler,2026,0.49,0.25,-0.25,-0.08,-0.16,0.29,0.56,0.14,0.04,0.1,-0.07,-0.28,0.55,0.26,0.82,-0.03,0.41,0.14,-0.32,0.58,0.04,-0.24,629,323,306
1630198,Isaiah Joe,2026,0.66,0.45,0.63,0.14,0.49,-0.89,0.47,0.09,0.57,0.46,0.12,-0.47,0.67,0.15,0.82,-0.15,-0.27,0.94,-0.3,0.45,-0.26,0.1,5439,2725,2714
1628418,Thomas Bryant,2026,-0.15,0.24,0.16,-0.09,0.25,-0.04,0.62,-0.13,0.62,0.51,0.12,-0.49,0.26,0.56,0.82,0.1,0.61,-0.35,-0.37,0.93,0.12,0.13,2356,1184,1172
1629628,RJ Barrett,2026,1.98,-0.12,0.71,0.24,0.46,-0.56,-0.33,0.2,-0.34,-0.27,-0.07,-0.15,1.72,-0.89,0.82,-0.49,-0.45,2.17,-0.09,-0.8,0.15,-0.49,5464,2724,2740
1631260,A.J. Green,2026,0.94,-0.64,0.14,0.32,-0.16,-0.57,-0.37,0.01,0.21,-0.05,0.26,0.31,0.66,0.16,0.81,0.15,-0.55,1.21,0.13,0.03,-0.43,0.52,7584,3797,3787
1629632,Coby White,2026,0.88,0.14,0.85,0.56,0.3,-0.62,-0.22,-0.12,-0.08,-0.31,0.23,-0.39,1.62,-0.82,0.8,0.38,-0.09,1.71,-0.18,-0.64,0.23,-0.47,4143,2060,2083
1642364,Jamir Watkins,2026,0.27,0.06,-0.51,-0.61,0.11,0.06,0.55,-0.07,0.95,0.44,0.51,-0.81,-0.13,0.93,0.79,0.28,0.31,-0.44,-0.6,1.53,-0.45,0.14,2630,1306,1324
204001,Kristaps Porzingis,2026,0.04,0.24,0.62,0.08,0.54,0.08,0.08,-0.06,-0.03,0.05,-0.08,-0.05,0.78,0.01,0.79,0.05,0.22,0.56,0.28,-0.27,0.7,-0.08,2170,1084,1086
1643018,LJ Cryer,2026,-0.11,-0.13,-0.04,-0.01,-0.03,0.19,0.57,-0.0,0.2,0.03,0.17,-0.13,0.09,0.67,0.76,0.08,0.32,-0.23,-0.07,0.74,0.15,0.07,445,225,220
1626181,Norman Powell,2026,0.72,0.34,-0.01,0.19,-0.2,-0.18,-0.45,-0.18,0.36,0.01,0.35,-0.01,0.68,0.06,0.75,0.32,0.2,0.48,0.4,-0.34,-0.19,0.35,6520,3254,3266
1641842,Ronald Holland II,2026,-1.15,0.31,-0.47,0.01,-0.48,0.02,1.56,-0.48,1.83,0.64,1.2,-0.58,-1.96,2.7,0.73,-0.48,-0.39,-1.57,0.08,2.62,-0.45,1.25,5257,2630,2627
1628960,Grayson Allen,2026,0.08,0.11,1.08,0.25,0.81,0.1,-0.54,0.14,0.75,0.33,0.43,-1.14,1.49,-0.76,0.73,0.4,0.57,0.92,-0.57,-0.19,1.18,-0.39,5176,2591,2585
1628368,De'Aaron Fox,2026,0.77,-0.24,1.52,0.52,1.0,-0.51,0.01,0.17,-1.3,-0.74,-0.56,0.79,1.83,-1.13,0.7,-0.58,-0.47,2.3,0.43,-1.56,1.01,-0.51,7797,3900,3897
1630541,Moses Moody,2026,-0.5,-0.22,-0.42,-0.71,0.29,-0.22,1.51,0.17,0.16,-0.17,0.33,0.04,-1.07,1.76,0.69,0.12,0.49,-1.56,-0.21,1.97,-0.64,0.2,6248,3121,3127
1628386,Jarrett Allen,2026,1.32,-0.16,-0.66,-0.43,-0.22,0.59,-0.02,0.8,-0.16,0.47,-0.62,-0.24,0.92,-0.25,0.67,-0.16,0.36,0.56,-0.64,0.39,-0.07,-0.4,5827,2908,2919
1642948,Ryan Nembhard,2026,0.32,-0.59,-0.09,0.3,-0.39,-0.09,0.62,0.5,-0.53,-0.04,-0.48,0.19,0.38,0.28,0.66,0.24,-0.32,0.7,-0.24,0.52,-0.18,-0.34,3642,1821,1821
1642357,David Jones Garcia,2026,0.49,-0.03,-0.09,-0.11,0.03,0.07,-0.43,-0.13,0.4,0.3,0.1,0.08,0.54,0.11,0.64,0.12,0.18,0.36,0.33,-0.22,-0.02,0.48,293,149,144
1641711,Gradey Dick,2026,0.34,-0.0,-0.19,-0.49,0.29,-0.1,0.63,-0.32,1.03,-0.17,1.2,-0.81,-0.24,0.86,0.62,-0.28,-0.87,0.63,-1.43,2.29,-0.29,0.22,3994,2024,1970
1631132,Christian Koloko,2026,-0.56,-0.2,-0.11,-0.19,0.09,-0.09,0.96,0.07,0.07,0.12,-0.05,0.2,-0.75,1.37,0.62,0.15,0.37,-1.12,0.15,1.22,-0.2,0.27,1318,659,659
1641854,Craig Porter,2026,0.28,-0.01,0.05,-0.23,0.27,0.33,-0.96,0.23,0.92,0.55,0.38,-0.25,0.72,-0.13,0.59,0.22,1.02,-0.3,0.24,-0.37,0.38,0.67,4298,2147,2151
1631246,Vince Williams Jr.,2026,-1.12,-0.44,-0.3,0.06,-0.37,0.27,1.94,0.24,-0.14,-0.26,0.12,-0.02,-1.21,1.79,0.58,-0.05,0.67,-1.88,-0.27,2.06,-0.03,-0.16,3354,1677,1677
1642866,Joan Beringer,2026,0.17,-0.07,-0.15,-0.08,-0.08,0.14,0.04,0.06,0.29,0.34,-0.05,-0.21,0.38,0.18,0.57,0.29,0.52,-0.14,0.01,0.17,-0.01,0.08,885,437,448
1631114,Jalen Williams,2026,0.3,0.18,0.62,0.61,0.01,-0.39,-0.82,0.09,0.52,0.09,0.44,0.03,0.5,0.04,0.55,0.29,0.01,0.49,0.5,-0.46,0.23,0.55,3024,1504,1520
1642363,Nique Clifford,2026,-0.21,-0.09,-0.67,-0.55,-0.13,0.51,-0.25,-0.12,0.72,0.12,0.6,0.19,-0.2,0.74,0.55,0.26,0.14,-0.34,0.18,0.56,-0.16,0.91,6272,3120,3152
1641724,Jett Howard,2026,0.25,0.23,0.63,0.37,0.27,0.48,-0.52,-0.4,-0.3,-0.21,-0.09,-0.29,1.53,-1.0,0.53,0.28,0.02,1.51,-0.26,-0.74,1.11,-0.59,2166,1083,1083
1641739,Toumani Camara,2026,0.12,-0.25,-0.47,-0.65,0.18,0.8,-0.08,0.1,0.57,0.17,0.39,-0.29,-0.13,0.65,0.52,-0.13,-0.2,0.07,-0.25,0.9,0.33,0.28,9697,4838,4859
1630552,Jalen Johnson,2026,0.64,-0.13,0.34,-0.11,0.46,-0.75,0.14,-0.17,-0.03,0.12,-0.14,0.12,-0.07,0.59,0.52,0.06,-0.58,0.51,0.76,-0.17,-0.41,0.09,9093,4548,4545
1642346,Ryan Dunn,2026,-0.39,-0.62,-0.7,-0.05,-0.66,0.84,0.77,-0.39,0.42,0.01,0.4,-0.1,-0.13,0.64,0.51,-0.33,0.17,-0.3,-0.05,0.69,0.14,0.32,4543,2254,2289
1628467,Maxi Kleber,2026,0.74,0.13,-0.43,-0.2,-0.22,0.01,-0.06,0.15,-0.01,0.27,-0.29,0.05,0.21,0.29,0.51,0.21,-0.27,0.48,0.16,0.13,-0.42,0.04,1622,811,811
1630631,Jose Alvarado,2026,-0.59,-0.11,0.22,0.23,-0.0,-0.21,2.2,0.12,0.26,0.2,0.07,-0.65,-1.05,1.56,0.51,-0.72,-0.67,-0.38,-0.69,2.25,0.01,-0.39,5028,2523,2505
1630228,Jonathan Kuminga,2026,-0.26,0.01,-0.48,-0.37,-0.11,-0.04,-0.14,-0.02,0.47,0.16,0.31,0.53,-0.68,1.19,0.51,0.43,-0.38,-0.3,1.18,0.01,-0.52,1.0,2476,1227,1249
1631133,Jabari Walker,2026,-0.24,0.07,-0.4,0.08,-0.48,0.62,-0.45,0.13,0.47,0.21,0.27,0.2,-0.03,0.52,0.49,0.29,0.58,-0.61,0.62,-0.1,0.22,0.67,3039,1522,1517
1628380,Zach Collins,2026,-0.13,-0.1,0.1,0.29,-0.19,0.14,-0.26,-0.12,0.23,0.35,-0.12,0.17,0.44,0.04,0.48,0.23,0.7,-0.26,0.47,-0.43,0.24,0.4,761,376,385
1627783,Pascal Siakam,2026,0.06,-0.35,0.91,0.66,0.24,-0.29,0.12,-0.07,-0.33,-0.64,0.31,-0.23,1.02,-0.57,0.45,0.21,0.02,1.0,-0.5,-0.07,0.62,-0.56,7816,3907,3909
1629656,Quentin Grimes,2026,-0.57,0.5,-0.27,0.09,-0.35,-0.12,0.85,-0.26,0.23,-0.44,0.68,-0.11,-0.5,0.94,0.44,0.43,-0.43,-0.07,0.58,0.36,-0.39,0.12,8054,4019,4035
1631095,Jabari Smith Jr.,2026,-0.61,-0.0,-0.34,-0.09,-0.25,1.45,0.31,-0.38,-0.36,-0.26,-0.1,0.05,0.42,0.01,0.43,-0.07,1.03,-0.61,-0.58,0.59,1.11,-0.31,8511,4249,4262
1631207,Dalen Terry,2026,-0.85,-0.22,0.34,0.16,0.18,0.14,0.53,-0.35,1.05,0.27,0.78,-0.23,-0.61,1.03,0.42,-0.56,0.2,-0.81,0.15,0.88,0.48,0.82,2062,1026,1036
1642853,Rasheer Fleming,2026,-0.18,-0.33,-0.72,-0.16,-0.56,0.93,0.39,0.04,-0.17,-0.57,0.4,-0.31,0.27,0.13,0.41,0.47,1.04,-0.77,-0.1,0.23,0.21,-0.48,1577,781,796
1630174,Aaron Nesmith,2026,-0.75,0.19,0.27,0.47,-0.22,-0.06,-0.16,-0.34,-0.3,-0.04,-0.26,0.76,-0.18,0.59,0.41,0.65,-0.06,-0.12,0.09,0.5,0.21,0.46,4984,2490,2494
1629638,Nickeil Alexander-Walker,2026,0.64,0.24,0.58,-0.13,0.71,-0.58,0.06,0.2,0.17,-0.26,0.43,-0.36,0.79,-0.4,0.39,-0.12,-0.37,1.16,-0.39,-0.01,0.0,-0.19,9144,4574,4570
1628379,Luke Kennard,2026,1.72,-0.03,-0.14,0.51,-0.66,-0.52,-0.27,-0.16,-0.83,0.03,-0.86,0.57,1.24,-0.85,0.39,-0.14,-0.67,1.91,0.36,-1.21,-0.66,-0.26,5607,2806,2801
1631248,Baylor Scheierman,2026,-0.35,-0.07,0.04,0.27,-0.23,0.09,1.26,0.18,-0.65,-0.85,0.2,0.07,-0.19,0.58,0.39,-0.07,0.46,-0.65,0.22,0.36,0.13,-0.58,4122,2065,2057
1641810,Antonio Reeves,2026,-0.1,-0.13,-0.03,-0.04,0.01,0.08,-0.06,-0.1,0.27,0.27,-0.0,0.04,0.04,0.32,0.36,0.16,0.31,-0.27,-0.06,0.38,0.05,0.31,244,123,121
1641771,Jalen Slawson,2026,0.49,0.11,0.06,0.01,0.05,0.01,-0.05,0.02,-0.03,0.05,-0.08,-0.12,0.53,-0.18,0.34,-0.02,0.03,0.5,-0.12,-0.06,0.07,-0.15,272,137,135
1641989,Elijah Harkless,2026,0.32,0.22,0.03,0.09,-0.06,-0.03,-0.03,-0.36,0.82,0.22,0.6,-0.41,-0.02,0.35,0.33,-0.37,-0.17,0.15,-0.35,0.7,0.0,0.41,1339,675,664
1641725,Trey Alexander,2026,0.38,-0.03,-0.05,-0.09,0.05,0.04,0.29,-0.07,-0.21,-0.22,0.01,-0.08,0.34,-0.01,0.33,-0.04,0.2,0.14,-0.35,0.34,-0.01,-0.29,206,103,103
1630587,Isaiah Livers,2026,-0.31,-0.15,-0.28,-0.13,-0.16,0.2,0.49,-0.13,-0.14,-0.07,-0.08,-0.01,-0.5,0.83,0.33,0.38,0.18,-0.68,-0.17,1.0,-0.08,-0.15,1371,675,696
1631106,Tari Eason,2026,-0.03,-0.39,-0.38,-0.46,0.08,1.02,-0.39,0.05,-0.2,0.12,-0.31,0.76,0.2,0.11,0.31,-0.47,1.02,-0.82,0.46,-0.35,0.64,0.56,4689,2333,2356
1641757,Jordan Miller,2026,1.46,0.82,-0.42,-0.35,-0.06,-0.07,0.1,0.13,-0.18,0.34,-0.52,-0.35,0.96,-0.65,0.31,-0.23,-0.59,1.55,-0.0,-0.65,-0.49,-0.53,3847,1917,1930
202331,Paul George,2026,-0.97,-0.31,0.97,0.25,0.72,-0.12,0.59,0.1,0.47,0.27,0.18,-0.24,-0.19,0.5,0.31,-0.39,0.45,-0.64,-0.17,0.67,0.85,0.23,3524,1769,1755
1641813,Mark Sears,2026,0.33,0.08,-0.09,-0.14,0.05,-0.01,-0.17,-0.09,0.3,0.12,0.18,-0.12,0.26,0.04,0.31,0.07,0.02,0.24,-0.04,0.08,-0.1,0.18,106,53,53
1630623,Tyson Etienne,2026,-0.12,-0.0,-0.08,-0.11,0.04,-0.01,0.39,-0.12,0.08,-0.1,0.18,-0.13,-0.08,0.38,0.3,0.17,0.55,-0.63,-0.16,0.54,-0.09,-0.05,413,209,204
1631210,Jacob Toppin,2026,-0.1,-0.05,-0.04,-0.04,0.01,0.05,0.07,-0.06,0.23,0.18,0.05,0.05,-0.11,0.39,0.27,0.01,-0.04,-0.07,0.07,0.32,0.01,0.28,67,33,34
1642845,VJ Edgecombe,2026,-0.48,0.03,0.22,0.23,-0.0,0.45,0.01,0.2,0.3,-0.13,0.42,-0.38,0.12,0.14,0.27,0.15,0.58,-0.46,-0.65,0.79,0.67,-0.08,8972,4494,4478
1642843,Cooper Flagg,2026,-0.23,-0.19,0.73,0.57,0.15,-0.54,0.47,0.07,-0.39,0.08,-0.47,0.08,0.05,0.21,0.26,0.14,-0.22,0.27,0.2,0.01,0.19,-0.31,8120,4064,4056
1629006,Josh Okogie,2026,0.34,-0.35,-0.09,-0.25,0.16,1.14,-0.45,0.1,0.87,0.1,0.77,-0.58,0.76,-0.51,0.25,-0.98,0.72,0.04,-0.61,0.1,1.05,0.29,4662,2299,2363
1631131,Oscar Tshiebwe,2026,-0.23,-0.18,-0.05,0.05,-0.1,0.32,0.14,0.04,-0.14,0.21,-0.35,0.04,0.29,-0.05,0.25,0.17,0.3,-0.01,-0.38,0.33,0.27,-0.1,695,350,345
1630173,Precious Achiuwa,2026,-0.39,-0.51,-0.04,-0.32,0.29,0.66,-0.22,0.23,0.12,-0.05,0.17,0.32,0.27,-0.03,0.24,-0.21,0.66,-0.39,-0.55,0.52,0.62,0.44,5540,2750,2790
1642281,Jaylon Tyson,2026,0.48,-0.26,-0.08,-0.32,0.24,0.6,-0.62,0.03,0.62,0.49,0.13,-0.6,0.83,-0.61,0.22,-0.18,0.79,0.04,-0.08,-0.53,0.52,0.02,6843,3417,3426
1642954,Will Richard,2026,-0.75,0.13,-0.49,-0.28,-0.22,0.12,0.13,0.14,0.81,0.43,0.38,-0.41,-0.47,0.68,0.21,0.8,1.04,-1.51,0.44,0.24,-0.37,0.4,4721,2347,2374
1641726,Dereck Lively II,2026,-0.07,0.17,-0.43,-0.27,-0.16,0.06,0.17,-0.17,0.29,-0.04,0.33,0.1,-0.52,0.72,0.21,0.09,-0.02,-0.5,0.02,0.7,-0.37,0.39,552,276,276
1629060,Rui Hachimura,2026,1.67,0.39,-0.25,-0.16,-0.09,-0.78,0.02,0.17,0.17,0.23,-0.07,-0.25,0.68,-0.48,0.2,-0.38,-0.87,1.55,-0.22,-0.26,-1.03,-0.08,6842,3424,3418
203486,Mason Plumlee,2026,0.42,-0.07,-0.27,-0.24,-0.03,0.23,-0.78,0.02,-0.0,-0.18,0.18,0.2,0.72,-0.53,0.2,0.4,0.05,0.67,0.19,-0.72,-0.04,0.2,546,274,272
1630183,Jaden McDaniels,2026,1.2,-0.0,-0.51,-0.15,-0.35,-0.61,0.72,0.05,-0.25,-0.18,-0.05,-0.12,-0.28,0.47,0.19,-0.24,-0.76,0.48,-0.07,0.54,-1.12,-0.37,8879,4444,4435
1628369,Jayson Tatum,2026,-0.42,-0.04,0.44,0.25,0.2,-0.19,0.17,-0.01,-0.16,-0.08,-0.08,0.33,-0.23,0.41,0.18,0.01,-0.23,0.0,0.5,-0.09,0.25,0.17,461,230,231
1629640,Keldon Johnson,2026,-1.43,0.03,0.42,0.38,0.04,0.83,0.88,-0.21,-0.46,-0.21,-0.23,0.35,-0.41,0.57,0.17,-0.42,0.47,-0.88,0.03,0.54,1.25,-0.11,6596,3305,3291
1627780,Gary Payton II,2026,-0.3,-0.41,0.32,0.09,0.23,0.18,0.02,-0.28,0.83,0.56,0.27,-0.75,0.37,-0.2,0.16,-0.14,0.12,0.25,-0.72,0.52,0.5,0.08,3762,1841,1921
1630581,Josh Giddey,2026,0.23,0.13,-0.42,-0.25,-0.16,-0.06,0.55,0.21,-0.99,-0.23,-0.77,0.54,-0.02,0.17,0.15,0.3,0.19,-0.21,-0.23,0.4,-0.48,-0.45,5911,2957,2954
1642434,Riley Minix,2026,0.08,-0.04,-0.13,-0.01,-0.11,0.1,-0.17,-0.07,0.21,0.23,-0.03,-0.01,0.1,0.05,0.15,0.07,0.18,-0.08,0.06,-0.01,-0.03,0.2,83,41,42
1629680,Matisse Thybulle,2026,-0.3,-0.03,-0.39,-0.01,-0.38,-0.33,0.67,-0.16,1.4,0.55,0.85,-0.72,-1.04,1.18,0.14,-0.19,-0.81,-0.23,-0.46,1.64,-0.72,0.68,827,412,415
1641732,Colby Jones,2026,-0.08,-0.01,-0.0,0.04,-0.04,0.02,0.07,-0.01,0.07,0.07,-0.0,0.01,-0.02,0.16,0.14,0.05,0.06,-0.08,0.01,0.15,0.02,0.08,29,14,15
1641772,Nae'Qwan Tomlin,2026,-0.38,-0.28,-0.15,-0.41,0.25,0.21,0.23,0.09,0.56,0.44,0.12,-0.22,-0.34,0.47,0.13,-0.12,0.14,-0.48,0.05,0.42,0.06,0.34,3504,1742,1762
1631243,Mouhamed Gueye,2026,-0.51,-0.54,0.16,-0.13,0.29,0.15,-0.24,-0.06,0.9,0.6,0.3,-0.32,0.01,0.12,0.13,-0.01,0.28,-0.27,-0.56,0.68,0.31,0.58,4081,2018,2063
1630532,Franz Wagner,2026,0.49,0.4,-0.39,-0.32,-0.08,0.48,-1.13,-0.46,0.56,-0.08,0.64,0.25,0.55,-0.43,0.12,-0.14,0.53,0.02,0.33,-0.76,0.09,0.81,3577,1791,1786
1641775,Jordan Walsh,2026,0.52,-0.08,-0.44,0.3,-0.75,1.4,-0.43,-0.03,-0.2,-0.31,0.12,-0.48,1.62,-1.5,0.11,-0.26,1.4,0.22,-0.72,-0.78,0.96,-0.68,3807,1886,1921
1630695,Micah Potter,2026,0.62,0.06,-0.09,0.18,-0.25,-0.51,-0.61,-0.05,0.35,0.07,0.3,0.13,0.25,-0.14,0.11,0.22,-0.65,0.9,0.23,-0.37,-0.6,0.48,2600,1302,1298
201572,Brook Lopez,2026,0.42,0.36,0.25,0.34,-0.09,-1.41,0.16,0.21,0.39,0.49,-0.1,0.26,-0.71,0.82,0.11,0.04,-1.61,0.9,-0.01,0.83,-1.16,0.65,4813,2400,2413
1630530,Trey Murphy III,2026,0.75,0.13,-0.22,-0.47,0.25,0.05,-0.61,-0.01,0.53,0.43,0.1,-0.47,0.43,-0.33,0.1,0.07,0.4,0.03,-0.25,-0.08,-0.17,0.06,9203,4611,4592
1630165,Killian Hayes,2026,-0.58,-0.18,0.32,0.2,0.11,-0.24,0.73,0.02,-0.08,-0.04,-0.04,0.0,-0.63,0.73,0.1,-0.05,-0.29,-0.34,-0.05,0.78,0.08,-0.08,789,398,391
203967,Dario Saric,2026,0.01,-0.06,-0.1,0.1,-0.2,-0.12,0.29,0.12,0.04,-0.05,0.09,-0.08,-0.23,0.32,0.09,0.05,-0.29,0.06,-0.34,0.66,-0.22,-0.04,163,82,81
1642883,Sion James,2026,-1.18,0.53,-0.75,-0.13,-0.62,0.65,0.59,0.25,-0.61,-0.43,-0.2,0.99,-0.95,1.03,0.09,0.4,1.28,-2.23,0.78,0.25,-0.1,0.38,6172,3060,3112
1627739,Kris Dunn,2026,0.4,0.38,0.04,0.15,-0.11,-0.72,-0.49,-0.04,1.01,0.36,0.65,0.24,-0.56,0.64,0.08,-0.4,-0.56,0.0,0.23,0.41,-0.68,1.25,7368,3670,3698
1631120,JD Davison,2026,0.43,-0.24,-0.14,-0.16,0.04,0.07,0.42,-0.02,-0.16,0.07,-0.22,-0.47,0.24,-0.17,0.07,-0.08,-0.1,0.34,-0.43,0.26,-0.07,-0.63,644,323,321
1631166,Drew Timme,2026,0.05,-0.19,0.09,-0.13,0.22,-0.14,0.37,0.11,-0.33,-0.16,-0.16,-0.12,0.03,0.03,0.06,0.14,-0.18,0.21,-0.35,0.38,-0.05,-0.45,706,353,353
1628991,Jaren Jackson Jr.,2026,-1.29,0.26,-0.46,0.23,-0.68,-0.45,2.05,0.02,-0.3,-0.12,-0.18,0.19,-1.85,1.9,0.05,0.31,-0.22,-1.63,0.01,1.89,-0.91,-0.11,6201,3094,3107
1630202,Payton Pritchard,2026,-0.14,-0.24,0.48,0.56,-0.08,0.66,-0.34,0.02,-0.82,-0.35,-0.46,0.19,1.15,-1.11,0.04,0.01,0.75,0.4,-0.22,-0.89,1.14,-0.63,8226,4118,4108
1642862,Liam McNeeley,2026,-0.48,0.09,0.37,-0.08,0.44,0.09,-0.29,0.07,-0.01,0.03,-0.04,0.33,-0.01,0.06,0.04,0.03,0.36,-0.37,0.03,0.03,0.46,0.32,1347,674,673
1642366,Quinten Post,2026,-0.25,-0.45,-0.08,0.13,-0.19,-0.03,1.26,0.26,-0.16,-0.05,-0.1,-0.24,-0.78,0.82,0.03,-0.47,0.21,-0.99,0.24,0.58,-0.11,-0.4,4652,2336,2316
1629723,John Konchar,2026,-1.82,-0.43,-0.48,-0.27,-0.22,0.12,1.42,0.17,0.34,-0.27,0.61,0.38,-2.24,2.26,0.02,0.06,0.14,-2.38,-0.15,2.41,-0.36,0.72,3146,1572,1574
1642270,Donovan Clingan,2026,-1.71,-0.64,-0.94,-0.99,0.06,2.15,0.15,0.8,-0.43,-0.25,-0.17,0.7,-0.39,0.4,0.01,0.09,2.55,-2.94,0.94,-0.54,1.21,0.27,7319,3656,3663
1642857,Kasparas Jakučionis,2026,-0.6,0.24,0.25,-0.06,0.32,0.16,-0.78,-0.09,0.43,0.86,-0.43,0.41,-0.36,0.36,0.0,0.13,0.13,-0.49,0.56,-0.2,0.41,0.84,3198,1600,1598
1641869,Smith,2026,-0.44,-0.08,-0.01,-0.06,0.05,-0.1,0.26,-0.02,0.17,0.1,0.07,0.08,-0.6,0.59,-0.01,0.03,-0.14,-0.46,0.09,0.5,-0.11,0.25,103,51,52
201599,DeAndre Jordan,2026,-0.37,0.01,-0.35,-0.06,-0.29,0.18,0.87,-0.04,-0.08,-0.05,-0.03,-0.23,-0.38,0.35,-0.03,-0.05,0.2,-0.58,-0.2,0.55,-0.17,-0.31,661,330,331
1642368,N'Faly Dante,2026,-0.44,-0.04,-0.03,-0.04,0.01,0.12,0.03,-0.04,0.08,0.08,-0.01,0.01,-0.13,0.1,-0.03,0.2,0.02,-0.15,-0.09,0.19,0.09,0.09,59,31,28
1642950,Lachlan Olbrich,2026,-0.99,-0.31,0.22,0.06,0.15,0.08,0.4,-0.06,0.26,-0.08,0.33,-0.07,-0.64,0.6,-0.04,0.06,0.21,-0.85,0.17,0.43,0.3,0.19,549,273,276
1629312,Haywood Highsmith,2026,0.13,0.12,0.01,-0.05,0.06,-0.03,-0.1,0.04,-0.07,-0.12,0.05,0.04,0.11,-0.15,-0.04,-0.02,-0.12,0.23,0.12,-0.27,-0.02,-0.03,195,98,97
1642400,Enaruna,2026,-0.15,-0.1,-0.28,-0.16,-0.11,0.15,-0.17,-0.03,0.25,0.13,0.12,0.08,-0.23,0.19,-0.04,0.08,0.44,-0.67,0.03,0.16,-0.13,0.33,129,64,65
1628449,Chris Boucher,2026,-0.59,-0.06,0.2,0.13,0.06,-0.06,0.26,-0.15,0.36,0.1,0.26,-0.47,-0.15,0.1,-0.05,0.25,0.09,-0.24,-0.28,0.38,0.14,-0.11,362,179,183
1642263,Reed Sheppard,2026,-0.39,-0.41,-0.47,0.22,-0.68,0.73,1.06,0.15,-0.33,-0.55,0.23,-0.72,0.12,-0.18,-0.06,0.06,0.34,-0.22,-1.01,0.83,0.26,-1.05,6831,3444,3387
1642383,Walter Clayton Jr.,2026,0.92,0.34,0.15,0.24,-0.08,0.29,-0.95,-0.06,0.07,0.03,0.04,-0.38,1.28,-1.33,-0.06,-0.16,0.61,0.67,-0.65,-0.68,0.44,-0.31,4575,2295,2280
1627746,Skal Labissiere,2026,-0.23,-0.08,-0.04,0.03,-0.06,0.09,0.17,-0.06,-0.07,-0.07,0.0,-0.1,-0.13,0.06,-0.07,0.11,0.06,-0.19,-0.13,0.19,0.05,-0.17,150,75,75
1630162,Anthony Edwards,2026,0.76,0.5,0.65,0.1,0.54,-0.03,-1.21,-0.35,-0.35,0.13,-0.48,0.52,1.27,-1.35,-0.09,-0.43,0.11,1.16,1.12,-2.47,0.62,0.17,8781,4401,4380
200768,Kyle Lowry,2026,-0.48,0.01,0.25,0.24,0.01,-0.01,0.08,-0.09,0.04,-0.12,0.16,-0.19,-0.09,-0.01,-0.1,0.21,0.17,-0.26,-0.24,0.23,0.24,-0.15,415,207,208
203648,Thanasis Antetokounmpo,2026,-0.69,-0.08,-0.3,-0.24,-0.05,-0.05,0.16,-0.08,0.96,0.3,0.66,-0.25,-1.03,0.93,-0.1,0.07,0.03,-1.06,-0.16,1.09,-0.35,0.71,350,179,171
1642402,Enrique Freeman,2026,-0.13,-0.02,-0.1,0.0,-0.11,0.04,-0.01,-0.02,0.08,0.01,0.05,-0.01,-0.19,0.1,-0.1,0.03,0.12,-0.31,0.01,0.09,-0.06,0.07,38,20,18
201959,Taj Gibson,2026,-0.16,0.03,-0.1,-0.03,-0.08,0.05,-0.05,-0.01,0.07,0.04,0.03,0.01,-0.16,0.06,-0.1,0.08,0.12,-0.28,0.06,-0.0,-0.05,0.08,51,25,26
1642275,Tidjane Salaün,2026,0.19,0.22,-0.35,0.16,-0.52,0.39,0.28,0.01,-0.52,-0.43,-0.09,0.12,0.22,-0.33,-0.12,-0.23,0.36,-0.14,-0.05,-0.28,0.04,-0.4,2263,1135,1128
1630679,Ethan Thompson,2026,-0.68,-0.13,0.48,0.3,0.18,-0.11,-0.53,-0.27,0.4,-0.05,0.46,0.15,-0.26,0.15,-0.12,0.17,-0.16,-0.1,0.01,0.14,0.37,0.55,1570,791,779
1631288,Jamal Cain,2026,-0.31,0.05,-0.06,-0.09,0.03,0.31,-0.07,-0.1,-0.08,-0.22,0.14,0.06,-0.06,-0.06,-0.12,0.03,0.26,-0.32,-0.25,0.19,0.25,-0.02,686,346,340
1642955,Kadary Richmond,2026,-0.02,-0.02,0.01,-0.11,0.13,-0.12,-0.29,0.04,0.46,0.2,0.27,-0.04,-0.23,0.1,-0.13,-0.13,-0.09,-0.14,0.0,0.1,-0.11,0.42,294,145,149
1642867,Collin Murray-Boyles,2026,-1.78,-0.28,-0.2,-0.23,0.01,0.34,0.38,0.15,0.68,0.05,0.61,0.19,-1.52,1.39,-0.13,0.26,-0.25,-1.27,0.9,0.49,0.14,0.87,4187,2090,2097
1630702,Jaden Hardy,2026,0.1,-0.09,-0.06,0.05,-0.11,-0.04,-0.35,-0.13,-0.2,0.09,-0.29,0.2,-0.05,-0.08,-0.14,0.21,-0.28,0.23,0.41,-0.49,-0.1,0.0,2688,1340,1348
201935,James Harden,2026,2.28,0.93,-0.06,-0.05,-0.01,-0.12,-1.22,-0.14,-0.78,-0.52,-0.26,-0.46,2.15,-2.29,-0.14,0.22,-0.74,2.89,-0.67,-1.62,-0.18,-1.24,8090,4052,4038
1642885,Mohamed Diawara,2026,0.01,-0.44,-0.25,-0.01,-0.25,-0.02,-0.07,0.01,-0.13,0.05,-0.18,0.42,-0.49,0.35,-0.14,-0.1,-0.49,0.0,0.1,0.25,-0.27,0.29,1946,968,978
1629660,Ty Jerome,2026,1.52,0.17,0.06,0.24,-0.16,-0.05,-1.01,-0.18,-0.16,-0.01,-0.13,-0.65,1.61,-1.76,-0.14,0.15,0.41,1.2,-0.62,-1.14,0.01,-0.81,1073,535,538
1642352,Keshad Johnson,2026,-0.33,0.21,-0.18,0.03,-0.2,0.45,-0.18,-0.2,-0.03,0.07,-0.08,0.24,0.06,-0.2,-0.14,-0.11,0.48,-0.42,0.23,-0.43,0.27,0.21,810,402,408
1642938,Jones,2026,-0.15,-0.01,0.06,0.03,0.04,-0.07,0.21,-0.01,-0.13,-0.0,-0.13,-0.06,-0.13,-0.01,-0.15,-0.01,-0.09,-0.04,0.07,-0.08,-0.01,-0.19,121,61,60
1630166,Deni Avdija,2026,1.28,0.62,-0.15,-0.23,0.08,0.76,-1.21,-0.44,-0.6,-0.47,-0.12,-0.42,1.98,-2.14,-0.16,0.18,0.61,1.37,-0.28,-1.86,0.61,-1.02,7453,3724,3729
1631093,Jaden Ivey,2026,-0.11,-0.29,-0.18,0.13,-0.3,0.22,-0.48,-0.41,0.47,-0.13,0.59,-0.22,-0.08,-0.09,-0.17,0.13,0.35,-0.43,0.1,-0.19,0.04,0.25,2667,1340,1327
1631230,Dominick Barlow,2026,-0.87,-0.2,0.16,0.15,0.01,-0.43,0.52,0.2,0.42,0.6,-0.17,-0.05,-1.53,1.34,-0.18,0.07,-0.42,-1.11,-0.53,1.87,-0.27,0.37,6019,3004,3015
1641753,Chris Livingston,2026,0.03,-0.03,-0.08,-0.06,-0.01,-0.09,-0.09,-0.06,0.07,0.09,-0.03,0.02,-0.18,0.0,-0.18,-0.04,-0.02,-0.16,0.15,-0.15,-0.17,0.09,71,36,35
1627826,Ivica Zubac,2026,0.3,-0.09,-0.53,-0.41,-0.13,0.45,0.68,0.05,-1.09,-0.56,-0.53,0.14,0.07,-0.25,-0.18,-0.13,0.74,-0.67,-0.24,-0.01,-0.08,-0.95,5582,2801,2781
1631101,Shaedon Sharpe,2026,-0.48,0.14,-0.51,-0.28,-0.22,0.67,0.85,0.01,-0.92,-0.16,-0.77,-0.18,0.1,-0.29,-0.18,0.39,0.18,-0.08,-0.14,-0.15,0.16,-1.1,6221,3114,3107
1629622,Max Strus,2026,-0.13,-0.04,-0.09,-0.0,-0.09,0.05,-0.2,-0.05,-0.03,0.01,-0.04,0.08,-0.13,-0.06,-0.19,0.13,-0.0,-0.13,0.16,-0.22,-0.04,0.05,97,47,50
1631323,Simone Fontecchio,2026,-1.13,0.1,0.0,0.33,-0.32,0.56,0.67,-0.19,-0.39,-0.35,-0.04,0.22,-0.36,0.17,-0.19,-0.12,1.76,-2.12,0.22,-0.05,0.56,-0.17,4407,2187,2220
201567,Kevin Love,2026,0.65,0.15,0.08,0.23,-0.15,0.23,-0.9,0.18,-0.29,-0.34,0.05,0.22,0.85,-1.04,-0.19,-0.18,0.1,0.75,0.43,-1.47,0.31,-0.07,2513,1260,1253
1642856,Egor Dëmin,2026,-0.58,-0.17,-0.48,-0.18,-0.3,-0.27,-0.37,0.11,0.82,0.86,-0.04,0.02,-1.2,1.01,-0.19,0.67,-0.01,-1.19,1.01,-0.0,-0.75,0.84,5476,2755,2721
1629020,Jarred Vanderbilt,2026,-0.54,0.16,-0.42,-0.48,0.06,0.51,-0.59,-0.43,0.55,0.16,0.39,0.28,-0.17,-0.04,-0.21,-0.0,0.4,-0.57,0.5,-0.54,0.09,0.83,4046,2022,2024
1630699,MarJon Beauchamp,2026,-0.13,-0.04,-0.04,-0.09,0.05,-0.16,0.14,0.02,0.27,0.34,-0.07,-0.06,-0.52,0.31,-0.21,-0.23,-0.24,-0.28,-0.33,0.64,-0.2,0.21,417,208,209
1631205,Buddy Boeheim,2026,-0.4,-0.03,-0.0,-0.03,0.01,-0.01,0.07,0.01,0.1,0.03,0.07,-0.0,-0.41,0.2,-0.21,0.03,-0.02,-0.39,-0.01,0.21,-0.01,0.1,56,29,27
203552,Seth Curry,2026,-0.04,-0.11,0.11,-0.08,0.18,-0.09,-0.6,-0.01,0.26,0.12,0.14,0.07,-0.01,-0.21,-0.22,0.07,-0.16,0.15,0.12,-0.33,0.02,0.33,212,108,104
1630703,Scoot Henderson,2026,-0.23,-0.05,-0.49,-0.18,-0.32,-0.1,0.58,-0.0,0.23,-0.35,0.59,-0.22,-0.82,0.6,-0.22,0.01,-0.42,-0.4,-0.16,0.76,-0.59,0.01,1578,789,789
1630604,E.J. Liddell,2026,-0.14,0.06,-0.19,-0.24,0.05,0.02,0.02,-0.04,-0.3,-0.29,-0.01,0.13,-0.22,0.0,-0.22,0.24,0.47,-0.69,-0.14,0.14,-0.17,-0.17,383,194,189
1630224,Jalen Green,2026,-1.52,-0.39,0.14,0.29,-0.15,0.26,0.99,0.37,-0.14,0.12,-0.26,-0.03,-1.12,0.9,-0.22,0.08,0.07,-1.19,-0.06,0.96,0.4,-0.17,1870,940,930
1643024,Chris Mañon,2026,-0.27,-0.01,-0.11,-0.05,-0.06,0.11,0.05,-0.04,0.21,-0.08,0.27,-0.21,-0.24,0.02,-0.23,-0.01,0.24,-0.48,-0.35,0.37,0.0,0.0,94,45,49
1628963,Marvin Bagley III,2026,-0.01,0.03,-0.22,0.06,-0.28,0.81,-0.15,0.0,-0.96,-0.35,-0.61,0.39,0.67,-0.9,-0.23,-0.09,0.64,0.03,-0.11,-0.79,0.59,-0.57,4109,2058,2051
1642449,Tolu Smith,2026,-0.08,-0.07,-0.37,-0.19,-0.18,0.09,-0.22,-0.11,0.07,0.09,-0.04,0.21,-0.26,0.04,-0.23,0.07,-0.03,-0.23,0.27,-0.23,-0.28,0.28,348,173,175
1630568,Luka Garza,2026,-0.44,-0.23,-0.04,0.25,-0.29,1.29,-0.89,0.24,-0.48,-0.42,-0.07,0.36,0.84,-1.08,-0.24,-0.04,1.77,-0.93,-0.1,-0.98,1.25,-0.12,3474,1736,1738
1628370,Malik Monk,2026,-0.24,0.18,0.97,0.51,0.47,-0.81,0.67,-0.39,-0.05,-0.1,0.05,-0.75,0.17,-0.41,-0.24,-0.03,-0.35,0.52,-1.64,1.23,0.16,-0.8,4848,2415,2433
1642914,Javon Small,2026,0.56,0.18,0.11,-0.05,0.16,0.0,-0.91,-0.03,0.51,0.33,0.18,-0.84,0.78,-1.03,-0.25,0.32,0.2,0.58,-0.75,-0.28,0.11,-0.33,2661,1331,1330
1642967,Poulakidas,2026,-0.14,-0.02,-0.05,-0.05,0.01,-0.09,-0.22,-0.08,0.01,0.0,0.01,0.17,-0.24,-0.02,-0.26,0.06,0.02,-0.26,0.13,-0.15,-0.14,0.18,118,59,59
1642260,Nikola Topić,2026,-0.31,-0.15,-0.22,-0.18,-0.04,-0.02,0.22,0.02,0.14,0.0,0.13,-0.1,-0.51,0.25,-0.26,0.03,-0.1,-0.41,0.07,0.18,-0.24,0.04,202,99,103
1631255,Karlo Matkovic,2026,-0.82,-0.2,-0.56,-0.52,-0.04,0.22,1.12,-0.39,0.04,0.13,-0.09,-0.32,-1.13,0.86,-0.27,0.05,0.31,-1.44,0.07,0.79,-0.34,-0.28,3190,1586,1604
1631116,Patrick Baldwin Jr.,2026,-0.85,-0.13,0.11,-0.13,0.23,-0.09,0.26,-0.06,0.09,0.01,0.08,0.12,-0.81,0.52,-0.28,0.08,-0.27,-0.54,0.32,0.2,0.02,0.21,242,119,123
1629637,Jaxson Hayes,2026,-0.56,0.23,0.08,-0.2,0.27,-0.25,-0.15,-0.16,0.09,-0.0,0.1,0.43,-0.38,0.1,-0.28,0.08,0.23,-0.61,0.09,0.01,-0.17,0.52,3988,1991,1997
1641794,Dillon Jones,2026,-0.1,-0.09,-0.05,0.01,-0.08,0.01,-0.04,-0.04,-0.16,-0.07,-0.08,0.04,-0.19,-0.08,-0.28,0.02,-0.11,-0.08,0.03,-0.11,-0.04,-0.12,98,49,49
1628415,Dillon Brooks,2026,0.28,0.64,0.65,0.41,0.24,-0.06,-1.3,-0.4,0.96,0.7,0.27,-0.38,0.43,-0.71,-0.28,-0.43,-0.0,0.43,-0.3,-0.41,0.59,0.58,6320,3161,3159
1642886,Brea,2026,-0.06,-0.04,-0.11,-0.09,-0.03,0.04,0.04,0.0,-0.03,-0.07,0.04,-0.19,-0.09,-0.2,-0.29,0.02,-0.09,0.0,-0.25,0.05,-0.07,-0.22,83,41,42
1630583,Santi Aldama,2026,1.11,0.05,-0.34,-0.56,0.22,0.07,-0.62,-0.24,-0.46,-0.03,-0.43,-0.12,0.76,-1.04,-0.29,0.07,-0.18,0.94,0.32,-1.36,-0.27,-0.58,5177,2593,2584
1642359,Pacôme Dadiet,2026,-0.59,-0.09,-0.11,0.04,-0.15,0.14,0.24,0.06,0.1,0.16,-0.05,0.06,-0.62,0.3,-0.31,-0.15,0.31,-0.93,0.06,0.24,0.03,0.16,334,168,166
1642404,Chaz Lanier,2026,-0.03,-0.15,0.13,0.18,-0.05,-0.09,-0.36,0.01,0.4,0.09,0.31,-0.25,-0.18,-0.13,-0.31,-0.11,-0.34,0.16,-0.44,0.31,0.04,0.15,858,435,423
1630610,DeJon Jarreau,2026,-0.22,0.02,-0.06,0.0,-0.06,-0.04,-0.21,0.01,0.1,0.0,0.1,0.01,-0.27,-0.04,-0.31,0.11,0.05,-0.32,0.01,-0.05,-0.1,0.11,103,51,52
1630200,Tre Jones,2026,-0.36,0.09,1.01,0.43,0.58,-0.66,0.14,0.03,-0.1,-0.26,0.14,0.19,-0.27,-0.04,-0.31,-0.53,-0.57,0.3,0.04,-0.08,0.35,0.09,5578,2788,2790
1643133,Lovering,2026,-0.25,-0.16,-0.03,-0.01,-0.01,0.0,-0.19,-0.02,0.08,0.12,-0.04,-0.02,-0.23,-0.09,-0.32,0.09,-0.07,-0.16,0.21,-0.3,-0.03,0.06,214,107,107
1643141,Telfort,2026,-0.27,-0.06,-0.03,-0.08,0.05,-0.02,0.01,-0.0,0.04,0.01,0.03,-0.02,-0.38,0.06,-0.32,-0.03,-0.08,-0.3,0.01,0.05,-0.05,0.02,126,63,63
1642280,Trentyn Flowers,2026,-0.31,-0.06,0.0,0.03,-0.01,0.07,-0.15,-0.02,0.01,0.0,0.01,0.01,-0.22,-0.1,-0.32,0.05,0.17,-0.39,-0.05,-0.05,0.07,0.02,20,10,10
1641763,Julian Phillips,2026,-0.07,-0.08,-0.61,-0.48,-0.13,-0.28,0.57,0.09,0.49,-0.03,0.52,-0.4,-0.97,0.64,-0.33,-0.03,-0.45,-0.52,-0.44,1.08,-0.89,0.09,1448,721,727
1641761,Nelson,2026,0.03,-0.03,0.09,-0.03,0.11,-0.01,-0.33,-0.11,0.04,0.04,0.0,-0.11,0.06,-0.4,-0.34,-0.05,0.04,0.02,-0.09,-0.31,0.08,-0.07,134,68,66
1630209,Omer Yurtseven,2026,-0.36,-0.06,-0.08,-0.06,-0.01,0.05,-0.1,-0.02,0.08,0.0,0.08,0.02,-0.4,0.06,-0.34,0.05,-0.12,-0.28,0.08,-0.02,-0.03,0.1,49,23,26
1631124,Julian Strawther,2026,0.55,0.38,-0.1,0.19,-0.3,-0.49,-0.12,0.01,-0.05,0.27,-0.33,0.41,-0.3,-0.04,-0.34,-0.54,-0.65,0.35,0.57,-0.61,-0.59,0.36,2738,1374,1364
1642384,Isaiah Crawford,2026,-0.6,-0.16,0.18,0.09,0.09,0.03,0.22,0.08,0.3,0.16,0.14,-0.35,-0.49,0.12,-0.36,-0.14,-0.08,-0.41,0.02,0.1,0.21,-0.05,251,128,123
1630549,Day'Ron Sharpe,2026,-0.4,-0.14,-1.48,-0.19,-1.29,1.15,-0.71,-0.14,1.01,0.82,0.2,0.36,-0.9,0.54,-0.36,-0.29,1.58,-2.48,0.66,-0.12,-0.33,1.37,4785,2405,2380
203471,Dennis Schroder,2026,0.01,0.24,-0.04,-0.34,0.3,-0.67,1.21,0.13,0.03,-0.03,0.05,-0.55,-0.68,0.32,-0.36,-0.35,-0.61,-0.07,-0.29,0.61,-0.71,-0.52,5987,2982,3005
1629026,Kenrich Williams,2026,0.73,-0.19,0.13,0.18,-0.05,-0.17,-0.62,0.43,0.08,-0.05,0.13,-0.16,0.54,-0.91,-0.37,-0.36,0.51,0.03,-0.3,-0.61,-0.04,-0.08,2840,1412,1428
1628381,John Collins,2026,-0.47,0.4,-0.72,-0.56,-0.15,0.24,0.66,0.18,-0.01,0.21,-0.22,0.02,-1.0,0.62,-0.38,-0.1,0.44,-1.44,0.17,0.45,-0.48,0.01,6067,3034,3033
1642468,Brown,2026,-0.15,-0.02,0.0,0.0,0.0,0.0,-0.2,-0.02,-0.04,-0.03,-0.01,-0.01,-0.14,-0.23,-0.38,0.02,-0.03,-0.11,0.01,-0.24,0.0,-0.05,9,4,5
1629048,Goga Bitadze,2026,-0.69,-0.03,-0.4,-0.14,-0.27,0.41,0.01,0.06,0.29,0.04,0.25,-0.03,-0.77,0.39,-0.38,0.03,0.52,-1.29,0.06,0.33,0.01,0.26,2936,1450,1486
1629726,Garrison Mathews,2026,-0.63,-0.1,0.22,0.03,0.19,-0.18,-0.02,-0.26,0.39,0.07,0.34,-0.03,-0.74,0.35,-0.39,-0.14,0.03,-0.77,-0.2,0.55,0.04,0.36,816,411,405
1626172,Kevon Looney,2026,-0.94,-0.21,0.05,-0.06,0.11,0.07,0.58,-0.15,-0.49,-0.33,-0.17,0.11,-0.83,0.43,-0.39,0.23,0.47,-1.3,-0.64,1.07,0.12,-0.38,1170,588,582
1642911,Zikarsky,2026,-0.05,-0.02,-0.03,-0.0,-0.03,-0.0,0.05,0.06,-0.03,-0.05,0.03,-0.25,-0.12,-0.27,-0.39,-0.08,-0.15,0.03,-0.2,-0.07,-0.03,-0.28,61,32,29
1641890,Tyler Smith,2026,-0.17,-0.03,-0.06,-0.05,-0.01,-0.02,-0.1,-0.02,0.0,-0.04,0.05,-0.02,-0.27,-0.12,-0.39,-0.02,0.01,-0.28,-0.01,-0.11,-0.08,-0.02,24,12,12
203076,Anthony Davis,2026,-0.13,-0.38,-0.16,-0.2,0.04,-0.12,0.35,0.16,-0.2,-0.22,0.03,-0.17,-0.33,-0.07,-0.39,0.04,0.11,-0.44,0.46,-0.53,-0.28,-0.37,2697,1347,1350
1630548,Johnny Juzang,2026,-0.1,0.06,-0.25,-0.23,-0.03,0.07,-0.32,-0.01,-0.0,0.08,-0.08,0.13,-0.23,-0.17,-0.39,0.08,-0.27,0.04,0.0,-0.17,-0.18,0.13,345,171,174
1631097,Bennedict Mathurin,2026,0.44,1.01,-0.1,0.57,-0.67,-0.81,-0.02,-0.39,0.03,0.04,-0.0,-0.12,-0.34,-0.06,-0.4,0.18,-1.12,0.78,0.24,-0.3,-0.91,-0.09,5508,2754,2754
1642530,Yuki Kawamura,2026,-0.08,-0.06,-0.1,-0.04,-0.06,0.11,-0.41,0.0,0.23,0.05,0.18,-0.18,-0.09,-0.31,-0.4,0.03,-0.03,-0.06,0.17,-0.48,0.01,0.05,425,212,213
1627751,Jakob Poeltl,2026,0.35,-0.24,-0.58,-0.43,-0.15,0.18,-1.15,-0.11,0.04,0.27,-0.23,0.63,-0.15,-0.26,-0.41,0.12,0.18,-0.33,0.38,-0.64,-0.4,0.67,3500,1745,1755
201143,Al Horford,2026,0.66,-0.15,0.06,-0.08,0.14,-0.61,-1.02,0.34,0.6,0.35,0.25,-0.72,0.17,-0.57,-0.41,0.62,-0.61,0.78,-0.64,0.07,-0.55,-0.12,3774,1891,1883
1629652,Luguentz Dort,2026,-0.81,-0.25,0.37,0.09,0.28,-0.41,0.64,0.1,-0.17,-0.25,0.08,-0.39,-1.06,0.64,-0.42,0.35,0.36,-1.42,-0.18,0.82,-0.04,-0.56,6585,3274,3311
1642917,Shulga,2026,-0.11,-0.02,-0.19,-0.06,-0.13,0.02,-0.14,-0.08,0.0,-0.0,0.0,0.01,-0.29,-0.12,-0.42,-0.01,-0.01,-0.28,-0.02,-0.1,-0.17,0.01,24,12,12
1631216,Caleb Houstan,2026,-0.39,-0.09,-0.19,-0.13,-0.06,-0.18,0.1,-0.07,0.23,0.31,-0.07,0.06,-0.93,0.51,-0.42,-0.05,-0.42,-0.51,0.15,0.36,-0.37,0.29,232,116,116
1642951,Pedulla,2026,-0.13,-0.07,0.05,0.03,0.03,0.03,-0.32,-0.02,-0.04,-0.0,-0.04,-0.02,-0.05,-0.37,-0.42,0.01,0.04,-0.09,0.04,-0.41,0.08,-0.06,23,11,12
1630230,Naji Marshall,2026,-0.03,0.29,0.19,0.08,0.11,-0.78,0.42,0.17,-0.59,-0.51,-0.08,0.12,-0.52,0.05,-0.47,0.2,-0.56,0.04,0.16,-0.11,-0.59,-0.47,8320,4154,4166
1641778,Leaky Black,2026,-0.26,0.07,0.04,-0.06,0.1,0.27,-0.21,-0.03,-0.35,-0.13,-0.22,0.03,-0.07,-0.4,-0.47,0.01,0.63,-0.7,-0.14,-0.26,0.31,-0.32,663,332,331
204060,Joe Ingles,2026,0.24,0.01,-0.42,-0.19,-0.22,-0.09,-0.29,0.04,0.12,0.07,0.05,-0.07,-0.34,-0.16,-0.49,0.02,-0.35,0.01,-0.1,-0.06,-0.51,0.05,379,193,186
1629627,Zion Williamson,2026,-0.49,0.14,0.11,0.22,-0.09,0.14,0.33,-0.19,-0.46,0.12,-0.56,-0.08,-0.28,-0.21,-0.49,-0.04,0.63,-0.91,-0.51,0.3,0.25,-0.54,6648,3351,3297
1631127,Harrison Ingram,2026,-0.03,-0.05,-0.25,-0.1,-0.14,0.1,-0.44,-0.1,0.09,0.17,-0.08,-0.03,-0.16,-0.33,-0.49,0.07,0.23,-0.39,0.1,-0.43,-0.15,0.06,75,39,36
1642461,Spencer Jones,2026,0.19,-0.23,0.4,0.09,0.32,-0.53,-0.23,-0.25,-0.22,-0.13,-0.09,0.43,-0.24,-0.26,-0.49,-0.53,-0.22,-0.02,0.31,-0.57,-0.13,0.21,5267,2603,2664
1641748,Andre Jackson Jr.,2026,-0.6,-0.25,-0.39,-0.35,-0.04,0.04,-0.54,-0.29,0.94,0.14,0.81,0.12,-1.1,0.61,-0.49,-0.06,-0.47,-0.63,0.23,0.38,-0.35,1.06,848,429,419
1641752,Bobi Klintman,2026,-0.54,-0.08,0.04,-0.03,0.06,-0.03,-0.36,-0.03,0.25,0.05,0.2,0.04,-0.51,0.01,-0.5,0.1,-0.11,-0.4,0.1,-0.09,0.01,0.29,311,153,158
1642876,Adou Thiero,2026,-0.02,0.05,0.2,0.04,0.16,-0.2,-0.74,0.06,0.42,0.27,0.16,-0.05,-0.09,-0.42,-0.52,-0.13,0.2,-0.29,0.06,-0.48,0.0,0.37,418,209,209
1631223,David Roddy,2026,-0.24,-0.01,-0.14,-0.03,-0.11,-0.07,0.02,0.01,0.08,-0.04,0.13,-0.22,-0.42,-0.11,-0.53,0.04,-0.13,-0.29,0.01,-0.12,-0.21,-0.14,54,27,27
1626156,D'Angelo Russell,2026,0.54,-0.08,-0.47,-0.58,0.11,-0.66,0.67,-0.01,-0.23,-0.4,0.16,-0.15,-0.73,0.2,-0.53,-0.23,-1.0,0.27,-0.24,0.44,-1.13,-0.38,2241,1121,1120
1631121,Bryce McGowens,2026,0.71,0.14,1.06,0.62,0.44,-0.01,-0.92,0.04,-0.59,-0.64,0.05,-0.47,1.4,-1.94,-0.54,-0.32,0.19,1.21,-0.96,-0.98,1.05,-1.06,3921,1960,1961
1642910,Tonje,2026,-0.13,-0.03,-0.18,-0.08,-0.1,0.09,-0.27,-0.04,-0.05,0.01,-0.07,0.01,-0.22,-0.32,-0.54,-0.01,0.07,-0.29,-0.01,-0.31,-0.09,-0.04,40,20,20
1630164,James Wiseman,2026,-0.59,-0.05,-0.06,0.05,-0.1,-0.19,0.15,-0.14,-0.22,-0.08,-0.16,0.16,-0.73,0.19,-0.54,0.21,-0.26,-0.47,0.13,0.06,-0.25,-0.06,244,126,118
1641733,Nick Smith Jr.,2026,0.85,0.14,-0.33,-0.15,-0.18,-0.07,-0.75,-0.04,0.51,0.03,0.48,-0.23,0.1,-0.64,-0.54,-0.52,-0.4,0.5,-0.56,-0.08,-0.4,0.28,1257,628,629
1642918,Alijah Martin,2026,-0.95,0.11,0.27,0.19,0.08,0.2,0.14,-0.11,-0.03,0.13,-0.16,-0.2,-0.36,-0.18,-0.54,0.03,0.27,-0.63,-0.05,-0.13,0.47,-0.23,376,191,185
1642884,Goldin,2026,-0.11,-0.06,-0.25,-0.1,-0.16,0.07,-0.16,-0.02,-0.05,-0.05,0.0,-0.07,-0.29,-0.27,-0.55,0.02,0.01,-0.3,-0.02,-0.25,-0.18,-0.12,53,27,26
1642355,Bronny James,2026,0.45,-0.24,-0.11,-0.28,0.16,-0.17,-0.55,0.03,0.44,0.09,0.35,-0.28,-0.05,-0.51,-0.56,-0.34,-0.28,0.23,-0.33,-0.18,-0.28,0.16,929,467,462
1642450,Daniss Jenkins,2026,-1.7,0.29,-1.09,-0.08,-1.01,0.88,0.05,-0.47,1.48,0.73,0.75,-0.32,-1.76,1.2,-0.56,0.14,0.71,-2.47,-0.28,1.48,-0.21,1.16,4123,2073,2050
1630249,Vit Krejci,2026,-0.84,-0.41,-0.46,-0.14,-0.32,0.12,-0.1,0.01,0.42,0.29,0.14,0.06,-1.02,0.46,-0.56,0.24,0.43,-1.45,0.09,0.37,-0.34,0.48,5753,2867,2886
1631199,Ron Harper Jr.,2026,-0.58,-0.33,-0.27,0.29,-0.56,0.56,-0.5,-0.08,-0.03,-0.07,0.05,0.24,-0.2,-0.36,-0.56,0.02,0.49,-0.69,0.05,-0.41,0.29,0.21,900,451,449
1642848,Tre Johnson,2026,-0.17,-0.11,0.47,-0.09,0.56,-0.91,0.46,-0.22,-0.35,-0.27,-0.08,-0.22,-0.62,0.04,-0.57,0.15,-0.52,-0.1,-0.48,0.52,-0.44,-0.57,5263,2633,2630
1629646,Charles Bassey,2026,-0.33,-0.03,-0.05,-0.09,0.04,0.04,-0.27,-0.02,-0.03,-0.1,0.08,-0.01,-0.33,-0.24,-0.57,0.08,0.32,-0.65,0.09,-0.33,-0.01,-0.04,151,76,75
1643052,Chaney Johnson,2026,0.09,0.03,-0.22,-0.16,-0.06,-0.26,-0.02,-0.15,0.12,0.07,0.04,-0.22,-0.49,-0.08,-0.57,-0.06,-0.44,-0.05,-0.33,0.25,-0.48,-0.1,296,149,147
1641710,Anthony Black,2026,-0.14,0.12,0.47,0.43,0.05,-0.45,-0.59,0.08,-0.08,0.08,-0.16,0.36,-0.33,-0.24,-0.57,-0.14,-0.35,0.02,0.22,-0.46,0.02,0.28,7412,3698,3714
1641801,Emanuel Miller,2026,-0.44,-0.08,-0.04,0.01,-0.05,0.01,-0.35,-0.01,0.23,0.14,0.09,0.02,-0.47,-0.09,-0.57,0.0,0.05,-0.52,-0.07,-0.02,-0.03,0.25,104,52,52
1642377,Jaylen Wells,2026,0.52,-0.2,-0.15,-0.33,0.19,0.48,-1.6,0.19,-0.16,-0.36,0.22,0.14,0.7,-1.28,-0.58,0.19,-0.03,0.73,-0.05,-1.23,0.33,-0.02,7206,3610,3596
1630311,Pat Spencer,2026,-0.65,-0.76,-0.15,-0.16,0.01,0.57,-0.91,-0.13,0.59,0.46,0.12,-0.41,-0.3,-0.28,-0.58,0.38,0.73,-1.03,-0.11,-0.17,0.42,0.18,3671,1831,1840
1629630,Ja Morant,2026,-0.43,0.39,0.09,-0.06,0.14,-0.21,-0.52,-0.07,0.36,-0.08,0.44,0.21,-0.68,0.09,-0.59,-0.09,-0.35,-0.33,-0.2,0.29,-0.12,0.57,2579,1289,1290
1628988,Aaron Holiday,2026,-1.01,0.1,0.1,0.27,-0.16,0.43,0.12,-0.28,0.3,-0.22,0.53,-0.23,-0.73,0.13,-0.6,-0.31,0.31,-1.04,-0.71,0.84,0.53,0.07,2244,1132,1112
1628975,Jevon Carter,2026,-0.02,-0.05,0.44,-0.04,0.48,-0.48,-0.31,-0.05,-0.16,-0.14,-0.01,-0.28,0.32,-0.92,-0.61,0.2,0.02,0.3,-0.67,-0.25,-0.04,-0.44,2212,1111,1101
1641764,Brandin Podziemski,2026,-1.35,-0.17,-0.01,-0.1,0.1,-0.45,0.52,0.12,0.22,-0.01,0.23,0.29,-1.91,1.3,-0.61,0.17,-0.38,-1.53,-0.47,1.77,-0.46,0.51,7711,3870,3841
1631109,Mark Williams,2026,-0.95,0.15,0.05,0.13,-0.08,0.06,0.49,0.55,0.43,0.21,0.22,-0.6,-1.2,0.58,-0.62,-0.1,0.31,-1.51,-0.51,1.09,0.11,-0.17,5489,2740,2749
1642282,Sallis,2026,-0.32,-0.08,-0.11,-0.04,-0.08,-0.07,-0.07,-0.04,-0.05,0.0,-0.05,-0.1,-0.45,-0.17,-0.63,0.09,-0.07,-0.38,-0.07,-0.1,-0.18,-0.15,107,54,53
1631321,Sidy Cissoko,2026,-1.27,0.07,-0.91,-0.04,-0.87,0.6,-0.04,-0.0,1.38,0.35,1.04,-0.13,-1.72,1.09,-0.63,-0.26,-0.1,-1.62,-0.03,1.12,-0.31,1.25,5328,2661,2667
1641787,Tosan Evbuomwan,2026,-0.38,-0.04,-0.04,-0.0,-0.04,-0.01,-0.02,-0.04,-0.07,-0.05,-0.01,-0.07,-0.45,-0.19,-0.64,-0.05,-0.07,-0.38,-0.28,0.09,-0.05,-0.14,32,15,17
1629634,Brandon Clarke,2026,-0.39,-0.1,-0.01,-0.04,0.01,0.01,-0.15,-0.01,0.01,0.07,-0.05,-0.02,-0.47,-0.17,-0.64,-0.09,0.1,-0.57,-0.03,-0.14,0.0,-0.01,92,46,46
1631123,Jamaree Bouyea,2026,-1.8,-0.77,-0.06,0.03,-0.09,0.31,0.47,0.1,0.61,0.27,0.34,-0.47,-1.71,1.05,-0.66,0.28,0.26,-1.97,-0.38,1.43,0.25,0.14,2007,1003,1004
1631115,Orlando Robinson,2026,-0.14,0.02,0.04,0.03,0.01,0.13,-0.52,-0.01,-0.08,-0.04,-0.04,-0.06,-0.01,-0.64,-0.66,-0.03,-0.09,0.08,-0.09,-0.55,0.17,-0.14,93,47,46
1628998,Cody Martin,2026,-1.1,-0.04,-0.16,-0.05,-0.1,0.04,0.54,-0.05,0.05,0.1,-0.04,-0.05,-1.2,0.54,-0.66,0.02,0.07,-1.27,-0.1,0.64,-0.12,0.0,230,113,117
1642939,Miles Kelly,2026,-0.7,-0.21,-0.35,0.08,-0.44,0.11,0.24,0.07,-0.12,0.21,-0.33,0.12,-0.91,0.24,-0.66,0.04,0.03,-0.94,-0.47,0.71,-0.24,0.0,569,286,283
1630180,Saddiq Bey,2026,-1.03,0.36,0.81,0.44,0.37,0.13,0.47,0.22,-0.82,-0.36,-0.46,-0.24,-0.38,-0.29,-0.67,0.01,-0.29,-0.09,0.29,-0.58,0.94,-1.06,8434,4217,4217
1641816,Hunter Tyson,2026,-0.59,0.12,-0.11,0.19,-0.3,-0.21,0.57,0.11,-0.3,0.04,-0.34,0.15,-0.96,0.29,-0.67,-0.18,-0.34,-0.62,0.24,0.05,-0.32,-0.15,640,317,323
1642443,Jahmir Young,2026,-0.16,-0.16,-0.03,0.11,-0.14,0.04,-0.36,-0.11,-0.23,0.04,-0.29,0.03,-0.13,-0.55,-0.68,0.03,0.22,-0.35,0.01,-0.56,0.01,-0.2,206,101,105
1641815,Isaiah Stevens,2026,-0.38,0.0,0.2,0.15,0.05,0.01,-0.64,0.04,0.2,0.05,0.14,-0.02,-0.21,-0.47,-0.68,-0.05,-0.02,-0.19,-0.02,-0.45,0.21,0.18,168,83,85
1642354,KJ Simpson,2026,-0.23,-0.29,-0.48,-0.1,-0.38,0.28,-0.1,-0.01,0.12,0.38,-0.25,0.14,-0.58,-0.1,-0.68,-0.41,0.1,-0.68,0.19,-0.29,-0.2,0.26,996,501,495
1630625,Dalano Banton,2026,-0.05,-0.0,-0.15,0.03,-0.18,0.08,-0.44,-0.01,0.09,0.03,0.05,-0.16,-0.09,-0.59,-0.68,-0.05,-0.01,-0.08,-0.25,-0.34,-0.07,-0.07,94,47,47
1642935,Hepburn,2026,-0.45,-0.05,-0.03,-0.05,0.03,0.03,-0.12,-0.01,-0.05,0.0,-0.07,-0.11,-0.46,-0.24,-0.7,0.03,0.05,-0.51,-0.0,-0.24,0.0,-0.16,51,25,26
202066,Garrett Temple,2026,-0.25,0.04,-0.28,-0.22,-0.06,-0.12,0.07,0.02,0.14,0.01,0.12,-0.15,-0.78,0.08,-0.7,-0.11,-0.12,-0.66,-0.09,0.17,-0.4,-0.01,182,91,91
203994,Jusuf Nurkic,2026,-1.13,-0.25,-1.0,-1.0,-0.01,0.4,0.47,-0.1,-1.26,-0.29,-0.98,1.78,-1.7,1.0,-0.7,0.04,-0.15,-1.55,1.3,-0.3,-0.6,0.52,4666,2333,2333
1641737,Adem Bona,2026,-0.06,-0.13,-0.04,-0.04,-0.0,-0.0,-0.17,-0.34,0.85,0.09,0.75,-0.7,-0.33,-0.37,-0.7,-0.58,-0.25,-0.08,-0.56,0.19,-0.04,0.15,4384,2188,2196
202696,Nikola Vucevic,2026,-0.09,-0.48,0.57,-0.24,0.8,-0.75,0.13,0.85,-1.64,-0.55,-1.08,1.23,-0.37,-0.34,-0.71,-0.16,-1.07,0.7,0.52,-0.86,-0.18,-0.41,7052,3527,3525
203992,Bogdan Bogdanovic,2026,0.06,0.14,-0.58,0.06,-0.65,-0.2,0.31,0.08,-0.2,-0.05,-0.14,-0.33,-0.44,-0.27,-0.71,0.23,-0.24,-0.2,-0.63,0.36,-0.78,-0.53,1504,752,752
1631211,Trevor Keels,2026,-0.39,-0.06,-0.18,-0.05,-0.13,0.0,-0.04,-0.05,-0.09,-0.05,-0.04,0.05,-0.58,-0.13,-0.71,-0.06,-0.08,-0.5,-0.02,-0.11,-0.18,-0.04,26,13,13
1628964,Mo Bamba,2026,-0.56,-0.12,-0.05,-0.08,0.03,0.1,-0.09,-0.06,-0.01,-0.05,0.04,-0.12,-0.43,-0.29,-0.71,0.02,-0.04,-0.39,-0.05,-0.24,0.05,-0.13,172,85,87
203501,Tim Hardaway Jr.,2026,0.46,0.42,0.56,0.1,0.46,-0.7,-0.06,-0.03,-0.81,-0.47,-0.34,0.0,0.52,-1.23,-0.71,-0.16,-0.15,0.67,-0.35,-0.88,-0.14,-0.81,7566,3779,3787
1642854,Asa Newell,2026,-0.65,-0.25,-0.05,-0.09,0.04,0.07,-0.83,-0.28,0.12,-0.39,0.51,0.35,-0.34,-0.39,-0.72,0.27,0.14,-0.48,0.31,-0.7,0.02,0.47,1879,938,941
1642271,Kyle Filipowski,2026,0.23,0.25,-0.0,0.15,-0.16,0.18,-1.57,-0.06,0.34,0.36,-0.04,-0.43,0.71,-1.43,-0.72,0.53,0.3,0.41,-0.47,-0.96,0.18,-0.09,6310,3162,3148
203924,Jerami Grant,2026,0.8,0.61,-0.3,0.09,-0.39,0.63,-1.74,-0.33,0.25,-0.08,0.33,-0.38,1.34,-2.06,-0.72,0.02,0.55,0.79,-0.06,-2.0,0.33,-0.13,6677,3328,3349
1629216,Gabe Vincent,2026,1.21,0.16,0.14,-0.01,0.15,-0.21,-1.11,-0.03,-0.73,-0.21,-0.52,-0.12,1.25,-1.98,-0.73,0.09,0.37,0.88,-0.45,-1.53,-0.07,-0.85,2829,1409,1420
1630168,Onyeka Okongwu,2026,-0.31,-0.04,-0.61,-0.11,-0.49,-0.83,-0.38,0.25,0.35,0.66,-0.31,0.56,-1.51,0.78,-0.73,0.49,-0.29,-1.22,0.72,0.06,-1.44,0.91,8216,4106,4110
1642353,Cam Christie,2026,0.13,-0.18,-0.54,-0.34,-0.2,-0.3,0.55,0.34,0.21,0.25,-0.04,-0.38,-0.88,0.16,-0.73,-0.4,-0.48,-0.4,-0.58,0.74,-0.84,-0.17,1586,792,794
1641807,Omier,2026,-0.26,-0.08,0.04,-0.03,0.06,0.04,-0.43,0.02,-0.13,-0.05,-0.09,-0.06,-0.12,-0.61,-0.73,0.07,0.12,-0.24,-0.01,-0.6,0.08,-0.19,50,24,26
1627759,Jaylen Brown,2026,0.37,-0.12,0.23,0.46,-0.23,0.09,-0.2,-0.22,-1.09,-0.36,-0.73,-0.12,0.49,-1.23,-0.73,-0.01,-0.33,0.82,-0.72,-0.51,0.32,-1.21,8106,4050,4056
1641747,DaRon Holmes II,2026,-0.03,-0.26,-0.06,0.19,-0.25,-0.31,0.28,-0.05,-0.22,-0.05,-0.17,-0.19,-0.44,-0.29,-0.73,-0.2,-0.12,-0.32,0.03,-0.32,-0.37,-0.41,741,373,368
204456,T.J. McConnell,2026,0.45,-0.45,0.51,0.49,0.01,-1.36,-1.16,-0.42,0.82,-0.03,0.85,0.06,-0.49,-0.24,-0.73,-0.05,-1.66,1.17,-0.05,-0.19,-0.85,0.88,3495,1750,1745
1631107,Nikola Jovic,2026,-0.46,0.1,-0.34,-0.37,0.01,-0.55,0.77,-0.02,0.26,0.21,0.05,-0.48,-1.29,0.55,-0.74,0.06,-0.73,-0.56,-1.13,1.68,-0.89,-0.22,3505,1732,1773
1642855,Essengue,2026,-0.33,-0.06,0.01,0.03,-0.01,-0.06,-0.32,-0.04,0.04,0.04,0.0,-0.06,-0.4,-0.34,-0.74,-0.02,-0.08,-0.32,-0.07,-0.27,-0.05,-0.02,28,14,14
1630538,Nah'Shon Hyland,2026,-0.52,-0.63,0.11,0.22,-0.1,0.06,-1.02,-0.1,0.65,0.43,0.23,-0.18,-0.33,-0.42,-0.75,0.15,-0.2,-0.13,0.4,-0.82,0.17,0.47,3545,1775,1770
1630574,Ariel Hukporti,2026,-1.36,-0.21,-0.08,0.01,-0.08,0.01,1.03,0.0,-0.56,-0.33,-0.23,0.29,-1.39,0.64,-0.75,-0.08,-0.13,-1.26,-0.27,0.91,-0.07,-0.27,1712,852,860
1629655,Daniel Gafford,2026,-0.87,-0.16,-0.28,-0.33,0.05,-0.12,1.11,0.44,-0.88,-0.33,-0.56,0.21,-1.26,0.51,-0.75,0.08,-0.25,-1.01,0.2,0.31,-0.4,-0.67,4539,2263,2276
1642396,Blake Hinson,2026,-0.56,-0.15,-0.19,-0.14,-0.06,0.21,-0.07,-0.19,-0.2,-0.01,-0.17,-0.02,-0.34,-0.41,-0.75,0.08,0.21,-0.55,-0.18,-0.23,0.02,-0.22,718,357,361
1641713,GG Jackson,2026,0.6,0.12,-0.08,0.29,-0.35,0.11,-1.03,-0.02,0.35,0.12,0.23,-1.07,0.86,-1.61,-0.75,0.37,0.37,0.49,-0.84,-0.77,0.03,-0.72,3825,1912,1913
1631169,Josh Minott,2026,-0.3,-0.13,0.13,0.0,0.13,-0.09,0.18,-0.1,0.04,-0.12,0.17,-0.49,-0.4,-0.38,-0.77,-0.24,0.38,-0.78,-0.16,-0.22,0.04,-0.45,2548,1264,1284
1630167,Obi Toppin,2026,-0.47,0.08,0.37,-0.1,0.47,-0.24,-0.16,-0.19,-0.51,-0.35,-0.16,0.12,-0.31,-0.47,-0.78,0.11,-0.16,-0.15,0.13,-0.6,0.13,-0.39,740,372,368
1628420,Monte Morris,2026,-1.05,-0.03,-0.06,0.14,-0.2,0.05,0.28,-0.07,0.2,0.16,0.04,-0.08,-1.1,0.31,-0.78,-0.12,0.02,-1.12,-0.14,0.45,-0.01,0.12,275,138,137
1626166,Cameron Payne,2026,-0.49,0.0,-0.2,0.09,-0.29,-0.35,0.26,-0.04,0.34,-0.13,0.47,0.1,-1.38,0.58,-0.79,-0.45,-0.61,-0.77,-0.17,0.75,-0.55,0.44,1009,502,507
1630314,Brandon Williams,2026,0.43,0.24,0.51,0.09,0.41,-0.19,-1.19,-0.02,0.39,0.26,0.13,-0.57,0.26,-1.06,-0.8,-0.18,-0.52,0.78,-0.77,-0.29,0.32,-0.18,5769,2901,2868
1631094,Paolo Banchero,2026,0.55,0.18,-0.35,0.11,-0.46,-0.58,-0.74,-0.42,-0.23,-0.35,0.12,0.24,-0.15,-0.65,-0.8,0.31,-0.21,0.06,0.28,-0.93,-0.93,0.01,8040,4006,4034
1642942,Jahmai Mashack,2026,-0.36,-0.09,-0.1,0.47,-0.57,-0.05,-0.5,-0.23,0.44,-0.07,0.51,-0.62,-0.44,-0.37,-0.81,0.38,0.37,-0.81,0.07,-0.44,-0.15,-0.18,1748,871,877
1629021,Moritz Wagner,2026,-0.22,0.16,0.2,0.04,0.16,0.04,-0.52,-0.09,-0.29,-0.16,-0.13,0.06,-0.03,-0.8,-0.82,-0.09,-0.66,0.63,0.48,-1.28,0.24,-0.23,1373,683,690
1642863,Khaman Maluach,2026,-0.64,-0.11,-0.85,-0.16,-0.68,0.55,-0.13,0.04,0.34,0.09,0.25,-0.19,-0.9,0.08,-0.83,0.09,-0.02,-0.88,0.04,0.04,-0.3,0.15,859,426,433
1630649,Stanley Umude,2026,-0.16,-0.05,-0.16,-0.09,-0.08,-0.04,-0.41,-0.05,-0.04,-0.0,-0.04,-0.01,-0.4,-0.44,-0.84,-0.02,-0.07,-0.33,0.06,-0.5,-0.2,-0.05,27,14,13
203084,Harrison Barnes,2026,-0.16,0.13,0.7,0.32,0.38,-0.23,-0.92,0.37,-0.23,0.07,-0.3,0.19,0.1,-0.94,-0.84,-0.19,0.78,-0.68,0.02,-0.96,0.47,-0.04,7082,3560,3522
203484,Kentavious Caldwell-Pope,2026,-1.16,0.22,0.06,0.08,-0.01,0.23,-0.12,0.06,0.7,0.59,0.12,-0.74,-1.08,0.23,-0.85,0.18,-0.03,-1.05,-0.56,0.79,0.29,-0.04,4662,2333,2329
1642859,Jase Richardson,2026,-0.44,0.09,-0.38,-0.25,-0.14,0.66,-0.57,-0.37,0.33,0.17,0.16,-0.11,-0.47,-0.37,-0.85,-0.34,0.09,-0.56,-0.13,-0.24,0.28,0.22,2061,1029,1032
1642882,Julian Reese,2026,0.4,0.12,-0.23,-0.08,-0.15,0.23,-1.09,-0.08,-0.25,-0.03,-0.22,0.12,0.25,-1.12,-0.86,-0.04,0.18,0.07,0.26,-1.38,0.0,-0.13,505,254,251
1629645,Kevin Porter Jr.,2026,-0.05,0.16,-0.37,0.13,-0.49,-0.38,-0.05,0.02,-0.35,-0.21,-0.14,0.37,-0.68,-0.19,-0.87,-0.04,0.07,-0.75,0.37,-0.56,-0.75,0.02,5105,2560,2545
1641998,Trey Jemison,2026,-0.5,-0.06,-0.08,-0.06,-0.01,-0.09,-0.15,0.04,0.05,0.05,-0.0,-0.01,-0.73,-0.13,-0.87,-0.09,-0.36,-0.37,-0.13,-0.0,-0.17,0.04,252,125,127
1642403,Isaac Jones,2026,-0.42,-0.04,-0.11,-0.08,-0.03,-0.09,-0.17,-0.05,0.09,0.08,0.01,-0.13,-0.65,-0.22,-0.87,-0.04,-0.07,-0.58,-0.07,-0.15,-0.2,-0.04,90,46,44
1629599,Amir Coffey,2026,-0.38,-0.14,-0.48,-0.56,0.08,-0.08,0.69,0.09,0.22,-0.48,0.7,-0.38,-1.1,0.22,-0.88,-0.47,-0.15,-0.95,-0.74,0.96,-0.56,-0.16,1694,843,851
1642959,Chris Youngblood,2026,-0.41,-0.23,-0.08,0.15,-0.23,-0.41,0.62,0.13,-0.51,-0.23,-0.27,-0.15,-0.98,0.1,-0.88,0.06,-0.2,-0.78,0.55,-0.45,-0.49,-0.66,714,362,352
203078,Bradley Beal,2026,0.33,-0.1,-0.03,-0.11,0.1,-0.15,-0.65,0.06,0.0,-0.04,0.04,-0.16,0.03,-0.91,-0.88,-0.22,-0.05,0.08,-0.06,-0.85,-0.18,-0.16,493,249,244
1641780,Johni Broome,2026,-0.69,-0.05,-0.18,0.1,-0.28,-0.09,-0.02,-0.15,0.04,-0.13,0.17,-0.02,-1.03,0.15,-0.89,0.07,-0.16,-0.87,-0.02,0.17,-0.27,0.02,253,127,126
1631200,Kris Murray,2026,-2.34,0.18,-0.37,-0.05,-0.32,0.8,0.87,-0.36,0.27,-0.14,0.42,-0.32,-1.86,0.96,-0.9,0.19,0.65,-2.51,0.63,0.33,0.43,-0.05,4387,2180,2207
1630598,Aaron Wiggins,2026,-0.67,-0.01,-0.09,0.43,-0.52,-0.47,1.32,0.25,0.64,0.01,0.62,-0.85,-1.29,0.38,-0.91,-0.79,0.31,-1.6,-0.41,0.79,-0.56,-0.21,4911,2452,2459
1641809,Drew Peterson,2026,-0.71,-0.06,0.01,0.04,-0.03,0.05,-0.44,-0.04,0.49,0.01,0.47,-0.11,-0.71,-0.2,-0.91,-0.2,-0.04,-0.67,-0.09,-0.11,0.06,0.38,253,126,127
1631103,Malaki Branham,2026,-0.97,0.0,-0.28,-0.24,-0.05,0.16,-0.08,0.19,0.38,-0.1,0.47,-0.11,-1.04,0.12,-0.92,-0.02,0.54,-1.58,-0.41,0.53,-0.12,0.27,1100,545,555
1642502,Malevy Leons,2026,-0.22,-0.05,-0.11,-0.13,0.01,0.48,-0.69,-0.05,0.01,-0.04,0.07,-0.34,0.1,-1.02,-0.93,-0.06,0.75,-0.65,-0.54,-0.48,0.37,-0.33,465,233,232
201587,Nicolas Batum,2026,0.12,0.62,-0.2,0.1,-0.3,-0.4,0.06,-0.17,-0.2,0.01,-0.21,-0.31,-0.21,-0.72,-0.93,0.0,0.19,-0.4,-0.29,-0.43,-0.6,-0.51,4564,2292,2272
1626167,Myles Turner,2026,-0.49,-0.07,-0.46,-0.19,-0.27,-1.11,0.59,-0.01,-0.43,-0.2,-0.25,0.53,-1.81,0.84,-0.97,0.4,-1.02,-0.79,1.38,-0.54,-1.57,0.1,7315,3670,3645
1642285,Cam Spencer,2026,-0.41,0.0,0.67,0.15,0.52,-0.48,-0.99,-0.22,0.51,0.43,0.08,-0.63,-0.38,-0.6,-0.97,0.36,-0.4,0.02,-0.35,-0.25,0.19,-0.12,6284,3158,3126
1642358,AJ Johnson,2026,-1.6,-0.13,-0.46,-0.09,-0.37,0.29,0.37,-0.11,-0.08,-0.05,-0.03,0.37,-1.75,0.77,-0.98,0.13,-0.04,-1.71,0.06,0.71,-0.17,0.29,1271,639,632
1631247,Luke Travers,2026,-1.05,-0.12,0.23,0.05,0.18,0.09,-0.26,-0.13,0.3,0.21,0.09,-0.11,-0.76,-0.23,-0.99,-0.19,0.06,-0.82,0.15,-0.38,0.32,0.19,455,229,226
1641871,Duop Reath,2026,-0.5,-0.17,-0.66,-0.42,-0.24,-0.18,0.87,-0.08,0.05,-0.12,0.18,-0.47,-1.54,0.52,-1.01,-0.12,-0.11,-1.43,-0.08,0.6,-0.84,-0.42,1081,537,544
1642920,Kobe Sanders,2026,-0.39,0.41,-0.16,0.1,-0.28,-0.43,0.41,-0.14,-0.91,-0.38,-0.53,0.4,-1.06,0.05,-1.01,0.07,-0.0,-1.06,1.08,-1.03,-0.59,-0.51,4550,2280,2270
1642878,Tyrese Proctor,2026,-0.85,-0.01,0.2,-0.05,0.25,0.11,-0.54,-0.11,0.81,0.27,0.53,-0.95,-0.35,-0.66,-1.01,0.21,0.36,-0.71,-0.46,-0.2,0.31,-0.14,1784,892,892
1631102,TyTy Washington Jr.,2026,-0.13,-0.08,-0.18,0.08,-0.25,0.04,-0.55,0.05,0.01,0.01,0.0,-0.22,-0.27,-0.76,-1.02,0.01,-0.1,-0.17,-0.39,-0.37,-0.14,-0.21,195,95,100
1630644,Mac McClung,2026,-1.07,-0.09,0.09,0.03,0.05,0.19,-0.56,-0.01,-0.05,-0.14,0.09,0.02,-0.5,-0.53,-1.02,0.36,0.08,-0.58,0.05,-0.58,0.28,-0.03,206,104,102
1630621,Hunter Dickinson,2026,-0.33,-0.05,-0.23,-0.04,-0.19,0.03,-0.27,-0.1,-0.13,-0.07,-0.07,-0.05,-0.55,-0.47,-1.02,-0.04,-0.11,-0.44,0.09,-0.56,-0.2,-0.18,40,20,20
1630590,Scotty Pippen Jr.,2026,-0.48,-0.29,0.09,0.03,0.05,-0.44,-0.24,-0.26,0.51,-0.1,0.61,-0.56,-1.02,-0.02,-1.05,0.07,-0.37,-0.65,-0.69,0.67,-0.35,-0.05,905,451,454
201569,Eric Gordon,2026,-0.35,-0.14,-0.25,0.01,-0.27,0.08,-0.47,-0.02,0.05,-0.12,0.17,-0.15,-0.57,-0.48,-1.05,0.04,0.11,-0.68,0.06,-0.54,-0.17,-0.1,305,151,154
1626162,Kelly Oubre Jr.,2026,0.9,0.68,0.14,0.27,-0.13,-0.24,-0.84,-0.04,0.3,-0.01,0.31,-0.69,0.49,-1.56,-1.06,-0.63,-0.37,0.86,-1.31,-0.25,-0.1,-0.39,5506,2748,2758
1629611,Terance Mann,2026,-0.3,-0.11,-0.4,0.38,-0.79,0.16,-0.06,-0.25,-0.1,-0.03,-0.08,-0.61,-0.48,-0.59,-1.07,0.24,0.0,-0.48,0.34,-0.93,-0.24,-0.71,5905,2962,2943
1629639,Tyler Herro,2026,-0.99,-0.11,0.73,0.14,0.6,-0.43,0.66,-0.09,-0.7,-0.85,0.14,-0.26,-0.75,-0.35,-1.1,-0.11,-0.56,-0.19,-0.02,-0.33,0.3,-0.96,2857,1426,1431
1642367,Jonathan Mogbo,2026,-0.94,-0.05,-0.25,-0.33,0.08,-0.06,0.25,0.05,0.4,0.17,0.23,-0.34,-1.38,0.27,-1.11,-0.17,-0.04,-1.34,-0.39,0.66,-0.31,0.06,653,327,326
1642869,Noah Penda,2026,-1.02,0.02,-0.67,-0.39,-0.28,1.15,-0.71,0.03,-0.26,-0.08,-0.17,0.15,-0.33,-0.79,-1.12,0.24,0.5,-0.83,-0.06,-0.73,0.48,-0.11,2593,1289,1304
1642874,Danny Wolf,2026,-1.52,-0.22,-0.75,-0.76,0.0,0.17,0.81,0.0,-0.04,0.27,-0.3,-0.0,-2.02,0.9,-1.12,0.21,0.44,-2.46,0.43,0.47,-0.58,-0.04,4376,2201,2175
1631466,Jeenathan Williams,2026,-0.36,-0.12,0.22,0.11,0.09,0.17,-0.82,-0.06,-0.13,-0.2,0.07,-0.3,0.11,-1.25,-1.14,0.08,0.14,-0.03,-0.3,-0.95,0.39,-0.43,383,189,194
1631174,Tyler Burton,2026,-0.84,-0.11,0.2,0.01,0.19,-0.08,-0.07,0.08,0.13,0.07,0.05,-0.34,-0.8,-0.34,-1.14,-0.14,-0.07,-0.73,-0.3,-0.04,0.12,-0.21,230,117,113
1643016,Mbeng,2026,-0.72,-0.15,-0.24,-0.1,-0.14,-0.01,-0.15,0.01,0.13,0.12,0.01,-0.1,-1.01,-0.13,-1.14,-0.05,-0.09,-0.92,-0.25,0.12,-0.25,0.03,271,136,135
2544,LeBron James,2026,0.33,-0.18,-0.49,-0.43,-0.06,-0.5,-0.33,0.06,0.12,-0.18,0.31,-0.1,-0.38,-0.77,-1.15,-0.18,-0.37,-0.01,-0.45,-0.32,-0.99,0.02,6198,3086,3112
1630322,Lindy Waters III,2026,-0.56,-0.33,-0.13,0.18,-0.29,-0.09,-0.29,-0.15,-0.48,-0.44,-0.04,0.15,-0.64,-0.52,-1.16,0.24,-0.04,-0.6,-0.48,-0.04,-0.22,-0.33,918,460,458
1628436,Luke Kornet,2026,-2.13,-0.35,0.22,0.01,0.2,0.73,0.9,0.2,-0.81,-0.31,-0.51,0.02,-1.11,-0.05,-1.16,-0.09,0.51,-1.62,-0.28,0.23,0.95,-0.79,5200,2594,2606
1641723,Kobe Bufkin,2026,-0.42,-0.07,0.13,-0.19,0.32,-0.35,-0.27,-0.0,-0.23,-0.23,0.0,-0.06,-0.76,-0.39,-1.16,0.04,-0.33,-0.43,-0.08,-0.31,-0.22,-0.29,373,187,186
1630543,Isaiah Jackson,2026,-0.69,0.11,-0.13,0.33,-0.46,0.71,-0.35,0.01,0.56,-0.26,0.83,-0.94,-0.06,-1.1,-1.16,-0.32,0.41,-0.47,-0.77,-0.33,0.58,-0.38,3269,1631,1638
1642868,Carter Bryant,2026,-0.72,0.15,-0.57,0.14,-0.71,0.07,0.67,0.13,-0.46,-0.38,-0.08,0.08,-1.32,0.12,-1.2,-0.27,-0.78,-0.54,-0.34,0.46,-0.5,-0.38,2344,1159,1185
203903,Jordan Clarkson,2026,-0.36,0.23,-0.68,-0.14,-0.54,0.53,-0.33,0.16,-0.17,0.13,-0.3,-0.11,-0.55,-0.66,-1.2,-0.08,0.87,-1.42,0.05,-0.71,-0.15,-0.28,4152,2079,2073
1629636,Darius Garland,2026,-0.08,-0.23,0.28,-0.24,0.52,-0.43,-0.72,0.04,0.0,0.21,-0.2,-0.05,-0.46,-0.77,-1.22,-0.22,-0.93,0.47,0.4,-1.17,-0.15,-0.05,3994,1995,1999
1628396,Tony Bradley,2026,-1.62,0.16,-0.27,-0.3,0.04,0.95,-1.12,-0.42,0.17,-0.21,0.38,0.24,-0.76,-0.48,-1.23,0.42,0.4,-1.16,0.58,-1.06,0.68,0.41,1663,833,830
1630534,Ochai Agbaji,2026,-0.71,-0.21,-1.03,-0.86,-0.16,-0.05,0.81,0.12,-0.43,-0.4,-0.03,0.43,-2.03,0.8,-1.23,-0.25,-0.48,-1.55,0.19,0.61,-1.08,0.0,3288,1635,1653
202691,Klay Thompson,2026,-1.62,-0.54,-0.62,-0.23,-0.38,-0.57,1.51,0.2,-0.65,-0.72,0.07,0.19,-2.42,1.18,-1.24,0.52,-1.04,-1.38,-0.18,1.36,-1.19,-0.46,5726,2888,2838
1630639,AJ Lawson,2026,-0.99,-0.04,0.18,0.2,-0.03,0.01,-0.6,-0.02,-0.07,-0.05,-0.01,0.04,-0.79,-0.45,-1.24,0.19,0.12,-0.91,0.22,-0.67,0.19,-0.03,426,213,213
1627742,Brandon Ingram,2026,0.39,-0.1,-0.44,-0.11,-0.33,-0.09,-0.96,-0.17,-0.23,0.34,-0.56,0.23,-0.56,-0.68,-1.24,-0.14,-0.42,-0.14,0.88,-1.56,-0.53,0.0,9160,4583,4577
1628371,Jonathan Isaac,2026,-2.09,0.05,-0.23,-0.29,0.06,0.56,0.37,-0.17,0.26,0.04,0.21,0.13,-1.85,0.6,-1.25,-0.25,1.09,-2.94,-0.13,0.73,0.33,0.39,2077,1031,1046
1629012,Collin Sexton,2026,0.06,0.21,-1.25,-0.55,-0.71,0.28,0.48,0.21,-0.03,-0.48,0.46,-0.19,-1.29,0.04,-1.26,-0.61,-0.04,-1.25,-0.72,0.76,-0.97,-0.22,5028,2521,2507
1631172,Ousmane Dieng,2026,-0.48,0.05,-0.03,-0.01,-0.0,-0.76,0.38,0.27,-0.61,-0.14,-0.48,0.26,-1.28,0.0,-1.28,-0.04,-0.97,-0.31,0.7,-0.7,-0.79,-0.35,2588,1290,1298
1642484,RayJ Dennis,2026,-1.92,0.02,-0.19,-0.24,0.04,0.09,0.9,-0.09,-0.08,-0.21,0.12,-0.03,-1.77,0.49,-1.28,-0.05,-0.08,-1.69,-0.1,0.59,-0.1,-0.11,783,394,389
1643158,Andersson Garcia,2026,-0.83,-0.17,-0.08,-0.08,0.0,-0.11,-0.26,-0.02,0.07,0.08,-0.0,-0.16,-1.04,-0.25,-1.28,0.09,-0.07,-0.97,0.0,-0.25,-0.19,-0.09,403,201,202
1631099,Keegan Murray,2026,-1.85,0.01,0.4,-0.09,0.49,0.04,0.7,0.03,-0.08,0.33,-0.4,-0.41,-1.47,0.19,-1.28,-0.08,-0.14,-1.33,-0.21,0.4,0.44,-0.49,3244,1621,1623
1630592,Jalen Wilson,2026,-0.95,0.25,0.04,0.51,-0.47,-0.04,-0.63,0.09,0.4,0.25,0.16,-0.04,-0.97,-0.32,-1.29,-0.07,-0.12,-0.85,-0.29,-0.03,0.0,0.36,2628,1311,1317
1642276,Kel'el Ware,2026,-1.87,-0.59,0.0,-0.44,0.44,0.84,0.84,0.25,-0.4,-0.1,-0.3,-0.84,-0.74,-0.56,-1.3,0.13,1.27,-2.01,-0.62,0.06,0.84,-1.24,6221,3097,3124
203114,Khris Middleton,2026,0.03,0.13,0.29,-0.09,0.38,-0.0,-1.08,-0.03,-0.05,0.14,-0.18,-0.16,0.16,-1.47,-1.31,-0.34,0.22,-0.06,-0.28,-1.19,0.29,-0.21,5006,2512,2494
1630578,Alperen Sengun,2026,0.18,-0.15,-0.29,0.1,-0.39,0.95,-1.46,0.17,0.26,0.26,-0.0,-0.39,0.59,-1.91,-1.32,-0.57,0.43,0.16,-1.05,-0.86,0.66,-0.13,7655,3845,3810
1641790,PJ Hall,2026,-0.33,0.09,-0.29,-0.34,0.05,-0.09,0.0,-0.13,-0.1,0.2,-0.3,-0.3,-0.91,-0.42,-1.32,-0.21,0.25,-1.16,-0.02,-0.4,-0.38,-0.4,874,436,438
1628970,Miles Bridges,2026,-0.51,-0.2,0.73,0.18,0.56,-0.1,-0.53,0.2,-0.52,-0.2,-0.33,0.21,-0.18,-1.16,-1.33,-0.61,-0.27,0.09,-0.1,-1.06,0.63,-0.31,7971,3977,3994
203914,Gary Harris,2026,0.19,-0.15,-0.82,-0.62,-0.19,-0.45,-1.31,-0.01,0.55,0.27,0.27,0.44,-0.94,-0.4,-1.34,0.06,-0.27,-0.67,0.99,-1.39,-1.27,0.99,2489,1251,1238
1630696,Dru Smith,2026,-1.22,0.11,-0.54,-0.27,-0.28,0.23,0.51,0.23,0.9,0.3,0.6,-0.54,-1.68,0.34,-1.34,-0.68,0.5,-2.18,-0.47,0.81,-0.31,0.36,4770,2363,2407
1642258,Zaccharie Risacher,2026,-1.42,-0.42,-0.4,-0.32,-0.09,0.25,-0.69,0.09,0.01,0.09,-0.08,0.43,-1.43,0.08,-1.35,0.47,0.69,-2.12,0.93,-0.85,-0.15,0.44,5578,2788,2790
201145,Jeff Green,2026,-0.38,-0.26,-0.2,-0.0,-0.2,0.24,-0.35,-0.02,-0.31,-0.13,-0.18,-0.38,-0.38,-1.02,-1.39,-0.01,0.28,-0.66,-0.44,-0.58,0.04,-0.69,514,261,253
1630557,Corey Kispert,2026,-0.8,-0.22,0.4,0.15,0.25,-0.34,-0.03,0.12,-0.57,-0.18,-0.39,-0.04,-0.81,-0.6,-1.42,-0.04,0.02,-0.83,0.34,-0.94,0.06,-0.61,3809,1907,1902
1630811,Keaton Wallace,2026,-0.92,-0.4,-0.28,0.1,-0.38,-0.57,0.35,-0.06,0.09,0.26,-0.16,0.07,-1.91,0.49,-1.42,-0.16,-0.79,-1.12,0.28,0.21,-0.85,0.16,1972,982,990
1631451,Javonte Cooke,2026,-1.43,-0.21,-0.34,-0.16,-0.18,0.09,-0.22,0.04,0.36,0.09,0.27,0.15,-1.73,0.31,-1.42,-0.03,0.08,-1.81,0.09,0.22,-0.25,0.51,392,192,200
1641729,Brice Sensabaugh,2026,0.91,0.3,-0.22,-0.67,0.46,-0.54,-1.01,-0.35,0.12,0.14,-0.03,-0.58,0.1,-1.53,-1.43,-0.11,-0.94,1.04,-0.17,-1.36,-0.76,-0.46,6167,3095,3072
1630533,Ziaire Williams,2026,-0.43,0.31,-1.35,-0.56,-0.79,0.02,-0.92,-0.19,1.27,0.98,0.3,-0.03,-1.73,0.29,-1.44,0.0,-0.6,-1.13,0.37,-0.08,-1.33,1.24,4463,2233,2230
1630536,Sharife Cooper,2026,0.21,-0.01,-0.14,-0.16,0.03,-0.55,-0.67,-0.23,0.42,0.3,0.12,-0.72,-0.6,-0.84,-1.44,0.01,-0.03,-0.57,-0.3,-0.54,-0.69,-0.3,1525,765,760
1642382,Branden Carlson,2026,-0.24,-0.43,0.28,-0.11,0.38,-0.57,-0.47,0.28,-0.18,-0.09,-0.09,0.07,-0.84,-0.61,-1.44,-0.33,-0.26,-0.58,0.59,-1.2,-0.29,-0.11,1607,803,804
1630264,Anthony Gill,2026,0.0,0.06,-0.52,-0.62,0.1,-0.21,-1.11,-0.31,0.6,0.25,0.35,-0.11,-1.01,-0.47,-1.48,-0.13,-0.47,-0.54,0.3,-0.77,-0.73,0.49,2046,1019,1027
1642880,Kam Jones,2026,0.61,-0.15,-0.34,-0.22,-0.13,-0.4,-0.99,0.17,-0.3,-0.21,-0.1,-0.16,-0.18,-1.31,-1.49,0.09,-0.67,0.49,-0.27,-1.04,-0.74,-0.46,1744,871,873
1627824,Guerschon Yabusele,2026,-0.74,-0.5,-0.51,-0.1,-0.41,0.01,-0.13,0.15,-0.05,0.31,-0.36,-0.22,-1.48,-0.02,-1.5,0.14,-0.79,-0.69,-0.45,0.43,-0.5,-0.27,3048,1531,1517
203083,Andre Drummond,2026,-2.52,-0.34,0.22,0.27,-0.06,0.99,-0.39,0.05,0.14,-0.09,0.22,-0.01,-1.56,0.05,-1.5,0.07,0.37,-1.93,0.35,-0.3,1.21,0.13,4286,2133,2153
1626192,Pat Connaughton,2026,-1.73,-0.28,-0.4,0.15,-0.56,-0.01,0.67,0.17,0.03,0.29,-0.26,0.04,-2.28,0.77,-1.51,-0.11,-0.06,-2.22,0.17,0.6,-0.41,0.07,959,478,481
1642269,Devin Carter,2026,-1.43,-0.01,-0.22,-0.23,0.03,0.5,-0.91,-0.03,0.25,-0.22,0.46,0.28,-1.11,-0.43,-1.53,0.0,0.23,-1.34,0.21,-0.64,0.28,0.53,1600,802,798
201566,Russell Westbrook,2026,0.02,-0.25,-0.13,-0.39,0.27,0.26,-1.21,-0.06,-0.25,0.16,-0.4,0.04,-0.05,-1.48,-1.53,-0.26,0.4,-0.45,0.14,-1.62,0.13,-0.21,7479,3737,3742
1642261,Dalton Knecht,2026,-1.48,-0.4,-0.16,0.01,-0.18,-0.4,0.17,-0.16,0.13,0.07,0.07,-0.38,-1.44,-0.09,-1.54,0.58,0.05,-1.49,-0.45,0.36,-0.56,-0.25,2095,1043,1052
1641731,Bilal Coulibaly,2026,-0.53,-0.22,-0.04,0.0,-0.04,-0.18,-0.53,-0.21,0.07,0.21,-0.13,-0.52,-0.81,-0.75,-1.56,0.17,0.07,-0.88,-0.02,-0.73,-0.22,-0.45,5043,2524,2519
1641824,Matas Buzelis,2026,-0.38,-0.4,-0.58,-0.39,-0.19,-0.4,0.48,0.48,-0.9,-0.07,-0.83,0.39,-1.52,-0.05,-1.57,-0.18,-0.34,-1.18,0.23,-0.28,-0.98,-0.51,7877,3937,3940
1630214,Xavier Tillman,2026,-0.58,0.11,-0.52,0.15,-0.67,0.16,-0.82,-0.08,0.26,0.14,0.12,-0.05,-0.92,-0.64,-1.57,-0.02,0.05,-0.97,0.21,-0.85,-0.36,0.21,556,277,279
1641722,Jordan Hawkins,2026,0.09,0.01,-0.29,0.15,-0.46,-0.28,0.07,-0.3,-0.68,-0.6,-0.07,-0.3,-0.53,-1.03,-1.57,-0.18,-0.84,0.31,-0.79,-0.24,-0.57,-0.98,2299,1154,1145
203937,Kyle Anderson,2026,-0.86,0.08,0.09,0.6,-0.51,-0.89,0.17,-0.0,0.78,0.51,0.26,-0.7,-1.96,0.38,-1.58,-0.17,-0.75,-1.21,-0.53,0.91,-0.8,0.08,2408,1209,1199
202685,Jonas Valanciunas,2026,-0.35,-0.3,-0.56,-0.08,-0.48,0.43,-0.29,0.15,-1.26,-0.4,-0.86,0.53,-0.69,-0.89,-1.58,-0.08,0.56,-1.25,0.2,-1.09,-0.13,-0.73,3001,1495,1506
1642873,Amari Williams,2026,-1.0,-0.04,-0.66,-0.2,-0.47,0.05,0.12,0.03,-0.33,-0.22,-0.1,0.22,-1.69,0.1,-1.58,0.02,0.11,-1.8,0.04,0.06,-0.61,-0.11,474,237,237
1629673,Jordan Poole,2026,-1.56,0.1,0.11,0.19,-0.08,0.21,-0.1,-0.34,0.04,0.12,-0.08,-0.65,-0.95,-0.64,-1.59,0.36,0.31,-1.26,0.32,-0.96,0.32,-0.61,3531,1765,1766
1641755,Kevin McCullar Jr.,2026,-0.75,-0.12,0.0,0.11,-0.11,-0.17,-0.02,-0.16,-0.26,-0.12,-0.13,-0.03,-1.17,-0.44,-1.61,-0.38,-0.21,-0.96,0.01,-0.45,-0.17,-0.29,517,253,264
1642877,Micah Peavy,2026,-0.75,-0.19,-0.22,-0.05,-0.16,0.39,-1.1,-0.18,0.23,-0.03,0.26,-0.46,-0.56,-1.06,-1.62,0.29,0.52,-1.08,-0.36,-0.7,0.17,-0.23,3101,1548,1553
1626204,Larry Nance Jr.,2026,-1.16,-0.18,-0.1,-0.52,0.42,-0.34,-0.77,-0.13,0.51,0.1,0.4,0.13,-1.68,0.05,-1.63,0.1,-0.13,-1.55,0.67,-0.62,-0.44,0.64,1451,725,726
203110,Draymond Green,2026,-0.46,0.11,-0.38,-0.67,0.3,-0.87,0.5,0.37,-0.47,-0.03,-0.46,0.21,-1.51,-0.12,-1.64,-0.17,-0.68,-0.83,-0.27,0.15,-1.25,-0.26,6169,3081,3088
1627747,Caris LeVert,2026,-1.6,0.11,-0.27,-0.18,-0.08,0.68,1.23,-0.09,-0.39,-0.34,-0.05,-0.54,-1.33,-0.32,-1.64,-0.75,0.03,-1.36,-0.89,0.57,0.41,-0.93,3709,1871,1838
1631222,Jake LaRavia,2026,0.28,0.34,-0.13,-0.09,-0.03,0.72,-1.37,-0.17,-0.12,0.09,-0.2,-0.63,0.82,-2.46,-1.64,-0.39,0.74,0.08,-0.84,-1.62,0.59,-0.75,6839,3405,3434
1641767,Ben Sheppard,2026,-1.68,-0.35,0.4,0.15,0.27,-0.05,-0.1,-0.38,-0.59,-0.21,-0.38,0.54,-1.36,-0.31,-1.67,-0.19,0.33,-1.69,1.06,-1.37,0.35,-0.05,5092,2545,2547
1629014,Anfernee Simons,2026,-0.98,-0.01,0.81,0.55,0.27,0.1,-2.08,-0.27,0.46,0.05,0.4,-0.44,0.4,-2.08,-1.67,0.46,0.7,-0.3,-0.15,-1.93,0.91,0.02,5410,2708,2702
1630256,Jae'Sean Tate,2026,-0.62,-0.01,-0.42,-0.18,-0.24,0.29,-0.24,-0.23,-0.16,-0.05,-0.1,-0.53,-0.89,-0.83,-1.71,-0.03,0.52,-1.41,-1.08,0.25,-0.13,-0.69,1141,565,576
203926,Doug McDermott,2026,-0.74,-0.2,-0.48,-0.57,0.09,-0.19,-0.09,0.15,0.18,0.07,0.12,-0.18,-1.64,-0.08,-1.72,-0.22,-0.62,-1.02,-0.2,0.12,-0.67,0.0,805,405,400
1630526,Jeremiah Robinson-Earl,2026,-0.51,0.07,-0.03,0.23,-0.27,0.45,-1.08,-0.25,-0.16,-0.44,0.27,-0.24,-0.14,-1.59,-1.73,-0.16,0.18,-0.32,-0.38,-1.21,0.42,-0.4,1544,773,771
1630175,Cole Anthony,2026,-1.19,-0.41,-0.39,-0.42,0.04,-0.23,-0.07,-0.28,0.09,-0.08,0.17,0.01,-1.55,-0.18,-1.73,0.05,-0.24,-1.31,0.04,-0.22,-0.62,0.1,2229,1111,1118
1627827,Dorian Finney-Smith,2026,-1.06,0.02,-0.52,0.16,-0.68,0.09,0.02,0.09,-0.12,0.01,-0.14,0.22,-1.77,0.04,-1.73,-0.36,-0.26,-1.51,0.28,-0.24,-0.43,0.1,2090,1045,1045
1631104,Blake Wesley,2026,-0.91,-0.19,-0.49,-0.13,-0.37,0.29,-0.91,-0.27,0.33,0.1,0.22,-0.35,-1.08,-0.66,-1.74,0.3,0.04,-1.12,-0.66,-0.0,-0.2,-0.02,1251,621,630
1629028,Deandre Ayton,2026,-0.35,-0.38,-0.48,-0.41,-0.08,-0.32,-1.06,0.46,0.21,0.4,-0.2,0.05,-1.21,-0.53,-1.74,0.21,-0.23,-0.98,0.49,-1.02,-0.8,0.26,6962,3461,3501
1629618,Jalen Pickett,2026,-1.64,-0.09,0.81,0.75,0.06,-0.91,1.26,0.08,-0.7,-0.14,-0.56,-0.39,-1.8,0.05,-1.75,-0.18,-0.55,-1.25,-0.67,0.72,-0.1,-1.09,2868,1439,1429
1642265,Rob Dillingham,2026,-1.12,-0.51,-0.65,-0.58,-0.06,-0.02,0.76,-0.04,0.21,0.38,-0.17,-0.97,-1.98,0.22,-1.76,0.03,-0.34,-1.64,-1.18,1.4,-0.67,-0.76,2690,1348,1342
1642933,Gilbert,2026,-0.42,-0.03,-0.15,-0.04,-0.11,-0.16,-0.66,0.05,-0.1,-0.04,-0.07,-0.2,-0.78,-0.98,-1.76,-0.07,-0.2,-0.58,-0.31,-0.67,-0.31,-0.3,191,97,94
1642879,Ben Saraf,2026,-0.08,-0.15,-1.06,-0.68,-0.38,0.01,-1.07,-0.38,0.23,0.2,0.05,0.22,-1.32,-0.45,-1.77,-0.02,0.29,-1.61,0.14,-0.59,-1.05,0.45,2436,1220,1216
1641730,Noah Clowney,2026,-0.06,0.44,-0.2,0.08,-0.28,-0.57,-0.32,0.32,-0.61,-0.23,-0.38,0.0,-0.82,-0.98,-1.79,-0.03,-1.0,0.18,-0.54,-0.44,-0.77,-0.61,7049,3526,3523
1628366,Lonzo Ball,2026,-1.25,-0.4,-0.15,-0.16,0.01,-0.63,-0.46,-0.13,0.64,0.12,0.52,-0.0,-2.19,0.38,-1.81,0.04,-0.56,-1.63,0.81,-0.43,-0.78,0.64,3089,1557,1532
1641774,Tristan Vukcevic,2026,-0.06,-0.07,-0.46,-0.46,0.0,-0.73,0.45,0.17,-0.35,0.1,-0.47,-0.55,-1.37,-0.44,-1.81,-0.11,-0.99,-0.38,-0.78,0.34,-1.19,-0.9,2220,1110,1110
1631108,Max Christie,2026,0.13,0.14,-0.29,-0.24,-0.05,-0.77,0.05,0.27,-0.98,-0.35,-0.62,0.33,-1.18,-0.65,-1.83,-0.3,-0.44,-0.74,0.05,-0.7,-1.06,-0.65,7979,3988,3991
1641707,Taylor Hendricks,2026,-0.68,-0.16,-0.39,0.11,-0.51,-0.17,-0.96,-0.38,0.68,0.09,0.59,-0.63,-0.94,-0.92,-1.85,0.3,-0.43,-0.51,-0.54,-0.38,-0.56,0.05,3589,1788,1801
1630191,Isaiah Stewart,2026,-0.24,0.1,0.2,0.34,-0.15,-0.32,0.23,-0.31,-0.49,-0.38,-0.12,-0.62,-0.61,-1.24,-1.85,-0.61,-0.24,-0.37,-0.59,-0.65,-0.12,-1.11,5173,2592,2581
1627734,Domantas Sabonis,2026,-0.54,-0.24,-0.29,-0.04,-0.24,0.05,-1.78,-0.09,-0.29,-0.47,0.18,0.55,-0.67,-1.18,-1.85,0.45,0.36,-1.03,0.85,-2.03,-0.24,0.26,2506,1251,1255
1630551,Justin Champagnie,2026,-0.77,-0.34,-0.66,-0.65,-0.0,0.89,-1.0,-0.22,-0.26,0.25,-0.52,-0.35,-0.29,-1.59,-1.88,0.27,1.22,-1.51,-0.42,-1.17,0.23,-0.61,4669,2325,2344
1630643,Jay Huff,2026,-1.57,-0.44,0.01,-0.08,0.09,-1.63,1.52,0.26,-0.57,-0.21,-0.36,0.18,-3.0,1.1,-1.9,0.16,-0.47,-2.53,0.06,1.04,-1.62,-0.39,5862,2934,2928
1629111,Jock Landale,2026,-0.95,-0.33,-0.09,-0.6,0.51,1.57,-2.42,0.26,0.03,-0.34,0.36,-0.38,0.69,-2.59,-1.9,0.34,1.17,-0.48,-0.29,-2.3,1.48,-0.35,5627,2813,2814
1631218,Trayce Jackson-Davis,2026,-1.0,-0.07,-1.28,-0.93,-0.37,0.94,-1.02,0.02,0.26,0.25,0.0,0.01,-1.14,-0.77,-1.91,0.18,0.99,-2.13,-0.13,-0.64,-0.34,0.27,1843,913,930
1629234,Drew Eubanks,2026,-0.61,0.1,-0.06,-0.06,-0.0,-0.45,0.05,0.23,0.31,0.16,0.14,-0.48,-1.35,-0.58,-1.93,-0.69,-0.71,-0.64,-0.65,0.07,-0.51,-0.17,2313,1148,1165
1631165,Keon Ellis,2026,-1.47,-0.1,-0.0,-0.23,0.22,-0.37,-1.18,-0.17,1.68,0.7,0.98,-0.67,-1.78,-0.18,-1.96,0.05,-0.07,-1.71,-0.89,0.71,-0.37,1.01,4670,2342,2328
1642273,Kyshawn George,2026,-0.8,-0.27,-0.15,0.03,-0.18,-0.55,-0.13,-0.07,-0.25,0.22,-0.47,-0.59,-1.15,-0.84,-1.99,0.48,0.53,-1.68,-0.8,-0.04,-0.7,-0.84,5819,2911,2908
1631126,Caleb Love,2026,-0.4,-0.43,0.24,0.01,0.23,-0.24,-0.39,0.06,-0.01,0.04,-0.05,-0.58,-1.24,-0.75,-1.99,-0.61,-0.05,-1.19,-0.06,-0.69,0.0,-0.59,4211,2106,2105
1642905,Yang Hansen,2026,-1.01,-0.08,-1.13,-0.42,-0.71,-0.09,0.37,0.01,-0.12,-0.31,0.2,-0.04,-2.32,0.31,-2.0,0.02,-0.27,-2.05,0.02,0.29,-1.22,-0.16,1163,580,583
1626171,Bobby Portis,2026,-0.08,-0.76,0.52,0.51,0.03,-0.59,0.02,0.11,-0.86,-0.29,-0.57,-0.6,-0.16,-1.84,-2.0,-0.41,-0.15,-0.01,-0.65,-1.19,-0.07,-1.46,6297,3149,3148
1629631,De'Andre Hunter,2026,-1.16,0.07,-0.34,-0.25,-0.09,0.13,-0.83,-0.3,-0.07,0.05,-0.13,0.28,-1.47,-0.56,-2.02,-0.03,0.07,-1.54,0.08,-0.64,-0.21,0.21,5019,2520,2499
1642259,Alexandre Sarr,2026,-0.61,-0.32,-0.15,-0.33,0.19,-0.74,-0.15,0.15,-0.3,-0.07,-0.22,-0.55,-1.36,-0.67,-2.03,0.47,-0.3,-1.06,0.17,-0.84,-0.89,-0.85,5105,2545,2560
1643007,Taelon Peter,2026,-0.57,-0.4,-0.61,-0.58,-0.04,-0.11,-0.76,-0.01,-0.03,-0.05,0.03,-0.14,-1.17,-0.86,-2.03,0.19,-0.01,-1.16,0.13,-0.99,-0.72,-0.17,1363,685,678
1628398,Kyle Kuzma,2026,0.28,-0.34,0.38,0.25,0.13,-1.56,-0.64,-0.1,-0.35,-0.04,-0.31,-0.07,-0.8,-1.24,-2.04,-0.08,-1.21,0.41,-0.11,-1.13,-1.18,-0.42,6888,3438,3450
203952,Andrew Wiggins,2026,-0.89,-0.07,0.43,0.2,0.23,-0.72,-0.8,0.41,0.29,0.12,0.18,-0.44,-1.24,-0.81,-2.05,0.08,-0.68,-0.56,-0.74,-0.07,-0.29,-0.15,7739,3863,3876
101108,Chris Paul,2026,-0.98,-0.32,-0.49,-0.28,-0.22,-0.05,-0.83,-0.12,0.34,0.27,0.07,-0.08,-1.54,-0.53,-2.07,0.02,0.18,-1.72,-0.25,-0.28,-0.54,0.26,910,454,456
1629023,P.J. Washington,2026,-2.03,-0.04,-0.22,0.09,-0.32,0.01,0.71,-0.13,-0.49,-0.08,-0.4,0.11,-2.36,0.28,-2.08,-0.17,0.04,-2.4,0.21,0.07,-0.21,-0.38,6527,3245,3282
1641715,Cam Whitmore,2026,0.03,-0.17,-0.2,-0.14,-0.06,-0.27,-1.06,0.05,-0.03,-0.13,0.1,-0.53,-0.35,-1.75,-2.09,-0.03,-0.13,-0.22,-0.52,-1.23,-0.47,-0.56,1529,762,767
1641750,Ryan Kalkbrenner,2026,-0.95,0.09,-0.63,-0.2,-0.43,-0.22,0.35,0.21,-1.03,-0.26,-0.77,0.79,-2.12,-0.05,-2.17,-0.48,-0.61,-1.51,0.21,-0.26,-0.85,-0.24,4954,2486,2468
1631342,Daeqwon Plowden,2026,-1.22,-0.25,0.37,0.18,0.19,0.1,-1.41,-0.0,0.13,0.2,-0.07,0.04,-1.01,-1.25,-2.26,-0.27,0.34,-1.35,0.43,-1.68,0.47,0.17,1990,996,994
201144,Mike Conley,2026,-1.11,0.44,0.43,0.29,0.14,-0.85,-0.52,0.09,0.01,-0.12,0.13,0.35,-1.71,-0.58,-2.29,-0.6,-0.65,-1.06,0.88,-1.46,-0.42,0.36,3495,1746,1749
1630245,Ayo Dosunmu,2026,-0.44,0.21,-0.46,-0.06,-0.39,-0.66,0.05,-0.11,-0.6,-0.31,-0.29,-0.04,-1.59,-0.7,-2.29,-0.14,-1.11,-0.48,-0.46,-0.24,-1.12,-0.64,6338,3160,3178
203482,Kelly Olynyk,2026,-1.74,-0.4,-0.47,-0.27,-0.2,-0.08,-0.15,0.01,-0.33,-0.57,0.25,0.19,-2.02,-0.27,-2.29,0.29,-0.18,-1.84,0.35,-0.62,-0.55,-0.14,1427,722,705
1630560,Cam Thomas,2026,-0.08,0.18,0.22,0.14,0.08,0.61,-1.97,-0.29,-0.61,-0.34,-0.27,-0.5,0.9,-3.21,-2.3,0.03,1.0,-0.1,-0.56,-2.65,0.83,-1.11,3512,1763,1749
1641718,Keyonte George,2026,1.49,0.88,0.15,0.11,0.05,-0.2,-2.04,-0.18,-1.24,-0.49,-0.73,-0.06,1.08,-3.41,-2.33,-0.43,0.56,0.52,-0.12,-3.29,-0.05,-1.3,7546,3780,3766
1628502,Nigel Hayes,2026,-1.23,-0.11,-0.89,-0.2,-0.68,0.24,-0.37,0.03,-0.01,-0.39,0.38,-0.1,-1.97,-0.38,-2.34,0.02,0.28,-2.25,-0.01,-0.37,-0.65,-0.11,777,382,395
202687,Bismack Biyombo,2026,-0.25,-0.07,-0.52,-0.22,-0.3,-0.22,-1.01,-0.05,-0.03,-0.01,-0.01,-0.18,-1.16,-1.19,-2.34,-0.13,-0.4,-0.76,-0.07,-1.12,-0.74,-0.21,439,219,220
1642262,Cody Williams,2026,0.25,-0.1,-0.34,-0.06,-0.28,-0.55,-1.88,0.18,0.44,0.42,0.03,-0.1,-0.8,-1.6,-2.4,-0.22,-0.93,0.13,-0.03,-1.57,-0.89,0.34,5016,2505,2511
1629027,Trae Young,2026,0.34,0.38,0.25,-0.33,0.6,-0.27,-2.16,-0.27,-0.04,-0.3,0.26,-0.68,0.59,-3.02,-2.43,0.13,0.16,0.43,-1.03,-1.99,-0.02,-0.72,1619,811,808
1628997,Caleb Martin,2026,-1.63,-0.4,-0.39,-0.25,-0.14,-0.54,-0.47,0.22,0.25,-0.07,0.31,0.44,-2.41,-0.09,-2.5,-0.16,-0.69,-1.72,0.4,-0.49,-0.93,0.69,3634,1809,1825
1630171,Isaac Okoro,2026,1.3,-0.16,-0.06,0.28,-0.34,-1.04,-1.44,-0.11,-1.09,-0.55,-0.55,-0.0,0.29,-2.81,-2.52,-0.19,-0.29,0.58,-0.42,-2.39,-1.1,-1.09,6188,3091,3097
203897,Zach LaVine,2026,-0.58,-0.3,-0.16,-0.23,0.08,-0.39,-1.2,-0.28,-0.26,-0.23,-0.01,-0.57,-0.96,-1.58,-2.54,0.62,0.1,-1.06,-0.3,-1.28,-0.55,-0.83,4981,2488,2493
1630579,Jericho Sims,2026,0.27,-0.1,-1.24,-0.27,-0.99,0.28,-1.71,-0.24,-0.35,-0.04,-0.31,0.36,-0.74,-1.79,-2.54,-0.15,-0.05,-0.69,0.06,-1.85,-0.96,0.01,3769,1874,1895
1642266,Ja'Kobe Walter,2026,-2.19,-0.27,-0.24,-0.44,0.2,-0.16,-0.41,-0.42,0.65,-0.34,1.0,-0.47,-2.49,-0.06,-2.55,0.27,-0.87,-1.62,-0.18,0.12,-0.4,0.18,4403,2191,2212
1631213,Tyrese Martin,2026,-1.79,-0.31,0.44,0.35,0.09,0.26,-1.6,0.01,0.1,0.17,-0.08,0.19,-1.44,-1.14,-2.58,-0.18,0.33,-1.77,0.36,-1.5,0.7,0.29,3256,1629,1627
1641765,Olivier-Maxence Prosper,2026,-0.17,-0.1,-0.28,-0.06,-0.22,-0.47,-1.5,-0.08,0.65,0.42,0.22,-0.9,-1.05,-1.52,-2.58,0.09,-0.86,-0.19,-1.1,-0.42,-0.75,-0.25,3124,1550,1574
1629162,Jordan McLaughlin,2026,-0.89,-0.1,-0.7,-0.14,-0.56,-0.24,-1.11,-0.12,0.22,0.34,-0.12,-0.05,-1.78,-0.82,-2.6,0.17,-0.34,-1.44,-0.14,-0.68,-0.94,0.17,795,396,399
1630570,Trendon Watford,2026,-0.62,0.11,-0.57,0.08,-0.65,0.06,-0.68,-0.16,-0.6,-0.38,-0.22,-0.08,-1.17,-1.45,-2.62,-0.13,-0.13,-1.04,-0.24,-1.21,-0.51,-0.68,3180,1584,1596
1642964,Brooks Barnhizer,2026,-0.99,0.05,-0.29,-0.06,-0.22,-0.53,-0.19,0.12,-0.04,-0.13,0.08,-0.38,-1.93,-0.75,-2.68,-0.26,-0.41,-1.52,-0.32,-0.43,-0.82,-0.42,1073,533,540
1630192,Zeke Nnaji,2026,-1.41,0.02,-0.61,0.05,-0.66,-0.18,0.58,0.06,-0.21,-0.1,-0.1,-0.6,-2.22,-0.59,-2.8,-0.37,-0.05,-2.17,-0.96,0.37,-0.79,-0.81,2292,1133,1159
1630208,Nick Richards,2026,-1.04,-0.16,-1.11,-0.56,-0.56,0.68,-0.12,0.11,-0.88,-0.65,-0.23,-0.42,-1.41,-1.43,-2.83,0.06,0.14,-1.55,-0.91,-0.52,-0.43,-1.3,2490,1245,1245
1642852,Derik Queen,2026,0.66,0.78,-0.0,0.43,-0.43,-0.7,-1.88,0.31,-0.38,-0.27,-0.12,-0.56,-0.14,-2.75,-2.9,-0.04,-1.1,0.96,-0.36,-2.39,-0.7,-0.94,7423,3700,3723
201942,DeMar DeRozan,2026,0.49,0.35,0.23,0.47,-0.24,-0.8,-1.68,0.28,-0.43,0.14,-0.57,-0.35,-0.55,-2.36,-2.91,-0.37,-0.71,0.16,0.39,-2.75,-0.57,-0.78,8934,4469,4465
1642849,Nolan Traore,2026,-0.63,-0.08,-0.18,-0.16,-0.01,0.19,-1.71,-0.3,-0.79,-0.47,-0.33,0.16,-0.61,-2.32,-2.93,0.03,-0.01,-0.6,0.18,-2.5,0.01,-0.63,3897,1945,1952
1642846,Ace Bailey,2026,-1.98,-0.13,0.15,0.13,0.03,0.13,-1.05,-0.38,-0.1,0.08,-0.18,-0.22,-1.74,-1.26,-3.0,0.07,-0.03,-1.71,-0.36,-0.9,0.28,-0.32,6643,3333,3310
1628971,Bruce Brown,2026,-1.41,0.06,-0.06,-0.06,0.0,-0.5,-0.22,-0.09,-0.82,-0.23,-0.59,0.29,-1.94,-1.09,-3.03,-0.31,-0.54,-1.4,0.55,-1.64,-0.56,-0.53,6888,3439,3449
1642348,Justin Edwards,2026,0.4,0.1,-0.3,0.13,-0.43,-0.48,-2.61,-0.4,0.01,-0.31,0.33,0.08,-0.69,-2.33,-3.03,-0.13,-1.03,0.34,0.61,-2.94,-0.78,0.09,3336,1666,1670
1626145,Tyus Jones,2026,-2.74,-0.14,0.65,0.29,0.35,-0.35,-0.73,0.45,-0.1,-0.16,0.05,-0.11,-2.47,-0.66,-3.13,0.25,-0.73,-1.74,-0.17,-0.49,0.3,-0.21,3668,1833,1835
1627741,Buddy Hield,2026,-0.54,-0.22,-0.43,-0.23,-0.19,-0.34,-1.3,-0.03,0.75,0.31,0.44,-1.21,-1.3,-1.87,-3.17,-0.1,-0.82,-0.48,-1.7,-0.17,-0.77,-0.46,3273,1638,1635
1641712,Rayan Rupert,2026,-1.94,-0.04,-0.73,-0.28,-0.46,0.01,-0.32,-0.1,0.27,-0.2,0.47,-0.81,-2.5,-0.71,-3.21,0.31,0.04,-2.54,-0.8,0.09,-0.72,-0.54,3453,1731,1722
1642875,Maxime Raynaud,2026,-1.39,-0.09,0.54,0.28,0.27,-0.47,-0.65,-0.07,-1.2,-0.27,-0.91,0.25,-1.89,-1.31,-3.21,-0.29,-0.89,-1.0,0.33,-1.64,0.07,-0.95,6246,3119,3127
1631110,Jeremy Sochan,2026,-1.79,-0.19,-1.18,-0.52,-0.66,0.17,-1.45,-0.56,0.85,0.31,0.53,-0.06,-2.42,-0.98,-3.4,0.06,-0.46,-1.96,-0.12,-0.86,-1.01,0.79,1921,956,965
1641716,Jarace Walker,2026,-0.66,0.13,-0.61,-0.1,-0.51,-0.98,-0.6,-0.08,-0.43,-0.04,-0.39,-0.37,-2.3,-1.21,-3.51,0.14,-0.75,-1.55,-0.15,-1.06,-1.59,-0.8,7223,3609,3614
1629651,Nicolas Claxton,2026,-0.69,-0.19,0.0,-0.35,0.35,-0.55,-0.97,0.06,-1.18,-0.56,-0.62,-0.54,-1.12,-2.38,-3.51,0.42,-0.67,-0.45,-0.43,-1.95,-0.55,-1.72,7219,3612,3607
1642847,Jeremiah Fears,2026,-1.68,-0.12,-0.47,-0.42,-0.05,0.99,-1.7,0.1,-0.1,0.13,-0.23,-0.39,-1.39,-2.15,-3.54,-0.19,0.66,-2.05,-0.03,-2.12,0.52,-0.49,7614,3818,3796
1642860,Will Riley,2026,-1.38,0.06,-0.48,-0.33,-0.15,-0.16,-1.1,-0.19,-0.21,-0.07,-0.14,-0.51,-2.03,-1.68,-3.71,0.13,0.35,-2.38,-0.04,-1.64,-0.64,-0.72,4522,2257,2265
1630545,Terrence Shannon Jr.,2026,-1.34,0.02,-0.2,0.25,-0.46,0.38,-1.59,-0.22,-0.36,-0.23,-0.13,-0.39,-0.97,-2.84,-3.81,-0.31,0.15,-1.12,0.21,-3.05,0.18,-0.75,1497,750,747
1630172,Patrick Williams,2026,-2.18,-0.25,-0.58,0.1,-0.7,-0.19,-1.37,0.07,-0.0,0.12,-0.12,0.42,-3.1,-1.07,-4.17,-0.27,-0.07,-3.03,0.27,-1.34,-0.77,0.42,4612,2295,2317
1626220,Royce O'Neale,2026,-0.71,-0.39,-0.65,-0.2,-0.44,-0.72,-0.67,0.32,-0.44,-0.14,-0.3,-0.91,-2.07,-2.14,-4.2,-0.1,-1.24,-0.83,-1.04,-1.1,-1.37,-1.35,7998,4002,3996
1642267,Carlton Carrington,2026,-0.93,-0.43,-0.56,-0.9,0.34,-0.38,-1.27,-0.17,-0.69,-0.07,-0.61,-0.81,-1.89,-2.46,-4.35,0.29,-0.28,-1.61,-0.45,-2.01,-0.94,-1.5,7569,3775,3794
1641738,Kobe Brown,2026,-0.75,0.05,-1.24,-1.0,-0.24,0.25,-1.66,0.03,-0.69,0.01,-0.7,-0.14,-1.85,-2.64,-4.49,-0.26,-0.14,-1.71,0.34,-2.98,-0.99,-0.83,2625,1315,1310
1642962,Drake Powell,2026,-0.88,0.27,-0.8,0.13,-0.92,-0.91,-0.27,0.06,-0.66,-0.39,-0.27,-0.16,-3.11,-1.39,-4.5,-0.82,-1.94,-1.17,-0.73,-0.66,-1.71,-0.82,3930,1968,1962
1629614,Andrew Nembhard,2026,-1.01,-0.4,0.27,0.3,-0.04,-0.92,-1.9,-0.13,-0.85,-0.62,-0.22,0.02,-2.02,-2.49,-4.5,-0.11,-0.88,-1.14,-0.1,-2.39,-0.65,-0.83,6726,3363,3363
1630544,Tre Mann,2026,-2.15,-0.16,-0.65,-0.01,-0.62,0.6,-2.13,0.0,-0.16,-0.05,-0.1,0.13,-2.4,-2.22,-4.63,-0.27,0.15,-2.55,0.26,-2.48,-0.05,-0.03,2459,1228,1231
1629018,Gary Trent Jr.,2026,-1.27,-0.43,-0.39,-0.19,-0.2,-0.72,-1.95,-0.45,-0.34,0.05,-0.4,-0.48,-2.07,-2.8,-4.87,0.28,-1.28,-0.79,-0.61,-2.19,-1.11,-0.82,4967,2485,2482
1642268,Isaiah Collier,2026,-1.1,-0.19,0.13,0.11,0.01,-0.99,-2.47,-0.26,0.31,0.36,-0.07,-1.13,-1.9,-3.23,-5.13,0.12,-1.47,-0.43,-0.59,-2.64,-0.86,-0.82,6275,3139,3136
