player_id,player_name,Latest_Year,oALT_TS,oALT_TOV,oSC,dALT_TS,dALT_TOV,dSC,oFC,dFC,off,def,net_rapm,RESID,possessions,off_poss,def_poss
203999,Nikola Jokic,2026,6.71,0.59,0.01,0.01,-0.45,2.01,7.3,-0.44,7.31,1.57,8.88,0.0,34791,17443,17348
1628983,Shai Gilgeous-Alexander,2026,3.69,2.9,-0.49,2.42,1.12,-0.87,6.59,3.54,6.1,2.67,8.77,-0.0,35493,17778,17715
203507,Giannis Antetokounmpo,2026,5.55,0.82,-0.24,1.3,-0.78,0.52,6.37,0.52,6.13,1.04,7.17,0.0,25002,12504,12498
1641705,Victor Wembanyama,2026,2.13,-0.83,-0.47,4.78,-0.19,1.01,1.3,4.59,0.83,5.6,6.43,0.0,22853,11443,11410
202695,Kawhi Leonard,2026,3.07,1.7,-0.9,1.93,0.66,-0.43,4.77,2.59,3.87,2.16,6.03,0.0,23439,11712,11727
203497,Rudy Gobert,2026,-0.03,-1.53,0.95,5.18,0.47,0.04,-1.56,5.65,-0.61,5.69,5.08,0.0,32822,16388,16434
1630169,Tyrese Haliburton,2026,3.6,1.47,-0.76,1.47,0.3,-1.06,5.07,1.77,4.31,0.71,5.02,0.0,24260,12175,12085
1631217,Moussa Diabate,2026,-0.04,-0.69,3.71,0.86,1.36,-0.36,-0.73,2.22,2.98,1.86,4.84,0.0,12435,6197,6238
1628378,Donovan Mitchell,2026,1.28,1.35,0.46,0.75,1.06,-0.23,2.63,1.81,3.09,1.58,4.67,0.0,29311,14679,14632
1628401,Derrick White,2026,1.11,0.86,-1.05,3.44,0.19,0.0,1.97,3.63,0.92,3.63,4.55,-0.0,34191,17108,17083
1631096,Chet Holmgren,2026,1.67,-0.22,-0.45,4.68,-0.9,-0.4,1.45,3.78,1.0,3.38,4.38,0.0,25822,12899,12923
1628374,Lauri Markkanen,2026,1.86,-0.15,1.06,1.54,-0.32,0.28,1.71,1.22,2.77,1.5,4.27,-0.0,19380,9695,9685
1630532,Franz Wagner,2026,0.47,0.72,-0.14,1.79,0.85,0.46,1.19,2.64,1.05,3.1,4.15,0.0,23132,11574,11558
203935,Marcus Smart,2026,1.63,0.67,-1.26,1.92,1.33,-0.16,2.3,3.25,1.04,3.09,4.13,0.0,12404,6201,6203
1641726,Dereck Lively II,2026,1.35,-0.12,0.73,1.99,0.27,-0.1,1.23,2.26,1.96,2.16,4.13,0.01,10920,5447,5473
1627936,Alex Caruso,2026,-0.19,0.22,-0.46,1.79,2.97,-0.26,0.03,4.76,-0.43,4.5,4.07,0.0,18738,9378,9360
202681,Kyrie Irving,2026,1.2,0.99,1.13,1.53,0.24,-1.15,2.19,1.77,3.32,0.62,3.95,0.01,18874,9466,9408
1627832,Fred VanVleet,2026,0.62,1.35,-0.56,1.1,0.76,0.66,1.97,1.86,1.41,2.52,3.93,-0.0,20292,10160,10132
1630700,Dyson Daniels,2026,2.18,0.4,-0.61,0.24,1.7,0.01,2.58,1.94,1.97,1.95,3.92,0.0,26901,13417,13484
1630529,Herbert Jones,2026,1.29,0.42,-1.32,1.68,1.53,0.18,1.71,3.21,0.39,3.39,3.78,0.0,19045,9529,9516
1628392,Isaiah Hartenstein,2026,-0.21,-0.7,1.66,2.61,-0.49,0.83,-0.91,2.12,0.75,2.95,3.7,0.0,22238,11129,11109
1629029,Luka Doncic,2026,3.4,1.24,-1.08,0.19,-0.22,0.18,4.64,-0.03,3.56,0.15,3.7,-0.01,31437,15723,15714
203500,Steven Adams,2026,0.2,-1.58,2.58,2.91,-0.65,0.12,-1.38,2.26,1.2,2.38,3.58,-0.0,6693,3364,3329
201939,Stephen Curry,2026,5.47,-0.02,-0.19,-1.47,-0.62,0.27,5.45,-2.09,5.26,-1.82,3.44,0.0,25789,12954,12835
202699,Tobias Harris,2026,-0.37,0.65,0.51,2.63,-0.38,0.38,0.28,2.25,0.79,2.63,3.42,0.0,27692,13873,13819
1628389,Bam Adebayo,2026,0.08,0.43,-0.71,1.93,0.6,1.06,0.51,2.53,-0.2,3.59,3.39,0.0,31124,15573,15551
1628384,OG Anunoby,2026,1.02,-0.08,-0.37,1.95,0.71,0.1,0.94,2.66,0.57,2.76,3.33,0.0,30651,15322,15329
1629674,Neemias Queta,2026,0.31,0.02,0.74,2.4,0.38,-0.53,0.33,2.78,1.07,2.25,3.32,0.0,12099,6041,6058
1642844,Dylan Harper,2026,0.25,0.44,0.57,0.93,-0.18,1.3,0.69,0.75,1.26,2.05,3.3,-0.01,6251,3128,3123
1641708,Amen Thompson,2026,-0.44,0.5,1.32,0.81,0.78,0.29,0.06,1.59,1.38,1.88,3.26,-0.0,27126,13545,13581
202710,Jimmy Butler,2026,2.2,0.71,-0.5,0.99,0.56,-0.79,2.91,1.55,2.41,0.76,3.17,-0.0,21345,10672,10673
1629731,Dean Wade,2026,0.39,0.4,-0.19,1.77,0.34,0.38,0.79,2.11,0.6,2.49,3.09,0.0,15734,7817,7917
1628386,Jarrett Allen,2026,2.33,-0.55,0.03,1.1,-0.0,0.14,1.78,1.1,1.81,1.24,3.06,0.01,27035,13492,13543
1628369,Jayson Tatum,2026,1.8,0.8,-0.54,1.17,-0.26,0.08,2.6,0.91,2.06,0.99,3.05,0.0,27188,13613,13575
1627783,Pascal Siakam,2026,1.4,1.39,-0.85,1.81,-0.49,-0.21,2.79,1.32,1.94,1.11,3.05,0.0,34860,17458,17402
1630572,Sandro Mamukelashvili,2026,0.57,0.44,0.13,1.43,0.9,-0.45,1.01,2.33,1.14,1.88,3.02,0.0,11704,5863,5841
1630549,Day'Ron Sharpe,2026,-0.72,-1.36,2.54,1.66,0.72,0.14,-2.08,2.38,0.46,2.52,2.99,0.01,11741,5869,5872
1626181,Norman Powell,2026,1.57,0.45,-0.7,1.2,0.52,-0.07,2.02,1.72,1.32,1.65,2.97,0.0,24817,12426,12391
1628368,De'Aaron Fox,2026,1.69,1.75,-0.68,0.25,-0.14,0.05,3.44,0.11,2.76,0.16,2.92,0.0,29072,14580,14492
1641709,Ausar Thompson,2026,-0.79,-0.34,0.91,1.59,1.51,0.04,-1.13,3.1,-0.22,3.14,2.92,0.0,20056,9978,10078
203954,Joel Embiid,2026,2.22,0.09,-1.39,2.63,-0.79,0.09,2.31,1.84,0.92,1.93,2.84,-0.01,13373,6698,6675
1630573,Sam Hauser,2026,1.18,1.0,0.5,1.28,-1.09,-0.06,2.18,0.19,2.68,0.13,2.81,0.0,21736,10902,10834
1641739,Toumani Camara,2026,-0.19,-1.05,0.92,1.57,1.59,-0.04,-1.24,3.16,-0.32,3.12,2.8,0.0,28512,14245,14267
1642864,Hugo González,2026,0.31,-0.11,1.01,1.36,0.7,-0.49,0.2,2.06,1.21,1.57,2.78,-0.0,4087,2032,2055
1627827,Dorian Finney-Smith,2026,1.25,0.1,-0.65,2.38,0.23,-0.61,1.35,2.61,0.7,2.0,2.7,0.0,17694,8828,8866
1641744,Zach Edey,2026,0.11,-1.31,2.07,2.32,-0.95,0.45,-1.2,1.37,0.87,1.82,2.68,-0.01,7537,3766,3771
1631106,Tari Eason,2026,0.47,-0.64,1.5,0.86,0.37,0.1,-0.17,1.23,1.33,1.33,2.67,0.01,14281,7099,7182
1629634,Brandon Clarke,2026,1.23,0.06,-0.45,1.66,0.78,-0.62,1.29,2.44,0.84,1.82,2.66,0.0,5742,2864,2878
1630540,Miles McBride,2026,-0.55,1.15,0.71,0.89,0.84,-0.49,0.6,1.73,1.31,1.24,2.55,0.0,18247,9088,9159
1626164,Devin Booker,2026,1.37,0.63,0.31,0.71,-0.0,-0.53,2.0,0.71,2.31,0.18,2.49,0.0,30738,15394,15344
1628973,Jalen Brunson,2026,2.24,1.38,0.3,-0.96,-0.07,-0.43,3.62,-1.03,3.92,-1.46,2.46,0.0,34561,17329,17232
203081,Damian Lillard,2026,0.76,0.5,-0.6,2.45,-0.84,0.18,1.26,1.61,0.66,1.79,2.45,-0.0,20147,10085,10062
203994,Jusuf Nurkic,2026,0.62,-0.79,-0.56,3.15,-1.18,1.19,-0.17,1.97,-0.73,3.16,2.43,0.0,17781,8888,8893
1626156,D'Angelo Russell,2026,1.38,0.63,-1.21,2.28,0.04,-0.72,2.01,2.32,0.8,1.6,2.4,0.0,19075,9546,9529
202331,Paul George,2026,0.77,0.77,-1.36,0.69,1.05,0.45,1.54,1.74,0.18,2.19,2.38,0.01,20482,10254,10228
1629638,Nickeil Alexander-Walker,2026,1.39,0.47,-0.16,0.58,0.94,-0.85,1.86,1.52,1.7,0.67,2.37,0.0,29398,14685,14713
1628449,Chris Boucher,2026,0.67,0.48,0.99,0.86,0.34,-0.98,1.15,1.2,2.14,0.22,2.37,0.01,6607,3294,3313
1629660,Ty Jerome,2026,1.83,1.02,0.09,0.24,0.46,-1.32,2.85,0.7,2.94,-0.62,2.32,0.0,7900,3953,3947
1642851,Kon Knueppel,2026,3.14,-0.25,-0.61,1.16,-0.91,-0.21,2.89,0.25,2.28,0.04,2.32,-0.0,10107,5065,5042
1630591,Jalen Suggs,2026,1.49,-0.79,-1.51,0.38,1.55,1.18,0.7,1.93,-0.81,3.11,2.3,0.0,19505,9752,9753
1628371,Jonathan Isaac,2026,-2.4,-0.14,1.7,1.57,1.62,-0.2,-2.54,3.19,-0.84,2.99,2.16,0.01,10743,5364,5379
1631260,A.J. Green,2026,0.93,0.13,-0.67,1.05,0.38,0.34,1.06,1.43,0.39,1.77,2.15,-0.01,19124,9567,9557
1630595,Cade Cunningham,2026,2.7,-0.46,-0.73,0.02,0.55,0.06,2.24,0.57,1.51,0.63,2.14,0.0,28307,14151,14156
203991,Clint Capela,2026,-2.71,-0.22,1.76,3.52,-0.09,-0.14,-2.93,3.43,-1.17,3.29,2.12,0.0,16310,8151,8159
1630228,Jonathan Kuminga,2026,0.32,0.17,-0.73,1.69,0.63,0.03,0.49,2.32,-0.24,2.35,2.11,0.0,16804,8364,8440
1626157,Karl-Anthony Towns,2026,2.64,-0.11,-0.21,-0.14,-0.54,0.45,2.53,-0.68,2.32,-0.23,2.08,-0.01,31818,15971,15847
203957,Dante Exum,2026,1.49,1.02,-0.65,0.67,-0.31,-0.14,2.51,0.36,1.86,0.22,2.08,0.0,6471,3233,3238
1641764,Brandin Podziemski,2026,-0.37,0.8,0.04,1.79,0.68,-0.86,0.43,2.47,0.47,1.61,2.08,-0.0,25566,12791,12775
1627750,Jamal Murray,2026,3.58,1.26,-0.69,0.12,-1.26,-0.94,4.84,-1.14,4.15,-2.08,2.07,-0.0,31903,15976,15927
1627826,Ivica Zubac,2026,0.04,-1.4,0.43,3.17,-0.47,0.27,-1.36,2.7,-0.93,2.97,2.05,0.01,25051,12543,12508
201950,Jrue Holiday,2026,0.72,0.41,-1.17,1.87,0.55,-0.36,1.13,2.42,-0.04,2.06,2.02,0.0,26783,13388,13395
1629011,Mitchell Robinson,2026,-1.17,-1.07,3.0,0.33,0.76,0.13,-2.24,1.09,0.76,1.22,1.98,0.0,10583,5253,5330
203932,Aaron Gordon,2026,-0.26,0.07,-0.1,2.48,-0.27,0.07,-0.19,2.21,-0.29,2.28,1.98,-0.01,22691,11349,11342
1630174,Aaron Nesmith,2026,1.78,0.49,-0.04,0.92,-0.15,-1.06,2.27,0.77,2.23,-0.29,1.94,0.0,22953,11494,11459
1630631,Jose Alvarado,2026,0.65,0.31,-0.58,1.39,0.84,-0.7,0.96,2.23,0.38,1.53,1.91,0.0,15164,7599,7565
1630163,LaMelo Ball,2026,1.88,0.53,1.74,-1.83,-0.35,-0.11,2.41,-2.18,4.15,-2.29,1.86,0.0,17146,8622,8524
1627739,Kris Dunn,2026,1.18,0.4,-0.97,-1.11,2.21,0.12,1.58,1.1,0.61,1.22,1.84,0.01,21662,10807,10855
1630178,Tyrese Maxey,2026,1.67,1.42,-0.53,-0.03,0.29,-0.98,3.09,0.26,2.56,-0.72,1.84,0.0,29861,14982,14879
1630596,Evan Mobley,2026,0.67,0.05,-1.06,2.07,-0.38,0.44,0.72,1.69,-0.34,2.13,1.78,-0.01,26280,13137,13143
1630188,Jalen Smith,2026,1.04,0.26,0.75,0.73,-0.58,-0.43,1.3,0.15,2.05,-0.28,1.78,0.01,13143,6557,6586
1629004,Svi Mykhailiuk,2026,1.14,0.17,0.13,0.64,0.12,-0.44,1.31,0.76,1.44,0.32,1.77,0.01,9709,4856,4853
1629026,Kenrich Williams,2026,0.29,-0.1,0.43,0.38,0.63,0.12,0.19,1.01,0.62,1.13,1.75,0.0,12668,6306,6362
1630166,Deni Avdija,2026,3.09,-0.23,-0.33,0.29,-0.23,-0.85,2.86,0.06,2.53,-0.79,1.74,0.0,27293,13626,13667
1629630,Ja Morant,2026,1.29,-0.1,-0.88,1.53,0.46,-0.59,1.19,1.99,0.31,1.4,1.72,0.01,10555,5291,5264
201143,Al Horford,2026,1.55,0.41,-1.47,1.47,-0.2,-0.05,1.96,1.27,0.49,1.22,1.71,0.0,20772,10400,10372
1626172,Kevon Looney,2026,-2.12,-0.08,2.21,1.95,-0.97,0.72,-2.2,0.98,0.01,1.7,1.71,0.0,10977,5466,5511
1629675,Naz Reid,2026,0.19,0.12,-0.47,0.65,0.49,0.67,0.31,1.14,-0.16,1.81,1.65,0.0,28062,14033,14029
1628436,Luke Kornet,2026,-0.81,-0.01,1.21,1.83,-0.59,0.01,-0.82,1.24,0.39,1.25,1.64,0.0,16132,8056,8076
1631119,Jaylin Williams,2026,1.07,-0.45,-1.41,2.57,-0.71,0.56,0.62,1.86,-0.79,2.42,1.63,-0.0,13130,6564,6566
1630241,Sam Merrill,2026,0.22,0.86,-0.24,0.42,0.18,0.15,1.08,0.6,0.84,0.75,1.59,0.0,16607,8331,8276
1629750,Javonte Green,2026,1.55,-0.48,-0.49,-0.24,1.94,-0.7,1.07,1.7,0.58,1.0,1.58,-0.0,12023,5998,6025
1628989,Kevin Huerter,2026,1.56,0.38,-1.14,1.54,-0.16,-0.62,1.94,1.38,0.8,0.76,1.57,0.01,19680,9865,9815
1642907,Cedric Coward,2026,2.49,-0.36,-0.48,0.96,-0.4,-0.65,2.13,0.56,1.65,-0.09,1.56,-0.0,6677,3344,3333
1642345,Oso Ighodaro,2026,-0.23,0.4,-0.37,1.17,1.0,-0.44,0.17,2.17,-0.2,1.73,1.54,0.01,11247,5603,5644
1629001,De'Anthony Melton,2026,0.92,0.2,0.52,-1.02,1.13,-0.21,1.12,0.11,1.64,-0.1,1.54,0.0,9347,4678,4669
203076,Anthony Davis,2026,0.21,0.23,-0.5,1.81,-0.25,0.02,0.44,1.56,-0.06,1.58,1.53,0.01,21441,10713,10728
1630162,Anthony Edwards,2026,2.46,0.7,-1.16,-0.58,-0.41,0.5,3.16,-0.99,2.0,-0.49,1.51,0.0,35815,17919,17896
1631157,Ryan Rollins,2026,1.87,-0.29,-0.95,0.77,0.69,-0.58,1.58,1.46,0.63,0.88,1.51,0.0,13574,6780,6794
1628988,Aaron Holiday,2026,0.06,0.4,-0.7,2.63,-0.1,-0.8,0.46,2.53,-0.24,1.73,1.49,0.0,11494,5729,5765
1631128,Christian Braun,2026,-0.57,0.38,0.24,2.96,-0.06,-1.47,-0.19,2.9,0.05,1.43,1.48,0.0,25903,12929,12974
1630577,Julian Champagnie,2026,0.8,0.56,-0.31,0.69,-0.23,-0.1,1.36,0.46,1.05,0.36,1.41,0.0,23575,11806,11769
1642883,Sion James,2026,0.2,-0.79,0.61,1.43,-0.55,0.51,-0.59,0.88,0.02,1.39,1.41,0.0,7150,3540,3610
1629060,Rui Hachimura,2026,1.63,0.21,-1.32,1.65,-0.19,-0.6,1.84,1.46,0.52,0.86,1.38,0.0,23970,11976,11994
1630611,Gui Santos,2026,0.08,-0.44,1.01,0.85,0.17,-0.3,-0.36,1.02,0.65,0.72,1.37,0.0,9587,4796,4791
1631221,Collin Gillespie,2026,1.26,0.25,-0.03,-1.27,0.87,0.28,1.51,-0.4,1.48,-0.12,1.36,0.0,12270,6129,6141
1642349,Ajay Mitchell,2026,0.84,0.75,-1.92,0.19,0.85,0.63,1.59,1.04,-0.33,1.67,1.34,0.0,8747,4391,4356
1631099,Keegan Murray,2026,-0.17,0.03,-0.25,1.44,0.02,0.24,-0.14,1.46,-0.39,1.7,1.31,0.0,24239,12130,12109
1630559,Austin Reaves,2026,2.64,0.37,-1.37,0.14,-0.17,-0.3,3.01,-0.03,1.64,-0.33,1.31,-0.0,29514,14732,14782
1629661,Cameron Johnson,2026,1.22,0.52,0.02,-0.38,-0.05,-0.02,1.74,-0.43,1.76,-0.45,1.31,0.0,20211,10128,10083
1630217,Desmond Bane,2026,1.81,0.39,-0.32,-0.11,-0.26,-0.21,2.2,-0.37,1.88,-0.58,1.3,0.0,27014,13537,13477
201142,Kevin Durant,2026,4.79,-0.8,-1.89,1.08,-1.25,-0.65,3.99,-0.17,2.1,-0.82,1.28,-0.0,32470,16270,16200
1630567,Scottie Barnes,2026,-0.07,0.25,-0.12,0.76,0.62,-0.18,0.18,1.38,0.06,1.2,1.27,0.01,28024,14024,14000
1627884,Derrick Jones Jr.,2026,0.68,-0.01,-1.15,1.55,0.43,-0.24,0.67,1.98,-0.48,1.74,1.26,-0.0,23116,11543,11573
1628372,Dennis Smith Jr.,2026,0.1,0.08,-0.02,0.39,0.72,-0.02,0.18,1.11,0.16,1.09,1.25,0.0,4143,2056,2087
1641706,Brandon Miller,2026,0.38,-0.26,-0.09,0.56,0.33,0.33,0.12,0.89,0.03,1.22,1.25,-0.0,21073,10550,10523
201567,Kevin Love,2026,0.53,0.67,0.0,-1.09,-0.09,1.2,1.2,-1.18,1.2,0.02,1.22,0.0,7415,3706,3709
1629632,Coby White,2026,1.86,0.82,-0.36,-0.17,-0.45,-0.48,2.68,-0.62,2.32,-1.1,1.22,-0.0,26750,13385,13365
1629627,Zion Williamson,2026,0.75,0.85,0.37,0.4,-0.33,-0.83,1.6,0.07,1.97,-0.76,1.21,0.0,20215,10151,10064
1630558,Davion Mitchell,2026,0.45,0.8,-0.57,0.89,0.09,-0.46,1.25,0.98,0.68,0.52,1.2,-0.0,21363,10689,10674
1631200,Kris Murray,2026,-0.98,-0.98,0.94,0.43,0.91,0.87,-1.96,1.34,-1.02,2.21,1.2,0.01,15010,7508,7502
203496,Robert Covington,2026,0.04,-0.53,0.14,1.18,0.66,-0.38,-0.49,1.84,-0.35,1.46,1.11,0.0,1937,964,973
1627736,Malik Beasley,2026,0.74,0.09,-0.64,1.53,0.33,-0.97,0.83,1.86,0.19,0.89,1.08,0.0,20277,10163,10114
1630578,Alperen Sengun,2026,1.11,0.17,-0.08,0.8,-0.13,-0.84,1.28,0.67,1.2,-0.17,1.03,-0.0,28224,14172,14052
1629020,Jarred Vanderbilt,2026,1.4,-0.89,0.51,-0.89,0.88,0.02,0.51,-0.01,1.02,0.01,1.03,0.0,9367,4665,4702
1630205,Lamar Stevens,2026,-0.5,0.06,-0.27,2.35,0.67,-1.3,-0.44,3.02,-0.71,1.72,1.01,0.0,2872,1434,1438
1642270,Donovan Clingan,2026,-1.43,-0.77,2.32,0.94,-0.48,0.42,-2.2,0.46,0.12,0.88,1.0,0.0,14035,7020,7015
1630194,Paul Reed,2026,-1.01,-0.06,0.98,0.16,1.57,-0.66,-1.07,1.73,-0.09,1.07,0.98,0.0,11930,5954,5976
1642853,Rasheer Fleming,2026,0.12,-0.69,0.63,0.68,0.17,0.06,-0.57,0.85,0.06,0.91,0.97,-0.0,2461,1223,1238
1631243,Mouhamed Gueye,2026,-0.9,0.32,0.03,0.13,1.12,0.25,-0.58,1.25,-0.55,1.5,0.95,-0.0,7321,3640,3681
1628366,Lonzo Ball,2026,-0.62,0.3,-0.7,0.75,0.93,0.29,-0.32,1.68,-1.02,1.97,0.95,0.0,6378,3200,3178
1627751,Jakob Poeltl,2026,0.62,-1.09,0.5,-0.09,0.26,0.74,-0.47,0.17,0.03,0.91,0.94,0.0,16896,8431,8465
203992,Bogdan Bogdanovic,2026,-0.08,0.72,-0.04,-0.09,0.06,0.36,0.64,-0.03,0.6,0.33,0.94,0.01,17337,8696,8641
203468,CJ McCollum,2026,0.85,0.89,-0.41,1.09,-0.61,-0.9,1.74,0.48,1.33,-0.42,0.91,0.0,26321,13214,13107
1642364,Jamir Watkins,2026,0.98,-0.43,-0.44,0.83,1.15,-1.21,0.55,1.98,0.11,0.77,0.88,0.0,4155,2071,2084
1630619,Moussa Cisse,2026,-0.05,-0.03,-0.21,1.8,0.21,-0.85,-0.08,2.01,-0.29,1.16,0.87,0.0,2031,1018,1013
1642396,Blake Hinson,2026,0.35,-0.11,-0.04,0.94,0.03,-0.31,0.24,0.97,0.2,0.66,0.86,0.0,1086,541,545
1630202,Payton Pritchard,2026,0.6,0.93,0.94,-0.39,-0.33,-0.89,1.53,-0.72,2.47,-1.61,0.85,-0.01,28097,14073,14024
1631246,Vince Williams Jr.,2026,0.55,-0.13,-0.62,0.5,0.46,0.09,0.42,0.96,-0.2,1.05,0.84,-0.01,11365,5680,5685
1642845,VJ Edgecombe,2026,0.05,0.27,0.44,0.46,0.37,-0.75,0.32,0.83,0.76,0.08,0.84,0.0,10580,5292,5288
1626168,Trey Lyles,2026,0.47,0.03,0.11,-0.14,-0.01,0.36,0.5,-0.15,0.61,0.21,0.82,0.0,10038,5012,5026
1641989,Elijah Harkless,2026,0.52,0.25,-0.79,0.52,1.28,-0.98,0.77,1.8,-0.02,0.82,0.8,0.0,2847,1428,1419
1629057,Robert Williams III,2026,-0.33,-0.98,0.55,1.75,0.03,-0.23,-1.31,1.78,-0.76,1.55,0.79,0.0,5932,2965,2967
1629628,RJ Barrett,2026,1.77,0.57,-0.56,-0.28,-0.14,-0.58,2.34,-0.42,1.78,-1.0,0.78,0.0,22222,11098,11124
204060,Joe Ingles,2026,2.9,-0.48,-0.53,-0.17,0.07,-1.05,2.42,-0.1,1.89,-1.15,0.74,0.0,5851,2951,2900
203944,Julius Randle,2026,3.14,-0.56,-0.8,0.04,-0.26,-0.82,2.58,-0.22,1.78,-1.04,0.74,-0.0,28047,14021,14026
203110,Draymond Green,2026,0.44,-0.78,-1.53,1.63,0.69,0.28,-0.34,2.32,-1.87,2.6,0.73,0.0,23449,11723,11726
1630198,Isaiah Joe,2026,1.46,0.19,-0.64,0.04,0.69,-1.02,1.65,0.73,1.01,-0.29,0.72,0.0,20159,10160,9999
1628960,Grayson Allen,2026,1.96,0.79,-0.43,-0.68,-0.19,-0.74,2.75,-0.87,2.32,-1.61,0.71,0.0,22393,11245,11148
1629655,Daniel Gafford,2026,-0.03,-0.46,0.58,2.12,-0.3,-1.21,-0.49,1.82,0.09,0.61,0.7,0.0,19280,9631,9649
1631165,Keon Ellis,2026,0.3,0.35,-0.4,-0.29,1.18,-0.44,0.65,0.89,0.25,0.45,0.7,0.0,17585,8780,8805
1642271,Kyle Filipowski,2026,1.39,-0.04,-0.15,-0.92,0.37,0.04,1.35,-0.55,1.2,-0.51,0.69,0.0,13757,6880,6877
1641796,Pelle Larsson,2026,1.05,0.56,-0.82,-0.56,0.48,-0.02,1.61,-0.08,0.79,-0.1,0.68,-0.01,11192,5579,5613
1642363,Nique Clifford,2026,0.72,-0.52,-0.16,0.06,0.62,-0.05,0.2,0.68,0.04,0.63,0.68,0.01,7463,3717,3746
1627780,Gary Payton II,2026,1.29,-0.33,-0.17,-0.93,1.65,-0.84,0.96,0.72,0.79,-0.12,0.67,0.0,11946,5884,6062
1628976,Wendell Carter Jr.,2026,-0.28,-0.1,-0.6,1.03,0.28,0.32,-0.38,1.31,-0.98,1.63,0.65,-0.0,23256,11623,11633
1630200,Tre Jones,2026,0.72,0.94,-1.44,0.42,0.22,-0.22,1.66,0.64,0.22,0.42,0.64,0.0,19854,9939,9915
1629130,Duncan Robinson,2026,1.42,0.38,-0.84,0.69,-0.62,-0.39,1.8,0.07,0.96,-0.32,0.64,0.0,23472,11784,11688
1629013,Landry Shamet,2026,-0.14,0.67,-0.74,0.46,0.33,0.05,0.53,0.79,-0.21,0.84,0.63,-0.0,11028,5519,5509
1642867,Collin Murray-Boyles,2026,-0.13,-0.09,-0.36,-0.01,0.47,0.73,-0.22,0.46,-0.58,1.19,0.61,0.0,4937,2459,2478
1642347,Jamal Shead,2026,-0.17,0.36,-0.21,-0.09,1.78,-1.06,0.19,1.69,-0.02,0.63,0.61,0.0,13349,6678,6671
1630552,Jalen Johnson,2026,0.06,-0.0,-0.9,1.4,-0.31,0.35,0.06,1.09,-0.84,1.44,0.6,0.0,24037,12016,12021
201572,Brook Lopez,2026,0.8,0.35,-2.36,2.83,-1.05,0.03,1.15,1.78,-1.21,1.81,0.59,-0.01,27820,13925,13895
1642856,Egor Dëmin,2026,0.88,-0.24,-0.67,-0.81,0.7,0.72,0.64,-0.11,-0.03,0.61,0.59,0.01,5271,2646,2625
1631323,Simone Fontecchio,2026,-0.28,0.32,0.26,-0.34,-0.21,0.83,0.04,-0.55,0.3,0.28,0.58,0.0,16862,8438,8424
1642885,Mohamed Diawara,2026,1.04,-0.28,-1.34,1.02,0.17,-0.04,0.76,1.19,-0.58,1.15,0.57,0.0,2619,1306,1313
1630193,Immanuel Quickley,2026,-0.57,1.31,-0.32,0.7,0.03,-0.59,0.74,0.73,0.42,0.14,0.56,-0.0,20734,10362,10372
1631159,Leonard Miller,2026,1.77,-0.26,-1.02,0.69,0.02,-0.66,1.51,0.71,0.49,0.05,0.54,0.0,3320,1660,1660
1630170,Devin Vassell,2026,1.78,0.05,-1.23,1.02,-0.37,-0.73,1.83,0.65,0.6,-0.08,0.51,-0.01,25743,12886,12857
1626153,Delon Wright,2026,0.24,-0.24,-1.57,0.57,1.19,0.32,0.0,1.76,-1.57,2.08,0.51,0.0,6072,3041,3031
1627763,Malcolm Brogdon,2026,0.18,0.35,-0.32,0.87,-0.21,-0.37,0.53,0.66,0.21,0.29,0.5,-0.0,6760,3379,3381
1630598,Aaron Wiggins,2026,0.53,0.27,0.09,1.51,0.22,-2.13,0.8,1.73,0.89,-0.4,0.49,-0.0,19580,9766,9814
204456,T.J. McConnell,2026,2.54,0.2,-1.8,-1.14,1.04,-0.37,2.74,-0.1,0.94,-0.47,0.47,-0.0,17928,8950,8978
1629162,Jordan McLaughlin,2026,1.38,-0.02,-1.61,-0.21,1.25,-0.34,1.36,1.04,-0.25,0.7,0.45,0.0,4981,2487,2494
1642928,Dylan Cardwell,2026,-1.14,-0.73,1.08,0.35,0.59,0.29,-1.87,0.94,-0.79,1.23,0.44,-0.0,3473,1739,1734
1630167,Obi Toppin,2026,1.79,0.16,0.39,-1.73,-0.23,0.05,1.95,-1.96,2.34,-1.91,0.43,0.0,18265,9131,9134
1629006,Josh Okogie,2026,-0.44,-0.45,0.82,0.2,1.6,-1.32,-0.89,1.8,-0.07,0.48,0.41,0.0,11575,5745,5830
1630256,Jae'Sean Tate,2026,-0.96,-0.21,-0.45,1.47,0.87,-0.3,-1.17,2.34,-1.62,2.04,0.41,-0.01,8035,3978,4057
1629622,Max Strus,2026,-0.35,-0.07,0.07,1.27,0.0,-0.51,-0.42,1.27,-0.35,0.76,0.41,-0.0,18052,9016,9036
1641717,Cason Wallace,2026,-0.86,0.37,-0.62,0.02,1.76,-0.26,-0.49,1.78,-1.11,1.52,0.4,-0.01,25801,12864,12937
203939,Dwight Powell,2026,-0.17,0.01,-0.09,0.32,0.75,-0.46,-0.16,1.07,-0.25,0.61,0.36,-0.0,9493,4757,4736
1630568,Luka Garza,2026,-0.05,-0.06,1.52,-1.34,-0.09,0.37,-0.11,-1.43,1.41,-1.06,0.35,0.0,5725,2871,2854
1642949,Yanic Konan Niederhäuser,2026,1.04,-0.03,-0.82,0.08,-0.04,0.12,1.01,0.04,0.19,0.16,0.35,-0.0,1673,835,838
1641740,Jaylen Clark,2026,-0.43,1.0,-0.03,-0.28,0.75,-0.67,0.57,0.47,0.54,-0.2,0.35,0.01,5579,2771,2808
1642914,Javon Small,2026,0.51,0.33,0.46,-0.6,0.87,-1.24,0.84,0.27,1.3,-0.97,0.33,-0.0,3362,1679,1683
1631262,Jules Bernard,2026,-0.4,-0.06,0.48,0.35,0.35,-0.4,-0.46,0.7,0.02,0.3,0.32,0.0,624,317,307
1642264,Stephon Castle,2026,1.02,-0.19,-0.59,1.33,0.27,-1.55,0.83,1.6,0.24,0.05,0.3,0.01,17386,8671,8715
1628975,Jevon Carter,2026,-0.42,1.1,-0.33,0.53,0.6,-1.18,0.68,1.13,0.35,-0.05,0.3,-0.0,8786,4402,4384
203486,Mason Plumlee,2026,1.51,-0.21,0.06,-0.43,-0.47,-0.17,1.3,-0.9,1.36,-1.07,0.29,-0.0,8794,4400,4394
1642450,Daniss Jenkins,2026,0.03,-0.7,0.49,-0.37,1.23,-0.39,-0.67,0.86,-0.18,0.47,0.29,-0.0,5867,2942,2925
1642948,Ryan Nembhard,2026,1.28,-0.12,-0.79,0.78,-0.6,-0.26,1.16,0.18,0.37,-0.08,0.29,-0.0,4856,2431,2425
1629048,Goga Bitadze,2026,-0.43,-0.86,1.35,0.09,0.66,-0.54,-1.29,0.75,0.06,0.21,0.27,0.0,13652,6812,6840
1626167,Myles Turner,2026,1.63,-0.24,-1.72,1.05,-0.92,0.47,1.39,0.13,-0.33,0.6,0.26,-0.01,30251,15159,15092
2544,LeBron James,2026,2.28,-0.27,-0.95,0.43,-0.05,-1.19,2.01,0.38,1.06,-0.81,0.25,0.0,29456,14710,14746
1642278,Tyler Kolek,2026,0.86,-0.87,-1.0,1.82,-0.3,-0.27,-0.01,1.52,-1.01,1.25,0.24,0.0,4069,2035,2034
1642352,Keshad Johnson,2026,0.59,-0.37,0.06,-0.02,0.03,-0.06,0.22,0.01,0.28,-0.05,0.23,0.0,1555,777,778
1642024,Alex Reese,2026,1.02,0.28,-0.67,0.36,0.01,-0.76,1.3,0.37,0.63,-0.39,0.23,-0.01,897,447,450
1642950,Lachlan Olbrich,2026,-1.06,0.15,0.65,0.6,0.3,-0.43,-0.91,0.9,-0.26,0.47,0.22,0.01,1249,622,627
1630692,Jordan Goodwin,2026,-1.75,-0.59,1.86,-1.03,1.48,0.24,-2.34,0.45,-0.48,0.69,0.22,0.01,12694,6334,6360
1630230,Naji Marshall,2026,0.76,0.22,-0.93,0.64,0.24,-0.73,0.98,0.88,0.05,0.15,0.19,-0.01,22344,11158,11186
1631230,Dominick Barlow,2026,-0.64,0.41,-0.26,1.37,0.41,-1.11,-0.23,1.78,-0.49,0.67,0.17,-0.01,10112,5046,5066
1631205,Buddy Boeheim,2026,0.0,0.16,-0.27,0.59,0.07,-0.41,0.16,0.66,-0.11,0.25,0.15,0.01,389,197,192
203933,T.J. Warren,2026,-0.19,0.24,-0.37,0.74,0.14,-0.42,0.05,0.88,-0.32,0.46,0.14,-0.0,561,280,281
1642357,David Jones Garcia,2026,0.53,-0.04,-0.2,-0.4,0.32,-0.08,0.49,-0.08,0.29,-0.16,0.13,0.0,293,149,144
1631116,Patrick Baldwin Jr.,2026,-0.57,0.67,-0.47,-0.6,0.68,0.43,0.1,0.08,-0.37,0.51,0.13,-0.01,2938,1473,1465
1642377,Jaylen Wells,2026,1.27,-0.2,0.34,-1.22,0.06,-0.13,1.07,-1.16,1.41,-1.29,0.12,-0.0,16184,8087,8097
1629717,Armoni Brooks,2026,0.33,0.32,0.02,0.13,-0.07,-0.61,0.65,0.06,0.67,-0.55,0.12,0.0,413,207,206
1631132,Christian Koloko,2026,-1.56,-0.13,0.21,1.19,0.56,-0.15,-1.69,1.75,-1.48,1.6,0.12,-0.0,2771,1384,1387
1642272,Jared McCain,2026,-0.11,0.02,-0.24,0.14,0.02,0.28,-0.09,0.16,-0.33,0.44,0.11,-0.0,7031,3514,3517
1631220,Dereon Seabron,2026,0.36,-0.19,-0.3,0.55,-0.06,-0.25,0.17,0.49,-0.13,0.24,0.11,-0.0,227,116,111
1630561,David Duke Jr.,2026,0.69,0.09,-0.47,0.29,-0.18,-0.32,0.78,0.11,0.31,-0.21,0.1,0.0,351,180,171
203469,Cody Zeller,2026,0.31,0.15,0.12,-0.72,0.36,-0.14,0.46,-0.36,0.58,-0.5,0.09,0.01,1318,663,655
1630227,Daishen Nix,2026,0.75,0.09,-0.72,-0.01,0.33,-0.36,0.84,0.32,0.12,-0.04,0.08,-0.0,272,136,136
1631107,Nikola Jovic,2026,0.6,0.08,-2.29,2.76,0.03,-1.1,0.68,2.79,-1.61,1.69,0.08,0.0,12435,6222,6213
1628404,Josh Hart,2026,0.53,0.01,-0.39,-0.72,0.38,0.26,0.54,-0.34,0.15,-0.08,0.07,-0.0,34290,17131,17159
1631255,Karlo Matkovic,2026,0.01,-1.06,-0.22,1.62,0.14,-0.44,-1.05,1.76,-1.27,1.32,0.05,-0.0,6975,3470,3505
1628984,Devonte' Graham,2026,-0.03,-0.02,-0.34,0.64,0.08,-0.29,-0.05,0.72,-0.39,0.43,0.04,-0.0,1272,640,632
1630678,Terry Taylor,2026,-0.15,0.17,-0.3,0.73,0.08,-0.5,0.02,0.81,-0.28,0.31,0.03,-0.0,760,381,379
1628467,Maxi Kleber,2026,2.07,-0.35,-2.3,0.4,0.01,0.19,1.72,0.41,-0.58,0.6,0.02,0.0,8813,4393,4420
1630204,Ashton Hagans,2026,-0.22,-0.02,-0.02,0.25,0.12,-0.09,-0.24,0.37,-0.26,0.28,0.02,0.0,1203,607,596
1630168,Onyeka Okongwu,2026,1.18,-0.38,-0.85,-1.18,0.48,0.76,0.8,-0.7,-0.05,0.06,0.01,-0.0,24231,12130,12101
1630543,Isaiah Jackson,2026,0.52,-0.74,0.3,0.28,0.75,-1.1,-0.22,1.03,0.08,-0.07,0.01,-0.0,7781,3876,3905
1642066,Myron Gardner,2026,-1.34,0.26,0.84,0.29,0.0,-0.04,-1.08,0.29,-0.24,0.25,0.01,0.0,1730,864,866
1642866,Joan Beringer,2026,0.89,-0.13,-0.03,-0.32,0.23,-0.65,0.76,-0.09,0.73,-0.74,-0.01,0.0,1192,590,602
1628991,Jaren Jackson Jr.,2026,-1.26,0.31,-1.2,2.57,0.06,-0.49,-0.95,2.63,-2.15,2.14,-0.01,0.0,24599,12310,12289
1629680,Matisse Thybulle,2026,-1.04,-0.24,-0.73,0.44,2.24,-0.69,-1.28,2.68,-2.01,1.99,-0.02,-0.0,9176,4578,4598
201144,Mike Conley,2026,-0.4,-0.02,-0.13,0.47,0.41,-0.37,-0.42,0.88,-0.55,0.51,-0.04,0.0,22684,11373,11311
1626158,Richaun Holmes,2026,0.03,-0.13,0.41,-0.78,0.07,0.36,-0.1,-0.71,0.31,-0.35,-0.04,0.0,4358,2187,2171
1631245,Quenton Jackson,2026,0.15,0.1,-1.04,-0.59,0.79,0.55,0.25,0.2,-0.79,0.75,-0.04,-0.0,5194,2603,2591
1631114,Jalen Williams,2026,-0.1,0.72,-1.57,0.19,1.46,-0.75,0.62,1.65,-0.95,0.9,-0.04,0.01,26983,13493,13490
1631197,Jared Rhoden,2026,-0.32,0.43,0.37,0.28,0.31,-1.11,0.11,0.59,0.48,-0.52,-0.04,0.0,1906,953,953
1631214,Alondes Williams,2026,0.54,-0.11,-0.43,0.11,0.13,-0.3,0.43,0.24,-0.0,-0.06,-0.06,-0.0,502,250,252
1642400,Enaruna,2026,0.03,-0.26,0.12,0.16,0.15,-0.27,-0.23,0.31,-0.11,0.04,-0.06,0.01,226,112,114
1630679,Ethan Thompson,2026,-0.2,0.63,-0.72,0.24,0.16,-0.18,0.43,0.4,-0.29,0.22,-0.07,-0.0,2407,1209,1198
1642050,Jackson Rowe,2026,0.04,0.12,-0.21,0.16,0.02,-0.2,0.16,0.18,-0.05,-0.02,-0.07,0.0,220,110,110
1628969,Mikal Bridges,2026,-0.34,0.38,-0.62,1.35,0.03,-0.88,0.04,1.38,-0.58,0.5,-0.08,-0.0,36853,18395,18458
1641766,Adama Sanogo,2026,0.33,-0.1,-0.35,0.01,0.3,-0.26,0.23,0.31,-0.12,0.05,-0.08,-0.01,351,178,173
1628995,Kevin Knox II,2026,0.04,0.47,0.11,-1.27,0.21,0.36,0.51,-1.06,0.62,-0.7,-0.08,0.0,2810,1404,1406
1642530,Yuki Kawamura,2026,0.93,-0.28,-0.31,-0.32,0.44,-0.58,0.65,0.12,0.34,-0.46,-0.12,-0.0,1209,603,606
1641772,Nae'Qwan Tomlin,2026,-0.66,-0.19,0.05,0.67,0.39,-0.4,-0.85,1.06,-0.8,0.66,-0.13,0.01,4279,2129,2150
1631105,Jalen Duren,2026,0.7,-0.39,0.2,-0.11,-0.34,-0.19,0.31,-0.45,0.51,-0.64,-0.13,0.0,24460,12221,12239
1631095,Jabari Smith Jr.,2026,-1.0,-0.04,0.49,1.39,-0.65,-0.33,-1.04,0.74,-0.55,0.41,-0.14,0.0,27802,13885,13917
1627734,Domantas Sabonis,2026,0.08,-0.95,0.33,-1.25,0.02,1.63,-0.87,-1.23,-0.54,0.4,-0.14,0.0,24077,12052,12025
1630171,Isaac Okoro,2026,0.92,0.27,-0.85,0.03,-0.34,-0.19,1.19,-0.31,0.34,-0.5,-0.16,0.0,20341,10117,10224
1629023,P.J. Washington,2026,-0.74,-0.03,-0.09,0.95,-0.19,-0.06,-0.77,0.76,-0.86,0.7,-0.16,0.0,26822,13389,13433
1642368,N'Faly Dante,2026,0.59,-0.02,-0.46,0.35,-0.1,-0.52,0.57,0.25,0.11,-0.27,-0.16,0.0,274,136,138
1630180,Saddiq Bey,2026,0.53,0.98,0.27,-0.46,-0.95,-0.54,1.51,-1.41,1.78,-1.95,-0.17,-0.0,17809,8913,8896
1630554,Jason Preston,2026,-0.01,0.24,-0.21,0.29,-0.06,-0.42,0.23,0.23,0.02,-0.19,-0.17,0.0,290,147,143
1631127,Harrison Ingram,2026,0.48,-0.19,-0.24,-0.25,0.1,-0.07,0.29,-0.15,0.05,-0.22,-0.17,0.0,252,129,123
1631131,Oscar Tshiebwe,2026,-0.62,0.19,0.91,-0.44,-0.17,-0.05,-0.43,-0.61,0.48,-0.66,-0.18,0.0,2969,1481,1488
1642277,Johnny Furphy,2026,0.16,-0.41,-0.59,0.32,0.54,-0.2,-0.25,0.86,-0.84,0.66,-0.18,0.0,4213,2107,2106
1627732,Ben Simmons,2026,0.81,-0.06,-1.63,0.14,0.69,-0.14,0.75,0.83,-0.88,0.69,-0.18,0.01,6066,3023,3043
201587,Nicolas Batum,2026,0.1,-0.06,-0.39,1.09,-0.14,-0.78,0.04,0.95,-0.35,0.17,-0.18,-0.0,17805,8910,8895
202696,Nikola Vucevic,2026,0.65,0.16,-1.11,0.77,-1.3,0.65,0.81,-0.53,-0.3,0.12,-0.19,-0.01,27376,13710,13666
203484,Kentavious Caldwell-Pope,2026,-1.18,0.08,-0.68,0.99,1.24,-0.65,-1.1,2.23,-1.78,1.58,-0.2,-0.0,25230,12598,12632
1630183,Jaden McDaniels,2026,-0.59,0.35,-0.43,1.33,-0.11,-0.77,-0.24,1.22,-0.67,0.45,-0.22,-0.0,32016,15970,16046
1641813,Mark Sears,2026,0.44,-0.04,-0.41,-0.13,0.28,-0.37,0.4,0.15,-0.01,-0.22,-0.23,-0.0,105,53,52
1630581,Josh Giddey,2026,2.05,-0.43,-1.06,0.89,-0.85,-0.83,1.62,0.04,0.56,-0.79,-0.23,0.0,25237,12620,12617
1642504,Cormac Ryan,2026,1.39,-0.51,-0.38,-0.13,-0.14,-0.46,0.88,-0.27,0.5,-0.73,-0.23,0.0,900,454,446
1642938,Jones,2026,0.35,0.08,-0.58,0.36,-0.03,-0.42,0.43,0.33,-0.15,-0.09,-0.24,-0.0,224,113,111
1628998,Cody Martin,2026,-1.55,-0.07,-0.2,1.86,0.44,-0.71,-1.62,2.3,-1.82,1.59,-0.24,-0.01,7960,3957,4003
1641763,Julian Phillips,2026,0.4,-0.29,-0.74,1.22,0.29,-1.12,0.11,1.51,-0.63,0.39,-0.24,0.0,7527,3763,3764
1641789,Jazian Gortman,2026,-0.0,0.03,-0.33,0.27,0.03,-0.25,0.03,0.3,-0.3,0.05,-0.25,0.0,235,117,118
1642273,Kyshawn George,2026,-0.72,-0.47,0.19,1.51,0.19,-0.95,-1.19,1.7,-1.0,0.75,-0.25,0.0,13110,6556,6554
201569,Eric Gordon,2026,1.48,-0.79,-0.78,0.69,0.11,-0.96,0.69,0.8,-0.09,-0.16,-0.25,0.0,11446,5726,5720
201988,Patty Mills,2026,-1.04,0.51,-0.82,0.78,0.75,-0.43,-0.53,1.53,-1.35,1.1,-0.25,0.0,3166,1588,1578
1642857,Kasparas Jakučionis,2026,-0.12,0.52,-0.02,-1.08,0.28,0.15,0.4,-0.8,0.38,-0.65,-0.26,0.01,4007,2002,2005
1629010,Jerome Robinson,2026,0.01,-0.06,-0.3,0.12,-0.01,-0.03,-0.05,0.11,-0.35,0.08,-0.27,0.0,331,167,164
1627788,Furkan Korkmaz,2026,1.05,-0.19,-0.32,-0.84,0.51,-0.49,0.86,-0.33,0.54,-0.82,-0.28,-0.0,1236,623,613
1627759,Jaylen Brown,2026,1.9,0.13,-0.74,-0.03,-0.75,-0.79,2.03,-0.78,1.29,-1.57,-0.28,0.0,31978,16004,15974
204001,Kristaps Porzingis,2026,-0.29,0.49,-0.66,1.16,-1.04,0.06,0.2,0.12,-0.46,0.18,-0.28,0.0,16409,8230,8179
1629684,Grant Williams,2026,0.87,-0.12,-0.49,0.22,0.15,-0.91,0.75,0.37,0.26,-0.54,-0.28,0.0,13218,6602,6616
1642434,Riley Minix,2026,0.39,-0.07,-0.29,-0.12,0.02,-0.24,0.32,-0.1,0.03,-0.34,-0.3,0.01,178,88,90
1629111,Jock Landale,2026,-0.51,-0.52,1.67,-0.17,-0.27,-0.5,-1.03,-0.44,0.64,-0.94,-0.3,0.0,11423,5708,5715
1631306,Cole Swider,2026,-0.52,-0.04,0.16,0.58,-0.03,-0.45,-0.56,0.55,-0.4,0.1,-0.31,-0.01,1052,536,516
1630181,R.J. Hampton,2026,0.57,0.07,-0.7,0.42,-0.27,-0.4,0.64,0.15,-0.06,-0.25,-0.31,0.0,300,153,147
1642862,Liam McNeeley,2026,-0.44,0.27,-0.06,0.27,0.05,-0.41,-0.17,0.32,-0.23,-0.09,-0.32,-0.0,1424,713,711
1642484,RayJ Dennis,2026,-1.64,0.12,0.05,1.01,0.16,-0.02,-1.52,1.17,-1.47,1.15,-0.32,-0.0,1042,525,517
1629603,Mamadi Diakite,2026,-0.26,-0.09,-0.46,0.5,0.21,-0.23,-0.35,0.71,-0.81,0.48,-0.32,0.01,157,76,81
1631209,Isaiah Wong,2026,-0.09,-0.28,-1.05,0.16,0.72,0.21,-0.37,0.88,-1.42,1.09,-0.33,0.0,1047,522,525
203200,Justin Holiday,2026,-0.8,0.5,-0.55,0.52,0.58,-0.59,-0.3,1.1,-0.85,0.51,-0.35,-0.01,3983,1986,1997
1629008,Michael Porter Jr.,2026,0.84,0.32,0.14,-0.61,-0.56,-0.49,1.16,-1.17,1.3,-1.66,-0.36,0.0,30972,15533,15439
1631117,Walker Kessler,2026,-0.37,-1.49,0.45,3.24,-1.08,-1.15,-1.86,2.16,-1.41,1.01,-0.39,0.01,13508,6739,6769
1629631,De'Andre Hunter,2026,1.65,-0.04,-0.77,-0.93,0.36,-0.66,1.61,-0.57,0.84,-1.23,-0.39,0.0,19849,9948,9901
1641735,Amari Bailey,2026,0.23,-0.04,-0.34,0.43,-0.0,-0.67,0.19,0.43,-0.15,-0.24,-0.39,0.0,255,127,128
1641842,Ronald Holland II,2026,-1.29,-0.68,-0.18,0.55,1.95,-0.76,-1.97,2.5,-2.15,1.74,-0.41,0.0,11381,5667,5714
203490,Otto Porter Jr.,2026,-0.06,-0.08,-0.42,0.29,0.08,-0.21,-0.14,0.37,-0.56,0.16,-0.41,-0.01,720,363,357
1628396,Tony Bradley,2026,-1.05,-0.46,0.67,-0.29,0.01,0.7,-1.51,-0.28,-0.84,0.42,-0.42,-0.0,2459,1233,1226
1641775,Jordan Walsh,2026,0.8,-0.74,0.57,-0.34,0.12,-0.84,0.06,-0.22,0.63,-1.06,-0.43,0.0,6380,3169,3211
1630551,Justin Champagnie,2026,-0.01,-0.43,1.14,0.19,-0.26,-1.06,-0.44,-0.07,0.7,-1.13,-0.43,0.0,12052,6014,6038
1627747,Caris LeVert,2026,0.24,0.33,-1.17,1.25,0.51,-1.59,0.57,1.76,-0.6,0.17,-0.43,-0.0,20222,10105,10117
1642863,Khaman Maluach,2026,-0.24,-0.68,-0.48,0.53,0.48,-0.04,-0.92,1.01,-1.4,0.97,-0.43,-0.0,1486,741,745
1630541,Moses Moody,2026,-1.56,-0.09,0.32,0.22,0.78,-0.11,-1.65,1.0,-1.33,0.89,-0.44,0.0,18270,9146,9124
203897,Zach LaVine,2026,1.55,0.11,-1.25,0.92,-0.63,-1.15,1.66,0.29,0.41,-0.86,-0.45,-0.0,19177,9590,9587
202709,Cory Joseph,2026,0.81,0.21,-0.27,-1.18,-0.12,0.09,1.02,-1.3,0.75,-1.21,-0.46,-0.0,4072,2040,2032
1642285,Cam Spencer,2026,0.98,0.78,-1.1,-0.01,0.26,-1.38,1.76,0.25,0.66,-1.13,-0.47,0.0,8057,4052,4005
1630259,Jordan Ford,2026,0.04,0.1,-0.32,0.1,0.01,-0.4,0.14,0.11,-0.18,-0.29,-0.47,0.0,82,42,40
1631254,Kenneth Lofton Jr.,2026,-0.08,-0.18,-0.05,0.52,0.08,-0.77,-0.26,0.6,-0.31,-0.17,-0.48,0.0,814,404,410
203915,Spencer Dinwiddie,2026,0.86,0.78,-0.98,0.66,-1.25,-0.55,1.64,-0.59,0.66,-1.14,-0.48,-0.0,17715,8842,8873
1641809,Drew Peterson,2026,0.17,-0.24,-0.42,0.02,0.3,-0.32,-0.07,0.32,-0.49,0.0,-0.49,0.0,1067,533,534
1630240,Saben Lee,2026,-0.7,0.03,-0.07,0.52,0.04,-0.35,-0.67,0.56,-0.74,0.21,-0.53,-0.0,730,367,363
1626174,Christian Wood,2026,0.31,-0.44,-0.98,1.6,-0.52,-0.51,-0.13,1.08,-1.11,0.57,-0.54,-0.0,3549,1763,1786
1642384,Isaiah Crawford,2026,-0.64,0.09,-0.13,-0.3,0.57,-0.14,-0.55,0.27,-0.68,0.13,-0.54,0.01,471,239,232
1629052,Oshae Brissett,2026,-0.12,-0.03,-0.07,0.06,-0.18,-0.2,-0.15,-0.12,-0.22,-0.32,-0.54,0.0,3300,1652,1648
1626166,Cameron Payne,2026,-0.66,0.36,-0.89,1.27,0.28,-0.91,-0.3,1.55,-1.19,0.64,-0.55,-0.0,11783,5889,5894
1630762,Phillip Wheeler,2026,-0.73,0.35,-0.09,0.26,-0.08,-0.26,-0.38,0.18,-0.47,-0.08,-0.55,0.0,170,87,83
1631457,Morales,2026,0.07,-0.06,-0.3,-0.22,0.18,-0.23,0.01,-0.04,-0.29,-0.27,-0.56,0.0,94,48,46
1643018,LJ Cryer,2026,0.82,-0.45,-0.8,0.19,0.16,-0.47,0.37,0.35,-0.43,-0.12,-0.56,-0.01,1150,584,566
201565,Derrick Rose,2026,-0.6,0.34,-0.77,0.87,0.23,-0.64,-0.26,1.1,-1.03,0.46,-0.57,0.0,1628,816,812
1641970,Maozinha Pereira,2026,-0.44,-0.18,-0.47,0.19,0.13,0.2,-0.62,0.32,-1.09,0.52,-0.58,-0.01,492,244,248
1642877,Micah Peavy,2026,-0.22,0.01,0.06,-0.24,0.34,-0.55,-0.21,0.1,-0.15,-0.45,-0.6,0.0,3439,1717,1722
1627746,Skal Labissiere,2026,0.02,-0.04,-0.29,0.08,0.02,-0.39,-0.02,0.1,-0.31,-0.29,-0.6,0.0,198,100,98
1630688,Ish Wainright,2026,-0.72,0.04,-0.56,0.2,0.31,0.13,-0.68,0.51,-1.24,0.64,-0.61,-0.01,261,130,131
1641771,Jalen Slawson,2026,-0.02,-0.18,-0.56,0.86,-0.15,-0.56,-0.2,0.71,-0.76,0.15,-0.61,0.0,1294,652,642
1626143,Jahlil Okafor,2026,0.02,0.0,-0.38,0.07,0.03,-0.35,0.02,0.1,-0.36,-0.25,-0.61,0.0,15,7,8
202685,Jonas Valanciunas,2026,-0.18,-0.63,1.25,0.04,-1.65,0.56,-0.81,-1.61,0.44,-1.05,-0.61,-0.0,17610,8807,8803
1629645,Kevin Porter Jr.,2026,-0.43,-0.26,-1.33,2.28,-0.1,-0.77,-0.69,2.18,-2.02,1.41,-0.61,0.0,11808,5902,5906
1631222,Jake LaRavia,2026,0.78,-0.97,1.16,-1.32,0.77,-1.05,-0.19,-0.55,0.97,-1.6,-0.62,0.01,16946,8455,8491
1642955,Richmond,2026,0.05,-0.01,-0.51,-0.21,0.41,-0.35,0.04,0.2,-0.47,-0.15,-0.62,0.0,294,145,149
1628978,Donte DiVincenzo,2026,0.75,0.02,-0.48,-0.35,0.48,-1.05,0.77,0.13,0.29,-0.92,-0.63,0.0,29424,14704,14720
1628415,Dillon Brooks,2026,-0.4,0.11,-1.0,0.63,1.02,-0.98,-0.29,1.65,-1.29,0.67,-0.63,-0.01,26572,13262,13310
1642449,Tolu Smith,2026,-0.11,-0.28,-0.04,-0.0,0.0,-0.2,-0.39,0.0,-0.43,-0.2,-0.63,0.0,597,299,298
1627853,Ryan Arcidiacono,2026,-0.08,-0.14,-0.63,0.54,0.05,-0.37,-0.22,0.59,-0.85,0.22,-0.63,0.0,173,84,89
1641847,Andrew Funk,2026,-0.02,-0.05,-0.24,0.16,-0.0,-0.48,-0.07,0.16,-0.31,-0.32,-0.63,0.0,51,26,25
1630196,Filip Petrusev,2026,0.15,-0.01,-0.5,0.13,-0.03,-0.38,0.14,0.1,-0.36,-0.28,-0.64,0.0,36,19,17
1643257,Kent,2026,-0.02,-0.08,-0.48,0.24,0.07,-0.39,-0.1,0.31,-0.58,-0.08,-0.66,-0.0,81,40,41
1626220,Royce O'Neale,2026,0.62,-0.05,-1.43,0.49,0.16,-0.46,0.57,0.65,-0.86,0.19,-0.66,0.01,24850,12412,12438
1628420,Monte Morris,2026,-1.34,0.44,-0.57,1.35,-0.18,-0.37,-0.9,1.17,-1.47,0.8,-0.67,0.0,4659,2330,2329
1630564,RaiQuan Gray,2026,0.32,0.12,-0.46,-0.02,-0.17,-0.46,0.44,-0.19,-0.02,-0.65,-0.67,0.0,156,80,76
1630929,Henri Drell,2026,0.36,-0.01,-0.44,-0.14,-0.01,-0.43,0.35,-0.15,-0.09,-0.58,-0.67,0.0,126,62,64
1643052,Chaney Johnson,2026,0.64,-0.29,-0.66,-0.73,0.87,-0.5,0.35,0.14,-0.31,-0.36,-0.67,0.0,1263,633,630
1628426,Sasha Vezenkov,2026,1.4,-0.43,-0.93,-0.7,0.02,-0.03,0.97,-0.68,0.04,-0.71,-0.67,0.0,2077,1047,1030
1643024,Chris Mañon,2026,-0.23,0.01,-0.31,0.38,0.18,-0.71,-0.22,0.56,-0.53,-0.15,-0.68,-0.0,153,76,77
1628963,Marvin Bagley III,2026,-0.53,-0.11,0.4,0.04,-0.67,0.19,-0.64,-0.63,-0.24,-0.44,-0.68,-0.0,10793,5415,5378
1641857,Liam Robbins,2026,-0.48,-0.31,-0.38,0.35,0.31,-0.19,-0.79,0.66,-1.17,0.47,-0.69,0.01,239,118,121
1641806,Markquis Nowell,2026,-0.01,0.0,-0.39,0.03,0.03,-0.36,-0.01,0.06,-0.4,-0.3,-0.69,0.01,14,7,7
1630846,Olivier Sarr,2026,0.41,-0.41,-0.31,-0.0,-0.3,-0.08,0.0,-0.3,-0.31,-0.38,-0.69,0.0,465,231,234
101108,Chris Paul,2026,0.74,0.63,-1.07,0.5,-0.13,-1.36,1.37,0.37,0.3,-0.99,-0.69,0.0,16313,8175,8138
1627742,Brandon Ingram,2026,1.08,-0.43,-0.79,-0.52,-0.55,0.52,0.65,-1.07,-0.14,-0.55,-0.69,0.0,21741,10884,10857
1630207,Nate Hinton,2026,-0.23,0.12,-0.27,0.11,-0.31,-0.11,-0.11,-0.2,-0.38,-0.31,-0.69,0.0,325,160,165
1630608,Malcolm Cazalon,2026,0.1,0.04,-0.44,-0.01,0.05,-0.44,0.14,0.04,-0.3,-0.4,-0.7,0.0,11,6,5
1628977,Hamidou Diallo,2026,-0.25,0.02,-0.19,0.04,0.02,-0.35,-0.23,0.06,-0.42,-0.29,-0.71,0.0,18,10,8
1630622,Jalen Crutcher,2026,0.08,-0.01,-0.43,0.03,-0.03,-0.35,0.07,0.0,-0.36,-0.35,-0.72,-0.01,9,4,5
1628382,Justin Jackson,2026,0.0,0.0,-0.41,0.07,-0.01,-0.38,0.0,0.06,-0.41,-0.32,-0.73,0.0,2,0,2
1628391,D.J. Wilson,2026,0.11,0.07,-0.49,-0.08,-0.04,-0.31,0.18,-0.12,-0.31,-0.43,-0.73,0.01,56,28,28
1642346,Ryan Dunn,2026,-2.14,-0.28,1.13,1.04,-0.02,-0.46,-2.42,1.02,-1.29,0.56,-0.73,0.0,10790,5329,5461
1628408,PJ Dozier,2026,0.43,-0.2,-0.63,-0.08,0.23,-0.48,0.23,0.15,-0.4,-0.33,-0.73,0.0,148,73,75
1630231,Kenyon Martin Jr.,2026,-0.54,-0.3,0.26,0.62,0.58,-1.35,-0.84,1.2,-0.58,-0.15,-0.73,0.0,6690,3339,3351
201152,Thaddeus Young,2026,0.48,0.31,-0.51,-0.88,0.05,-0.19,0.79,-0.83,0.28,-1.02,-0.74,0.0,1753,878,875
1631167,Izaiah Brockington,2026,-0.07,0.05,-0.31,0.06,-0.04,-0.43,-0.02,0.02,-0.33,-0.41,-0.75,-0.01,15,8,7
1628373,Frank Ntilikina,2026,0.04,0.16,-0.28,-0.13,-0.11,-0.43,0.2,-0.24,-0.08,-0.67,-0.76,-0.01,172,88,84
1641779,Jalen Bridges,2026,-0.17,0.09,-0.56,0.34,-0.11,-0.35,-0.08,0.23,-0.64,-0.12,-0.77,-0.01,117,60,57
1642490,Oduro,2026,0.28,-0.04,-0.51,-0.05,-0.06,-0.39,0.24,-0.11,-0.27,-0.5,-0.77,0.0,133,66,67
201949,James Johnson,2026,-0.35,-0.09,-0.04,-0.26,0.42,-0.46,-0.44,0.16,-0.48,-0.3,-0.78,0.0,408,206,202
1630563,Joshua Primo,2026,0.04,-0.09,-0.39,0.22,-0.05,-0.52,-0.05,0.17,-0.44,-0.35,-0.79,0.0,44,22,22
1631321,Sidy Cissoko,2026,-0.02,-0.92,-0.89,0.77,0.86,-0.59,-0.94,1.63,-1.83,1.04,-0.79,0.0,6965,3481,3484
1631248,Baylor Scheierman,2026,-1.04,-0.09,0.01,0.28,-0.33,0.38,-1.13,-0.05,-1.12,0.33,-0.79,0.0,6802,3399,3403
1630530,Trey Murphy III,2026,-0.54,-0.14,-0.77,0.25,0.57,-0.16,-0.68,0.82,-1.45,0.66,-0.79,0.0,24799,12439,12360
1630296,Braxton Key,2026,-0.07,-0.06,-0.35,-0.45,0.2,-0.06,-0.13,-0.25,-0.48,-0.31,-0.79,0.0,398,200,198
1642385,Cui Yongxi,2026,-0.01,-0.04,-0.53,0.05,0.1,-0.36,-0.05,0.15,-0.58,-0.21,-0.79,0.0,47,24,23
1643133,Lovering,2026,0.05,-0.02,-0.48,-0.28,0.08,-0.16,0.03,-0.2,-0.45,-0.36,-0.8,0.01,214,107,107
1642269,Devin Carter,2026,-1.04,0.16,0.52,-0.77,0.64,-0.31,-0.88,-0.13,-0.36,-0.44,-0.8,-0.0,4284,2146,2138
1641761,Nelson,2026,0.12,0.08,-0.37,-0.19,0.01,-0.46,0.2,-0.18,-0.17,-0.64,-0.81,0.0,134,68,66
1629232,Kaiser Gates,2026,-0.16,0.01,-0.39,0.09,0.05,-0.42,-0.15,0.14,-0.54,-0.28,-0.82,0.0,32,16,16
1629056,Terence Davis,2026,-0.04,-0.03,-0.42,0.11,-0.07,-0.37,-0.07,0.04,-0.49,-0.33,-0.82,0.0,29,14,15
1630535,Greg Brown III,2026,-0.01,-0.11,-0.4,0.18,-0.23,-0.26,-0.12,-0.05,-0.52,-0.31,-0.83,0.0,182,90,92
1629626,Bol Bol,2026,-0.1,-0.32,-0.62,0.75,-0.7,0.15,-0.42,0.05,-1.04,0.2,-0.84,0.0,3753,1880,1873
1629639,Tyler Herro,2026,1.95,0.54,-1.43,-0.23,-0.57,-1.1,2.49,-0.8,1.06,-1.9,-0.84,-0.0,21887,10954,10933
1630284,Kevon Harris,2026,0.15,0.04,-0.47,-0.03,-0.07,-0.46,0.19,-0.1,-0.28,-0.56,-0.84,0.0,28,13,15
1628464,Daniel Theis,2026,-1.15,1.29,-0.55,0.06,0.2,-0.69,0.14,0.26,-0.41,-0.43,-0.84,-0.0,6617,3315,3302
1631376,Dmytro Skapintsev,2026,-0.05,0.02,-0.43,0.02,-0.02,-0.37,-0.03,0.0,-0.46,-0.37,-0.84,-0.01,7,4,3
1629716,Marques Bolden,2026,-0.1,-0.16,-0.21,-0.03,-0.02,-0.33,-0.26,-0.05,-0.47,-0.38,-0.85,0.0,485,243,242
1629098,Jack McVeigh,2026,-0.36,-0.16,-0.49,0.14,0.13,-0.12,-0.52,0.27,-1.01,0.15,-0.86,0.0,188,95,93
1630547,James Bouknight,2026,0.22,-0.01,-0.46,-0.2,0.14,-0.55,0.21,-0.06,-0.25,-0.61,-0.86,0.0,316,161,155
1629618,Jalen Pickett,2026,-0.25,0.4,-1.4,1.51,-0.74,-0.4,0.15,0.77,-1.25,0.37,-0.88,0.0,6322,3176,3146
1642920,Kobe Sanders,2026,-0.22,-0.05,-0.23,-0.41,-0.6,0.63,-0.27,-1.01,-0.5,-0.38,-0.88,-0.0,5498,2754,2744
1630828,Antetokounmpo,2026,-0.19,-0.0,-0.41,0.19,-0.0,-0.47,-0.19,0.19,-0.6,-0.28,-0.89,-0.01,67,35,32
1643047,Huntley,2026,-0.08,-0.15,-0.42,-0.03,0.08,-0.29,-0.23,0.05,-0.65,-0.24,-0.89,-0.0,46,24,22
1630539,Kai Jones,2026,-0.43,-0.08,-0.46,0.64,0.07,-0.63,-0.51,0.71,-0.97,0.08,-0.89,-0.0,1877,936,941
1642468,Brown,2026,0.0,0.02,-0.43,-0.1,-0.03,-0.37,0.02,-0.13,-0.41,-0.5,-0.9,0.01,9,4,5
1643141,Telfort,2026,-0.16,-0.04,-0.47,0.06,0.06,-0.35,-0.2,0.12,-0.67,-0.23,-0.9,-0.0,126,63,63
1641747,DaRon Holmes II,2026,0.22,-0.12,-0.56,0.1,-0.14,-0.41,0.1,-0.04,-0.46,-0.45,-0.9,0.01,783,395,388
1642266,Ja'Kobe Walter,2026,-0.3,0.2,-1.01,-0.48,1.1,-0.42,-0.1,0.62,-1.11,0.2,-0.9,0.01,10363,5172,5191
1630606,Javonte Smart,2026,0.0,-0.03,-0.42,0.03,-0.01,-0.47,-0.03,0.02,-0.45,-0.45,-0.9,-0.0,2,1,1
203488,Mike Muscala,2026,0.27,0.26,-1.31,0.42,-0.57,0.02,0.53,-0.15,-0.78,-0.13,-0.9,0.01,2459,1228,1231
1630699,MarJon Beauchamp,2026,0.41,-0.66,-1.08,0.67,0.4,-0.64,-0.25,1.07,-1.33,0.43,-0.9,0.0,4016,2004,2012
203914,Gary Harris,2026,-0.12,-0.3,-0.49,-0.55,0.78,-0.24,-0.42,0.23,-0.91,-0.01,-0.92,-0.0,11461,5725,5736
1641926,Dexter Dennis,2026,-0.29,0.01,-0.52,0.24,0.02,-0.37,-0.28,0.26,-0.8,-0.11,-0.92,-0.01,142,71,71
201980,Danny Green,2026,0.2,-0.05,-0.55,-0.09,-0.02,-0.44,0.15,-0.11,-0.4,-0.55,-0.94,0.01,76,38,38
1628379,Luke Kennard,2026,2.66,-0.27,-0.93,-0.61,-0.57,-1.21,2.39,-1.18,1.46,-2.39,-0.94,-0.01,17488,8762,8726
203552,Seth Curry,2026,-1.02,0.07,0.03,0.53,-0.0,-0.56,-0.95,0.53,-0.92,-0.03,-0.95,0.0,7166,3588,3578
1642389,Zyon Pullin,2026,0.24,-0.17,-0.55,-0.15,0.04,-0.36,0.07,-0.11,-0.48,-0.47,-0.95,0.0,59,30,29
1642911,Zikarsky,2026,0.15,-0.01,-0.55,0.02,-0.02,-0.54,0.14,0.0,-0.41,-0.54,-0.95,0.0,61,32,29
1630534,Ochai Agbaji,2026,-0.68,-0.69,-0.79,2.25,-0.38,-0.66,-1.37,1.87,-2.16,1.21,-0.95,0.0,17764,8861,8903
1642461,Spencer Jones,2026,-0.37,0.13,-0.88,0.02,-0.2,0.35,-0.24,-0.18,-1.12,0.17,-0.95,0.0,6426,3197,3229
1630550,JT Thor,2026,-1.22,0.25,-0.89,1.54,0.0,-0.64,-0.97,1.54,-1.86,0.9,-0.96,-0.0,4093,2046,2047
1642884,Goldin,2026,0.11,-0.3,-0.4,-0.08,-0.02,-0.27,-0.19,-0.1,-0.59,-0.37,-0.96,0.0,97,50,47
1642353,Cam Christie,2026,0.03,-0.56,-0.87,0.44,0.89,-0.89,-0.53,1.33,-1.4,0.44,-0.96,0.0,2148,1075,1073
1642917,Shulga,2026,-0.18,-0.22,-0.35,0.07,0.04,-0.33,-0.4,0.11,-0.75,-0.22,-0.97,0.0,49,25,24
1629308,Juan Toscano-Anderson,2026,-0.11,-0.28,-0.36,0.16,-0.05,-0.34,-0.39,0.11,-0.75,-0.23,-0.97,0.01,210,101,109
1628418,Thomas Bryant,2026,-0.27,0.03,-0.82,0.39,0.17,-0.47,-0.24,0.56,-1.06,0.09,-0.97,0.0,9172,4581,4591
1641783,Tristan da Silva,2026,-0.9,0.38,-0.11,-0.32,-0.2,0.17,-0.52,-0.52,-0.63,-0.35,-0.98,-0.0,13937,6965,6972
1641803,Tristen Newton,2026,-0.42,0.02,-0.21,0.03,0.07,-0.48,-0.4,0.1,-0.61,-0.38,-0.98,0.01,74,37,37
1629677,Luka Samanic,2026,-0.48,-0.42,-0.38,1.28,-0.34,-0.64,-0.9,0.94,-1.28,0.3,-0.98,-0.0,1663,830,833
1630590,Scotty Pippen Jr.,2026,-0.23,-0.16,-1.64,0.05,1.52,-0.52,-0.39,1.57,-2.03,1.05,-0.98,-0.0,10692,5330,5362
1630288,Jeff Dowtin,2026,-0.69,0.29,-0.05,0.06,0.29,-0.89,-0.4,0.35,-0.45,-0.54,-0.99,0.0,3005,1498,1507
1631173,Terquavion Smith,2026,0.38,-0.13,-0.42,-0.6,0.28,-0.5,0.25,-0.32,-0.17,-0.82,-0.99,0.0,380,190,190
1630562,Matt Hurt,2026,-0.22,-0.32,-0.46,0.6,0.28,-0.86,-0.54,0.88,-1.0,0.02,-0.99,-0.01,442,219,223
1630222,Mason Jones,2026,-0.2,-0.2,-0.22,-0.31,0.37,-0.44,-0.4,0.06,-0.62,-0.38,-1.0,0.0,286,143,143
1641767,Ben Sheppard,2026,-0.74,0.66,0.13,-0.59,-0.17,-0.29,-0.08,-0.76,0.05,-1.05,-1.0,0.0,16401,8191,8210
1630604,E.J. Liddell,2026,0.17,0.24,-0.26,-0.58,0.07,-0.64,0.41,-0.51,0.15,-1.15,-1.0,0.0,1637,813,824
1641879,Yuri Collins,2026,-0.22,0.08,-0.48,-0.02,0.15,-0.52,-0.14,0.13,-0.62,-0.39,-1.01,0.0,69,34,35
1630528,Josh Christopher,2026,0.09,0.05,-0.66,-0.14,-0.01,-0.34,0.14,-0.15,-0.52,-0.49,-1.01,0.0,299,146,153
1631094,Paolo Banchero,2026,-0.1,0.25,-0.23,0.52,-0.32,-1.13,0.15,0.2,-0.08,-0.93,-1.01,-0.0,29325,14640,14685
203995,Vasilije Micic,2026,-0.06,-0.5,-0.77,1.32,0.33,-1.34,-0.56,1.65,-1.33,0.31,-1.02,0.0,7723,3864,3859
1628370,Malik Monk,2026,0.77,0.24,-0.54,0.46,-0.14,-1.81,1.01,0.32,0.47,-1.49,-1.02,0.0,21842,10951,10891
1630186,Jahmi'us Ramsey,2026,-0.15,0.04,-0.7,0.55,0.04,-0.81,-0.11,0.59,-0.81,-0.22,-1.03,0.0,497,250,247
1626171,Bobby Portis,2026,-0.52,0.95,0.34,-0.36,-0.86,-0.58,0.43,-1.22,0.77,-1.8,-1.03,-0.0,20906,10435,10471
1641752,Bobi Klintman,2026,-0.66,0.05,-0.13,-0.36,0.15,-0.08,-0.61,-0.21,-0.74,-0.29,-1.03,0.0,469,232,237
201935,James Harden,2026,3.28,0.02,-1.81,-0.99,-0.66,-0.88,3.3,-1.65,1.49,-2.53,-1.03,0.01,32600,16318,16282
1627814,Damion Lee,2026,-0.12,-0.12,-0.78,0.2,0.06,-0.27,-0.24,0.26,-1.02,-0.01,-1.04,-0.01,590,300,290
1628381,John Collins,2026,-0.04,-1.09,1.01,-0.17,-0.85,0.1,-1.13,-1.02,-0.12,-0.92,-1.04,0.0,20083,10027,10056
1629623,Lindell Wigginton,2026,-0.12,0.01,-0.47,0.06,-0.06,-0.47,-0.11,0.0,-0.58,-0.47,-1.05,0.0,30,14,16
1631218,Trayce Jackson-Davis,2026,-0.4,-1.08,0.51,0.47,-0.4,-0.15,-1.48,0.07,-0.97,-0.08,-1.05,0.0,10820,5397,5423
1631211,Trevor Keels,2026,-0.1,-0.2,-0.52,0.18,-0.06,-0.36,-0.3,0.12,-0.82,-0.24,-1.06,0.0,59,30,29
1641710,Anthony Black,2026,-0.52,-0.53,-0.82,-0.07,0.69,0.19,-1.05,0.62,-1.87,0.81,-1.06,0.0,20041,10027,10014
1641737,Adem Bona,2026,0.16,-0.57,-0.48,0.52,0.6,-1.29,-0.41,1.12,-0.89,-0.17,-1.06,0.0,8640,4325,4315
1642854,Asa Newell,2026,-0.27,0.17,-0.3,-0.67,0.15,-0.14,-0.1,-0.52,-0.4,-0.66,-1.07,-0.01,1941,973,968
1629312,Haywood Highsmith,2026,-0.2,-0.96,-0.89,0.78,0.53,-0.33,-1.16,1.31,-2.05,0.98,-1.08,-0.01,13571,6766,6805
1642910,Tonje,2026,-0.03,-0.19,-0.33,-0.17,0.01,-0.38,-0.22,-0.16,-0.55,-0.54,-1.08,0.01,46,23,23
1627863,Danuel House Jr.,2026,-1.31,0.36,-0.57,0.35,0.41,-0.33,-0.95,0.76,-1.52,0.43,-1.09,0.0,2061,1034,1027
1642399,Jesse Edwards,2026,-0.03,0.02,-0.49,-0.19,-0.01,-0.41,-0.01,-0.2,-0.5,-0.61,-1.1,0.01,18,9,9
1629718,Charles Brown Jr.,2026,-0.13,-0.05,-0.48,-0.06,-0.11,-0.28,-0.18,-0.17,-0.66,-0.45,-1.1,0.01,142,73,69
1630592,Jalen Wilson,2026,-0.04,-0.34,0.2,-1.76,0.74,0.08,-0.38,-1.02,-0.18,-0.94,-1.11,0.01,13777,6890,6887
1629614,Andrew Nembhard,2026,-0.5,0.31,-1.13,-0.11,0.78,-0.46,-0.19,0.67,-1.32,0.21,-1.11,-0.0,26990,13492,13498
1629678,Admiral Schofield,2026,0.08,-0.36,-0.81,0.57,-0.03,-0.57,-0.28,0.54,-1.09,-0.03,-1.11,0.01,333,167,166
1631250,Pete Nance,2026,1.67,-0.36,-1.0,-0.86,-0.27,-0.3,1.31,-1.13,0.31,-1.43,-1.11,0.01,3511,1756,1755
1642967,John Poulakidas,2026,-0.8,0.53,-0.49,-0.18,0.08,-0.26,-0.27,-0.1,-0.76,-0.36,-1.12,0.0,921,462,459
1642959,Chris Youngblood,2026,-0.16,0.0,-0.74,0.08,-0.42,0.11,-0.16,-0.34,-0.9,-0.23,-1.12,0.01,726,368,358
1629659,Talen Horton-Tucker,2026,0.14,0.51,-0.65,0.21,-0.3,-1.03,0.65,-0.09,-0.0,-1.12,-1.12,0.0,7168,3562,3606
1641790,PJ Hall,2026,-0.8,-0.4,-0.07,0.51,-0.0,-0.37,-1.2,0.51,-1.27,0.14,-1.13,0.0,1130,566,564
1630346,Matt Ryan,2026,-0.66,-0.7,-0.45,1.34,0.11,-0.77,-1.36,1.45,-1.81,0.68,-1.13,0.0,1913,954,959
203648,Thanasis Antetokounmpo,2026,-0.0,-0.64,-1.35,0.2,1.1,-0.45,-0.64,1.3,-1.99,0.85,-1.14,0.0,1116,561,555
1641778,Leaky Black,2026,-0.84,0.06,-0.02,0.49,-0.84,0.0,-0.78,-0.35,-0.8,-0.35,-1.14,0.01,2910,1459,1451
1629216,Gabe Vincent,2026,-0.26,0.12,-0.52,0.6,0.04,-1.11,-0.14,0.64,-0.66,-0.47,-1.14,-0.01,11174,5586,5588
1627885,Shaquille Harrison,2026,-0.16,-0.0,-0.48,-0.1,-0.04,-0.37,-0.16,-0.14,-0.64,-0.51,-1.15,0.0,24,12,12
202722,Davis Bertans,2026,-0.01,0.27,-0.85,-1.3,0.27,0.46,0.26,-1.03,-0.59,-0.57,-1.15,0.01,2647,1330,1317
1641815,Isaiah Stevens,2026,-0.49,0.15,-0.38,-0.37,0.27,-0.33,-0.34,-0.1,-0.72,-0.43,-1.15,0.0,191,94,97
1631386,Taze Moore,2026,-1.08,-0.01,-0.06,0.34,0.21,-0.56,-1.09,0.55,-1.15,-0.01,-1.16,0.0,259,128,131
1641741,Ricky Council IV,2026,-0.76,0.61,0.15,-0.42,-0.0,-0.74,-0.15,-0.42,0.0,-1.16,-1.16,0.0,6127,3059,3068
203114,Khris Middleton,2026,0.36,0.47,0.12,-0.74,-0.73,-0.65,0.83,-1.47,0.95,-2.12,-1.17,0.0,16593,8325,8268
1642280,Trentyn Flowers,2026,-0.37,-0.19,-0.27,-0.01,0.01,-0.33,-0.56,0.0,-0.83,-0.33,-1.17,-0.01,133,67,66
1641745,Adam Flagler,2026,-1.95,0.06,-0.02,1.01,0.01,-0.28,-1.89,1.02,-1.91,0.74,-1.17,0.0,856,427,429
1641817,Anton Watson,2026,0.09,-0.09,-0.5,-0.19,-0.05,-0.43,0.0,-0.24,-0.5,-0.67,-1.17,0.0,96,49,47
1641890,Tyler Smith,2026,-0.48,-0.13,-0.16,-0.68,0.39,-0.12,-0.61,-0.29,-0.77,-0.41,-1.18,0.0,1045,522,523
1641750,Ryan Kalkbrenner,2026,-0.99,-1.17,-0.41,2.18,-0.73,-0.07,-2.16,1.45,-2.57,1.38,-1.19,0.0,6018,3026,2992
203084,Harrison Barnes,2026,0.07,0.98,-0.5,-1.42,-0.42,0.1,1.05,-1.84,0.55,-1.74,-1.2,-0.01,26814,13443,13371
1642282,Sallis,2026,-0.21,-0.08,-0.45,0.02,-0.05,-0.43,-0.29,-0.03,-0.74,-0.46,-1.2,0.0,107,54,53
1630639,AJ Lawson,2026,-1.18,0.47,0.27,-0.38,-0.25,-0.13,-0.71,-0.63,-0.44,-0.76,-1.2,-0.0,4306,2159,2147
1642935,Hepburn,2026,-0.32,-0.0,-0.38,-0.08,-0.04,-0.38,-0.32,-0.12,-0.7,-0.5,-1.2,0.0,51,25,26
1629027,Trae Young,2026,2.4,0.21,-0.23,-1.78,0.37,-2.18,2.61,-1.41,2.38,-3.59,-1.21,0.0,21477,10745,10732
1629652,Luguentz Dort,2026,-0.49,0.42,-0.82,-0.56,0.87,-0.64,-0.07,0.31,-0.89,-0.33,-1.22,0.0,29319,14614,14705
1629117,Wenyen Gabriel,2026,-0.62,-0.28,-0.53,0.33,0.11,-0.23,-0.9,0.44,-1.43,0.21,-1.22,0.0,321,160,161
1631169,Josh Minott,2026,-0.19,-0.24,-0.69,-0.56,0.71,-0.26,-0.43,0.15,-1.12,-0.11,-1.23,0.0,4953,2468,2485
1631133,Jabari Walker,2026,-0.56,-0.42,0.5,-0.76,0.36,-0.34,-0.98,-0.4,-0.48,-0.74,-1.23,-0.01,12915,6484,6431
1631204,Marcus Sasser,2026,1.1,-0.18,-1.45,-0.23,0.74,-1.21,0.92,0.51,-0.53,-0.7,-1.23,-0.0,10564,5297,5267
1641869,Malachi Smith,2026,-0.38,0.45,-0.62,-0.8,0.61,-0.49,0.07,-0.19,-0.55,-0.68,-1.23,0.0,1315,652,663
1642939,Miles Kelly,2026,-0.63,-0.23,-0.31,0.78,-0.11,-0.73,-0.86,0.67,-1.17,-0.06,-1.23,0.0,570,286,284
1630811,Keaton Wallace,2026,-0.41,-0.51,-1.31,1.25,0.12,-0.37,-0.92,1.37,-2.23,1.0,-1.23,0.0,4087,2030,2057
1641780,Broome,2026,-0.49,-0.12,-0.54,0.24,0.03,-0.36,-0.61,0.27,-1.15,-0.09,-1.24,-0.0,223,112,111
1642855,Essengue,2026,-0.21,0.03,-0.48,-0.19,0.04,-0.44,-0.18,-0.15,-0.66,-0.59,-1.25,-0.0,28,14,14
1629021,Moritz Wagner,2026,0.86,-0.42,-0.47,-1.69,0.1,0.36,0.44,-1.59,-0.03,-1.23,-1.26,-0.0,9977,4996,4981
1631311,Lester Quinones,2026,-1.45,0.03,0.16,0.55,-0.47,-0.08,-1.42,0.08,-1.26,-0.0,-1.26,0.0,2369,1186,1183
1629647,Darius Bazley,2026,-0.55,0.16,0.24,-0.46,0.03,-0.68,-0.39,-0.43,-0.15,-1.11,-1.26,0.0,603,298,305
202738,Isaiah Thomas,2026,-0.15,0.08,-0.53,-0.14,0.04,-0.56,-0.07,-0.1,-0.6,-0.66,-1.26,0.0,90,44,46
201580,JaVale McGee,2026,0.1,-0.52,-0.22,-0.16,-0.1,-0.36,-0.42,-0.26,-0.64,-0.62,-1.27,-0.01,1394,707,687
1642443,Jahmir Young,2026,-0.13,-0.04,-0.06,-0.47,-0.31,-0.26,-0.17,-0.78,-0.23,-1.04,-1.27,0.0,368,182,186
1629636,Darius Garland,2026,2.06,0.13,-1.32,-1.22,0.23,-1.16,2.19,-0.99,0.87,-2.15,-1.28,0.0,24674,12365,12309
1642951,Pedulla,2026,-0.48,0.09,-0.43,-0.25,0.05,-0.26,-0.39,-0.2,-0.82,-0.46,-1.28,0.0,119,59,60
1641749,Keyontae Johnson,2026,-0.39,-0.3,-0.16,-0.26,-0.16,-0.01,-0.69,-0.42,-0.85,-0.43,-1.28,-0.0,265,134,131
1630285,Zavier Simpson,2026,-0.94,-0.04,-0.4,-0.26,0.22,0.13,-0.98,-0.04,-1.38,0.09,-1.29,0.0,647,325,322
1630182,Josh Green,2026,-0.02,-0.26,-0.75,-0.01,0.34,-0.6,-0.28,0.33,-1.03,-0.27,-1.29,0.01,18823,9395,9428
1642848,Tre Johnson,2026,-0.67,0.95,-0.76,-0.05,-0.31,-0.47,0.28,-0.36,-0.48,-0.83,-1.3,0.01,6222,3111,3111
1631170,Jaime Jaquez Jr.,2026,-0.07,0.3,-0.34,0.73,-0.76,-1.15,0.23,-0.03,-0.11,-1.18,-1.3,-0.01,23221,11597,11624
1631101,Shaedon Sharpe,2026,-0.04,0.01,-0.48,0.25,-0.33,-0.73,-0.03,-0.08,-0.51,-0.81,-1.31,0.01,19488,9750,9738
1631199,Ron Harper Jr.,2026,-0.46,-0.34,0.3,-0.14,-0.19,-0.49,-0.8,-0.33,-0.5,-0.82,-1.31,0.01,1091,546,545
1642918,Alijah Martin,2026,-0.74,0.23,-0.31,-0.1,-0.08,-0.31,-0.51,-0.18,-0.82,-0.49,-1.31,0.0,554,279,275
1629685,Dylan Windler,2026,0.31,-0.16,-0.72,0.07,-0.32,-0.49,0.15,-0.25,-0.57,-0.74,-1.32,-0.01,434,218,216
1630586,Usman Garuba,2026,-0.3,-0.04,-0.42,-0.13,-0.03,-0.4,-0.34,-0.16,-0.76,-0.56,-1.32,0.0,76,39,37
1628365,Markelle Fultz,2026,-1.13,-0.31,-0.31,0.38,0.3,-0.24,-1.44,0.68,-1.75,0.44,-1.32,-0.01,4909,2453,2456
1642878,Tyrese Proctor,2026,-0.56,0.22,0.18,-0.88,0.69,-0.97,-0.34,-0.19,-0.16,-1.16,-1.32,0.0,2051,1024,1027
1629723,John Konchar,2026,-2.33,-1.01,0.56,0.61,0.72,0.13,-3.34,1.33,-2.78,1.46,-1.32,-0.0,11944,5954,5990
202083,Wesley Matthews,2026,-0.7,0.42,-0.69,0.26,0.01,-0.63,-0.28,0.27,-0.97,-0.36,-1.33,0.0,1664,829,835
1630583,Santi Aldama,2026,0.38,0.1,-0.5,-0.63,-0.18,-0.5,0.48,-0.81,-0.02,-1.31,-1.33,0.0,19005,9518,9487
1642276,Kel'el Ware,2026,0.11,-0.85,0.21,0.62,-0.38,-1.04,-0.74,0.24,-0.53,-0.8,-1.33,0.0,13073,6518,6555
1627824,Guerschon Yabusele,2026,0.98,-0.32,-0.83,-1.14,0.79,-0.82,0.66,-0.35,-0.17,-1.17,-1.34,-0.0,11551,5782,5769
1629007,Jontay Porter,2026,0.09,-0.4,-0.67,-0.63,-0.04,0.29,-0.31,-0.67,-0.98,-0.38,-1.35,0.01,1485,745,740
1642886,Brea,2026,-0.25,-0.38,-0.57,0.14,0.09,-0.38,-0.63,0.23,-1.2,-0.15,-1.35,0.0,206,104,102
1641754,Seth Lundy,2026,-0.0,-0.04,-0.63,-0.23,0.02,-0.46,-0.04,-0.21,-0.67,-0.67,-1.35,-0.01,205,102,103
1642404,Chaz Lanier,2026,-0.07,-0.06,-0.83,0.1,0.22,-0.71,-0.13,0.32,-0.96,-0.39,-1.35,0.0,1045,529,516
1641801,Emanuel Miller,2026,-0.34,0.03,-0.27,-0.38,0.08,-0.47,-0.31,-0.3,-0.58,-0.77,-1.36,-0.01,208,103,105
1628427,Vlatko Cancar,2026,-0.82,-0.33,-0.53,0.44,0.25,-0.36,-1.15,0.69,-1.68,0.33,-1.36,-0.01,598,302,296
1631257,Jermaine Samuels Jr.,2026,-0.08,0.02,-0.52,-0.27,-0.23,-0.29,-0.06,-0.5,-0.58,-0.79,-1.37,0.0,258,129,129
1642876,Adou Thiero,2026,-0.07,0.16,-0.35,-1.06,0.4,-0.45,0.09,-0.66,-0.26,-1.11,-1.37,0.0,548,274,274
1641807,Omier,2026,-0.29,0.06,-0.28,-0.48,-0.09,-0.29,-0.23,-0.57,-0.51,-0.86,-1.37,0.0,91,44,47
1631466,Jeenathan Williams,2026,0.4,-0.06,0.0,-0.86,-0.2,-0.66,0.34,-1.06,0.34,-1.72,-1.38,0.0,2102,1045,1057
1642402,Enrique Freeman,2026,-0.9,-0.18,0.04,-0.71,0.3,0.06,-1.08,-0.41,-1.04,-0.35,-1.38,0.01,825,416,409
1626246,Boban Marjanovic,2026,-0.36,-0.16,-0.18,-0.3,-0.22,-0.17,-0.52,-0.52,-0.7,-0.69,-1.39,0.0,299,146,153
201942,DeMar DeRozan,2026,0.36,1.42,-0.87,-1.46,-0.26,-0.58,1.78,-1.72,0.91,-2.3,-1.39,0.0,32789,16445,16344
1630215,Jared Butler,2026,-0.52,0.56,-1.33,0.22,0.53,-0.85,0.04,0.75,-1.29,-0.1,-1.39,0.0,6627,3314,3313
203083,Andre Drummond,2026,-2.6,-0.8,2.41,-0.9,0.11,0.38,-3.4,-0.79,-0.99,-0.41,-1.4,0.0,13159,6542,6617
1631123,Jamaree Bouyea,2026,-1.31,-0.35,-0.92,1.24,0.64,-0.7,-1.66,1.88,-2.58,1.18,-1.4,0.0,2974,1492,1482
1641936,Miles Norris,2026,-0.33,0.02,-0.64,0.1,-0.17,-0.39,-0.31,-0.07,-0.95,-0.46,-1.41,0.0,125,63,62
1642439,Quincy Olivari,2026,-0.26,0.0,-0.45,-0.28,-0.08,-0.34,-0.26,-0.36,-0.71,-0.7,-1.41,0.0,41,21,20
1631301,Jaylen Sims,2026,0.27,-0.32,-0.49,-0.22,0.01,-0.66,-0.05,-0.21,-0.54,-0.87,-1.41,0.0,447,223,224
1629022,Lonnie Walker IV,2026,-0.86,-0.42,0.36,0.39,-0.41,-0.48,-1.28,-0.02,-0.92,-0.5,-1.42,0.0,5998,3000,2998
1631288,Jamal Cain,2026,-0.37,-0.24,0.76,-1.42,0.4,-0.57,-0.61,-1.02,0.15,-1.59,-1.44,0.0,4943,2473,2470
1643158,Andersson Garcia,2026,-0.5,-0.37,-0.22,-0.48,0.19,-0.07,-0.87,-0.29,-1.09,-0.36,-1.45,0.0,708,353,355
1641732,Colby Jones,2026,-0.42,0.11,-0.85,-0.09,0.36,-0.57,-0.31,0.27,-1.16,-0.3,-1.46,0.0,2814,1407,1407
201976,Patrick Beverley,2026,-1.33,0.37,-0.12,0.41,0.17,-0.97,-0.96,0.58,-1.08,-0.39,-1.47,0.0,6500,3240,3260
1627741,Buddy Hield,2026,-0.53,0.07,0.33,-1.2,0.53,-0.68,-0.46,-0.67,-0.13,-1.35,-1.47,0.01,21098,10612,10486
1642843,Cooper Flagg,2026,-0.93,0.47,-0.66,-0.53,-0.43,0.58,-0.46,-0.96,-1.12,-0.38,-1.49,0.01,9933,4966,4967
1642281,Jaylon Tyson,2026,-0.01,-0.71,0.45,-0.58,0.08,-0.72,-0.72,-0.5,-0.27,-1.22,-1.49,-0.0,9024,4507,4517
1631210,Jacob Toppin,2026,-0.21,-0.25,-0.89,0.08,0.17,-0.39,-0.46,0.25,-1.35,-0.14,-1.5,-0.01,509,253,256
1630695,Micah Potter,2026,0.14,-0.03,-1.22,0.94,-0.72,-0.61,0.11,0.22,-1.11,-0.39,-1.5,0.0,7028,3517,3511
1630618,D.J. Carton,2026,-0.21,-0.19,-0.69,0.68,-0.13,-0.96,-0.4,0.55,-1.09,-0.41,-1.5,-0.0,294,148,146
1629726,Garrison Mathews,2026,0.37,-0.2,-1.55,-0.36,0.6,-0.37,0.17,0.24,-1.38,-0.13,-1.51,0.0,8329,4164,4165
1630249,Vit Krejci,2026,-0.35,-0.38,-0.08,-0.34,-0.24,-0.13,-0.73,-0.58,-0.81,-0.71,-1.51,0.01,12622,6315,6307
1630175,Cole Anthony,2026,-0.82,-0.18,-0.63,-0.32,0.45,-0.01,-1.0,0.13,-1.63,0.12,-1.51,0.0,14622,7317,7305
1630570,Trendon Watford,2026,-0.47,-0.9,-0.28,1.39,-0.61,-0.63,-1.37,0.78,-1.65,0.15,-1.51,-0.01,10470,5238,5232
1631212,Peyton Watson,2026,0.52,-0.28,-1.61,1.39,0.16,-1.69,0.24,1.55,-1.37,-0.14,-1.51,0.0,20010,9932,10078
1642259,Alexandre Sarr,2026,-1.24,0.11,-1.23,1.66,-0.12,-0.7,-1.13,1.54,-2.36,0.84,-1.52,0.0,12888,6429,6459
1629002,Chimezie Metu,2026,0.32,-0.07,-2.09,-0.54,0.64,0.22,0.25,0.1,-1.84,0.32,-1.52,-0.0,3435,1706,1729
1642362,Sandfort,2026,-0.28,-0.11,-0.42,-0.34,0.03,-0.41,-0.39,-0.31,-0.81,-0.72,-1.52,0.01,149,75,74
202330,Gordon Hayward,2026,0.7,-0.34,-0.64,-1.06,0.16,-0.34,0.36,-0.9,-0.28,-1.24,-1.52,0.0,5248,2618,2630
203458,Alex Len,2026,-0.44,-0.17,-0.62,-0.21,0.04,-0.13,-0.61,-0.17,-1.23,-0.3,-1.53,-0.0,3301,1653,1648
1627777,Georges Niang,2026,1.54,0.66,-1.31,-0.56,-0.74,-1.12,2.2,-1.3,0.89,-2.42,-1.53,0.0,14664,7357,7307
1630314,Brandon Williams,2026,0.06,0.45,-1.23,-0.73,0.27,-0.35,0.51,-0.46,-0.72,-0.81,-1.53,-0.0,8731,4384,4347
1630644,Mac McClung,2026,-0.18,0.03,-0.5,-0.75,0.08,-0.21,-0.15,-0.67,-0.65,-0.88,-1.53,-0.0,535,269,266
1642359,Pacôme Dadiet,2026,-0.33,-0.18,-0.53,0.34,-0.22,-0.6,-0.51,0.12,-1.04,-0.48,-1.53,-0.01,881,443,438
1642279,Ulrich Chomche,2026,0.02,0.01,-0.61,-0.63,-0.02,-0.31,0.03,-0.65,-0.58,-0.96,-1.54,0.0,119,59,60
1641854,Craig Porter,2026,-0.35,-0.83,0.49,-0.48,-0.33,-0.04,-1.18,-0.81,-0.69,-0.85,-1.54,0.0,9402,4690,4712
203937,Kyle Anderson,2026,-2.26,-0.15,-0.82,1.47,1.04,-0.82,-2.41,2.51,-3.23,1.69,-1.54,-0.0,15525,7750,7775
201577,Robin Lopez,2026,0.05,-0.19,-0.73,-0.07,-0.06,-0.54,-0.14,-0.13,-0.87,-0.67,-1.54,0.0,263,132,131
1631113,Kennedy Chandler,2026,0.17,0.56,-0.63,-1.31,0.11,-0.45,0.73,-1.2,0.1,-1.65,-1.55,-0.0,1577,788,789
1630621,Hunter Dickinson,2026,-0.17,-0.04,-0.6,-0.22,-0.16,-0.36,-0.21,-0.38,-0.81,-0.74,-1.55,-0.0,78,39,39
1631298,Jack White,2026,-0.47,0.1,-0.74,-0.27,0.02,-0.19,-0.37,-0.25,-1.11,-0.44,-1.55,-0.0,257,129,128
203471,Dennis Schroder,2026,0.67,0.24,-1.2,0.16,-0.15,-1.3,0.91,0.01,-0.29,-1.29,-1.57,0.01,25824,12918,12906
1630600,Isaiah Mobley,2026,-0.58,-0.08,-0.44,-0.16,-0.04,-0.27,-0.66,-0.2,-1.1,-0.47,-1.57,-0.0,350,175,175
200768,Kyle Lowry,2026,-0.98,-0.32,-1.36,0.32,0.91,-0.14,-1.3,1.23,-2.66,1.09,-1.57,0.0,10312,5159,5153
1631303,Justin Minaya,2026,-2.07,-0.06,0.17,0.68,0.24,-0.53,-2.13,0.92,-1.96,0.39,-1.57,-0.0,1882,942,940
1626204,Larry Nance Jr.,2026,-1.12,-0.72,-0.58,-0.7,0.91,0.63,-1.84,0.21,-2.42,0.84,-1.58,0.0,8871,4433,4438
1629637,Jaxson Hayes,2026,-0.04,-0.49,-1.19,0.98,-0.38,-0.49,-0.53,0.6,-1.72,0.11,-1.61,0.0,12942,6456,6486
1641793,D'Moi Hodge,2026,-0.29,-0.05,-0.43,-0.21,0.03,-0.67,-0.34,-0.18,-0.77,-0.85,-1.62,0.0,163,80,83
1641753,Chris Livingston,2026,-0.21,-0.69,-0.51,-0.15,-0.04,-0.02,-0.9,-0.19,-1.41,-0.21,-1.62,-0.0,907,451,456
1642505,Alex Ducas,2026,-1.16,0.14,-0.23,0.1,-0.16,-0.31,-1.02,-0.06,-1.25,-0.37,-1.62,-0.0,508,253,255
1641757,Jordan Miller,2026,1.5,-0.58,-0.8,-1.47,0.48,-0.76,0.92,-0.99,0.12,-1.75,-1.63,0.0,6965,3481,3484
1641725,Trey Alexander,2026,-0.32,-0.37,-0.76,0.82,-0.15,-0.85,-0.69,0.67,-1.45,-0.18,-1.63,0.0,751,381,370
1631120,JD Davison,2026,-0.96,-0.65,0.34,0.33,0.06,-0.75,-1.61,0.39,-1.27,-0.36,-1.63,-0.0,1207,602,605
1630177,Theo Maledon,2026,-0.73,0.12,0.2,-1.13,0.01,-0.13,-0.61,-1.12,-0.41,-1.25,-1.65,0.01,885,442,443
1641871,Duop Reath,2026,-0.8,-0.32,0.5,-1.15,0.27,-0.15,-1.12,-0.88,-0.62,-1.03,-1.66,-0.01,7790,3910,3880
203967,Dario Saric,2026,-0.89,-0.46,0.0,-0.28,-0.23,0.19,-1.35,-0.51,-1.35,-0.32,-1.66,0.01,5404,2699,2705
1641931,Onuralp Bitim,2026,-0.69,-0.06,-0.12,0.28,-0.19,-0.88,-0.75,0.09,-0.87,-0.79,-1.66,0.0,1069,530,539
1629875,Xavier Moon,2026,-1.08,-0.1,-0.48,0.53,0.05,-0.59,-1.18,0.58,-1.66,-0.01,-1.67,0.0,489,249,240
1642859,Jase Richardson,2026,-0.01,-0.15,-0.64,-0.43,0.14,-0.59,-0.16,-0.29,-0.8,-0.88,-1.68,-0.0,2387,1192,1195
1630197,Aleksej Pokusevski,2026,-0.6,0.02,-0.61,-0.06,0.03,-0.46,-0.58,-0.03,-1.19,-0.49,-1.69,-0.01,1587,787,800
1628962,Udoka Azubuike,2026,-0.03,0.04,-0.43,-0.42,-0.25,-0.61,0.01,-0.67,-0.42,-1.28,-1.7,-0.0,456,229,227
1642260,Nikola Topić,2026,-0.02,-0.22,-0.61,-0.55,-0.08,-0.23,-0.24,-0.63,-0.85,-0.86,-1.71,0.0,484,239,245
203925,Joe Harris,2026,-0.12,0.0,-0.42,-0.07,-0.16,-0.95,-0.12,-0.23,-0.54,-1.18,-1.72,0.0,694,342,352
1628424,Kobi Simmons,2026,-0.26,-0.06,-0.63,-0.28,0.15,-0.64,-0.32,-0.13,-0.95,-0.77,-1.72,0.0,262,132,130
1628981,Bruno Fernando,2026,-0.35,-0.82,-0.11,-0.0,0.06,-0.5,-1.17,0.06,-1.28,-0.44,-1.72,0.0,3275,1629,1646
1642869,Noah Penda,2026,-0.49,-0.57,0.15,-0.17,-0.37,-0.28,-1.06,-0.54,-0.91,-0.82,-1.73,0.0,3009,1500,1509
1629611,Terance Mann,2026,0.06,-0.04,0.35,-0.97,-0.69,-0.45,0.02,-1.66,0.37,-2.11,-1.74,0.0,19834,9904,9930
1642882,Julian Reese,2026,0.12,-0.49,-0.13,-0.86,-0.46,0.08,-0.37,-1.32,-0.5,-1.24,-1.74,-0.0,1604,800,804
1630585,Marcus Garrett,2026,-0.43,-0.21,-0.42,-0.19,-0.13,-0.36,-0.64,-0.32,-1.06,-0.68,-1.74,-0.0,306,153,153
1642366,Quinten Post,2026,-1.25,-0.16,-0.8,0.68,-0.26,0.03,-1.41,0.42,-2.21,0.45,-1.76,-0.0,8012,4016,3996
1641788,Alex Fudge,2026,-0.6,-0.13,-0.32,-0.35,0.06,-0.42,-0.73,-0.29,-1.05,-0.71,-1.76,-0.0,166,81,85
1630574,Ariel Hukporti,2026,-1.12,-0.53,-0.56,1.53,-0.8,-0.28,-1.65,0.73,-2.21,0.45,-1.76,0.0,2759,1372,1387
1631112,Kendall Brown,2026,-0.66,-0.6,-0.49,-0.03,0.29,-0.29,-1.26,0.26,-1.75,-0.03,-1.77,0.01,344,173,171
203903,Jordan Clarkson,2026,-0.25,-0.13,0.02,-0.4,-0.1,-0.92,-0.38,-0.5,-0.36,-1.42,-1.78,0.0,15606,7787,7819
1629643,Chuma Okeke,2026,-1.24,-0.08,0.21,0.46,-0.38,-0.76,-1.32,0.08,-1.11,-0.68,-1.79,0.0,2525,1258,1267
1630243,Trevelin Queen,2026,0.45,-0.72,-1.06,-0.46,0.38,-0.38,-0.27,-0.08,-1.33,-0.46,-1.79,0.0,2344,1163,1181
1630191,Isaiah Stewart,2026,-0.63,-0.41,-0.53,2.64,-1.5,-1.35,-1.04,1.14,-1.57,-0.21,-1.79,-0.01,16886,8434,8452
1641998,Trey Jemison,2026,-0.76,-1.33,0.24,0.65,-0.26,-0.35,-2.09,0.39,-1.85,0.04,-1.81,-0.0,4014,2004,2010
1631247,Luke Travers,2026,-0.67,0.09,-0.43,-0.15,-0.17,-0.48,-0.58,-0.32,-1.01,-0.8,-1.81,-0.0,789,394,395
1629669,Jaylen Nowell,2026,-1.52,0.3,-0.36,0.63,-0.12,-0.74,-1.22,0.51,-1.58,-0.23,-1.81,0.0,1506,754,752
1630696,Dru Smith,2026,-3.13,-0.55,0.75,0.12,1.78,-0.78,-3.68,1.9,-2.93,1.12,-1.82,-0.01,6485,3228,3257
1631166,Drew Timme,2026,-0.07,0.26,-0.92,0.1,-0.65,-0.55,0.19,-0.55,-0.73,-1.1,-1.83,0.0,1903,950,953
201599,DeAndre Jordan,2026,-1.41,-0.96,0.63,1.13,-1.05,-0.17,-2.37,0.08,-1.74,-0.09,-1.83,0.0,5270,2623,2647
1629012,Collin Sexton,2026,0.59,-0.37,0.16,-1.29,-0.56,-0.36,0.22,-1.85,0.38,-2.21,-1.83,0.0,22152,11079,11073
202704,Reggie Jackson,2026,-1.08,0.06,-0.21,0.42,-0.55,-0.47,-1.02,-0.13,-1.23,-0.6,-1.83,0.0,9113,4570,4543
1630214,Xavier Tillman,2026,-2.22,-0.67,-0.03,-0.37,1.42,0.03,-2.89,1.05,-2.92,1.08,-1.84,0.0,5752,2868,2884
1630538,Nah'Shon Hyland,2026,-0.71,0.09,-1.19,-0.35,0.56,-0.29,-0.62,0.21,-1.81,-0.08,-1.88,0.01,7947,3993,3954
1642013,Malik Williams,2026,-0.58,-0.34,-0.3,0.19,-0.29,-0.57,-0.92,-0.1,-1.22,-0.67,-1.89,0.0,422,212,210
1641851,Timmy Allen,2026,-0.92,0.06,-0.76,-0.3,0.02,0.0,-0.86,-0.28,-1.62,-0.28,-1.89,0.01,504,250,254
202692,Alec Burks,2026,-0.23,-0.2,-0.11,-0.62,-0.48,-0.27,-0.43,-1.1,-0.54,-1.37,-1.91,0.0,8753,4373,4380
1631342,Daeqwon Plowden,2026,-0.84,0.1,0.13,-1.55,0.17,0.06,-0.74,-1.38,-0.61,-1.32,-1.92,0.01,3642,1822,1820
1628970,Miles Bridges,2026,-0.58,0.97,-1.32,0.28,-0.62,-0.64,0.39,-0.34,-0.93,-0.98,-1.92,-0.01,28015,14003,14012
1631451,Cooke,2026,-1.35,-0.3,-0.26,-0.05,0.29,-0.25,-1.65,0.24,-1.91,-0.01,-1.92,0.0,392,192,200
1630165,Killian Hayes,2026,-0.96,0.08,-0.94,0.31,-0.05,-0.36,-0.88,0.26,-1.82,-0.1,-1.93,-0.01,6367,3182,3185
1641810,Antonio Reeves,2026,-0.05,-0.07,-0.54,-1.2,0.11,-0.19,-0.12,-1.09,-0.66,-1.28,-1.94,-0.0,2928,1472,1456
203901,Elfrid Payton,2026,-1.68,0.2,-0.6,1.2,-0.17,-0.91,-1.48,1.03,-2.08,0.12,-1.96,0.0,2074,1032,1042
1642868,Carter Bryant,2026,-0.12,-0.52,-1.18,0.64,-0.33,-0.48,-0.64,0.31,-1.82,-0.17,-1.99,-0.0,3181,1575,1606
1630322,Lindy Waters III,2026,-1.03,0.22,-0.33,-0.32,0.05,-0.58,-0.81,-0.27,-1.14,-0.85,-1.99,0.0,5400,2706,2694
203952,Andrew Wiggins,2026,-0.24,0.09,-0.54,-0.29,-0.19,-0.82,-0.15,-0.48,-0.69,-1.3,-1.99,-0.0,24411,12196,12215
1629650,Moses Brown,2026,-0.52,-0.28,-0.35,-0.35,-0.47,-0.05,-0.8,-0.82,-1.15,-0.87,-2.01,0.01,1309,654,655
1630537,Chris Duarte,2026,-0.33,-0.53,0.02,-0.76,0.2,-0.6,-0.86,-0.56,-0.84,-1.16,-2.01,-0.01,3156,1566,1590
1631098,Johnny Davis,2026,-1.77,0.44,-0.31,-0.32,0.53,-0.58,-1.33,0.21,-1.64,-0.37,-2.01,0.0,3586,1794,1792
1628380,Zach Collins,2026,-1.67,-0.48,-0.3,0.41,-0.62,0.64,-2.15,-0.21,-2.45,0.43,-2.02,-0.0,11112,5564,5548
1630286,Trevon Scott,2026,-0.69,0.4,-0.64,-0.63,-0.17,-0.3,-0.29,-0.8,-0.93,-1.1,-2.03,0.0,630,314,316
1630264,Anthony Gill,2026,0.0,-0.3,-0.48,-1.42,0.54,-0.39,-0.3,-0.88,-0.78,-1.27,-2.05,0.0,7367,3679,3688
1641794,Dillon Jones,2026,-1.4,-0.15,-0.63,0.77,0.03,-0.67,-1.55,0.8,-2.18,0.13,-2.05,0.0,2537,1273,1264
1631100,AJ Griffin,2026,-0.03,-0.04,-0.82,-1.16,0.25,-0.28,-0.07,-0.91,-0.89,-1.19,-2.08,0.0,718,356,362
1641736,Reece Beekman,2026,-1.59,0.05,-0.63,-0.75,0.76,0.07,-1.54,0.01,-2.17,0.08,-2.09,0.0,1849,921,928
1641707,Taylor Hendricks,2026,-0.69,-0.55,-0.55,-0.38,0.6,-0.52,-1.24,0.22,-1.79,-0.3,-2.09,0.0,8466,4212,4254
1630536,Sharife Cooper,2026,-0.32,0.32,-0.42,-1.11,0.14,-0.72,0.0,-0.97,-0.42,-1.69,-2.11,0.0,2803,1401,1402
1627752,Taurean Prince,2026,0.68,0.32,-1.27,-0.95,0.03,-0.94,1.0,-0.92,-0.27,-1.86,-2.13,0.0,20600,10284,10316
1627749,Dejounte Murray,2026,0.08,0.14,0.12,-2.14,0.4,-0.72,0.22,-1.74,0.34,-2.46,-2.13,-0.01,17305,8675,8630
1629656,Quentin Grimes,2026,-1.11,0.11,-0.64,0.35,-0.32,-0.53,-1.0,0.03,-1.64,-0.5,-2.14,0.0,21092,10532,10560
1630224,Jalen Green,2026,-0.26,0.56,-0.82,0.16,-0.71,-1.08,0.3,-0.55,-0.52,-1.63,-2.15,0.0,25646,12846,12800
1642422,Armel Traoré,2026,-0.67,-0.06,-0.61,-0.27,0.02,-0.57,-0.73,-0.25,-1.34,-0.82,-2.16,-0.0,266,134,132
1642933,Gilbert,2026,-0.29,-0.15,-0.57,-0.46,-0.06,-0.64,-0.44,-0.52,-1.01,-1.16,-2.17,0.0,191,97,94
1631104,Blake Wesley,2026,0.42,-0.35,-1.71,0.09,0.3,-0.95,0.07,0.39,-1.64,-0.56,-2.19,0.01,7900,3941,3959
1642874,Danny Wolf,2026,-1.42,-0.86,-0.44,0.28,0.01,0.2,-2.28,0.29,-2.72,0.49,-2.22,0.01,4652,2337,2315
201568,Danilo Gallinari,2026,1.06,-0.04,-1.67,-0.46,-0.49,-0.63,1.02,-0.95,-0.65,-1.58,-2.23,0.0,2666,1335,1331
1630311,Pat Spencer,2026,-0.09,-0.49,-0.17,-1.15,0.86,-1.19,-0.58,-0.29,-0.75,-1.48,-2.23,0.0,6305,3148,3157
1631108,Max Christie,2026,-0.5,0.04,-1.2,0.63,-0.42,-0.8,-0.46,0.21,-1.66,-0.59,-2.24,0.01,21807,10871,10936
1628385,Harry Giles III,2026,-0.57,-0.18,0.07,-0.8,-0.16,-0.61,-0.75,-0.96,-0.68,-1.57,-2.25,0.0,409,206,203
1642873,Amari Williams,2026,-1.08,-0.7,-0.3,0.29,-0.24,-0.22,-1.78,0.05,-2.08,-0.17,-2.25,0.0,544,272,272
1642849,Nolan Traore,2026,0.28,0.12,-0.45,-1.84,-0.12,-0.24,0.4,-1.96,-0.05,-2.2,-2.26,-0.01,4929,2456,2473
1641787,Tosan Evbuomwan,2026,-1.88,-0.22,0.26,0.15,0.03,-0.59,-2.1,0.18,-1.84,-0.41,-2.26,-0.01,4083,2030,2053
1631367,Jacob Gilyard,2026,-0.82,0.44,-0.46,-0.9,0.28,-0.82,-0.38,-0.62,-0.84,-1.44,-2.27,0.01,2750,1381,1369
1630531,Jaden Springer,2026,-0.51,-0.66,-0.41,-1.28,0.71,-0.13,-1.17,-0.57,-1.58,-0.7,-2.28,0.0,3586,1783,1803
1629139,Yuta Watanabe,2026,-0.3,-0.03,-0.54,-0.28,-0.1,-1.04,-0.33,-0.38,-0.87,-1.42,-2.28,0.01,1846,924,922
202066,Garrett Temple,2026,-1.02,-0.79,-0.44,-0.34,1.02,-0.72,-1.81,0.68,-2.25,-0.04,-2.29,0.0,2397,1198,1199
1628966,Keita Bates-Diop,2026,-0.24,-0.1,-1.07,-0.56,-0.34,0.03,-0.34,-0.9,-1.41,-0.87,-2.29,-0.01,2600,1300,1300
1641713,GG Jackson,2026,0.28,-0.22,-0.47,-0.26,-0.04,-1.59,0.06,-0.3,-0.41,-1.89,-2.3,0.0,11695,5865,5830
1628997,Caleb Martin,2026,-1.44,0.02,-1.16,-0.27,0.54,0.0,-1.42,0.27,-2.58,0.27,-2.31,0.0,15743,7847,7896
1631351,Lucas Williamson,2026,-0.4,0.26,-0.51,-1.27,0.05,-0.45,-0.14,-1.22,-0.65,-1.67,-2.32,0.0,834,415,419
1631093,Jaden Ivey,2026,-0.52,-0.44,-0.31,0.02,-0.75,-0.34,-0.96,-0.73,-1.27,-1.07,-2.34,0.0,15449,7721,7728
1641715,Cam Whitmore,2026,-0.74,-0.5,1.05,-1.71,0.22,-0.66,-1.24,-1.49,-0.19,-2.15,-2.34,0.0,8515,4254,4261
1630542,Marcus Bagley,2026,-1.09,-0.12,-0.17,-0.43,0.27,-0.8,-1.21,-0.16,-1.38,-0.96,-2.34,0.0,1046,521,525
1630625,Dalano Banton,2026,-0.61,-0.26,-0.42,0.18,-0.53,-0.71,-0.87,-0.35,-1.29,-1.06,-2.35,0.0,8768,4390,4378
1642954,Will Richard,2026,-0.36,-0.78,-0.21,-1.33,0.63,-0.31,-1.14,-0.7,-1.35,-1.01,-2.36,0.0,5568,2774,2794
1626162,Kelly Oubre Jr.,2026,-0.27,0.67,-1.06,-1.67,0.96,-1.0,0.4,-0.71,-0.66,-1.71,-2.37,0.0,23581,11773,11808
1642847,Jeremiah Fears,2026,-0.58,-0.15,0.04,-1.21,0.09,-0.56,-0.73,-1.12,-0.69,-1.68,-2.37,0.0,8457,4240,4217
1641816,Hunter Tyson,2026,-1.53,-0.44,-1.11,-0.02,-0.09,0.8,-1.97,-0.11,-3.08,0.69,-2.39,-0.0,2638,1315,1323
1630579,Jericho Sims,2026,0.71,-1.72,-0.32,-0.03,-0.79,-0.24,-1.01,-0.82,-1.33,-1.06,-2.39,0.0,10037,5002,5035
1641755,Kevin McCullar Jr.,2026,-0.86,-0.19,-0.73,-0.15,-0.25,-0.21,-1.05,-0.4,-1.78,-0.61,-2.39,-0.0,649,317,332
1642905,Yang Hansen,2026,-0.56,-0.97,-0.77,0.39,-0.19,-0.31,-1.53,0.2,-2.3,-0.11,-2.41,-0.0,1250,623,627
1642419,Jamison Battle,2026,0.09,-0.76,-0.92,0.0,-0.37,-0.45,-0.67,-0.37,-1.59,-0.82,-2.42,-0.01,6347,3176,3171
1642880,Kam Jones,2026,0.8,-0.59,-1.35,-0.52,-0.19,-0.58,0.21,-0.71,-1.14,-1.29,-2.43,0.0,2382,1187,1195
1630658,Colin Castleton,2026,-1.83,-0.47,0.09,0.46,-0.15,-0.55,-2.3,0.31,-2.21,-0.24,-2.45,0.0,2085,1041,1044
1631121,Bryce McGowens,2026,-0.63,0.55,-0.82,-0.59,0.28,-1.24,-0.08,-0.31,-0.9,-1.55,-2.45,-0.0,7319,3671,3648
1630184,Kira Lewis Jr.,2026,-1.68,0.13,-0.46,0.02,-0.05,-0.41,-1.55,-0.03,-2.01,-0.44,-2.46,-0.01,1082,543,539
1631102,TyTy Washington Jr.,2026,-1.12,-0.01,-0.78,-0.26,0.36,-0.64,-1.13,0.1,-1.91,-0.54,-2.46,-0.01,1031,518,513
1630610,DeJon Jarreau,2026,-0.91,-0.32,-0.66,-0.22,0.11,-0.46,-1.23,-0.11,-1.89,-0.57,-2.46,0.0,1562,777,785
1630527,Brandon Boston Jr.,2026,-0.83,0.18,-1.19,-0.26,0.47,-0.84,-0.65,0.21,-1.84,-0.63,-2.47,-0.0,5414,2721,2693
1628964,Mo Bamba,2026,-2.82,-0.6,0.56,-0.24,-0.12,0.75,-3.42,-0.36,-2.86,0.39,-2.47,-0.0,4699,2346,2353
1630703,Scoot Henderson,2026,-0.64,-0.6,0.57,-0.72,-0.01,-1.06,-1.24,-0.73,-0.67,-1.79,-2.47,-0.01,17238,8632,8606
1642383,Walter Clayton Jr.,2026,0.62,-0.12,0.26,-1.57,0.07,-1.76,0.5,-1.5,0.76,-3.26,-2.49,0.01,5894,2942,2952
1631111,Wendell Moore Jr.,2026,-1.76,-0.05,-0.49,-0.6,0.24,0.17,-1.81,-0.36,-2.3,-0.19,-2.49,0.0,2637,1319,1318
202684,Tristan Thompson,2026,-1.36,-0.9,0.62,0.9,-1.15,-0.61,-2.26,-0.25,-1.64,-0.86,-2.5,0.0,3874,1920,1954
1631207,Dalen Terry,2026,-2.03,-0.11,-0.48,-0.55,0.66,0.01,-2.14,0.11,-2.62,0.12,-2.5,0.0,9165,4573,4592
1629610,DaQuan Jeffries,2026,-0.48,0.2,-0.55,-0.25,-0.62,-0.81,-0.28,-0.87,-0.83,-1.68,-2.51,0.0,4696,2343,2353
1628502,Nigel Hayes,2026,-1.12,-0.78,-0.06,-0.17,0.01,-0.43,-1.9,-0.16,-1.96,-0.59,-2.56,-0.01,776,382,394
203501,Tim Hardaway Jr.,2026,-0.18,0.85,-0.83,-0.65,-0.46,-1.31,0.67,-1.11,-0.16,-2.42,-2.58,0.0,27556,13804,13752
1642382,Branden Carlson,2026,-0.63,0.34,-0.62,-0.94,-0.86,0.11,-0.29,-1.8,-0.91,-1.69,-2.6,0.0,2843,1420,1423
1630245,Ayo Dosunmu,2026,-0.25,0.04,-0.96,0.4,-0.57,-1.28,-0.21,-0.17,-1.17,-1.45,-2.61,0.01,22271,11140,11131
1630560,Cam Thomas,2026,-0.02,0.94,0.44,-1.95,-0.78,-1.24,0.92,-2.73,1.36,-3.97,-2.62,-0.01,14795,7429,7366
1643007,Taelon Peter,2026,-0.18,-0.54,-1.01,-0.69,0.06,-0.27,-0.72,-0.63,-1.73,-0.9,-2.63,0.0,1933,971,962
202691,Klay Thompson,2026,-0.17,0.04,-0.94,0.62,-1.07,-1.11,-0.13,-0.45,-1.07,-1.56,-2.63,0.0,23684,11873,11811
1631338,Mouhamadou Gueye,2026,-1.42,-0.29,-0.45,0.48,0.07,-1.03,-1.71,0.55,-2.16,-0.48,-2.64,0.0,546,272,274
1630173,Precious Achiuwa,2026,-2.02,-0.37,0.65,-0.4,-0.08,-0.44,-2.39,-0.48,-1.74,-0.92,-2.66,0.0,18537,9236,9301
1629014,Anfernee Simons,2026,-0.79,0.91,-0.65,-0.78,-0.23,-1.12,0.12,-1.01,-0.53,-2.13,-2.66,0.0,20866,10444,10422
1630643,Jay Huff,2026,-0.82,-0.48,-1.88,1.97,-1.0,-0.46,-1.3,0.97,-3.18,0.51,-2.67,0.0,10455,5231,5224
1629642,Nassir Little,2026,-1.32,-0.36,-0.42,0.17,-0.32,-0.42,-1.68,-0.15,-2.1,-0.57,-2.67,0.0,1893,940,953
1630283,Kylor Kelley,2026,-0.76,0.1,-0.39,-0.49,-0.68,-0.46,-0.66,-1.17,-1.05,-1.63,-2.68,0.0,529,266,263
1630209,Omer Yurtseven,2026,-1.56,-0.72,0.41,-0.54,-0.35,0.07,-2.28,-0.89,-1.87,-0.82,-2.69,0.0,2631,1326,1305
203493,Reggie Bullock,2026,-0.77,-0.13,-0.67,-0.29,-0.65,-0.18,-0.9,-0.94,-1.57,-1.12,-2.69,0.0,1701,846,855
1631241,Javon Freeman-Liberty,2026,-1.61,-0.41,0.59,-0.88,0.56,-0.95,-2.02,-0.32,-1.43,-1.27,-2.7,0.0,1651,825,826
203482,Kelly Olynyk,2026,0.54,-0.98,-0.84,-0.01,0.02,-1.43,-0.44,0.01,-1.28,-1.42,-2.7,-0.0,12294,6169,6125
1631109,Mark Williams,2026,-1.67,-0.67,0.02,1.15,-0.09,-1.44,-2.34,1.06,-2.32,-0.38,-2.7,0.0,13087,6537,6550
1642502,Malevy Leons,2026,-0.46,-0.61,0.0,-0.89,0.18,-0.93,-1.07,-0.71,-1.07,-1.64,-2.71,0.0,1103,547,556
1631126,Caleb Love,2026,-0.38,0.16,-0.87,-0.89,-0.19,-0.56,-0.22,-1.08,-1.09,-1.64,-2.72,0.01,4187,2099,2088
1641824,Matas Buzelis,2026,-0.15,-0.71,-1.27,1.12,-1.1,-0.62,-0.86,0.02,-2.13,-0.6,-2.73,0.0,15774,7883,7891
1631097,Bennedict Mathurin,2026,-0.92,-0.68,-0.3,0.35,0.15,-1.35,-1.6,0.5,-1.9,-0.85,-2.75,0.0,23062,11520,11542
1642261,Dalton Knecht,2026,-0.63,-0.03,-0.31,0.11,-0.23,-1.67,-0.66,-0.12,-0.97,-1.79,-2.75,0.01,7962,3959,4003
1629640,Keldon Johnson,2026,-1.39,0.67,-0.2,-0.26,-0.12,-1.45,-0.72,-0.38,-0.92,-1.83,-2.75,0.0,23776,11897,11879
1630587,Isaiah Livers,2026,-0.08,-0.39,-0.63,-0.69,-0.07,-0.89,-0.47,-0.76,-1.1,-1.65,-2.75,0.0,3362,1665,1697
1643253,Toby Okani,2026,-1.16,0.16,-0.34,-0.79,-0.05,-0.58,-1.0,-0.84,-1.34,-1.42,-2.76,0.0,774,383,391
1630649,Stanley Umude,2026,-0.45,-1.21,-0.62,-0.73,-0.4,0.63,-1.66,-1.13,-2.28,-0.5,-2.78,0.0,1653,826,827
1642403,Isaac Jones,2026,-0.25,-0.68,-0.74,-1.2,-0.04,0.11,-0.93,-1.24,-1.67,-1.13,-2.79,0.01,1332,665,667
203095,Evan Fournier,2026,-2.6,0.04,-0.86,0.45,0.59,-0.44,-2.56,1.04,-3.42,0.6,-2.82,0.0,2328,1162,1166
1631216,Caleb Houstan,2026,-0.81,-0.17,-1.08,0.43,-0.32,-0.87,-0.98,0.11,-2.06,-0.76,-2.82,0.0,6737,3372,3365
1630545,Terrence Shannon Jr.,2026,0.02,0.07,-0.62,-2.52,0.19,0.03,0.09,-2.33,-0.53,-2.3,-2.83,0.0,3682,1841,1841
1630219,Skylar Mays,2026,-2.18,0.32,0.51,-1.16,-0.09,-0.24,-1.86,-1.25,-1.35,-1.49,-2.84,0.0,1716,868,848
1642265,Rob Dillingham,2026,-1.32,-0.33,-0.72,1.29,0.13,-1.91,-1.65,1.42,-2.37,-0.49,-2.86,0.0,6114,3064,3050
1642852,Derik Queen,2026,1.66,-0.39,-1.28,-1.7,-0.26,-0.89,1.27,-1.96,-0.01,-2.85,-2.87,-0.01,8135,4063,4072
1631174,Tyler Burton,2026,-0.83,-0.05,-0.98,-0.26,0.15,-0.9,-0.88,-0.11,-1.86,-1.01,-2.87,0.0,1282,641,641
1630641,Ibou Badji,2026,-1.31,-0.34,-0.34,-0.17,-0.14,-0.56,-1.65,-0.31,-1.99,-0.87,-2.87,-0.01,911,459,452
1641774,Tristan Vukcevic,2026,-0.41,-0.31,-1.6,1.22,-0.37,-1.43,-0.72,0.85,-2.32,-0.58,-2.9,0.0,5526,2765,2761
203924,Jerami Grant,2026,0.03,-0.13,-0.8,-0.72,-0.25,-1.05,-0.1,-0.97,-0.9,-2.02,-2.92,0.0,20633,10314,10319
1629673,Jordan Poole,2026,-1.37,0.44,-1.39,0.44,0.05,-1.09,-0.93,0.49,-2.32,-0.6,-2.92,0.0,22014,11030,10984
1628470,Torrey Craig,2026,-2.55,0.62,0.71,-2.43,0.24,0.48,-1.93,-2.19,-1.22,-1.71,-2.93,0.0,5418,2681,2737
201566,Russell Westbrook,2026,-0.02,-0.6,-0.11,-0.95,-0.01,-1.24,-0.62,-0.96,-0.73,-2.2,-2.93,-0.0,24196,12069,12127
201959,Taj Gibson,2026,-3.27,0.01,-0.45,1.03,-0.64,0.36,-3.26,0.39,-3.71,0.75,-2.96,0.0,2757,1384,1373
1629629,Cam Reddish,2026,-0.31,-0.37,-1.27,-1.48,0.8,-0.33,-0.68,-0.68,-1.95,-1.01,-2.96,0.0,6457,3216,3241
200782,P.J. Tucker,2026,-0.37,-0.3,-0.42,-0.98,-0.32,-0.58,-0.67,-1.3,-1.09,-1.88,-2.96,0.01,2253,1114,1139
1641877,Nathan Mensah,2026,-1.33,-0.39,-0.66,-0.07,0.41,-0.94,-1.72,0.34,-2.38,-0.6,-2.98,0.0,1215,612,603
202693,Markieff Morris,2026,-0.73,-0.12,-1.09,0.41,-0.66,-0.8,-0.85,-0.25,-1.94,-1.05,-2.99,0.0,1619,810,809
1629667,Jalen McDaniels,2026,-1.51,-0.45,-0.2,0.24,-0.21,-0.87,-1.96,0.03,-2.16,-0.84,-3.0,0.0,2201,1101,1100
1630548,Johnny Juzang,2026,-0.71,-0.49,-0.27,-0.23,-0.86,-0.45,-1.2,-1.09,-1.47,-1.54,-3.02,-0.01,6947,3479,3468
1630553,Keon Johnson,2026,-0.76,-0.29,-1.02,-0.84,0.22,-0.34,-1.05,-0.62,-2.07,-0.96,-3.03,0.0,7884,3935,3949
202694,Marcus Morris Sr.,2026,-1.85,0.42,0.0,-0.74,-0.39,-0.51,-1.43,-1.13,-1.43,-1.64,-3.06,0.01,3710,1854,1856
1630647,Eugene Omoruyi,2026,-1.3,-0.37,-0.21,-2.18,1.05,-0.07,-1.67,-1.13,-1.88,-1.2,-3.08,0.0,1678,835,843
1643016,Bez Mbeng,2026,-0.26,-0.11,-1.22,-1.14,0.16,-0.52,-0.37,-0.98,-1.59,-1.5,-3.09,-0.0,1942,967,975
1628972,Troy Brown Jr.,2026,-0.31,-0.27,-0.91,-0.47,-0.88,-0.26,-0.58,-1.35,-1.49,-1.61,-3.1,0.0,3343,1664,1679
1641748,Andre Jackson Jr.,2026,-0.54,-1.08,-0.31,-1.84,0.84,-0.17,-1.62,-1.0,-1.93,-1.17,-3.1,0.0,8065,4027,4038
1631115,Orlando Robinson,2026,-2.64,-0.64,0.76,0.28,-0.25,-0.61,-3.28,0.03,-2.52,-0.58,-3.1,0.0,4442,2217,2225
1626145,Tyus Jones,2026,-0.37,1.16,-2.05,-0.68,-0.28,-0.9,0.79,-0.96,-1.26,-1.86,-3.12,-0.0,20845,10460,10385
1629003,Shake Milton,2026,-0.99,-0.12,-1.15,0.13,-0.03,-0.97,-1.11,0.1,-2.26,-0.87,-3.13,0.0,5775,2885,2890
1630702,Jaden Hardy,2026,-0.32,-0.82,-0.67,-0.89,-0.25,-0.19,-1.14,-1.14,-1.81,-1.33,-3.14,0.0,11965,5989,5976
1642942,Jahmai Mashack,2026,-0.74,-0.31,-0.45,-1.22,0.43,-0.85,-1.05,-0.79,-1.5,-1.64,-3.14,-0.0,2667,1329,1338
1631223,David Roddy,2026,-1.28,-0.31,-0.87,-0.55,0.17,-0.31,-1.59,-0.38,-2.46,-0.69,-3.15,0.0,6668,3332,3336
1641731,Bilal Coulibaly,2026,-0.65,-0.59,-0.75,-0.59,0.75,-1.36,-1.24,0.16,-1.99,-1.2,-3.2,-0.01,21265,10632,10633
1630557,Corey Kispert,2026,0.21,-0.3,-0.84,-0.44,-1.17,-0.67,-0.09,-1.61,-0.93,-2.28,-3.21,0.0,19448,9757,9691
1631213,Tyrese Martin,2026,-1.45,-0.16,-0.5,-1.69,0.68,-0.11,-1.61,-1.01,-2.11,-1.12,-3.22,0.01,8196,4092,4104
1641730,Noah Clowney,2026,-0.13,-0.56,-1.51,0.97,-0.29,-1.72,-0.69,0.68,-2.2,-1.04,-3.24,0.0,12693,6349,6344
1629028,Deandre Ayton,2026,-1.9,-0.87,-0.49,-0.22,-0.23,0.47,-2.77,-0.45,-3.26,0.02,-3.24,0.0,20009,9999,10010
1631232,Keion Brooks Jr.,2026,-1.21,0.01,-0.43,-0.57,-0.37,-0.7,-1.2,-0.94,-1.63,-1.64,-3.27,-0.0,1360,679,681
1642355,Bronny James,2026,-0.09,-0.36,-1.31,-0.24,0.09,-1.38,-0.45,-0.15,-1.76,-1.53,-3.29,0.0,2124,1060,1064
203078,Bradley Beal,2026,0.38,-0.31,-1.57,-1.71,0.16,-0.26,0.07,-1.55,-1.5,-1.81,-3.31,-0.0,15042,7516,7526
1641721,Maxwell Lewis,2026,-1.2,-0.59,-1.1,-0.25,0.35,-0.52,-1.79,0.1,-2.89,-0.42,-3.31,0.0,1711,851,860
1642358,AJ Johnson,2026,-1.99,0.01,-0.73,0.56,-0.21,-1.01,-1.98,0.35,-2.71,-0.66,-3.36,0.01,4212,2114,2098
1641734,Emoni Bates,2026,-1.02,-0.31,-0.89,-0.6,-0.21,-0.35,-1.33,-0.81,-2.22,-1.16,-3.38,0.0,828,412,416
1642263,Reed Sheppard,2026,0.5,-0.58,-1.14,-0.51,-0.38,-1.28,-0.08,-0.89,-1.22,-2.17,-3.39,-0.0,11201,5648,5553
1641727,Dariq Whitehead,2026,-1.47,-0.11,-0.39,-1.13,0.24,-0.55,-1.58,-0.89,-1.97,-1.44,-3.41,0.0,1746,868,878
1630172,Patrick Williams,2026,-2.34,-0.62,-0.42,-0.16,0.38,-0.27,-2.96,0.22,-3.38,-0.05,-3.43,0.0,17689,8819,8870
1626192,Pat Connaughton,2026,-0.52,-0.17,-1.08,-1.37,0.05,-0.37,-0.69,-1.32,-1.77,-1.69,-3.46,0.0,10835,5433,5402
1630623,Tyson Etienne,2026,-0.47,0.04,-1.1,-1.36,0.28,-0.86,-0.43,-1.08,-1.53,-1.94,-3.47,0.0,2039,1017,1022
1642258,Zaccharie Risacher,2026,-1.31,-0.77,-0.14,-1.7,0.11,0.19,-2.08,-1.59,-2.22,-1.4,-3.61,0.01,14125,7053,7072
1630235,Trent Forrest,2026,-1.29,-0.08,-0.53,-1.32,0.26,-0.66,-1.37,-1.06,-1.9,-1.72,-3.62,0.0,1601,800,801
1641711,Gradey Dick,2026,-0.62,-0.62,-0.88,-0.42,0.62,-1.71,-1.24,0.2,-2.12,-1.51,-3.63,0.0,16103,8065,8038
1627745,Damian Jones,2026,-0.89,-0.95,-0.94,-0.64,0.08,-0.31,-1.84,-0.56,-2.78,-0.87,-3.65,0.0,1060,529,531
1641724,Jett Howard,2026,-0.57,-0.01,-0.6,-2.0,-0.2,-0.27,-0.58,-2.2,-1.18,-2.47,-3.65,0.0,5898,2948,2950
1631110,Jeremy Sochan,2026,-1.1,-1.4,-0.19,-0.9,0.31,-0.38,-2.5,-0.59,-2.69,-0.97,-3.66,-0.0,16552,8271,8281
1629670,Jordan Nwora,2026,-1.08,-0.35,-0.95,-0.73,0.05,-0.61,-1.43,-0.68,-2.38,-1.29,-3.67,0.0,2960,1484,1476
1629599,Amir Coffey,2026,-0.93,-1.01,0.0,-0.66,-0.44,-0.65,-1.94,-1.1,-1.94,-1.75,-3.69,0.0,15033,7525,7508
1628971,Bruce Brown,2026,-0.55,-0.26,-0.3,-1.74,-0.61,-0.25,-0.81,-2.35,-1.11,-2.6,-3.7,0.01,19368,9674,9694
1642846,Ace Bailey,2026,-1.41,0.54,-0.65,-1.2,0.04,-1.03,-0.87,-1.16,-1.52,-2.19,-3.71,0.0,8307,4158,4149
1629651,Nicolas Claxton,2026,-1.73,-0.55,-1.39,0.23,-0.33,0.06,-2.28,-0.1,-3.67,-0.04,-3.72,-0.01,23439,11700,11739
203926,Doug McDermott,2026,-0.52,0.07,-0.16,-1.21,-0.87,-1.03,-0.45,-2.08,-0.61,-3.11,-3.72,-0.0,7053,3540,3513
1642860,Will Riley,2026,0.05,-0.21,-0.56,-2.01,-0.33,-0.66,-0.16,-2.34,-0.72,-3.0,-3.72,-0.0,6556,3279,3277
1629646,Charles Bassey,2026,-2.95,-0.58,0.93,-0.92,-0.28,0.07,-3.53,-1.2,-2.6,-1.13,-3.73,0.0,2972,1485,1487
1641723,Kobe Bufkin,2026,-2.29,-0.22,-0.75,-0.04,-0.23,-0.21,-2.51,-0.27,-3.26,-0.48,-3.74,0.0,1795,897,898
1629234,Drew Eubanks,2026,-1.46,-0.78,-1.23,0.52,0.08,-0.9,-2.24,0.6,-3.47,-0.3,-3.77,0.0,10080,5050,5030
1630533,Ziaire Williams,2026,-1.77,-0.74,-0.91,-1.34,1.51,-0.52,-2.51,0.17,-3.42,-0.35,-3.77,0.0,15423,7686,7737
203109,Jae Crowder,2026,-1.49,0.32,-0.9,-2.18,0.19,0.28,-1.17,-1.99,-2.07,-1.71,-3.78,-0.0,5293,2646,2647
1642964,Brooks Barnhizer,2026,-1.75,-0.15,-0.69,-0.56,0.06,-0.68,-1.9,-0.5,-2.59,-1.18,-3.78,-0.01,1307,649,658
1641729,Brice Sensabaugh,2026,1.18,-0.23,-1.42,-2.03,-0.21,-1.1,0.95,-2.24,-0.47,-3.34,-3.81,0.0,15608,7808,7800
1641720,Jalen Hood-Schifino,2026,-1.17,-0.17,-0.34,-0.56,-0.45,-1.12,-1.34,-1.01,-1.68,-2.13,-3.81,0.0,1710,860,850
1626179,Terry Rozier,2026,-2.07,0.93,-1.14,-1.23,-0.29,-0.09,-1.14,-1.52,-2.28,-1.61,-3.9,-0.01,14749,7364,7385
1642879,Ben Saraf,2026,-1.17,-1.08,-0.28,-1.57,0.46,-0.33,-2.25,-1.11,-2.53,-1.44,-3.96,0.01,3589,1797,1792
1630201,Malachi Flynn,2026,-1.47,-0.15,-0.53,-0.72,0.15,-1.25,-1.62,-0.57,-2.15,-1.82,-3.97,0.0,3639,1822,1817
1641878,Damion Baugh,2026,-1.02,-0.52,-0.39,-1.11,-0.12,-0.81,-1.54,-1.23,-1.93,-2.04,-3.98,-0.01,1467,734,733
1641798,Jaylen Martin,2026,-1.71,-0.07,-0.42,-1.06,-0.05,-0.72,-1.78,-1.11,-2.2,-1.83,-4.03,0.0,959,475,484
1642380,Adama Bal,2026,-0.7,-0.28,-0.95,-1.29,-0.0,-0.81,-0.98,-1.29,-1.93,-2.1,-4.03,-0.0,1038,517,521
1630556,Kessler Edwards,2026,-1.32,-0.14,-0.47,-1.5,0.41,-1.04,-1.46,-1.09,-1.93,-2.13,-4.06,0.0,3572,1771,1801
1630192,Zeke Nnaji,2026,-2.09,-0.68,-0.38,1.26,-0.19,-1.98,-2.77,1.07,-3.15,-0.91,-4.06,0.0,7260,3605,3655
1629018,Gary Trent Jr.,2026,0.65,0.5,-1.37,-1.96,-0.15,-1.76,1.15,-2.11,-0.22,-3.87,-4.09,0.0,21908,10946,10962
1630526,Jeremiah Robinson-Earl,2026,-1.46,-0.88,0.99,-1.6,-0.87,-0.34,-2.34,-2.47,-1.35,-2.81,-4.16,0.0,7919,3952,3967
1642275,Tidjane Salaün,2026,-2.38,-1.22,-0.15,-0.27,-0.13,-0.02,-3.6,-0.4,-3.75,-0.42,-4.17,-0.0,7136,3564,3572
202397,Ish Smith,2026,-1.47,0.19,-1.31,-2.17,0.39,0.19,-1.28,-1.78,-2.59,-1.59,-4.18,0.0,2983,1486,1497
1630544,Tre Mann,2026,-0.65,-0.53,-1.24,-1.26,0.13,-0.64,-1.18,-1.13,-2.42,-1.77,-4.19,-0.0,7708,3855,3853
1642875,Maxime Raynaud,2026,-0.62,0.41,-1.64,-1.2,-1.28,0.14,-0.21,-2.48,-1.85,-2.34,-4.19,0.0,7883,3940,3943
1626196,Josh Richardson,2026,-0.69,-0.44,-1.37,-1.14,0.2,-0.78,-1.13,-0.94,-2.5,-1.72,-4.22,0.0,4967,2473,2494
202687,Bismack Biyombo,2026,-0.4,-1.09,-0.77,-0.72,-0.96,-0.28,-1.49,-1.68,-2.26,-1.96,-4.22,0.0,5880,2939,2941
1642354,KJ Simpson,2026,-1.73,-0.92,-0.11,-0.83,-0.03,-0.71,-2.65,-0.86,-2.76,-1.57,-4.32,0.01,4390,2188,2202
1626224,Cedi Osman,2026,-0.56,0.33,-0.84,-2.24,-0.18,-0.83,-0.23,-2.42,-1.07,-3.25,-4.32,0.0,5280,2632,2648
1642348,Justin Edwards,2026,1.0,0.08,-1.33,-3.43,0.35,-1.0,1.08,-3.08,-0.25,-4.08,-4.33,0.0,8583,4280,4303
202711,Bojan Bogdanovic,2026,-0.27,-0.06,-0.96,-1.28,-1.2,-0.61,-0.33,-2.48,-1.29,-3.09,-4.38,0.0,6110,3054,3056
1631103,Malaki Branham,2026,-0.81,-0.79,-1.19,-0.95,-0.3,-0.39,-1.6,-1.25,-2.79,-1.64,-4.44,-0.01,9513,4748,4765
1628398,Kyle Kuzma,2026,-0.62,0.25,-2.05,-1.25,-0.34,-0.46,-0.37,-1.59,-2.42,-2.05,-4.47,0.0,25342,12665,12677
1631124,Julian Strawther,2026,-1.19,-0.55,-0.98,-1.52,-0.14,-0.1,-1.74,-1.66,-2.72,-1.76,-4.48,-0.0,11708,5859,5849
1642274,Yves Missi,2026,-2.79,-0.58,1.16,-1.94,-0.46,0.08,-3.37,-2.4,-2.21,-2.32,-4.53,0.0,13274,6685,6589
201145,Jeff Green,2026,-1.62,0.03,-0.08,-1.18,-0.89,-0.8,-1.59,-2.07,-1.67,-2.87,-4.54,0.0,7470,3728,3742
1642367,Jonathan Mogbo,2026,-2.1,-1.1,-0.89,-0.06,0.68,-1.13,-3.2,0.62,-4.09,-0.51,-4.61,-0.01,6251,3130,3121
1641765,Olivier-Maxence Prosper,2026,-1.24,-0.41,-1.24,-1.25,0.76,-1.23,-1.65,-0.49,-2.89,-1.72,-4.61,-0.0,7947,3959,3988
1642262,Cody Williams,2026,-0.52,-0.33,-2.17,-1.0,-0.24,-0.69,-0.85,-1.24,-3.02,-1.93,-4.95,-0.0,11082,5528,5554
1642268,Isaiah Collier,2026,0.11,-0.14,-1.67,-2.19,-0.18,-0.89,-0.03,-2.37,-1.7,-3.26,-4.96,-0.0,13748,6871,6877
1630208,Nick Richards,2026,-0.28,-1.78,-0.14,-0.98,-1.22,-0.68,-2.06,-2.2,-2.2,-2.88,-5.08,0.0,14891,7426,7465
1641718,Keyonte George,2026,0.07,-0.58,-0.29,-1.87,-1.1,-1.31,-0.51,-2.97,-0.8,-4.28,-5.08,0.0,24290,12124,12166
1641738,Kobe Brown,2026,-0.49,-1.15,0.0,-1.93,-0.45,-1.06,-1.64,-2.38,-1.64,-3.44,-5.09,-0.01,6448,3222,3226
1630164,James Wiseman,2026,-1.32,-0.11,-1.09,-0.71,-0.73,-1.15,-1.43,-1.44,-2.52,-2.59,-5.11,0.0,4705,2352,2353
1642962,Drake Powell,2026,-0.62,-0.68,-2.73,0.26,-0.2,-1.15,-1.3,0.06,-4.03,-1.09,-5.12,0.0,5132,2560,2572
1641722,Jordan Hawkins,2026,-2.07,0.3,-0.53,-0.28,-0.53,-2.22,-1.77,-0.81,-2.3,-3.03,-5.33,0.0,12732,6396,6336
1631172,Ousmane Dieng,2026,-2.09,-0.59,-0.99,-1.75,-0.6,0.68,-2.68,-2.35,-3.67,-1.67,-5.35,-0.01,7544,3769,3775
1641716,Jarace Walker,2026,-0.99,-0.82,-1.54,-2.29,-0.17,0.22,-1.81,-2.46,-3.35,-2.24,-5.6,-0.01,14907,7450,7457
1641733,Nick Smith Jr.,2026,-2.77,-0.26,-1.42,-1.26,0.01,-0.22,-3.03,-1.25,-4.45,-1.47,-5.92,0.0,9779,4902,4877
1641712,Rayan Rupert,2026,-3.11,-0.89,-0.19,-1.69,0.77,-1.05,-4.0,-0.92,-4.19,-1.97,-6.16,0.0,8705,4360,4345
1642267,Carlton Carrington,2026,-1.46,-0.47,-1.55,-1.51,-0.8,-0.62,-1.93,-2.31,-3.48,-2.93,-6.41,0.0,19340,9656,9684
