player_id,player_name,Latest_Year,oRIM_FREQ,oRIM_FG_PCT,oTHREE_FREQ,oTHREE_FG_PCT,oMIDRANGE_FREQ,oMIDRANGE_FG_PCT,oASSIST_POINTS,oALT_TS,oALT_EFG,oALT_FT,oALT_TOV,oALT_TOV_bp,oALT_TOV_sc,oSC,dRIM_FREQ,dRIM_FG_PCT,dTHREE_FREQ,dTHREE_FG_PCT,dMIDRANGE_FREQ,dMIDRANGE_FG_PCT,dASSIST_POINTS,dALT_TS,dALT_EFG,dALT_FT,dALT_TOV,dALT_TOV_bp,dALT_TOV_sc,dSC,oFC,dFC,off,def,net_rapm,RESID,possessions,off_poss,def_poss
764,David Robinson,1999,0.89,0.47,-0.7,0.19,-0.19,-0.42,0.97,0.92,0.44,0.48,0.21,-0.19,0.4,0.93,0.84,0.88,0.61,0.08,-1.46,0.17,0.78,2.0,1.63,0.37,0.0,0.13,-0.12,1.02,1.13,2.0,2.06,3.02,5.08,0.0,7638,3831,3807
739,Rasheed Wallace,1999,-1.4,0.46,0.21,0.33,1.19,0.8,0.47,1.45,1.31,0.14,-0.28,-0.44,0.16,0.72,0.25,0.86,-0.43,0.38,0.18,0.16,2.81,1.56,1.76,-0.2,0.48,0.0,0.48,0.15,1.17,2.04,1.89,2.19,4.07,-0.01,6861,3441,3420
406,Shaquille O'Neal,1999,2.83,1.41,-0.95,0.46,-1.88,1.0,4.43,4.17,3.71,0.46,-0.29,-0.36,0.07,-0.03,0.85,-0.25,0.27,0.06,-1.12,-0.09,0.76,1.27,1.1,0.17,-0.46,-0.46,-0.0,-0.74,3.88,0.81,3.85,0.07,3.91,-0.01,7673,3848,3825
252,Karl Malone,1999,2.98,0.58,-1.47,0.36,-1.51,0.54,2.57,3.62,2.41,1.21,-0.12,-0.39,0.27,-0.11,0.26,0.42,0.1,0.03,-0.36,0.1,1.19,0.14,0.34,-0.2,-0.25,-0.48,0.24,0.42,3.5,-0.11,3.39,0.31,3.7,0.0,8178,4098,4080
299,Glenn Robinson,1999,0.19,-0.05,-0.48,1.05,0.29,1.41,2.52,2.4,2.82,-0.42,0.36,0.22,0.15,1.18,-1.13,0.29,-0.62,0.12,1.75,0.14,-0.44,-0.03,-0.05,0.02,0.34,0.23,0.11,-0.57,2.76,0.31,3.94,-0.26,3.68,0.0,6046,3023,3023
297,Alonzo Mourning,1999,0.24,0.42,0.72,0.28,-0.97,0.53,1.41,1.39,1.11,0.28,-0.08,0.01,-0.1,-0.18,0.92,1.42,0.43,0.05,-1.35,0.16,2.37,2.46,2.2,0.26,-0.08,-0.08,-0.0,-0.28,1.31,2.38,1.13,2.1,3.23,0.0,6727,3371,3356
120,Steven Smith,1999,0.19,0.37,0.89,-0.18,-1.07,0.85,-0.27,2.94,2.34,0.6,-0.12,-0.04,-0.1,-0.33,-0.01,0.64,0.22,0.24,-0.21,0.61,1.84,1.65,1.52,0.13,-0.48,-0.23,-0.25,-0.47,2.82,1.17,2.49,0.7,3.19,0.0,5779,2893,2886
762,Shawn Bradley,1999,0.6,-0.19,-1.02,0.46,0.41,-0.34,0.36,0.29,0.19,0.1,0.87,-0.01,0.9,0.42,0.52,1.16,0.12,-0.07,-0.64,-0.3,0.25,1.61,1.01,0.6,-0.47,-0.08,-0.39,0.4,1.16,1.14,1.58,1.54,3.13,0.01,4592,2295,2297
965,Derek Fisher,1999,1.27,0.28,-0.13,-0.0,-1.14,0.42,-0.49,0.76,0.24,0.52,-0.23,-0.52,0.29,1.05,0.53,-0.36,0.14,0.32,-0.66,-0.19,1.48,0.18,0.3,-0.12,0.45,0.0,0.45,0.91,0.53,0.63,1.58,1.54,3.11,-0.01,5133,2576,2557
258,Brian Grant,1999,0.66,-0.06,-0.31,0.22,-0.35,-0.29,0.4,-0.33,-0.59,0.26,0.35,-0.11,0.47,2.57,-0.21,0.3,-0.25,-0.01,0.46,0.27,-0.54,0.51,0.09,0.42,0.02,-0.23,0.26,-0.07,0.02,0.53,2.59,0.46,3.06,0.01,7122,3565,3557
467,Jason Kidd,1999,0.26,0.46,0.29,0.61,-0.55,0.16,3.34,0.88,0.85,0.03,0.7,-0.06,0.75,0.75,0.45,-0.15,-0.31,-0.24,-0.14,-0.1,0.24,0.58,0.4,0.18,0.45,0.2,0.25,-0.34,1.58,1.03,2.33,0.69,3.02,-0.0,8059,4033,4026
224,Eddie Jones,1999,0.14,-0.12,0.9,0.57,-1.04,0.55,1.21,1.67,1.03,0.64,1.02,0.52,0.5,-0.49,-0.0,0.3,0.19,0.2,-0.19,-0.08,0.69,0.64,0.81,-0.17,-0.11,0.27,-0.37,0.26,2.69,0.53,2.2,0.79,3.0,0.01,6921,3474,3447
304,John Stockton,1999,1.96,0.31,-1.66,0.01,-0.3,0.27,2.07,1.69,1.12,0.57,0.33,0.07,0.25,-0.72,0.44,0.47,-0.03,0.15,-0.42,0.15,1.08,1.01,0.99,0.02,-0.09,-0.13,0.04,0.5,2.02,0.92,1.3,1.42,2.71,-0.01,6278,3145,3133
950,Stephon Marbury,1999,1.51,-1.04,0.52,-0.29,-2.01,0.46,0.57,-0.7,-0.48,-0.22,1.77,0.67,1.09,2.04,-0.85,0.31,-0.31,0.07,1.17,-0.74,0.07,-0.65,-0.77,0.12,0.1,-0.09,0.19,0.12,1.07,-0.55,3.11,-0.43,2.68,-0.0,6975,3486,3489
283,Lindsey Hunter,1999,-0.05,0.62,0.27,0.51,-0.22,0.22,2.26,1.76,1.79,-0.03,0.23,0.54,-0.33,0.1,-0.22,-0.07,-0.21,-0.05,0.43,-0.13,-1.11,0.2,0.08,0.12,0.01,0.02,-0.01,0.23,1.99,0.21,2.09,0.44,2.53,0.0,6795,3388,3407
1495,Tim Duncan,1999,0.34,0.69,-1.27,-0.33,0.93,0.86,0.99,0.83,0.99,-0.16,0.23,-0.13,0.36,0.0,0.57,0.77,0.64,0.24,-1.22,0.36,1.43,1.78,1.41,0.37,-0.27,-0.06,-0.2,-0.05,1.06,1.51,1.06,1.46,2.52,0.0,9659,4827,4832
65,Greg Minor,1999,0.2,-0.17,0.21,-0.05,-0.41,0.18,-0.13,-0.72,-0.47,-0.25,0.62,0.64,-0.02,1.12,0.02,0.15,-0.38,0.03,0.36,0.47,1.16,1.03,1.01,0.02,0.73,0.39,0.35,-0.31,-0.1,1.76,1.02,1.45,2.47,0.0,2769,1386,1383
96,Detlef Schrempf,1999,-0.1,0.75,1.25,0.02,-1.15,-0.2,2.56,1.58,1.55,0.03,0.33,0.12,0.21,0.04,0.45,-0.56,-0.51,0.01,0.06,0.2,0.55,1.06,0.75,0.31,-0.15,-0.38,0.23,-0.4,1.91,0.91,1.95,0.51,2.45,-0.01,6343,3161,3182
787,Charles Barkley,1999,0.6,0.71,2.66,0.67,-3.27,0.61,2.25,1.85,1.95,-0.1,0.42,0.08,0.34,1.36,0.36,0.07,-0.04,-0.29,-0.32,-0.44,-1.01,-0.46,-0.65,0.19,-0.15,-0.11,-0.04,-0.6,2.27,-0.61,3.63,-1.21,2.42,0.0,6087,3046,3041
22,Rik Smits,1999,-1.5,0.73,-0.32,0.81,1.82,1.44,2.47,2.53,3.01,-0.48,0.36,0.01,0.35,-0.03,0.48,0.0,-0.09,-0.06,-0.38,-0.08,-0.32,-0.44,-0.37,-0.07,-0.22,-0.03,-0.2,0.22,2.89,-0.66,2.86,-0.44,2.42,0.0,5551,2789,2762
1114,Jaren Jackson,1999,-1.07,0.01,1.36,-0.25,-0.3,0.04,-0.84,-0.56,-0.61,0.05,0.3,0.27,0.04,0.55,0.2,0.29,0.21,0.4,-0.41,0.22,1.5,1.68,1.53,0.15,-0.18,-0.1,-0.07,0.54,-0.26,1.5,0.29,2.04,2.33,0.0,4561,2268,2293
913,Larry Johnson,1999,0.5,-0.12,0.19,0.08,-0.7,0.29,-0.2,1.02,0.76,0.26,-0.63,0.02,-0.65,-0.52,0.9,0.87,-0.17,-0.16,-0.73,0.52,0.76,1.66,1.65,0.01,0.01,-0.11,0.12,0.72,0.39,1.67,-0.13,2.39,2.27,0.01,8025,4021,4004
109,Robert Horry,1999,-0.11,0.53,1.03,0.46,-0.92,-0.13,1.05,1.97,1.65,0.32,-0.15,-0.33,0.18,-0.03,0.17,-0.11,-0.57,-0.04,0.4,0.58,0.55,0.1,0.14,-0.04,0.42,0.09,0.34,-0.1,1.82,0.52,1.79,0.42,2.2,-0.01,3455,1726,1729
468,Jon Barry,1999,0.21,0.8,1.9,-0.33,-2.12,0.12,0.17,1.83,1.38,0.45,0.16,-0.27,0.41,-0.41,0.08,0.13,0.37,0.17,-0.44,0.08,1.86,0.69,0.64,0.05,0.04,-0.02,0.06,-0.13,1.99,0.73,1.58,0.6,2.18,0.0,3220,1615,1605
87,Dikembe Mutombo,1999,0.29,0.05,-0.07,-0.8,-0.22,-0.07,-1.9,-0.19,-0.35,0.16,0.21,0.64,-0.42,0.5,1.07,0.68,0.25,0.38,-1.32,-0.15,0.8,1.52,1.08,0.44,-0.18,-0.22,0.04,0.27,0.02,1.34,0.52,1.61,2.13,0.0,7598,3799,3799
947,Allen Iverson,1999,0.75,1.16,-1.24,-0.8,0.49,-0.79,-1.39,-0.36,-0.72,0.36,0.48,0.4,0.08,0.98,0.51,-0.72,-0.43,0.04,-0.09,0.57,-0.14,0.21,0.19,0.02,0.55,0.3,0.26,0.27,0.12,0.76,1.1,1.03,2.13,0.0,8510,4270,4240
1720,Michael Doleac,1999,-0.41,-0.04,-0.35,-0.03,0.76,0.58,1.03,1.54,1.31,0.23,0.24,-0.06,0.3,0.53,-0.32,-0.33,-0.07,-0.09,0.38,-0.04,-0.02,-1.19,-1.16,-0.03,0.48,0.46,0.02,0.43,1.78,-0.71,2.31,-0.28,2.02,-0.01,2990,1501,1489
184,Bobby Phills,1999,-0.1,0.7,1.43,0.72,-1.33,0.47,1.21,2.53,2.28,0.25,0.1,-0.15,0.24,-0.5,0.14,-0.18,0.05,-0.04,-0.19,0.36,-0.77,0.48,0.33,0.15,-0.33,-0.02,-0.31,-0.27,2.63,0.15,2.13,-0.12,2.01,0.0,5855,2931,2924
1713,Vince Carter,1999,-0.58,-0.28,-0.29,0.07,0.87,0.54,1.41,0.43,0.71,-0.28,0.75,0.33,0.44,0.44,0.57,0.18,-0.53,-0.12,-0.04,0.11,-0.12,0.02,0.28,-0.26,0.11,0.29,-0.16,0.25,1.18,0.13,1.62,0.38,2.0,0.0,6427,3220,3207
204,Jeff Hornacek,1999,1.31,0.4,0.32,0.3,-1.62,0.22,2.92,1.19,0.87,0.32,0.46,0.08,0.39,0.65,0.49,0.53,-0.22,-0.02,-0.27,-0.13,-0.04,-0.14,-0.2,0.06,-0.16,-0.38,0.23,-0.02,1.65,-0.3,2.3,-0.32,1.98,0.0,6228,3115,3113
951,Ray Allen,1999,-0.25,0.03,-0.0,0.07,0.26,0.76,0.41,0.19,0.04,0.15,1.05,0.52,0.53,0.46,-0.18,0.06,-0.82,-0.09,1.01,-0.03,-0.58,-0.81,-0.72,-0.09,0.42,0.65,-0.24,0.65,1.24,-0.39,1.7,0.26,1.96,0.0,6082,3042,3040
21,Greg Anthony,1999,-0.17,0.08,1.38,0.09,-1.19,-0.16,-0.08,0.09,-0.41,0.5,0.16,0.04,0.12,0.36,-0.58,0.59,-0.55,-0.01,1.13,0.31,1.25,0.2,0.37,-0.17,0.86,0.46,0.4,0.29,0.25,1.06,0.61,1.35,1.96,0.0,3773,1880,1893
255,Grant Hill,1999,1.9,0.55,-0.33,0.63,-1.57,0.26,0.1,2.59,2.11,0.48,0.13,-0.1,0.24,-0.5,0.54,0.01,-0.24,-0.07,-0.3,-0.36,0.31,-0.25,-0.08,-0.17,0.36,0.04,0.32,-0.4,2.72,0.11,2.22,-0.29,1.93,0.0,7241,3618,3623
1722,Michael Dickerson,1999,0.6,0.62,0.37,0.43,-0.98,0.61,1.12,2.77,2.79,-0.02,-0.56,-0.46,-0.08,-0.94,0.2,0.17,0.67,-0.07,-0.87,0.21,0.09,1.57,1.14,0.43,-0.54,-0.29,-0.27,-0.4,2.21,1.03,1.27,0.63,1.9,0.0,5952,2977,2975
397,Reggie Miller,1999,-1.76,1.1,1.55,0.51,0.21,0.29,1.27,1.16,0.78,0.38,1.55,0.74,0.81,0.35,0.51,0.1,-0.06,0.22,-0.46,-0.19,0.39,0.19,0.14,0.05,-0.81,-0.44,-0.36,-0.61,2.71,-0.62,3.06,-1.23,1.84,0.01,8156,4078,4078
173,Keith Askins,1999,0.2,-0.25,0.42,0.03,-0.62,0.17,1.04,0.67,0.88,-0.21,-0.02,-0.02,-0.0,0.19,0.53,0.23,-0.31,-0.0,-0.22,0.06,0.85,0.3,0.26,0.04,0.03,-0.07,0.1,0.67,0.65,0.33,0.84,1.0,1.83,-0.01,1656,824,832
422,Avery Johnson,1999,1.67,0.6,-1.5,0.02,-0.17,0.21,1.61,1.32,1.14,0.18,-0.08,-0.27,0.18,-0.25,0.41,0.76,0.72,-0.04,-1.13,0.09,0.48,0.68,0.42,0.26,-0.2,-0.01,-0.2,0.33,1.24,0.48,0.99,0.81,1.8,0.0,8283,4145,4138
147,Jalen Rose,1999,-0.97,-0.32,-0.27,-0.11,1.24,0.21,-3.09,0.99,0.37,0.62,1.0,0.8,0.21,-0.28,0.88,-0.26,0.36,0.19,-1.25,-0.19,1.61,-0.15,0.11,-0.26,0.12,-0.1,0.24,0.04,1.99,-0.03,1.71,0.01,1.72,-0.0,5711,2851,2860
223,Bill Curley,1999,-0.95,0.11,-0.24,0.14,1.18,0.41,1.82,0.51,0.76,-0.25,0.5,-0.17,0.67,0.4,-0.49,0.18,0.07,-0.05,0.41,-0.08,0.6,-0.26,-0.05,-0.21,0.43,0.09,0.34,0.14,1.01,0.17,1.41,0.31,1.71,-0.01,1412,706,706
1802,Brad Miller,1999,1.22,0.73,-1.02,0.25,-0.2,-0.16,0.19,1.42,1.27,0.15,-0.11,0.19,-0.29,0.58,-0.28,-0.19,-0.27,-0.07,0.55,0.27,-0.18,-0.46,-0.37,-0.09,0.03,-0.1,0.13,0.23,1.31,-0.43,1.89,-0.2,1.68,-0.01,1754,871,883
248,George Lynch,1999,0.3,0.15,-1.4,-0.19,1.1,-0.5,-1.27,-0.12,-0.08,-0.04,-0.37,-0.4,0.02,0.73,0.78,-0.27,-0.07,-0.05,-0.71,0.52,0.52,0.97,0.81,0.16,0.73,0.38,0.35,-0.31,-0.49,1.7,0.24,1.39,1.64,0.01,5649,2802,2847
302,Mookie Blaylock,1999,-0.58,-0.4,0.91,-0.64,-0.33,-0.23,-2.88,-1.08,-1.11,0.03,1.11,0.86,0.25,0.76,0.94,0.46,-0.1,0.41,-0.83,-0.19,1.03,1.03,0.77,0.26,-0.19,-0.17,-0.02,0.01,0.03,0.84,0.79,0.85,1.64,-0.0,7348,3679,3669
717,Arvydas Sabonis,1999,0.6,-0.24,-1.45,0.24,0.84,0.57,1.9,0.3,0.6,-0.3,0.1,-0.04,0.13,0.13,0.2,0.87,0.65,0.11,-0.85,-0.56,-0.21,0.36,-0.01,0.37,-0.28,-0.15,-0.12,1.02,0.4,0.08,0.53,1.1,1.62,-0.01,6175,3114,3061
446,Lucious Harris,1999,-0.49,-0.46,0.19,0.02,0.31,0.13,-0.97,0.91,0.7,0.21,0.6,0.28,0.33,-0.91,-0.45,-0.26,-0.06,0.1,0.52,0.26,0.66,0.09,-0.15,0.24,0.38,-0.17,0.55,0.53,1.51,0.47,0.6,1.0,1.6,0.0,2162,1071,1091
349,Mark Jackson,1999,-1.56,0.91,1.52,0.56,0.03,0.39,2.21,0.53,0.88,-0.35,0.59,0.24,0.35,0.9,0.6,0.06,0.19,0.13,-0.79,-0.18,0.12,0.13,-0.14,0.27,-0.62,-0.34,-0.3,0.06,1.12,-0.49,2.02,-0.43,1.58,-0.01,6533,3292,3241
389,Toni Kukoc,1999,0.43,-0.26,0.78,-0.69,-1.21,0.02,3.7,0.38,0.37,0.01,1.08,0.13,0.94,-0.45,-0.51,0.09,-0.17,0.31,0.68,0.19,-0.41,0.66,0.68,-0.02,-0.07,0.07,-0.14,-0.02,1.46,0.59,1.01,0.57,1.58,0.0,5906,2960,2946
1714,Robert Traylor,1999,0.39,0.9,0.07,0.37,-0.45,0.55,2.61,0.83,1.66,-0.83,0.12,0.1,0.02,0.82,-0.75,-0.1,0.39,0.0,0.37,0.09,0.14,-0.29,-0.12,-0.17,0.31,0.21,0.09,-0.31,0.95,0.02,1.77,-0.29,1.48,0.0,2942,1465,1477
358,Anfernee Hardaway,1999,-0.13,0.68,0.54,-0.01,-0.4,-0.58,0.74,0.11,0.13,-0.02,-0.12,0.12,-0.24,0.67,-0.54,-0.28,-0.09,-0.02,0.63,0.14,0.04,0.31,-0.13,0.44,0.71,0.46,0.25,-0.21,-0.01,1.02,0.66,0.81,1.47,0.0,7668,3845,3823
1498,Antonio Daniels,1999,-0.42,-0.1,0.36,0.11,0.06,-0.15,-0.06,0.11,0.09,0.02,-0.45,-0.39,-0.06,0.6,0.14,0.11,-0.11,0.35,-0.03,0.36,1.34,1.28,1.24,0.04,0.13,0.23,-0.1,-0.23,-0.34,1.41,0.26,1.18,1.44,0.0,2536,1257,1279
1112,Ben Wallace,1999,-0.2,0.2,-1.0,-0.42,1.2,0.61,0.13,0.38,0.45,-0.07,0.36,0.45,-0.08,-0.14,0.52,-0.2,-0.55,0.09,0.02,0.45,0.04,0.74,0.68,0.06,0.16,0.06,0.1,-0.07,0.74,0.9,0.6,0.83,1.43,0.0,4533,2257,2276
1510,Brevin Knight,1999,1.74,-0.25,-1.62,0.01,-0.13,-0.09,0.0,0.35,-0.32,0.67,0.35,0.11,0.24,-0.08,-0.03,0.07,-0.44,-0.06,0.46,0.24,0.98,0.63,0.72,-0.09,0.55,0.22,0.33,-0.37,0.7,1.18,0.62,0.81,1.43,-0.0,4349,2184,2165
431,Shawn Kemp,1999,2.29,0.26,-1.08,-0.05,-1.2,-0.07,1.52,0.73,0.17,0.56,-0.57,-0.5,-0.07,1.01,-0.41,-0.16,-0.31,-0.09,0.72,0.34,0.06,-0.56,-0.23,-0.33,0.24,0.1,0.13,0.56,0.16,-0.32,1.17,0.24,1.41,0.0,5327,2667,2660
56,Gary Payton,1999,0.36,0.82,2.1,0.36,-2.45,-0.74,1.32,1.09,1.1,-0.01,0.92,0.67,0.25,0.3,0.1,-0.76,-0.29,0.01,0.19,-0.32,-0.76,-0.91,-0.92,0.01,-0.05,0.04,-0.09,0.06,2.01,-0.96,2.31,-0.9,1.41,0.0,7371,3679,3692
896,Tim Hardaway,1999,-1.28,0.14,2.05,0.31,-0.77,0.66,0.63,1.54,1.79,-0.25,0.8,0.42,0.38,-1.74,1.05,0.7,-0.13,-0.08,-0.92,-0.05,1.47,1.56,1.39,0.17,-0.06,-0.01,-0.05,-0.71,2.34,1.5,0.6,0.79,1.39,-0.0,6741,3368,3373
765,Hersey Hawkins,1999,0.41,0.69,1.87,-0.61,-2.27,0.18,-0.45,0.27,-0.38,0.65,0.54,0.21,0.34,0.59,0.18,-0.42,-0.96,0.24,0.77,-0.23,-0.36,-0.55,-0.53,-0.02,0.27,0.06,0.2,0.26,0.81,-0.28,1.4,-0.02,1.38,0.0,5972,2995,2977
690,Don Reid,1999,0.44,0.62,1.09,0.24,-1.54,-0.46,2.16,-0.18,0.29,-0.47,0.11,-0.1,0.21,0.66,0.06,0.19,-0.18,-0.08,0.11,-0.02,0.55,0.01,0.19,-0.18,0.15,-0.04,0.19,0.58,-0.07,0.16,0.59,0.74,1.33,0.0,3449,1711,1738
353,Darrell Armstrong,1999,0.47,-0.33,0.95,-0.07,-1.42,-0.0,1.26,-0.04,-0.2,0.16,0.1,-0.27,0.36,1.29,-0.17,-0.15,-0.34,-0.07,0.51,0.11,-0.4,-0.71,-0.62,-0.09,0.7,0.4,0.3,-0.03,0.06,-0.01,1.35,-0.04,1.31,0.0,6128,3082,3046
994,Jamie Feick,1999,0.15,-0.08,0.77,0.47,-0.92,-0.09,0.43,1.12,0.94,0.18,0.89,0.47,0.42,0.76,-1.16,-0.41,-0.03,-0.01,1.19,-0.7,0.01,-1.49,-1.8,0.31,0.08,-0.2,0.29,-0.07,2.01,-1.41,2.77,-1.48,1.3,0.01,3069,1530,1539
53,Mario Elie,1999,1.63,0.61,-0.27,-0.04,-1.36,-0.35,1.42,0.51,0.24,0.27,0.19,0.12,0.07,-0.39,0.17,0.65,0.83,0.09,-1.0,0.18,0.54,1.07,0.97,0.1,-0.19,0.12,-0.32,0.11,0.7,0.88,0.31,0.99,1.3,0.0,6455,3233,3222
361,Clifford Robinson,1999,-0.29,0.68,0.77,0.4,-0.48,0.43,2.93,1.58,1.11,0.47,0.23,-0.67,0.9,-0.25,0.81,-0.14,-0.91,-0.26,0.1,-0.17,-0.22,0.12,-0.13,0.25,0.3,0.1,0.19,-0.68,1.81,0.42,1.56,-0.26,1.29,-0.01,6903,3457,3446
3,Grant Long,1999,-1.38,-0.59,0.46,-0.22,0.92,-0.64,-2.17,-1.15,-1.56,0.41,-0.46,0.61,-1.06,-0.06,1.36,0.42,-0.09,0.42,-1.27,0.1,1.13,2.27,1.88,0.39,0.42,0.16,0.26,0.26,-1.61,2.69,-1.67,2.95,1.28,0.0,5967,2977,2990
935,Bryon Russell,1999,0.67,0.5,-0.65,0.41,-0.01,-0.07,2.23,1.04,1.04,0.0,-0.4,-0.23,-0.17,-0.8,0.91,0.6,0.04,0.08,-0.95,0.11,1.85,1.1,1.04,0.06,0.33,-0.07,0.4,-0.01,0.64,1.43,-0.16,1.42,1.26,0.0,7540,3779,3761
365,Derrick McKey,1999,-0.41,0.07,-0.04,0.02,0.45,0.07,0.34,-0.08,-0.04,-0.04,0.35,0.18,0.17,0.77,0.44,-0.2,-0.35,0.01,-0.08,-0.07,0.21,-0.72,-0.77,0.05,0.24,-0.15,0.39,0.67,0.27,-0.48,1.04,0.19,1.23,0.0,1681,837,844
124,Vlade Divac,1999,0.53,0.37,1.4,-0.59,-1.93,-0.36,0.19,-0.79,-0.75,-0.04,0.6,0.18,0.42,0.08,1.81,-0.13,0.49,-0.03,-2.3,-0.26,0.24,1.58,1.01,0.57,-0.38,-0.14,-0.24,0.15,-0.19,1.2,-0.11,1.35,1.23,-0.01,7685,3853,3832
674,Reggie Jordan,1999,0.72,-0.11,-0.87,-0.13,0.15,-0.29,0.45,-0.54,-0.67,0.13,0.37,0.0,0.39,1.33,-0.09,0.05,0.05,-0.06,0.04,0.2,0.57,-0.68,-0.43,-0.25,0.24,-0.15,0.39,0.47,-0.17,-0.44,1.16,0.03,1.2,0.01,1047,520,527
1519,John Thomas,1999,0.78,-0.12,-0.24,-0.31,-0.54,0.64,0.26,-0.13,-0.08,-0.05,-0.7,-0.63,-0.07,1.22,0.15,0.13,0.0,0.15,-0.15,0.11,-0.69,0.58,0.55,0.03,0.18,0.31,-0.12,0.03,-0.83,0.76,0.39,0.79,1.19,0.01,2158,1075,1083
344,Dana Barros,1999,-1.22,0.17,2.49,0.06,-1.26,0.64,3.18,2.03,2.24,-0.21,-0.37,0.11,-0.48,-0.7,-0.5,-0.07,0.08,0.05,0.42,0.52,0.78,-0.4,-0.08,-0.32,0.19,0.36,-0.16,0.43,1.66,-0.21,0.96,0.22,1.17,-0.01,4241,2124,2117
133,David Wesley,1999,-0.59,0.64,1.23,0.23,-0.64,0.39,1.99,0.71,0.68,0.03,0.11,-0.15,0.27,-0.38,0.28,-0.27,-0.29,0.07,0.0,0.07,-0.51,0.08,-0.12,0.2,0.21,0.43,-0.2,0.42,0.82,0.29,0.44,0.71,1.15,0.0,6838,3426,3412
461,Popeye Jones,1999,-0.06,-0.19,-0.26,0.21,0.32,-0.07,0.96,0.23,0.26,-0.03,0.41,0.31,0.08,0.78,-0.33,-0.04,0.0,0.12,0.33,0.01,0.15,-0.34,-0.06,-0.28,0.24,0.15,0.07,-0.16,0.64,-0.1,1.42,-0.26,1.15,-0.01,757,382,375
105,Dan Majerle,1999,-0.6,0.42,2.17,0.32,-1.57,0.66,0.64,1.38,1.19,0.19,-0.04,0.01,-0.04,-0.34,0.33,1.21,0.33,-0.12,-0.66,-0.44,1.0,0.28,0.17,0.11,-0.07,-0.14,0.06,-0.07,1.34,0.21,1.0,0.14,1.14,0.0,6198,3101,3097
278,Stacey Augmon,1999,0.5,-0.36,-0.76,-0.15,0.27,0.66,-1.88,-0.45,-0.6,0.15,-0.21,0.08,-0.3,0.0,-0.35,0.54,-0.18,0.24,0.53,0.11,1.25,1.14,1.24,-0.1,0.68,0.2,0.49,-0.03,-0.66,1.82,-0.66,1.79,1.13,0.0,3760,1859,1901
966,Jerome Williams,1999,0.59,-1.0,-0.42,0.1,-0.17,0.09,-0.78,-0.35,-0.39,0.04,0.22,0.01,0.19,1.39,0.11,-0.21,-0.48,-0.08,0.37,-0.08,-0.88,-0.76,-0.74,-0.02,0.22,0.13,0.09,0.39,-0.13,-0.54,1.26,-0.15,1.11,0.0,4316,2128,2188
905,Dale Davis,1999,-0.79,0.56,0.36,0.26,0.44,0.51,0.6,0.14,0.33,-0.19,0.68,0.35,0.33,0.25,0.67,0.03,0.04,0.07,-0.71,-0.11,0.14,0.53,0.13,0.4,-0.7,-0.35,-0.35,0.21,0.82,-0.17,1.07,0.04,1.11,0.0,6383,3190,3193
904,Chris Mullin,1999,-0.79,0.74,1.05,0.9,-0.27,0.87,3.72,2.31,2.63,-0.32,0.01,0.15,-0.15,-0.45,0.21,0.14,0.11,-0.0,-0.32,-0.28,-1.55,0.12,-0.3,0.42,-0.61,-0.26,-0.35,-0.28,2.32,-0.49,1.87,-0.77,1.11,0.01,5100,2555,2545
201,Chris Dudley,1999,0.63,-0.72,-0.28,-0.03,-0.35,0.15,-0.44,-0.22,0.2,-0.42,-0.67,0.13,-0.8,-0.03,0.56,0.17,0.59,-0.03,-1.15,0.3,0.47,0.97,0.76,0.21,0.4,-0.18,0.58,0.59,-0.89,1.37,-0.92,1.96,1.04,0.0,3465,1718,1747
98,Nick Anderson,1999,0.41,0.43,1.29,0.01,-1.7,-0.47,-0.01,-0.39,-0.33,-0.06,-0.0,-0.15,0.13,0.57,0.07,0.02,-0.13,0.09,0.06,0.3,0.18,0.96,0.72,0.24,0.3,0.22,0.07,-0.45,-0.39,1.26,0.18,0.81,0.99,0.0,6206,3110,3096
731,Greg Ostertag,1999,0.16,-0.02,-0.85,0.42,0.69,0.48,1.01,0.51,0.27,0.24,-0.47,-0.5,0.02,0.11,0.73,0.65,0.26,-0.14,-1.0,0.41,-0.21,1.67,1.34,0.33,-0.4,-0.2,-0.18,-0.42,0.04,1.27,0.15,0.85,0.99,-0.01,5626,2809,2817
694,Sam Mack,1999,-2.27,-0.0,3.02,0.41,-0.74,-0.65,1.92,-0.95,-0.29,-0.66,0.64,0.5,0.15,0.55,0.07,-0.15,0.08,-0.08,-0.15,0.3,0.5,0.27,0.28,-0.01,0.16,-0.27,0.43,0.32,-0.31,0.43,0.24,0.75,0.99,-0.0,4405,2188,2217
208,Sam Cassell,1999,-0.12,-0.07,-0.51,-0.18,0.63,0.22,-1.71,-0.03,-0.13,0.1,0.47,0.27,0.21,0.51,0.05,0.12,-0.21,-0.06,0.16,0.22,0.32,0.04,0.14,-0.1,0.2,0.19,0.01,-0.22,0.44,0.24,0.95,0.02,0.98,0.01,1145,577,568
1718,Paul Pierce,1999,1.0,0.3,1.33,0.73,-2.34,-0.35,2.05,1.16,1.36,-0.2,-0.22,-0.3,0.07,0.26,-1.42,-0.46,0.47,0.29,0.95,0.05,-0.01,0.35,0.21,0.14,-0.11,0.04,-0.15,-0.52,0.94,0.24,1.2,-0.28,0.92,0.0,6022,3017,3005
136,P.J. Brown,1999,-0.56,0.15,0.21,0.32,0.34,0.7,2.15,0.63,0.82,-0.19,0.39,0.08,0.3,-0.38,0.24,1.0,-0.01,-0.21,-0.23,-0.4,0.75,-0.12,-0.36,0.24,0.14,0.18,-0.04,0.24,1.02,0.02,0.64,0.26,0.9,0.0,6091,3033,3058
923,Donyell Marshall,1999,-1.21,-0.13,-0.14,-0.47,1.34,0.23,0.13,-0.43,-0.54,0.11,0.16,0.25,-0.1,1.14,0.45,-0.34,-0.31,0.11,-0.13,0.58,0.22,0.47,0.76,-0.29,-0.27,-0.13,-0.13,-0.17,-0.27,0.2,0.87,0.03,0.9,0.0,4621,2306,2315
761,Matt Geiger,1999,0.38,1.04,-1.87,-0.55,1.48,-0.29,-0.53,-0.3,-0.23,-0.07,-0.31,-0.06,-0.25,0.41,0.52,-0.15,0.32,-0.09,-0.84,0.27,-0.05,0.5,0.25,0.25,0.59,0.62,-0.03,-0.01,-0.61,1.09,-0.2,1.08,0.89,0.01,6406,3213,3193
247,Joe Dumars,1999,-0.94,0.4,1.88,0.05,-0.94,0.92,2.49,0.95,1.37,-0.42,0.71,0.31,0.4,-0.48,0.34,-0.1,-0.35,0.23,0.01,-0.47,-0.64,-0.49,-0.51,0.02,-0.05,-0.11,0.06,0.24,1.66,-0.54,1.18,-0.3,0.88,0.0,4372,2187,2185
35,Eric Riley,1999,0.1,-0.21,-0.2,0.26,0.1,0.13,0.44,0.73,0.85,-0.12,-0.64,-0.34,-0.3,-0.29,-0.22,0.01,0.09,0.19,0.14,0.36,0.54,0.5,0.88,-0.38,0.17,-0.14,0.32,0.31,0.09,0.67,-0.2,0.98,0.78,0.0,1377,686,691
1497,Chauncey Billups,1999,1.11,-0.53,2.95,0.05,-4.07,0.98,0.77,2.69,2.43,0.26,0.35,0.1,0.24,0.54,-1.07,-0.6,0.15,-0.27,0.92,-0.62,-2.02,-2.29,-2.12,-0.17,-0.2,-0.12,-0.08,-0.3,3.04,-2.49,3.58,-2.79,0.78,-0.01,5575,2799,2776
727,Eric Snow,1999,-0.35,0.9,-1.65,-0.41,1.99,-0.89,-2.2,-0.2,-0.74,0.54,-0.36,0.04,-0.39,-0.43,0.93,-0.52,-0.43,0.06,-0.51,0.31,0.67,0.32,0.26,0.06,0.88,0.38,0.5,0.57,-0.56,1.2,-0.99,1.77,0.78,0.0,7338,3659,3679
708,Kevin Garnett,1999,-0.87,-0.66,-2.5,-0.48,3.37,0.88,2.91,-0.87,-0.69,-0.18,0.73,0.29,0.44,0.38,-0.29,0.11,0.07,0.3,0.21,-0.05,-0.32,0.42,0.63,-0.21,0.14,0.09,0.05,-0.04,-0.14,0.56,0.24,0.52,0.76,0.0,7223,3620,3603
891,Charles Oakley,1999,0.07,-1.5,-0.84,0.15,0.76,0.6,0.98,-0.28,-0.35,0.07,-0.05,0.04,-0.08,0.53,0.24,0.23,-0.66,-0.51,0.42,0.13,-0.54,-0.85,-0.82,-0.03,0.17,0.04,0.14,1.21,-0.33,-0.68,0.2,0.53,0.74,0.01,5875,2944,2931
43,Chris Whitney,1999,-0.31,0.04,2.02,-0.12,-1.71,0.04,0.36,0.02,-0.1,0.12,0.62,0.4,0.22,0.04,0.2,-0.17,-0.19,0.08,-0.01,0.01,0.58,-0.17,0.01,-0.18,-0.01,0.07,-0.08,0.18,0.64,-0.18,0.68,0.0,0.68,0.0,1634,813,821
166,Ron Harper,1999,-0.61,-0.16,0.18,-0.21,0.44,-0.11,1.23,-0.04,0.16,-0.2,0.48,0.34,0.15,-0.26,0.04,-0.02,0.21,-0.03,-0.25,-0.16,0.05,0.22,-0.12,0.34,0.13,0.04,0.09,0.15,0.44,0.35,0.18,0.5,0.68,0.0,3908,1959,1949
1005,Walt Williams,1999,0.32,-0.22,1.94,0.38,-2.25,-0.42,1.78,0.37,0.07,0.3,0.13,0.25,-0.12,-0.07,-0.34,0.47,0.22,0.03,0.12,0.33,1.01,0.28,0.5,-0.22,-0.04,0.08,-0.12,-0.04,0.5,0.24,0.43,0.2,0.63,0.0,4510,2274,2236
1845,Andrew Gaze,1999,-0.3,0.17,0.53,0.01,-0.22,-0.28,-0.13,-0.57,-0.63,0.06,0.02,0.0,0.04,0.91,0.05,0.03,-0.08,0.01,0.03,0.1,0.48,0.08,0.1,-0.02,0.08,0.0,0.08,0.1,-0.55,0.16,0.36,0.26,0.62,-0.0,209,102,107
779,Glen Rice,1999,-0.66,1.14,1.17,0.11,-0.51,0.57,0.67,1.56,1.67,-0.11,0.19,-0.05,0.24,-0.66,0.61,-0.21,-0.31,0.22,-0.3,-0.74,-0.15,-0.92,-0.88,-0.04,0.19,-0.29,0.48,0.23,1.75,-0.73,1.09,-0.5,0.59,0.0,4858,2431,2427
137,Vernon Maxwell,1999,0.25,0.38,3.56,-0.17,-3.83,-0.04,-0.37,1.66,1.06,0.6,0.1,0.12,-0.02,-0.88,0.48,-0.14,-0.14,0.07,-0.34,-0.24,1.17,-0.45,-0.51,0.06,0.02,0.1,-0.07,0.11,1.76,-0.43,0.88,-0.32,0.56,0.0,4319,2176,2143
948,Marcus Camby,1999,1.36,-0.61,-0.05,0.02,-1.3,0.42,-0.17,1.29,1.03,0.26,0.02,0.17,-0.15,-0.29,0.35,0.13,-0.51,0.06,0.16,-0.06,0.47,-0.09,0.09,-0.18,0.07,0.07,-0.01,-0.43,1.31,-0.02,1.02,-0.45,0.56,-0.01,4987,2470,2517
1838,Tyrone Nesby,1999,1.5,-0.2,-0.2,0.11,-1.31,-0.45,-2.66,0.04,-0.11,0.15,0.96,0.5,0.46,0.39,-1.07,-0.25,0.11,-0.11,0.97,0.01,-0.38,-0.62,-0.54,-0.08,0.14,0.07,0.07,-0.35,1.0,-0.48,1.39,-0.83,0.55,-0.01,4720,2351,2369
958,Vitaly Potapenko,1999,0.38,-0.19,-0.9,0.67,0.53,0.35,1.18,0.4,0.65,-0.25,-0.1,-0.1,-0.0,-0.16,-0.77,-0.39,0.15,0.02,0.62,0.24,-0.22,0.32,-0.03,0.35,0.18,0.23,-0.05,-0.11,0.3,0.5,0.14,0.39,0.54,0.01,4948,2485,2463
324,Anthony Peeler,1999,-0.43,0.27,0.56,-0.35,-0.13,0.38,1.27,0.61,0.79,-0.18,0.16,-0.05,0.22,0.02,-0.01,0.12,0.17,-0.08,-0.16,-0.39,-1.16,-0.97,-0.77,-0.2,0.32,0.21,0.09,0.39,0.77,-0.65,0.79,-0.26,0.53,0.0,3550,1780,1770
164,Chris Childs,1999,0.31,-0.6,0.6,0.18,-0.9,0.37,-1.46,2.01,1.31,0.7,-0.47,0.12,-0.59,-0.69,0.94,0.4,-0.17,-0.03,-0.77,0.42,0.97,0.28,0.86,-0.58,-0.32,-0.31,-0.01,-0.29,1.54,-0.04,0.85,-0.33,0.52,0.0,6231,3116,3115
1749,Cuttino Mobley,1999,0.52,0.54,0.95,0.11,-1.47,0.35,0.31,0.86,0.71,0.15,0.39,0.4,-0.01,-0.29,0.19,0.03,0.26,-0.16,-0.46,-0.12,0.57,0.09,-0.27,0.36,-0.53,-0.21,-0.31,-0.04,1.25,-0.44,0.96,-0.48,0.48,-0.0,5635,2813,2822
754,Jim Jackson,1999,-0.16,0.14,1.36,0.02,-1.19,0.06,-0.54,-0.08,-0.34,0.26,-0.57,-0.38,-0.19,0.46,-0.61,0.39,-0.21,0.32,0.83,0.22,1.08,0.15,0.33,-0.18,0.56,0.18,0.38,-0.03,-0.65,0.71,-0.19,0.68,0.48,-0.01,5173,2591,2582
1499,Tony Battie,1999,-0.4,0.48,-0.25,0.04,0.66,-0.2,-1.14,-1.09,-0.59,-0.5,-0.52,-0.16,-0.38,0.85,0.16,-0.01,0.09,0.03,-0.25,0.31,1.07,0.14,0.32,-0.18,0.21,0.26,-0.04,0.88,-1.61,0.35,-0.76,1.23,0.47,0.0,4133,2054,2079
356,Chris Morris,1999,-0.09,-0.23,1.12,-0.27,-1.03,-0.3,0.16,-0.91,-0.64,-0.27,-0.36,-0.4,0.02,1.82,0.22,-0.27,-0.38,0.09,0.16,0.04,-0.44,0.1,0.13,-0.03,0.13,0.05,0.09,-0.35,-1.27,0.23,0.55,-0.12,0.44,0.01,1975,984,991
1727,Pat Garrity,1999,0.44,0.5,0.12,0.07,-0.56,0.19,0.98,0.9,0.95,-0.05,-0.75,-0.41,-0.34,0.39,-0.27,-0.24,0.03,0.2,0.25,-0.12,0.14,0.03,0.06,-0.03,-0.01,-0.13,0.12,-0.13,0.15,0.02,0.54,-0.11,0.44,0.01,2154,1079,1075
689,Theo Ratliff,1999,-0.52,0.93,-1.25,-0.34,1.76,-0.82,-0.4,-0.37,-0.33,-0.04,-0.57,-0.24,-0.33,0.27,1.5,-0.4,-0.38,-0.08,-1.12,0.29,-0.12,1.27,1.02,0.25,0.03,0.0,0.03,-0.21,-0.94,1.3,-0.67,1.09,0.42,-0.0,6546,3261,3285
452,Vin Baker,1999,-0.34,1.21,0.14,0.29,0.21,-0.2,0.96,0.81,0.83,-0.02,-0.94,-0.3,-0.65,-0.12,0.31,-0.26,-0.09,0.01,-0.22,0.14,-0.03,0.9,0.53,0.37,-0.03,0.08,-0.11,-0.2,-0.13,0.87,-0.25,0.67,0.42,-0.0,4162,2073,2089
1721,Keon Clark,1999,1.33,-0.44,0.67,0.05,-2.0,0.12,-0.38,0.92,0.59,0.33,-0.74,-0.56,-0.18,0.04,-0.37,0.28,0.17,0.11,0.2,-0.04,1.56,-0.27,0.11,-0.38,0.11,0.08,0.02,0.36,0.18,-0.16,0.22,0.2,0.42,-0.0,1538,769,769
1511,Johnny Taylor,1999,-0.64,-0.31,0.7,0.27,-0.06,0.31,1.08,0.78,0.92,-0.14,0.24,-0.28,0.52,-0.41,0.04,-0.05,-0.13,0.0,0.09,0.07,0.43,-0.2,0.04,-0.24,-0.12,-0.19,0.07,0.13,1.02,-0.32,0.61,-0.19,0.42,-0.0,2768,1390,1378
369,Charlie Ward,1999,0.81,-0.45,0.0,0.45,-0.81,0.06,1.09,1.15,1.41,-0.26,-0.35,-0.19,-0.16,-1.39,0.71,0.95,-0.33,-0.2,-0.39,-0.03,0.14,0.47,0.33,0.14,0.33,0.02,0.31,0.18,0.8,0.8,-0.59,0.98,0.39,0.0,7229,3625,3604
916,Corie Blount,1999,1.62,-0.83,-0.27,-0.03,-1.35,-0.14,-0.55,-0.05,-0.15,0.1,-0.47,-0.29,-0.18,0.14,0.27,-0.04,-0.41,-0.0,0.13,0.42,0.92,0.8,0.69,0.11,0.09,-0.04,0.12,-0.15,-0.52,0.89,-0.38,0.74,0.36,0.0,1901,956,945
1725,Rasho Nesterovic,1999,0.07,0.04,0.21,-0.04,-0.27,-0.06,0.17,-0.06,-0.06,0.0,0.04,-0.01,0.05,0.63,0.24,-0.04,-0.05,-0.02,-0.19,-0.08,0.12,-0.15,-0.12,-0.03,-0.08,-0.1,0.02,-0.04,-0.02,-0.23,0.61,-0.27,0.33,-0.01,215,107,108
345,Terry Porter,1999,-0.21,-0.0,1.55,0.05,-1.33,0.12,-2.26,0.26,-0.52,0.78,-0.21,-0.16,-0.05,0.73,-0.27,0.68,0.02,-0.09,0.25,0.41,0.75,0.54,0.6,-0.06,-0.4,-0.16,-0.24,-0.61,0.05,0.14,0.78,-0.47,0.32,0.01,5130,2553,2577
292,Anthony Miller,1999,0.55,0.16,-0.16,0.12,-0.39,-0.09,-1.2,0.59,0.41,0.18,-0.58,-0.48,-0.1,0.56,0.46,-0.08,0.01,-0.03,-0.47,0.04,-0.09,-0.18,-0.19,0.01,-0.27,-0.18,-0.07,0.18,0.01,-0.45,0.57,-0.27,0.31,0.01,907,452,455
393,Rod Strickland,1999,0.11,0.81,-1.33,-0.33,1.22,0.19,0.84,-0.01,-0.0,-0.01,0.44,0.44,0.01,0.04,0.24,-0.41,0.02,-0.31,-0.26,0.36,-0.99,-0.49,-0.24,-0.25,0.1,-0.11,0.22,0.22,0.43,-0.39,0.47,-0.17,0.3,0.0,6058,3050,3008
1607,Troy Hudson,1999,0.02,-0.15,0.66,-0.15,-0.68,0.16,-0.51,0.11,0.23,-0.12,-0.01,0.24,-0.25,0.65,-0.71,-0.01,-0.06,-0.28,0.78,0.04,-1.46,-0.82,-1.02,0.2,0.32,0.1,0.22,0.04,0.1,-0.5,0.75,-0.46,0.29,-0.0,1914,955,959
1513,Scot Pollard,1999,0.16,-0.01,0.6,-0.13,-0.76,-0.25,0.13,-0.15,-0.07,-0.08,-0.06,-0.06,-0.0,0.05,0.32,0.07,0.29,0.06,-0.61,0.05,0.93,0.2,0.29,-0.09,0.22,0.11,0.11,0.03,-0.21,0.42,-0.16,0.45,0.29,-0.0,1247,624,623
1525,Charles O'Bannon,1999,-0.23,-0.19,-0.56,-0.04,0.79,0.11,0.11,-1.1,-0.72,-0.38,-0.01,0.04,-0.06,0.85,-0.02,0.06,0.03,0.09,-0.01,0.22,0.61,1.17,1.16,0.01,-0.17,-0.13,-0.04,-0.48,-1.11,1.0,-0.26,0.52,0.27,0.01,595,291,304
1503,Tracy McGrady,1999,1.51,-0.33,-0.35,0.28,-1.15,-0.79,1.04,-0.24,-0.53,0.29,-0.25,-0.38,0.12,1.82,-0.21,0.37,-0.3,-0.34,0.52,-0.3,-1.54,-1.12,-1.1,-0.02,-0.03,0.06,-0.09,0.09,-0.49,-1.15,1.33,-1.06,0.27,0.0,4074,2035,2039
1717,Dirk Nowitzki,1999,-0.64,0.65,-0.35,0.13,0.98,0.44,-0.72,1.25,1.06,0.19,-0.33,0.02,-0.35,-0.38,-0.89,0.2,0.09,0.15,0.8,-0.06,0.17,0.13,-0.01,0.14,-0.32,-0.18,-0.13,-0.08,0.92,-0.19,0.54,-0.27,0.27,0.0,3580,1795,1785
1730,Brian Skinner,1999,0.38,0.1,-0.52,-0.34,0.13,-0.1,-1.29,-0.36,-0.54,0.18,0.27,0.15,0.12,-0.23,-0.26,0.0,-0.31,0.04,0.58,0.23,0.15,0.13,0.12,0.01,0.28,0.18,0.09,0.18,-0.09,0.41,-0.32,0.59,0.27,-0.0,948,477,471
672,Matt Bullard,1999,0.19,0.14,1.28,0.15,-1.47,-0.03,0.22,0.83,1.01,-0.18,0.44,0.4,0.04,-0.2,0.19,-0.09,0.34,0.09,-0.53,-0.22,-0.21,0.03,0.04,-0.01,-0.71,-0.63,-0.07,-0.16,1.27,-0.68,1.07,-0.84,0.23,-0.0,1523,766,757
275,Allan Houston,1999,-0.22,-0.5,-0.33,0.23,0.56,-0.67,-0.73,-1.32,-1.37,0.05,-0.19,-0.08,-0.11,0.14,0.26,0.91,-0.24,0.11,-0.02,0.37,0.85,1.37,1.36,0.01,-0.31,-0.29,-0.02,0.52,-1.51,1.06,-1.37,1.58,0.21,-0.0,9219,4628,4591
895,Tyrone Corbin,1999,-1.54,-0.16,1.13,-0.57,0.41,-0.5,-0.67,-1.31,-1.25,-0.06,0.28,0.39,-0.11,0.93,0.77,-0.15,0.04,0.15,-0.8,0.23,1.28,0.08,0.06,0.02,0.18,-0.01,0.18,0.04,-1.03,0.26,-0.1,0.3,0.2,-0.0,4606,2295,2311
1711,Raef LaFrentz,1999,0.54,0.15,1.45,-0.21,-2.0,-0.4,0.05,0.59,0.34,0.25,0.23,-0.04,0.27,0.2,-0.34,-0.26,0.17,-0.05,0.17,-0.06,-0.44,-0.64,-0.58,-0.06,0.29,-0.01,0.29,-0.47,0.82,-0.35,1.02,-0.82,0.2,0.0,1477,736,741
121,Patrick Ewing,1999,-0.49,-0.06,-0.39,0.12,0.88,-0.16,-0.28,-0.44,-0.36,-0.08,0.16,0.02,0.15,0.34,0.2,1.13,-0.07,-0.04,-0.13,0.19,0.14,1.37,1.16,0.21,-0.36,-0.08,-0.27,-0.88,-0.28,1.01,0.06,0.13,0.19,-0.0,5843,2944,2899
426,Terry Davis,1999,-0.45,0.36,-0.99,0.12,1.45,-0.05,0.92,-1.07,-0.61,-0.46,0.36,0.28,0.08,0.72,0.33,-0.42,0.43,-0.16,-0.76,-0.13,-0.72,-0.41,-0.57,0.16,0.09,-0.12,0.2,0.47,-0.71,-0.32,0.01,0.15,0.17,0.01,2053,1028,1025
296,Rick Fox,1999,0.4,-0.12,0.91,0.24,-1.3,0.03,0.72,1.3,0.92,0.38,0.18,0.28,-0.1,-0.78,0.4,-0.19,-0.06,0.11,-0.33,-0.03,1.03,-0.66,-0.24,-0.42,-0.11,-0.35,0.23,0.2,1.48,-0.77,0.7,-0.57,0.13,0.0,4240,2123,2117
228,Adam Keefe,1999,0.36,0.04,-1.24,-0.4,0.87,0.15,-0.55,-0.53,-0.9,0.37,-0.58,-0.45,-0.13,1.11,0.08,-0.09,-0.23,0.39,0.15,0.08,1.04,0.78,0.85,-0.07,-0.24,-0.27,0.03,-0.41,-1.11,0.54,-0.0,0.13,0.12,-0.01,2671,1332,1339
93,Hubert Davis,1999,-1.23,-0.43,0.6,0.1,0.63,0.89,-0.95,1.48,1.31,0.17,1.26,0.25,1.0,-1.19,-1.45,0.36,-0.06,0.13,1.5,-0.79,-0.02,-1.73,-1.63,-0.1,-0.21,0.29,-0.5,0.51,2.74,-1.94,1.55,-1.43,0.12,-0.0,4983,2485,2498
781,Will Perdue,1999,-0.2,0.28,-0.04,0.06,0.24,0.22,0.3,1.06,1.18,-0.12,-0.47,-0.79,0.31,-0.92,-0.12,-0.07,0.08,0.33,0.03,0.2,0.72,0.29,0.46,-0.17,0.08,0.13,-0.05,0.08,0.59,0.37,-0.33,0.45,0.12,-0.0,1971,972,999
244,Dee Brown,1999,0.2,-0.47,3.06,0.15,-3.24,-0.39,-0.42,0.62,0.28,0.34,0.13,-0.04,0.17,1.03,-0.57,0.26,-0.48,-0.17,1.05,-0.24,-1.14,-1.33,-0.94,-0.39,-0.37,-0.21,-0.15,0.04,0.75,-1.7,1.78,-1.66,0.11,-0.01,5101,2549,2552
7,Dan Schayes,1999,0.27,0.02,-0.12,-0.13,-0.15,0.01,-0.88,-0.86,-0.68,-0.18,0.18,0.29,-0.11,0.71,-0.09,0.12,-0.03,-0.0,0.12,-0.07,0.39,0.16,0.31,-0.15,-0.09,-0.11,0.02,-0.01,-0.68,0.07,0.03,0.06,0.09,-0.0,512,258,254
906,Haywoode Workman,1999,0.52,0.78,0.52,-0.11,-1.03,0.27,1.18,0.61,0.45,0.16,-0.19,0.15,-0.34,-0.41,0.07,0.02,-0.56,0.09,0.5,0.12,0.93,-0.09,0.26,-0.35,0.33,0.29,0.04,-0.16,0.42,0.24,0.01,0.08,0.09,0.0,3053,1529,1524
1133,Corey Beck,1999,0.01,0.14,-0.29,0.13,0.28,0.05,0.19,0.41,0.36,0.05,0.06,0.28,-0.21,-0.02,-0.19,-0.09,0.07,0.02,0.12,0.02,0.08,-0.36,-0.23,-0.13,-0.17,-0.13,-0.04,0.14,0.47,-0.53,0.45,-0.39,0.07,0.01,631,313,318
724,Cory Alexander,1999,0.0,0.25,1.2,-0.49,-1.21,-0.81,-0.12,-0.83,-0.81,-0.02,-0.68,-0.91,0.23,0.77,0.17,0.27,-0.04,0.04,-0.13,-0.06,0.97,0.27,0.59,-0.32,0.46,0.14,0.32,0.08,-1.51,0.73,-0.74,0.81,0.07,-0.0,2788,1396,1392
107,Dale Ellis,1999,-0.72,0.46,2.93,0.6,-2.21,-0.41,0.39,1.78,1.28,0.5,0.39,-0.01,0.4,-0.27,0.13,-0.55,-0.39,0.12,0.26,0.03,-0.74,-0.72,-0.38,-0.34,-0.68,-0.21,-0.47,-0.44,2.17,-1.4,1.9,-1.84,0.06,0.0,4475,2248,2227
697,Fred Hoiberg,1999,0.16,-0.21,-0.06,-0.19,-0.1,0.31,-0.68,-0.17,-0.34,0.17,0.13,-0.12,0.25,0.47,0.02,0.04,-0.13,0.01,0.12,-0.12,-0.06,-0.35,-0.18,-0.17,0.01,-0.03,0.04,-0.03,-0.04,-0.34,0.43,-0.37,0.06,0.0,379,192,187
456,Chuck Person,1999,-1.14,0.73,1.52,0.25,-0.39,-0.48,0.39,0.46,0.45,0.01,-0.19,0.01,-0.22,-0.35,-0.0,-0.4,0.3,0.14,-0.3,0.52,0.42,0.33,0.41,-0.08,-0.17,0.01,-0.18,-0.05,0.27,0.16,-0.08,0.11,0.03,-0.0,3577,1797,1780
988,Randy Livingston,1999,-0.37,0.04,-0.09,-0.03,0.46,0.11,-0.3,-0.19,-0.21,0.02,0.11,0.08,0.02,0.17,0.05,-0.05,-0.14,-0.01,0.09,0.0,-0.02,-0.11,-0.1,-0.01,0.02,-0.06,0.07,0.03,-0.08,-0.09,0.09,-0.06,0.02,-0.01,176,91,85
1000,Shandon Anderson,1999,1.39,-0.44,-2.13,-0.43,0.73,-0.16,-2.02,-0.87,-1.33,0.46,-0.86,-0.52,-0.33,1.03,-0.1,0.12,0.18,0.23,-0.08,0.08,1.22,0.49,0.82,-0.33,0.21,0.13,0.08,0.01,-1.73,0.7,-0.7,0.71,0.0,-0.01,4822,2404,2418
980,Zydrunas Ilgauskas,1999,-0.2,0.11,-0.23,-0.11,0.43,-0.04,-0.65,-0.13,-0.34,0.21,-0.48,-0.27,-0.22,0.53,-0.14,-0.04,0.06,-0.02,0.08,0.06,0.21,-0.11,0.0,-0.11,0.24,0.13,0.1,-0.05,-0.61,0.13,-0.08,0.08,-0.0,-0.0,609,303,306
210,Terrell Brandon,1999,-1.54,0.08,-1.09,0.14,2.63,0.42,1.41,-0.31,0.48,-0.79,0.75,0.52,0.24,-0.18,-0.11,-0.01,-0.22,0.04,0.32,-0.33,-0.88,-0.85,-0.77,-0.08,0.01,0.3,-0.29,0.58,0.44,-0.84,0.26,-0.26,0.0,0.0,5089,2549,2540
766,David Wingate,1999,0.45,-0.05,-0.68,-0.1,0.23,-0.07,0.17,-0.38,-0.41,0.03,-0.24,0.0,-0.24,0.34,0.08,0.0,-0.01,0.07,-0.07,-0.02,0.47,-0.05,0.09,-0.14,0.19,0.09,0.1,0.14,-0.62,0.14,-0.28,0.28,-0.0,-0.0,286,141,145
978,Peja Stojakovic,1999,0.09,0.05,3.41,-0.36,-3.52,-0.06,1.25,-0.32,-0.11,-0.21,0.01,0.12,-0.11,0.58,-0.2,-0.15,0.49,0.05,-0.28,0.11,0.17,-0.22,-0.21,-0.01,0.02,0.08,-0.06,-0.08,-0.31,-0.2,0.27,-0.28,-0.01,0.0,4280,2157,2123
77,Doug Overton,1999,-0.09,0.11,-0.81,-0.22,0.9,-0.53,-1.27,-1.38,-1.28,-0.1,0.36,0.25,0.11,0.9,-0.09,0.16,-0.12,-0.08,0.21,0.08,-0.04,-0.26,-0.23,-0.03,-0.09,-0.15,0.06,0.45,-1.02,-0.35,-0.12,0.1,-0.02,-0.0,916,458,458
989,Ben Davis,1999,0.31,-0.25,-0.39,-0.03,0.08,-0.02,0.28,-0.2,-0.14,-0.06,0.08,0.04,0.05,0.11,0.09,-0.03,-0.03,-0.01,-0.06,-0.04,0.09,-0.19,-0.12,-0.07,0.1,0.09,0.01,0.09,-0.12,-0.09,-0.01,-0.0,-0.02,-0.01,82,40,42
1731,Tyronn Lue,1999,0.52,0.26,0.21,-0.07,-0.72,-0.07,-0.32,0.34,0.07,0.27,0.19,0.18,0.01,0.46,-0.3,-0.07,-0.12,0.04,0.42,-0.13,-0.27,-0.54,-0.39,-0.15,-0.05,-0.1,0.05,-0.45,0.53,-0.59,0.99,-1.04,-0.04,0.01,855,428,427
970,Othella Harrington,1999,-0.15,1.02,-0.41,-0.3,0.56,-0.0,-2.15,-0.09,0.1,-0.19,-0.97,-0.74,-0.24,0.23,0.2,0.41,0.29,-0.02,-0.49,0.24,1.05,1.12,0.96,0.16,-0.65,-0.37,-0.28,0.31,-1.06,0.47,-0.83,0.78,-0.05,-0.0,3514,1753,1761
962,Walter McCarty,1999,-0.32,-0.47,0.78,0.19,-0.46,0.18,-0.89,-0.68,-0.53,-0.15,-0.48,0.02,-0.51,0.44,-0.48,0.26,-0.1,0.08,0.58,0.38,1.76,0.37,0.85,-0.48,0.12,0.29,-0.16,0.19,-1.16,0.49,-0.72,0.68,-0.05,-0.01,2376,1198,1178
348,Mitchell Butler,1999,0.06,-0.19,0.4,-0.13,-0.46,0.09,-0.41,0.34,0.25,0.09,-0.19,0.02,-0.22,-0.45,0.01,0.14,-0.32,0.03,0.31,0.05,-0.26,0.09,0.09,-0.0,0.21,0.18,0.03,-0.05,0.15,0.3,-0.3,0.25,-0.05,0.0,1406,703,703
320,Jamie Watson,1999,-0.2,0.13,0.16,-0.0,0.03,-0.1,-0.28,0.0,-0.06,0.06,-0.0,-0.06,0.05,0.05,0.07,0.04,0.01,0.0,-0.08,-0.02,-0.05,-0.05,-0.02,-0.03,-0.03,0.0,-0.03,-0.01,0.0,-0.08,0.05,-0.09,-0.05,-0.01,55,28,27
84,Latrell Sprewell,1999,0.21,0.05,-0.38,-0.28,0.17,-0.02,-1.58,0.6,0.29,0.31,1.09,0.79,0.3,-0.23,0.24,0.12,-0.45,-0.39,0.21,-0.08,-0.41,-2.06,-1.63,-0.43,-0.24,-0.02,-0.23,0.79,1.69,-2.3,1.46,-1.51,-0.06,-0.01,6938,3468,3470
959,Steve Nash,1999,-0.46,-0.29,0.68,0.02,-0.22,0.16,0.33,-0.13,0.37,-0.5,-0.25,-0.57,0.31,-0.08,-1.0,0.63,0.36,0.1,0.64,-0.37,0.55,0.48,0.35,0.13,0.18,0.37,-0.18,-0.26,-0.38,0.66,-0.46,0.4,-0.07,-0.01,4532,2258,2274
696,Travis Best,1999,-0.47,-0.54,-0.73,-0.04,1.2,0.21,-2.05,-0.25,-0.33,0.08,0.07,0.29,-0.22,-0.48,0.83,-0.15,-0.05,0.08,-0.79,-0.18,1.08,-0.17,0.04,-0.21,0.14,-0.14,0.29,0.6,-0.18,-0.03,-0.66,0.57,-0.09,-0.0,4188,2069,2119
209,Dell Curry,1999,-1.13,-0.1,1.15,1.01,-0.03,0.58,1.74,1.74,2.24,-0.5,0.15,0.08,0.06,-1.12,-0.78,0.56,-0.58,0.11,1.36,-0.02,-0.36,0.04,-0.02,0.06,-0.11,0.12,-0.24,-0.79,1.89,-0.07,0.77,-0.86,-0.09,0.0,3699,1868,1831
953,Lorenzen Wright,1999,0.12,-0.31,-0.3,-0.18,0.18,-0.18,-1.72,-0.51,-0.74,0.23,-0.39,0.45,-0.82,1.35,-0.52,-0.22,-0.64,0.01,1.16,0.07,0.23,-0.19,-0.17,-0.02,-0.09,-0.1,0.01,-0.28,-0.9,-0.28,0.45,-0.56,-0.12,-0.01,4135,2059,2076
339,Tom Gugliotta,1999,0.19,0.66,-0.98,0.26,0.78,-0.26,1.64,0.02,-0.23,0.25,0.6,-0.3,0.91,-0.19,-0.21,-0.14,-0.58,-0.35,0.79,-0.13,-1.45,-0.2,-0.64,0.44,0.08,0.06,0.02,-0.43,0.62,-0.12,0.43,-0.55,-0.12,0.0,6251,3123,3128
457,Andrew Lang,1999,-0.31,-0.52,-0.61,0.07,0.92,0.2,0.53,-0.37,0.04,-0.41,-0.08,0.18,-0.27,0.56,-0.34,-0.01,0.16,0.04,0.17,0.06,0.62,0.22,0.34,-0.12,-0.13,-0.08,-0.04,-0.32,-0.45,0.09,0.11,-0.23,-0.12,-0.0,1339,666,673
914,Stanley Roberts,1999,0.01,0.15,-0.16,0.05,0.15,-0.08,-0.04,0.15,0.18,-0.03,-0.22,-0.16,-0.05,-0.08,0.09,0.01,-0.08,0.01,-0.01,0.12,0.19,0.07,0.14,-0.07,0.11,0.04,0.07,-0.16,-0.07,0.18,-0.15,0.02,-0.13,0.0,192,96,96
1630,Mikki Moore,1999,-0.23,0.06,-0.07,-0.03,0.3,-0.02,-0.19,-0.23,-0.19,-0.04,-0.01,-0.04,0.02,0.07,0.1,-0.04,-0.13,0.05,0.03,-0.01,0.08,0.01,0.05,-0.04,0.01,0.0,0.01,0.03,-0.24,0.02,-0.17,0.05,-0.13,-0.01,19,10,9
265,Harvey Grant,1999,-0.94,0.78,-1.24,-0.16,2.19,-0.67,-0.62,-2.0,-2.03,0.03,1.27,0.39,0.88,0.71,-0.13,-0.43,-0.09,0.11,0.21,0.38,0.37,-0.19,-0.12,-0.07,-0.17,-0.27,0.09,0.24,-0.73,-0.36,-0.02,-0.12,-0.14,0.0,2977,1492,1485
317,John Starks,1999,-0.29,-0.07,0.74,-0.56,-0.45,-0.03,0.04,-0.9,-0.78,-0.12,-0.07,0.19,-0.27,1.04,0.94,-0.32,0.61,-0.06,-1.55,0.17,0.39,-0.1,0.12,-0.22,-0.32,-0.23,-0.08,0.21,-0.97,-0.42,0.07,-0.21,-0.14,-0.0,6201,3094,3107
967,Brian Evans,1999,-0.23,-0.35,-0.0,-0.11,0.24,-0.19,-0.02,-0.66,-0.66,0.0,-0.64,-0.1,-0.54,0.35,-0.08,0.05,0.15,0.14,-0.06,0.11,1.2,0.6,0.6,-0.0,0.11,0.04,0.06,0.1,-1.3,0.71,-0.95,0.81,-0.14,0.0,525,266,259
234,Khalid Reeves,1999,0.28,-0.23,-0.52,-0.1,0.24,-0.04,-0.24,0.21,0.01,0.2,0.07,-0.13,0.21,-0.3,0.07,-0.16,-0.27,-0.02,0.2,0.09,0.03,-0.35,-0.32,-0.03,0.13,0.04,0.09,0.08,0.28,-0.22,-0.02,-0.14,-0.16,-0.0,394,198,196
213,Antonio Davis,1999,-1.28,-0.07,1.0,0.04,0.28,-0.26,-1.56,0.73,0.36,0.37,-0.02,0.21,-0.23,-0.17,0.68,-0.14,0.22,-0.03,-0.9,-0.49,0.35,-1.03,-0.96,-0.07,-0.08,-0.32,0.24,0.39,0.71,-1.11,0.54,-0.72,-0.17,0.01,5638,2801,2837
1823,Makhtar N'diaye,1999,-0.4,0.01,0.3,-0.1,0.1,0.11,-0.36,-0.11,-0.07,-0.04,0.06,-0.02,0.07,0.0,0.03,-0.05,-0.02,-0.06,-0.01,0.01,-0.1,-0.13,-0.09,-0.04,0.03,0.03,-0.0,-0.02,-0.05,-0.1,-0.05,-0.12,-0.17,-0.0,81,41,40
273,Duane Ferrell,1999,-0.13,-0.05,-0.29,0.04,0.42,-0.44,-0.59,-0.79,-0.79,0.0,-0.15,-0.44,0.29,0.59,-0.02,-0.02,0.01,-0.0,0.01,0.09,-0.01,-0.03,0.0,-0.03,0.06,0.05,0.01,0.14,-0.94,0.03,-0.35,0.17,-0.18,0.0,162,80,82
1748,Korleone Young,1999,0.04,0.17,0.07,-0.1,-0.11,-0.16,-0.2,-0.36,-0.26,-0.1,-0.02,0.04,-0.06,0.11,0.09,-0.04,-0.1,0.03,0.0,0.01,0.13,-0.02,0.01,-0.03,0.08,0.04,0.04,0.03,-0.38,0.06,-0.27,0.09,-0.18,0.0,55,28,27
718,Gary Trent,1999,0.8,-0.42,-1.34,0.16,0.54,0.42,-1.73,0.61,0.46,0.15,0.3,0.11,0.19,0.3,-0.72,0.4,0.21,0.36,0.52,-0.83,-0.54,-0.71,-0.67,-0.04,-0.56,-0.13,-0.43,-0.12,0.91,-1.27,1.21,-1.39,-0.18,0.0,4950,2466,2484
1716,Larry Hughes,1999,0.76,0.39,-1.24,-0.68,0.48,-0.89,-2.2,-0.93,-1.01,0.08,-0.16,-0.44,0.28,0.92,0.26,-0.31,-0.08,0.03,-0.18,0.7,1.18,-0.18,0.38,-0.56,0.22,0.14,0.08,-0.08,-1.09,0.04,-0.17,-0.04,-0.21,0.0,4403,2205,2198
185,Chris Webber,1999,0.59,1.31,0.07,-0.2,-0.66,0.11,0.98,1.43,1.5,-0.07,-0.76,-0.54,-0.23,-1.33,0.02,-0.19,0.49,0.19,-0.51,0.05,0.54,1.11,0.76,0.35,0.03,0.1,-0.07,-0.69,0.67,1.14,-0.66,0.45,-0.21,-0.0,7502,3766,3736
1429,Jimmy Oliver,1999,-0.15,0.09,-0.03,-0.02,0.18,-0.01,-0.24,0.0,-0.05,0.05,0.06,0.01,0.05,-0.03,0.03,-0.03,-0.07,-0.03,0.04,-0.01,-0.07,-0.23,-0.2,-0.03,-0.03,-0.02,-0.01,0.01,0.06,-0.26,0.03,-0.25,-0.22,0.0,40,20,20
364,Rex Chapman,1999,-0.97,0.08,0.64,0.41,0.33,0.22,2.49,0.31,0.4,-0.09,0.68,0.47,0.19,-0.76,-0.27,-0.34,-0.11,-0.2,0.38,0.33,0.25,0.97,0.65,0.32,0.02,0.11,-0.09,-1.44,0.99,0.99,0.23,-0.45,-0.22,-0.0,4591,2307,2284
416,Willie Burton,1999,-0.24,0.09,-0.09,-0.08,0.32,0.04,-0.38,-0.17,-0.14,-0.03,-0.1,-0.01,-0.07,0.0,0.11,-0.03,-0.08,0.0,-0.03,0.0,0.05,-0.14,-0.09,-0.05,0.09,0.05,0.04,0.09,-0.27,-0.05,-0.27,0.04,-0.23,0.0,71,36,35
714,Michael Finley,1999,0.03,-0.56,-0.54,0.17,0.51,0.5,-0.65,0.53,0.54,-0.01,0.41,-0.54,0.96,-0.36,-1.01,0.69,0.17,0.33,0.83,-1.08,-0.07,-0.48,-0.81,0.33,-0.51,0.09,-0.59,0.16,0.94,-0.99,0.58,-0.83,-0.24,0.01,7491,3742,3749
177,Muggsy Bogues,1999,-0.82,-0.71,-0.61,-0.13,1.43,-0.19,-0.51,-1.07,-1.06,-0.01,-0.54,-0.12,-0.42,0.34,0.35,-0.07,-0.12,0.06,-0.23,0.16,0.26,0.39,0.36,0.03,0.41,-0.09,0.5,0.23,-1.61,0.8,-1.27,1.03,-0.24,0.0,2533,1256,1277
202,Gary Grant,1999,-0.23,-0.02,0.03,0.03,0.21,-0.01,0.02,-0.19,-0.12,-0.07,0.02,0.01,0.01,0.01,0.02,-0.06,0.0,0.0,-0.02,0.03,0.12,-0.01,0.03,-0.04,-0.01,0.0,-0.02,-0.08,-0.17,-0.02,-0.16,-0.1,-0.26,0.0,17,8,9
197,Scott Burrell,1999,-0.17,-0.24,0.03,-0.04,0.14,-0.71,-1.83,-0.7,-0.83,0.13,-0.36,-0.01,-0.35,0.41,-0.29,0.23,-0.31,0.24,0.6,-0.18,0.63,-0.2,-0.01,-0.19,0.08,0.13,-0.05,0.52,-1.06,-0.12,-0.65,0.4,-0.26,-0.01,2693,1350,1343
435,Carlos Rogers,1999,-0.19,0.02,0.06,-0.03,0.13,0.08,-0.19,0.06,0.02,0.04,0.05,0.0,0.05,-0.27,0.06,-0.03,-0.15,0.05,0.1,-0.05,0.11,-0.07,-0.03,-0.04,-0.01,-0.01,-0.0,-0.03,0.11,-0.08,-0.16,-0.11,-0.27,0.0,32,16,16
1737,Nazr Mohammed,1999,-0.26,0.04,-0.21,0.01,0.46,-0.05,-0.81,0.12,-0.2,0.32,-0.02,0.05,-0.08,-0.56,0.01,0.09,-0.08,0.11,0.08,0.1,0.42,-0.02,0.2,-0.22,0.13,0.06,0.07,0.07,0.1,0.11,-0.46,0.18,-0.28,0.0,458,229,229
1729,Ricky Davis,1999,0.42,0.49,-1.12,0.04,0.7,-0.22,0.49,0.36,0.4,-0.04,-0.97,-0.59,-0.38,0.1,-1.06,0.01,0.12,0.1,0.94,0.27,0.62,-0.17,0.11,-0.28,0.5,0.33,0.17,-0.1,-0.61,0.33,-0.51,0.23,-0.29,-0.01,2073,1035,1038
1569,Keith Closs,1999,0.39,0.29,0.08,-0.13,-0.47,-0.27,-0.5,0.47,0.32,0.15,-0.16,0.08,-0.24,-0.28,-0.23,-0.01,0.02,0.04,0.21,0.01,0.35,0.01,0.08,-0.07,-0.06,-0.03,-0.03,-0.28,0.31,-0.05,0.03,-0.33,-0.3,0.0,323,164,159
428,Sherman Douglas,1999,0.64,-0.38,-1.43,-0.22,0.79,0.05,-2.38,-0.28,-0.31,0.03,-0.35,-0.17,-0.18,0.58,-0.25,-0.5,-0.33,0.21,0.58,-0.1,0.07,-0.22,0.02,-0.24,0.03,-0.03,0.05,-0.07,-0.63,-0.19,-0.05,-0.26,-0.3,0.01,3017,1515,1502
400,Derek Strong,1999,0.98,-0.27,-0.61,-0.17,-0.38,-0.54,-2.12,-1.75,-1.75,0.0,-0.48,-0.54,0.07,1.21,-0.13,-0.11,0.12,-0.15,0.01,-0.2,-0.89,-0.58,-0.95,0.37,0.7,0.26,0.44,0.59,-2.23,0.12,-1.02,0.71,-0.31,0.0,2586,1301,1285
146,Jud Buechler,1999,-0.45,-0.98,1.21,-0.01,-0.76,-0.46,-0.59,-1.06,-1.24,0.18,-0.01,0.28,-0.29,-0.08,-0.05,0.31,-0.64,0.0,0.69,0.17,0.66,0.03,0.35,-0.32,0.39,0.17,0.22,0.42,-1.07,0.42,-1.15,0.84,-0.31,0.0,4016,2008,2008
1734,Sam Jacobson,1999,0.01,-0.0,-0.05,-0.06,0.05,-0.05,-0.15,-0.35,-0.33,-0.02,-0.06,0.04,-0.1,0.14,-0.0,-0.03,0.01,-0.0,-0.01,0.08,0.13,0.07,0.09,-0.02,0.0,0.03,-0.02,-0.12,-0.41,0.07,-0.27,-0.05,-0.33,-0.01,49,25,24
901,Otis Thorpe,1999,-0.77,1.15,-1.14,-0.03,1.92,0.85,1.7,1.29,1.35,-0.06,0.27,0.48,-0.22,-0.12,0.52,-0.8,0.59,-0.28,-1.1,-0.25,-1.01,-0.96,-0.88,-0.08,-0.38,-0.16,-0.23,-0.43,1.56,-1.34,1.44,-1.77,-0.33,0.0,5635,2826,2809
1515,Anthony Parker,1999,-0.23,0.02,0.04,-0.05,0.19,-0.01,-0.36,-0.19,-0.22,0.03,-0.0,0.01,-0.0,-0.04,0.03,-0.05,-0.03,0.0,-0.0,-0.0,0.09,-0.1,-0.06,-0.04,0.03,-0.01,0.04,-0.02,-0.19,-0.07,-0.23,-0.09,-0.33,-0.01,10,5,5
786,Gerald Wilkins,1999,-0.03,-0.1,-0.28,0.03,0.31,-0.22,-0.58,-0.37,-0.43,0.06,-0.05,0.02,-0.07,0.18,-0.1,-0.01,-0.04,-0.03,0.14,-0.02,-0.08,-0.29,-0.21,-0.08,0.15,-0.01,0.17,0.04,-0.42,-0.14,-0.24,-0.1,-0.34,0.0,131,65,66
1527,Marko Milic,1999,0.22,0.0,0.04,0.08,-0.25,-0.33,-0.62,-0.52,-0.37,-0.15,-0.15,-0.19,0.05,0.45,-0.21,-0.11,0.03,0.02,0.18,0.03,-0.31,-0.22,-0.24,0.02,0.06,0.14,-0.09,0.02,-0.67,-0.16,-0.22,-0.14,-0.36,0.0,195,95,100
1594,Rick Brunson,1999,0.81,0.0,-0.57,-0.07,-0.23,-0.27,-0.7,-0.38,-0.57,0.19,-0.31,-0.16,-0.16,0.06,-0.17,0.03,0.11,0.11,0.05,-0.06,0.6,-0.06,-0.01,-0.05,0.33,0.15,0.16,0.0,-0.69,0.27,-0.63,0.27,-0.36,-0.0,380,189,191
221,Clar. Weatherspoon,1999,-0.9,0.26,0.71,0.17,0.19,0.06,-0.56,0.15,0.16,-0.01,-0.7,-0.21,-0.5,0.26,0.35,0.23,0.31,-0.03,-0.66,-0.05,-0.28,0.33,0.02,0.31,-0.29,-0.12,-0.16,-0.11,-0.55,0.04,-0.29,-0.07,-0.36,-0.0,3910,1950,1960
785,Eric Murdock,1999,0.18,0.07,-0.77,-0.19,0.59,-0.43,-1.18,-0.19,-0.02,-0.17,-0.56,0.06,-0.62,-0.97,-0.42,0.07,0.21,0.1,0.21,0.3,1.14,0.68,0.68,-0.0,0.61,0.5,0.11,0.07,-0.75,1.29,-1.72,1.36,-0.36,0.0,1564,780,784
104,Benoit Benjamin,1999,-0.68,0.05,-0.13,-0.04,0.81,0.04,-0.64,-0.37,-0.24,-0.13,-0.0,-0.04,0.04,-0.02,-0.06,-0.07,-0.03,0.03,0.09,0.01,-0.02,-0.09,-0.05,-0.04,0.08,-0.02,0.1,0.02,-0.37,-0.01,-0.39,0.01,-0.38,-0.0,119,58,61
1868,Trevor Winter,1999,0.04,-0.02,-0.05,-0.03,0.01,-0.14,-0.37,-0.42,-0.37,-0.05,0.01,0.0,-0.0,0.2,0.02,-0.06,-0.04,0.01,0.02,0.01,0.02,-0.16,-0.06,-0.1,-0.04,-0.03,-0.02,0.03,-0.41,-0.2,-0.21,-0.17,-0.38,0.0,18,8,10
1517,Bobby Jackson,1999,-0.53,-0.91,-1.58,-0.08,2.11,-0.29,-0.18,-1.31,-1.15,-0.16,0.18,0.02,0.16,0.74,-0.17,0.36,-0.26,0.09,0.42,0.07,-0.4,-0.29,-0.12,-0.17,0.18,0.1,0.08,0.11,-1.13,-0.11,-0.39,0.0,-0.39,0.0,3538,1766,1772
216,Brian Shaw,1999,0.01,-0.05,0.03,-0.06,-0.03,-0.02,-0.32,-0.26,-0.22,-0.04,-0.16,-0.05,-0.11,0.09,0.04,-0.03,-0.01,0.0,-0.03,0.0,0.12,-0.01,0.04,-0.05,-0.01,-0.02,0.01,-0.04,-0.42,-0.02,-0.33,-0.06,-0.39,0.0,16,7,9
71,Pooh Richardson,1999,-0.37,-0.03,0.15,0.04,0.22,-0.32,0.64,0.27,0.11,0.16,0.11,0.12,-0.01,-0.58,-0.1,-0.07,0.15,0.01,-0.05,-0.18,0.02,-0.1,-0.15,0.05,0.01,0.01,-0.0,-0.11,0.38,-0.09,-0.2,-0.2,-0.4,-0.0,506,252,254
692,Andrew DeClercq,1999,1.43,-0.38,-0.58,-0.31,-0.84,-0.29,0.46,-0.84,-0.57,-0.27,0.54,0.29,0.25,0.11,-0.11,-0.41,0.18,-0.15,-0.07,0.24,-0.66,-0.66,-0.38,-0.28,0.83,0.42,0.41,-0.38,-0.3,0.17,-0.19,-0.21,-0.4,0.0,3909,1957,1952
64,Sam Perkins,1999,-0.81,-0.19,1.2,-0.16,-0.39,0.09,-0.22,-0.74,-0.44,-0.3,0.44,0.56,-0.13,-0.96,0.65,0.03,0.29,0.1,-0.94,-0.31,0.28,0.14,0.1,0.04,-0.09,-0.16,0.08,0.81,-0.3,0.05,-1.26,0.86,-0.41,-0.01,3253,1626,1627
1544,Chris Crawford,1999,0.6,-0.29,-0.52,-0.17,-0.08,0.13,-2.8,-1.06,-0.63,-0.43,0.13,0.02,0.1,0.2,0.6,0.03,0.32,0.27,-0.92,-0.01,0.18,0.85,0.71,0.14,-0.56,-0.09,-0.47,0.03,-0.93,0.29,-0.73,0.32,-0.41,0.0,3118,1559,1559
1820,Kelly McCarty,1999,-0.24,0.05,-0.03,-0.05,0.27,-0.14,-0.33,-0.43,-0.38,-0.05,-0.08,0.01,-0.11,0.11,0.08,-0.01,-0.1,0.05,0.02,0.01,0.13,-0.01,0.06,-0.07,-0.03,-0.02,-0.01,0.03,-0.51,-0.04,-0.4,-0.01,-0.41,0.0,17,8,9
1735,Vladimir Stepania,1999,0.3,0.02,-0.81,-0.0,0.51,0.24,-0.75,0.67,0.48,0.19,-0.77,-0.1,-0.67,0.38,-0.13,-0.16,-0.41,-0.07,0.53,0.18,-0.21,-0.25,-0.06,-0.19,-0.29,-0.15,-0.13,-0.17,-0.1,-0.54,0.28,-0.71,-0.43,-0.0,1174,585,589
1855,Mark Macon,1999,0.04,-0.05,-0.35,-0.02,0.3,0.0,-0.65,-0.28,-0.16,-0.12,-0.23,-0.22,-0.01,-0.01,0.23,0.07,-0.22,-0.06,-0.01,-0.02,0.07,-0.13,-0.06,-0.07,0.07,0.02,0.05,0.14,-0.51,-0.06,-0.52,0.08,-0.44,0.0,243,120,123
684,Loren Meyer,1999,-0.08,-0.09,0.15,-0.04,-0.07,-0.24,-0.81,-0.75,-0.72,-0.03,-0.17,0.04,-0.22,0.2,0.1,-0.05,-0.12,0.12,0.02,0.14,0.64,0.1,0.36,-0.26,-0.03,-0.09,0.06,0.2,-0.92,0.07,-0.72,0.27,-0.45,0.0,279,138,141
1585,Brandon Williams,1999,-0.22,0.02,0.05,-0.05,0.17,-0.04,-0.36,-0.22,-0.26,0.04,-0.06,-0.05,-0.0,-0.05,0.05,-0.04,-0.06,-0.0,0.01,-0.02,0.09,-0.11,-0.08,-0.03,0.02,0.01,0.01,-0.04,-0.28,-0.09,-0.33,-0.13,-0.46,-0.0,11,5,6
760,Jerome Kersey,1999,-1.04,-0.54,-0.79,-0.3,1.83,0.34,-0.49,-1.56,-1.06,-0.5,-0.64,-0.45,-0.19,0.07,0.5,0.53,0.04,0.2,-0.55,0.02,1.63,0.87,0.77,0.1,0.34,0.26,0.08,0.46,-2.2,1.21,-2.13,1.67,-0.46,0.0,2965,1473,1492
63,Michael Smith,1999,0.9,-0.51,-0.6,0.07,-0.3,-0.37,-1.14,-0.12,-0.81,0.69,-0.11,0.13,-0.24,0.52,-0.22,-0.64,-0.04,0.11,0.26,0.09,-1.52,-0.4,-0.27,-0.13,0.03,-0.04,0.06,-0.39,-0.23,-0.37,0.29,-0.76,-0.47,0.0,3936,1964,1972
384,Calbert Cheaney,1999,-0.92,0.1,-0.74,-0.2,1.67,0.77,0.29,-0.35,-0.09,-0.26,0.54,-0.06,0.61,-0.43,-0.22,-0.48,0.17,-0.1,0.05,0.21,0.41,-0.9,-0.58,-0.32,0.5,0.1,0.41,0.16,0.19,-0.4,-0.24,-0.24,-0.47,0.01,4667,2329,2338
42,Monty Williams,1999,-0.13,-0.0,-0.02,-0.01,0.15,-0.11,-0.33,-0.33,-0.33,0.0,-0.01,-0.02,0.02,0.01,0.07,-0.05,-0.05,-0.0,-0.02,-0.04,-0.09,-0.17,-0.14,-0.03,0.03,0.02,0.01,-0.01,-0.34,-0.14,-0.33,-0.15,-0.48,0.0,20,10,10
100,Tim Legler,1999,-0.39,0.19,0.7,-0.3,-0.31,-0.25,-1.77,-1.23,-0.97,-0.26,-0.22,0.07,-0.3,0.51,0.06,-0.17,-0.11,0.12,0.06,0.24,0.84,0.25,0.4,-0.15,-0.03,-0.26,0.24,0.23,-1.45,0.22,-0.94,0.45,-0.49,0.0,1413,717,696
359,Chucky Brown,1999,-1.35,0.88,-0.24,0.1,1.59,0.38,2.1,0.73,0.92,-0.19,0.81,0.47,0.34,-1.64,-0.04,-0.18,0.46,0.05,-0.41,-0.18,-0.53,-0.04,-0.03,-0.01,-0.25,0.1,-0.35,-0.1,1.54,-0.29,-0.1,-0.39,-0.49,-0.0,4471,2232,2239
28,Doug West,1999,0.22,0.07,-0.78,-0.18,0.56,0.26,-0.55,-0.15,-0.42,0.27,-0.46,0.04,-0.5,0.24,0.17,-0.18,0.02,-0.02,-0.19,-0.05,0.4,-0.44,-0.23,-0.21,0.42,0.12,0.29,-0.1,-0.61,-0.02,-0.37,-0.12,-0.49,0.0,1100,554,546
1852,Jeff Sheppard,1999,0.53,-0.0,-0.24,-0.02,-0.29,-0.54,-0.04,-0.6,-0.58,-0.02,-0.23,-0.15,-0.08,0.01,0.41,-0.04,-0.12,0.06,-0.29,-0.06,0.21,0.1,0.08,0.02,-0.21,-0.04,-0.17,0.42,-0.83,-0.11,-0.82,0.31,-0.51,0.0,695,349,346
432,Pete Chilcutt,1999,-0.21,-0.24,1.22,0.21,-1.02,0.29,0.29,1.83,1.78,0.05,-0.17,-0.15,-0.02,-1.07,-0.46,-0.29,0.17,-0.19,0.29,0.5,-0.56,-0.5,-0.11,-0.39,-0.03,-0.18,0.15,-0.58,1.66,-0.53,0.59,-1.11,-0.52,-0.0,2517,1264,1253
1732,Felipe Lopez,1999,1.5,0.13,-1.66,-0.3,0.15,-0.27,-0.93,-0.18,-0.65,0.47,-0.01,-0.01,-0.0,0.32,-0.26,-0.65,-0.37,-0.01,0.62,0.22,-1.02,-0.75,-0.55,-0.2,0.24,0.27,-0.03,-0.15,-0.19,-0.51,0.13,-0.66,-0.53,0.0,4454,2218,2236
417,Sam Mitchell,1999,-1.41,-1.4,-1.89,-0.09,3.29,0.2,0.45,-2.25,-2.04,-0.21,1.26,0.45,0.8,0.59,-0.22,0.15,0.22,0.12,-0.01,-0.36,-0.62,-0.47,-0.22,-0.25,0.39,0.3,0.09,-0.06,-0.99,-0.08,-0.4,-0.14,-0.54,0.0,5461,2743,2718
1824,Peter Aluma,1999,-0.15,-0.02,0.04,-0.08,0.11,-0.04,-0.49,-0.41,-0.38,-0.03,-0.13,0.02,-0.16,0.14,0.02,0.0,-0.03,-0.01,0.01,0.03,0.01,-0.04,0.02,-0.06,-0.01,-0.02,0.01,-0.08,-0.54,-0.05,-0.4,-0.13,-0.54,-0.01,19,10,9
698,Eddie Johnson,1999,-0.13,0.01,0.08,0.01,0.05,-0.0,-0.11,0.04,0.1,-0.06,-0.02,-0.07,0.05,-0.08,-0.1,-0.05,0.03,-0.03,0.07,-0.03,0.0,-0.35,-0.28,-0.07,-0.07,-0.04,-0.03,-0.07,0.02,-0.42,-0.06,-0.49,-0.55,0.0,75,39,36
1712,Antawn Jamison,1999,-0.18,-0.46,-1.92,-0.4,2.1,-1.17,-1.72,-2.11,-1.86,-0.25,-0.12,0.12,-0.23,0.17,-0.3,-0.02,0.26,0.18,0.04,0.62,1.08,1.19,1.44,-0.25,0.27,-0.02,0.29,0.05,-2.23,1.46,-2.06,1.51,-0.55,0.0,3906,1939,1967
710,David Vaughn,1999,-0.05,0.03,-0.06,-0.04,0.11,0.09,-0.6,0.07,0.25,-0.18,0.02,0.11,-0.1,-0.46,-0.03,-0.08,-0.01,-0.03,0.04,0.26,0.15,-0.21,-0.04,-0.17,0.08,-0.05,0.12,-0.05,0.09,-0.13,-0.37,-0.18,-0.55,-0.0,401,199,202
1514,Paul Grant,1999,-0.18,-0.02,-0.16,-0.03,0.34,-0.01,-0.45,-0.19,-0.15,-0.04,-0.06,0.02,-0.1,-0.14,-0.03,-0.03,-0.03,0.04,0.06,0.01,0.08,-0.08,0.0,-0.08,-0.01,0.02,-0.02,-0.07,-0.25,-0.09,-0.39,-0.16,-0.55,0.0,50,24,26
165,Hakeem Olajuwon,1999,-0.22,0.26,0.78,0.35,-0.57,-0.08,0.42,-0.75,-0.44,-0.31,-0.31,0.21,-0.52,-0.41,1.1,0.15,0.19,-0.06,-1.29,-0.09,-0.43,1.07,0.5,0.57,-0.06,-0.05,-0.01,-0.09,-1.06,1.01,-1.47,0.92,-0.55,-0.0,6972,3474,3498
85,Brent Price,1999,-0.05,0.36,1.64,0.26,-1.6,0.0,-1.08,1.23,1.24,-0.01,-0.63,0.19,-0.82,-0.27,0.4,0.26,-0.11,-0.18,-0.29,-0.52,-0.16,-0.91,-0.93,0.02,-0.08,-0.28,0.19,0.12,0.6,-0.99,0.33,-0.87,-0.55,-0.01,3348,1670,1678
52,Micheal Williams,1999,-0.34,0.01,-0.04,-0.06,0.38,-0.07,-0.58,-0.3,-0.31,0.01,-0.07,-0.1,0.02,-0.05,0.04,-0.04,-0.05,-0.01,0.01,-0.02,-0.08,-0.17,-0.11,-0.06,-0.03,0.02,-0.05,0.04,-0.37,-0.2,-0.42,-0.16,-0.58,0.0,49,24,25
138,Anthony Avent,1999,0.21,-0.13,-0.15,-0.08,-0.06,-0.19,-0.54,-0.53,-0.54,0.01,-0.12,-0.02,-0.1,-0.2,-0.05,-0.03,-0.05,0.06,0.11,0.04,0.34,0.13,0.2,-0.07,0.15,0.06,0.09,-0.02,-0.65,0.28,-0.85,0.26,-0.59,0.0,162,83,79
271,Johnny Newman,1999,-0.1,-0.45,0.24,-0.17,-0.14,0.32,-0.31,0.48,0.2,0.28,-0.13,0.38,-0.51,-1.34,-0.03,0.0,-0.08,0.01,0.11,0.2,0.49,-0.19,0.16,-0.35,0.63,0.32,0.31,-0.06,0.35,0.44,-0.99,0.38,-0.61,0.0,3272,1636,1636
1745,Casey Shaw,1999,-0.12,-0.07,-0.17,-0.03,0.28,-0.14,-0.47,-0.41,-0.38,-0.03,-0.13,-0.13,-0.01,-0.12,0.1,-0.06,-0.17,0.1,0.07,0.01,0.14,0.03,0.06,-0.03,-0.02,-0.04,0.02,0.03,-0.54,0.01,-0.66,0.04,-0.62,0.0,56,26,30
1751,Jahidi White,1999,-0.77,0.56,0.5,-0.13,0.27,-0.31,-1.78,-0.07,0.01,-0.08,-0.36,0.06,-0.42,-0.02,0.03,0.13,-0.13,0.06,0.1,0.01,-0.27,-0.06,0.06,-0.12,-0.05,-0.1,0.06,-0.06,-0.43,-0.11,-0.45,-0.17,-0.62,0.0,706,353,353
371,Terry Mills,1999,-0.1,0.0,0.11,-0.05,-0.01,0.13,-0.14,0.17,0.22,-0.05,-0.3,-0.28,-0.02,-0.22,-0.2,-0.15,0.09,0.02,0.11,-0.03,-0.27,-0.29,-0.29,-0.0,0.01,-0.01,0.02,0.01,-0.13,-0.28,-0.35,-0.27,-0.62,-0.0,106,53,53
971,Mark Hendrickson,1999,-0.71,-0.25,0.38,-0.06,0.34,0.36,0.41,-0.27,0.03,-0.3,0.46,0.28,0.18,-0.19,-0.25,-0.31,-0.25,-0.13,0.5,0.03,0.08,-0.82,-0.8,-0.02,0.25,-0.08,0.33,-0.05,0.19,-0.57,0.0,-0.62,-0.62,0.0,1406,700,706
1563,Kevin Ollie,1999,-0.11,-0.09,-0.1,-0.17,0.21,-0.01,-1.4,-0.64,-0.72,0.08,-0.25,0.01,-0.27,0.31,0.03,-0.01,-0.0,0.01,-0.03,0.04,0.03,-0.06,0.03,-0.09,0.11,0.08,0.03,-0.1,-0.89,0.05,-0.58,-0.05,-0.63,0.0,270,134,136
1764,J.R. Henderson,1999,0.11,-0.47,-0.32,0.08,0.21,-0.32,-0.33,-0.21,-0.2,-0.01,0.11,0.1,0.02,-0.39,-0.47,-0.12,0.09,-0.09,0.38,0.35,-0.18,-0.29,-0.08,-0.21,0.15,0.19,-0.04,0.0,-0.1,-0.14,-0.49,-0.14,-0.63,0.0,1167,584,583
341,Joe Wolf,1999,-0.28,-0.04,-0.07,0.0,0.35,-0.09,-0.25,-0.29,-0.33,0.04,0.06,0.0,0.06,-0.16,0.05,-0.06,-0.06,-0.01,0.01,-0.03,-0.02,-0.24,-0.14,-0.1,-0.03,0.0,-0.03,0.01,-0.23,-0.27,-0.39,-0.26,-0.65,0.0,39,18,21
956,Erick Dampier,1999,-0.87,-0.02,-0.82,0.03,1.68,-0.32,0.58,-1.31,-0.71,-0.6,-0.19,0.25,-0.45,-0.13,0.21,-0.42,0.69,0.05,-0.9,0.35,-0.22,1.2,0.44,0.76,-0.22,-0.31,0.08,0.0,-1.5,0.98,-1.63,0.98,-0.65,-0.0,5086,2532,2554
55,Marty Conlon,1999,-0.18,-0.14,0.16,0.06,0.02,-0.1,0.03,-0.32,-0.26,-0.06,-0.13,-0.18,0.06,0.04,0.12,-0.0,-0.07,-0.02,-0.05,0.05,0.25,-0.18,-0.06,-0.12,-0.08,-0.06,-0.02,0.01,-0.45,-0.26,-0.41,-0.25,-0.66,0.0,129,66,63
932,Oliver Miller,1999,-0.02,-0.13,-0.07,-0.06,0.1,-0.07,-0.36,-0.54,-0.61,0.07,-0.16,-0.24,0.08,0.23,0.09,-0.07,-0.05,-0.01,-0.04,0.01,-0.15,-0.01,0.02,-0.03,-0.03,-0.03,-0.0,-0.17,-0.7,-0.04,-0.47,-0.21,-0.68,0.0,126,64,62
270,Horace Grant,1999,-0.78,-0.37,-0.09,0.12,0.86,-0.09,1.97,0.5,0.41,0.09,-0.06,-0.28,0.22,-1.4,-0.12,-0.1,-0.13,-0.01,0.25,0.12,-0.11,0.42,0.12,0.3,0.18,0.07,0.11,-0.31,0.44,0.6,-0.96,0.29,-0.68,-0.01,6432,3227,3205
1507,Derek Anderson,1999,0.76,-0.17,-0.57,0.01,-0.19,-0.67,-0.29,0.23,-0.28,0.51,-0.44,0.21,-0.64,-0.89,0.06,-0.47,-0.37,0.17,0.31,0.33,0.03,-0.09,0.19,-0.28,0.35,0.21,0.14,0.15,-0.21,0.26,-1.1,0.41,-0.69,0.0,3458,1735,1723
957,Todd Fuller,1999,-0.14,-0.26,-0.7,0.14,0.84,-0.0,0.84,-0.45,-0.08,-0.37,-0.54,-0.1,-0.45,0.05,0.17,0.23,-0.02,0.03,-0.15,-0.11,0.09,0.17,0.21,-0.04,0.03,-0.26,0.29,0.04,-0.99,0.2,-0.94,0.24,-0.7,-0.0,2048,1031,1017
29,Jim McIlvaine,1999,-0.15,-0.1,-0.43,-0.18,0.58,-0.65,-0.95,-1.58,-1.59,0.01,-0.11,-0.18,0.07,0.34,0.19,0.19,-0.29,0.06,0.1,0.19,0.59,0.48,0.72,-0.24,0.17,0.07,0.1,0.0,-1.69,0.65,-1.35,0.65,-0.7,0.0,1027,513,514
1739,Ruben Patterson,1999,0.75,-0.3,-0.03,-0.08,-0.72,-0.27,-0.55,-1.43,-1.29,-0.14,0.07,-0.08,0.16,1.3,-0.34,-0.2,-0.04,-0.04,0.38,0.1,-0.5,-0.21,-0.22,0.01,-0.01,0.03,-0.03,-0.43,-1.36,-0.22,-0.06,-0.65,-0.72,-0.01,584,286,298
183,Bison Dele,1999,0.33,0.21,-0.25,0.39,-0.08,0.22,1.29,0.72,1.27,-0.55,-0.73,-0.4,-0.33,-0.68,-0.15,0.28,0.08,-0.2,0.07,-0.31,-1.68,-0.05,-0.22,0.17,0.15,0.31,-0.15,-0.13,-0.01,0.1,-0.69,-0.03,-0.72,0.0,4537,2278,2259
469,Jamal Mashburn,1999,-0.63,-0.37,-0.58,0.24,1.22,1.14,0.7,0.2,0.62,-0.42,-0.39,-0.42,0.04,-0.44,-0.11,0.55,0.06,-0.0,0.05,-0.17,-0.09,0.44,0.45,-0.01,-0.5,-0.3,-0.22,-0.03,-0.19,-0.06,-0.63,-0.09,-0.72,0.0,3482,1741,1741
712,Mario Bennett,1999,-0.1,-0.16,-0.15,-0.08,0.26,-0.06,-0.75,-0.95,-0.83,-0.12,0.04,0.07,-0.04,0.26,0.06,-0.06,0.02,-0.01,-0.08,0.04,0.38,-0.04,0.06,-0.1,-0.02,-0.05,0.02,-0.02,-0.91,-0.06,-0.65,-0.08,-0.73,0.0,73,37,36
436,Juwan Howard,1999,-0.76,0.39,-0.81,-0.4,1.56,0.25,-0.8,-0.97,-0.68,-0.29,-0.65,-0.65,-0.0,0.04,-0.07,-0.5,0.61,0.06,-0.53,0.18,1.27,0.26,0.52,-0.26,0.16,0.06,0.11,0.43,-1.62,0.42,-1.58,0.85,-0.73,0.0,5287,2642,2645
195,Lee Mayberry,1999,0.09,-0.31,-0.33,-0.01,0.23,0.45,-1.17,0.25,0.1,0.15,-0.62,-0.24,-0.36,-0.21,-0.29,-0.03,0.19,0.05,0.1,0.04,-0.13,-0.38,-0.15,-0.23,-0.01,0.0,-0.01,0.23,-0.37,-0.39,-0.58,-0.16,-0.73,0.01,477,246,231
1667,Steve Henson,1999,-0.17,0.02,-0.18,-0.05,0.35,-0.12,-0.76,-0.48,-0.5,0.02,-0.44,-0.28,-0.16,0.13,-0.01,0.05,-0.11,0.06,0.12,-0.02,0.27,0.05,0.1,-0.05,-0.05,-0.04,-0.01,0.06,-0.92,0.0,-0.79,0.06,-0.73,0.0,83,45,38
998,Mark Pope,1999,-0.18,-0.1,0.21,-0.17,-0.03,-0.02,-0.64,-0.52,-0.54,0.02,-0.06,0.07,-0.13,-0.02,0.13,-0.06,0.01,0.0,-0.14,-0.01,0.12,-0.07,0.02,-0.09,-0.08,-0.04,-0.04,0.01,-0.58,-0.15,-0.6,-0.14,-0.74,0.0,79,39,40
1037,Stojko Vrankovic,1999,-0.03,-0.13,0.06,-0.01,-0.02,-0.02,-0.68,-0.31,-0.25,-0.06,0.02,0.01,0.01,-0.06,0.09,-0.09,-0.08,-0.01,-0.0,-0.06,-0.21,-0.28,-0.21,-0.07,-0.04,-0.03,-0.02,-0.08,-0.29,-0.32,-0.35,-0.4,-0.76,-0.01,49,24,25
1003,Drew Barry,1999,0.06,0.13,0.16,-0.0,-0.21,-0.01,0.37,0.69,0.54,0.15,-0.75,-0.58,-0.17,-0.71,0.26,-0.11,0.04,-0.0,-0.3,0.13,0.43,0.1,0.23,-0.13,0.0,-0.06,0.07,-0.1,-0.06,0.1,-0.77,-0.0,-0.77,0.0,689,343,346
182,Billy Owens,1999,0.39,-0.43,-0.41,0.26,0.02,0.19,1.78,0.32,0.86,-0.54,-0.8,-0.35,-0.46,0.48,0.5,-0.21,-0.25,-0.11,-0.25,-0.55,-0.55,-1.42,-1.26,-0.16,0.26,0.06,0.2,0.4,-0.48,-1.16,-0.0,-0.76,-0.77,-0.01,1650,819,831
1719,Bonzi Wells,1999,0.19,0.01,0.22,-0.04,-0.41,-0.12,-0.27,0.05,-0.07,0.12,-0.41,-0.16,-0.25,-0.34,0.08,0.03,-0.09,0.07,0.0,-0.08,0.17,0.1,0.09,0.01,0.0,0.0,-0.0,-0.16,-0.36,0.1,-0.7,-0.06,-0.77,-0.01,149,74,75
23,Dennis Rodman,1999,0.26,-0.14,-0.72,-0.03,0.46,0.21,-1.71,-0.2,-0.69,0.49,-0.01,-0.16,0.13,0.5,-0.33,-0.22,0.44,-0.0,-0.11,-0.17,0.08,-0.6,-0.51,-0.09,-0.48,-0.32,-0.16,0.01,-0.21,-1.08,0.29,-1.07,-0.78,0.0,2450,1228,1222
987,Jason Sasser,1999,-0.45,0.01,0.04,-0.05,0.41,-0.01,-0.49,-0.49,-0.34,-0.15,-0.04,-0.01,-0.04,-0.23,0.02,-0.13,0.07,-0.05,-0.09,0.11,-0.11,-0.1,-0.09,-0.01,0.07,0.09,-0.02,0.02,-0.53,-0.03,-0.76,-0.01,-0.78,-0.01,140,70,70
1496,Keith Van Horn,1999,1.03,-0.48,-0.38,-0.45,-0.65,-0.81,-2.93,-1.0,-0.9,-0.1,0.17,0.35,-0.18,-0.04,-0.89,0.3,0.36,-0.04,0.53,-0.13,0.65,-0.16,-0.24,0.08,0.08,0.28,-0.19,0.16,-0.83,-0.08,-0.87,0.08,-0.78,0.01,5787,2885,2902
363,Christian Laettner,1999,-0.15,-0.24,0.38,0.07,-0.24,-0.22,-0.38,-0.01,-0.37,0.36,-0.12,-0.51,0.39,-0.19,-0.23,-0.15,-0.3,0.11,0.53,-0.12,0.07,-0.29,-0.24,-0.05,0.08,0.03,0.05,-0.27,-0.13,-0.21,-0.32,-0.48,-0.8,0.0,1633,828,805
1754,Andrae Patterson,1999,0.29,0.11,0.04,-0.23,-0.34,-0.79,-0.7,-1.81,-1.72,-0.09,-0.19,-0.13,-0.05,1.03,0.26,-0.02,-0.02,-0.01,-0.25,0.25,0.58,-0.11,0.14,-0.25,0.04,-0.11,0.15,0.24,-2.0,-0.07,-0.97,0.17,-0.8,0.0,1083,542,541
187,Terry Cummings,1999,-1.34,-0.58,-0.71,-1.03,2.04,0.62,-0.82,-1.5,-1.28,-0.22,0.52,0.42,0.1,0.43,0.35,0.01,-0.05,-0.1,-0.29,0.37,0.89,-0.3,0.48,-0.78,-0.08,-0.38,0.3,0.1,-0.98,-0.38,-0.55,-0.28,-0.82,0.01,3718,1870,1848
693,Joe Smith,1999,-0.48,-0.86,-1.63,-0.66,2.11,-0.13,0.25,-2.5,-2.01,-0.49,0.73,0.12,0.61,0.47,0.01,0.65,0.11,0.01,-0.12,0.14,-0.51,-0.3,0.09,-0.39,0.11,0.12,-0.01,0.67,-1.77,-0.19,-1.3,0.48,-0.82,0.0,5769,2897,2872
937,Scottie Pippen,1999,-0.3,1.02,1.67,0.47,-1.37,-0.23,1.14,0.27,0.24,0.03,-0.96,-0.84,-0.12,0.14,1.0,0.25,-0.19,-0.19,-0.81,-0.31,-0.06,0.27,-0.2,0.47,-0.26,-0.07,-0.18,-0.28,-0.69,0.01,-0.55,-0.27,-0.82,0.0,7957,3972,3985
1728,Roshown McLeod,1999,-0.48,-0.13,-0.77,0.07,1.25,-0.23,-0.88,-0.75,-0.87,0.12,-0.04,-0.44,0.4,0.29,0.46,-0.16,-0.4,-0.0,-0.07,-0.29,-0.64,-0.55,-0.75,0.2,-0.19,-0.05,-0.14,0.41,-0.79,-0.74,-0.5,-0.33,-0.83,0.0,1401,705,696
1565,Michael Stewart,1999,-0.24,-0.78,0.47,0.15,-0.22,-0.49,-1.87,-1.08,-0.93,-0.15,-0.04,-0.05,-0.0,0.17,0.34,0.12,-0.07,0.06,-0.27,-0.32,-0.21,-0.14,0.06,-0.2,0.13,0.05,0.08,0.12,-1.12,-0.01,-0.95,0.11,-0.84,0.0,1446,716,730
280,Felton Spencer,1999,-0.09,-0.03,-0.52,-0.18,0.61,-0.37,-1.25,-0.48,-0.71,0.23,-0.64,-0.38,-0.28,-0.07,0.37,0.12,0.09,-0.05,-0.47,0.15,0.04,0.26,0.38,-0.12,0.03,-0.01,0.04,0.05,-1.12,0.29,-1.19,0.34,-0.85,0.0,609,305,304
1562,Gerard King,1999,-0.3,0.03,0.13,0.1,0.17,-0.17,-0.42,-0.79,-0.68,-0.11,-0.23,-0.13,-0.1,0.57,-0.2,0.01,0.0,0.04,0.2,0.03,0.38,-0.11,-0.03,-0.08,-0.06,-0.01,-0.05,-0.24,-1.02,-0.17,-0.45,-0.41,-0.86,0.0,264,131,133
45,George McCloud,1999,-1.38,-0.14,2.41,0.53,-1.02,0.23,2.57,0.08,0.86,-0.78,0.41,0.13,0.28,-0.18,-0.13,0.22,-0.47,-0.33,0.6,-0.24,-1.06,-1.2,-0.91,-0.29,0.21,0.02,0.19,-0.18,0.49,-0.99,0.31,-1.17,-0.86,-0.0,4853,2430,2423
704,Shawn Respert,1999,-0.22,-0.02,-0.01,-0.16,0.23,-0.18,-1.3,-0.85,-0.97,0.12,-0.19,-0.02,-0.17,0.08,0.18,-0.13,-0.24,0.07,0.06,0.1,-0.34,0.13,0.17,-0.04,0.08,0.07,0.02,-0.11,-1.04,0.21,-0.96,0.1,-0.86,0.0,359,176,183
1743,Bruno Sundov,1999,-0.18,0.04,-0.08,-0.04,0.25,-0.11,-0.42,-0.56,-0.5,-0.06,-0.12,-0.05,-0.07,0.1,0.06,-0.04,-0.12,-0.05,0.06,0.0,-0.16,-0.21,-0.15,-0.06,-0.02,-0.02,-0.0,-0.05,-0.68,-0.23,-0.58,-0.28,-0.87,-0.01,35,18,17
219,Vinny Del Negro,1999,-1.09,-0.53,-0.51,0.19,1.59,0.8,-0.25,0.01,0.09,-0.08,0.07,0.06,0.01,-0.55,-0.76,0.09,-0.45,0.03,1.21,0.32,-0.25,-0.15,0.01,-0.16,0.12,0.08,0.03,-0.37,0.08,-0.03,-0.47,-0.4,-0.87,0.0,3833,1932,1901
1861,Negele Knight,1999,-0.4,0.06,-0.01,-0.15,0.41,0.08,0.31,-0.43,-0.43,0.0,-0.07,0.01,-0.08,-0.07,0.2,-0.07,-0.01,-0.06,-0.18,-0.09,-0.16,-0.35,-0.24,-0.11,-0.07,-0.02,-0.05,0.11,-0.5,-0.42,-0.57,-0.31,-0.88,0.0,215,107,108
1817,Adonis Jordan,1999,-0.36,0.06,0.06,-0.05,0.3,-0.07,-0.14,-0.39,-0.33,-0.06,0.02,-0.08,0.11,-0.19,-0.0,-0.0,-0.02,-0.01,0.02,-0.06,-0.16,-0.27,-0.25,-0.02,-0.01,0.02,-0.02,-0.05,-0.37,-0.28,-0.56,-0.33,-0.89,0.0,77,39,38
707,Mark Davis,1999,-0.1,-0.07,-0.13,0.03,0.23,-0.17,-0.75,-0.32,-0.39,0.07,-0.21,-0.07,-0.13,-0.07,-0.06,0.05,0.0,-0.03,0.06,0.03,0.13,-0.28,-0.15,-0.13,0.02,0.03,-0.0,-0.03,-0.53,-0.26,-0.6,-0.29,-0.89,0.0,135,67,68
1601,Rusty LaRue,1999,-0.42,0.09,0.23,-0.03,0.19,-0.32,0.67,-0.72,-0.34,-0.38,0.88,0.23,0.65,-0.45,-0.53,-0.07,-0.0,-0.07,0.53,-0.02,-0.49,-0.59,-0.45,-0.14,-0.16,-0.01,-0.15,0.15,0.16,-0.75,-0.29,-0.6,-0.89,-0.0,2617,1308,1309
1750,Miles Simon,1999,-0.15,0.04,0.05,-0.12,0.1,-0.1,-0.39,-0.43,-0.38,-0.05,-0.17,-0.19,0.02,-0.14,0.05,-0.06,-0.08,0.02,0.02,-0.04,-0.26,-0.05,-0.05,-0.0,-0.1,-0.07,-0.03,-0.01,-0.6,-0.15,-0.74,-0.16,-0.9,0.0,70,34,36
931,Don MacLean,1999,-0.15,0.31,0.48,-0.21,-0.33,0.29,-0.68,1.02,0.61,0.41,-0.01,0.59,-0.61,-0.82,-0.13,-0.24,-0.04,-0.07,0.17,0.03,-0.34,-0.53,-0.58,0.05,-0.29,-0.26,-0.03,-0.28,1.01,-0.82,0.19,-1.1,-0.91,-0.0,1362,680,682
198,Danny Ferry,1999,0.3,-0.82,0.75,0.17,-1.05,0.96,1.71,1.39,1.48,-0.09,-0.19,0.28,-0.47,-2.03,-0.08,-0.34,-0.32,0.08,0.39,0.25,-1.14,-0.05,-0.15,0.1,0.09,-0.01,0.1,-0.12,1.2,0.04,-0.83,-0.08,-0.91,-0.0,3685,1855,1830
1591,Alvin Sims,1999,-0.0,-0.06,-0.11,-0.0,0.12,-0.16,-0.43,-0.19,-0.19,0.0,-0.42,-0.22,-0.21,0.06,0.01,-0.0,-0.13,0.06,0.12,-0.16,-0.2,-0.26,-0.21,-0.05,-0.07,-0.07,-0.0,-0.05,-0.61,-0.33,-0.55,-0.38,-0.92,0.01,82,42,40
330,Danny Manning,1999,-0.35,0.09,-0.51,0.01,0.87,0.63,-0.02,1.11,1.05,0.06,-0.6,-0.61,-0.0,-0.97,0.23,0.03,-0.55,0.21,0.32,-0.41,0.66,-0.01,0.17,-0.18,0.08,-0.22,0.3,-0.53,0.51,0.07,-0.46,-0.46,-0.92,-0.0,4541,2269,2272
1138,Michael Hawkins,1999,-0.34,0.38,0.37,-0.1,-0.03,0.01,-0.3,-0.14,-0.12,-0.02,-0.33,-0.05,-0.28,0.08,0.32,-0.05,-0.19,-0.1,-0.13,-0.06,-0.73,-0.42,-0.52,0.1,0.0,-0.06,0.06,-0.13,-0.47,-0.42,-0.39,-0.55,-0.94,0.0,789,398,391
1505,Tariq Abdul-Wahad,1999,0.97,0.23,-1.88,-0.33,0.92,-0.26,-1.3,-0.1,0.12,-0.22,-0.23,-0.46,0.24,-0.05,0.11,-0.47,0.19,-0.01,-0.29,-0.11,-1.49,-0.1,-0.36,0.26,-0.21,0.01,-0.23,-0.26,-0.33,-0.31,-0.38,-0.57,-0.94,0.01,5217,2595,2622
679,Jason Caffey,1999,-0.43,-0.03,-0.69,-0.11,1.12,-0.34,0.77,-0.83,-0.44,-0.39,-0.33,-0.01,-0.31,-0.38,0.59,-0.13,0.17,0.15,-0.77,0.01,-0.09,0.25,0.23,0.02,-0.02,-0.05,0.03,0.36,-1.16,0.23,-1.54,0.59,-0.95,0.0,3106,1552,1554
1869,Charles R. Jones,1999,0.04,-0.46,0.67,-0.17,-0.71,0.1,0.03,0.27,0.11,0.16,0.39,0.07,0.33,-0.82,-0.65,-0.19,0.03,0.01,0.63,-0.18,-1.3,-1.04,-0.92,-0.12,0.06,0.07,-0.01,0.17,0.66,-0.98,-0.16,-0.81,-0.96,0.01,1695,843,852
1724,Bryce Drew,1999,-0.97,0.41,1.3,-0.2,-0.33,-0.48,-0.86,-0.91,-0.71,-0.2,-0.0,-0.38,0.38,-0.12,0.05,-0.12,-0.09,0.06,0.05,0.22,0.59,0.25,0.27,-0.02,-0.07,-0.1,0.03,-0.12,-0.91,0.18,-1.03,0.06,-0.97,0.0,1632,816,816
902,Bimbo Coles,1999,-0.42,-0.06,-1.66,-0.51,2.08,0.25,-0.87,-1.74,-1.29,-0.45,0.68,0.67,0.01,0.29,0.2,-0.17,-0.04,0.17,-0.16,0.34,0.75,0.09,0.78,-0.69,-0.14,-0.06,-0.08,-0.15,-1.06,-0.05,-0.77,-0.2,-0.97,0.0,4742,2375,2367
1800,Damon Jones,1999,-0.94,-0.2,1.56,-0.0,-0.62,-0.44,-0.7,-1.72,-1.37,-0.35,0.15,0.13,-0.0,0.3,-0.27,0.03,-0.13,0.09,0.4,0.17,1.54,-0.02,0.3,-0.32,0.0,-0.28,0.28,0.31,-1.57,-0.02,-1.27,0.29,-0.98,0.0,1350,680,670
1061,William Cunningham,1999,-0.4,-0.25,0.56,0.1,-0.16,-0.23,-0.17,-0.96,-0.75,-0.21,0.25,0.47,-0.22,0.08,-0.05,0.05,-0.2,-0.07,0.25,0.06,0.6,0.05,0.18,-0.13,-0.17,-0.02,-0.15,-0.23,-0.71,-0.12,-0.63,-0.35,-0.98,0.0,585,290,295
226,Antonio Lang,1999,-0.33,-0.07,-0.27,0.11,0.59,0.01,0.2,-0.11,-0.01,-0.1,-0.4,-0.19,-0.21,-0.05,0.03,0.05,-0.16,-0.07,0.14,-0.07,-0.42,-0.51,-0.49,-0.02,0.05,0.05,-0.0,0.03,-0.51,-0.46,-0.56,-0.43,-0.98,0.01,223,111,112
445,Wesley Person,1999,-0.13,-0.54,0.58,0.21,-0.44,0.71,2.67,0.15,0.67,-0.52,-0.23,0.12,-0.36,-0.01,-0.68,-0.2,0.02,-0.22,0.66,0.01,-1.36,-1.26,-1.15,-0.11,0.15,0.28,-0.13,0.23,-0.08,-1.11,-0.09,-0.88,-0.98,-0.01,4807,2404,2403
1509,Kelvin Cato,1999,-0.13,-0.02,-0.05,0.28,0.18,-0.74,-0.61,-1.23,-0.99,-0.24,-0.27,0.25,-0.52,-0.01,-0.39,0.3,-0.21,0.08,0.6,0.56,1.13,1.02,1.21,-0.19,0.26,0.29,-0.03,-0.75,-1.5,1.28,-1.51,0.53,-0.99,-0.01,2241,1113,1128
702,Voshon Lenard,1999,-0.32,-0.07,0.85,-0.18,-0.53,0.16,0.14,-0.05,0.19,-0.24,-0.35,-0.07,-0.28,0.38,-0.39,-0.14,-0.01,-0.03,0.4,-0.11,-0.05,-0.86,-0.73,-0.13,-0.18,-0.1,-0.08,0.07,-0.4,-1.04,-0.02,-0.97,-0.99,-0.0,768,383,385
1074,Matt Maloney,1999,0.17,-0.19,-0.26,-0.12,0.1,0.07,-0.71,-0.81,-0.67,-0.14,-0.24,-0.28,0.04,0.52,0.17,-0.08,0.14,-0.08,-0.32,-0.01,-0.99,-0.25,-0.25,-0.0,-0.12,-0.09,-0.03,-0.09,-1.05,-0.37,-0.53,-0.46,-1.0,-0.01,687,346,341
70,Steve Kerr,1999,-0.82,0.54,0.22,-0.44,0.61,-0.37,-0.88,-0.81,-0.75,-0.06,-0.07,-0.1,0.02,-0.31,0.22,0.18,-0.26,0.27,0.04,0.16,1.31,0.7,0.71,-0.01,0.42,0.47,-0.05,-0.93,-0.88,1.12,-1.19,0.19,-1.0,0.0,2943,1472,1471
1723,Matt Harpring,1999,0.22,-0.72,-1.41,-0.41,1.2,0.36,-1.0,-0.97,-1.03,0.06,-0.12,-0.46,0.34,0.79,-0.67,-0.47,0.05,-0.03,0.63,-0.33,-0.75,-1.52,-1.57,0.05,0.32,0.05,0.27,0.5,-1.09,-1.2,-0.3,-0.7,-1.0,-0.0,4344,2162,2182
12,Chris King,1999,0.19,-0.17,-0.09,0.02,-0.09,-0.09,-0.49,-0.33,-0.42,0.09,-0.42,0.02,-0.46,-0.03,-0.09,0.01,-0.11,0.04,0.21,-0.01,0.04,0.06,0.09,-0.03,-0.1,-0.03,-0.07,-0.21,-0.75,-0.04,-0.78,-0.25,-1.02,0.01,151,78,73
1122,Dominique Wilkins,1999,0.14,-0.09,0.04,-0.14,-0.18,-0.34,-0.31,-1.26,-1.03,-0.23,-0.13,-0.04,-0.1,0.31,-0.56,-0.12,0.07,0.15,0.5,0.22,-0.08,0.01,-0.01,0.02,0.0,0.04,-0.04,0.06,-1.39,0.01,-1.08,0.07,-1.02,-0.01,945,476,469
777,Rex Walters,1999,-0.46,0.11,0.66,-0.04,-0.2,0.4,0.3,-0.05,-0.0,-0.05,-1.45,-0.64,-0.8,0.33,0.2,0.22,0.21,0.21,-0.41,-0.19,0.7,0.23,0.35,-0.12,-0.11,0.01,-0.12,0.02,-1.5,0.12,-1.17,0.14,-1.03,0.0,1768,884,884
156,Antoine Carr,1999,-0.9,-0.09,0.46,-0.19,0.44,0.06,-0.39,-1.27,-0.84,-0.43,0.02,0.16,-0.13,-0.26,0.22,0.17,-0.06,0.03,-0.17,0.09,0.66,0.24,0.35,-0.11,-0.12,-0.09,-0.03,0.36,-1.25,0.12,-1.51,0.48,-1.03,0.0,698,350,348
722,Corliss Williamson,1999,0.92,0.57,-2.13,-0.36,1.22,-0.0,-0.83,0.05,0.18,-0.13,-1.19,-0.78,-0.4,0.26,0.52,0.02,0.52,-0.04,-1.04,-0.29,-0.44,0.54,0.19,0.35,-0.26,0.11,-0.36,-0.45,-1.14,0.28,-0.88,-0.17,-1.05,-0.0,6017,3010,3007
1065,Erick Strickland,1999,0.07,-0.06,1.16,-0.85,-1.23,-0.34,-2.49,-2.33,-2.27,-0.06,0.24,-0.1,0.35,0.64,-0.1,-0.1,-0.38,0.11,0.48,0.08,0.18,-0.26,-0.08,-0.18,0.22,0.37,-0.14,0.41,-2.09,-0.04,-1.45,0.37,-1.08,-0.0,2149,1079,1070
420,Jayson Williams,1999,0.31,-0.68,-0.66,-0.26,0.34,-0.32,-0.82,-1.06,-0.89,-0.17,-0.34,0.05,-0.39,0.2,-1.51,0.32,0.79,0.01,0.73,0.21,0.37,0.29,0.25,0.04,-0.52,-0.25,-0.28,0.35,-1.4,-0.23,-1.2,0.12,-1.08,0.0,3835,1916,1919
26,Luc Longley,1999,-0.43,-0.36,-1.39,0.55,1.82,-0.17,-0.0,-1.33,-0.95,-0.38,0.02,0.06,-0.04,-0.32,0.47,-0.19,0.25,-0.26,-0.72,0.24,0.09,0.34,0.03,0.31,-0.32,-0.08,-0.23,0.53,-1.31,0.02,-1.63,0.55,-1.08,0.0,3644,1815,1829
1752,Sean Marks,1999,-0.18,0.0,-0.15,-0.03,0.33,0.03,-0.35,-0.18,-0.2,0.02,0.01,0.02,-0.01,-0.23,0.06,-0.08,-0.1,-0.11,0.03,-0.14,-0.52,-0.67,-0.61,-0.06,0.01,0.01,-0.0,-0.06,-0.17,-0.66,-0.4,-0.72,-1.13,-0.01,103,51,52
1756,Ryan Stack,1999,-0.62,-0.25,0.04,-0.11,0.58,0.25,0.57,-0.5,-0.25,-0.25,0.35,0.27,0.08,-0.05,-0.15,-0.03,-0.27,-0.04,0.42,-0.11,-0.97,-0.6,-0.53,-0.07,-0.15,-0.12,-0.03,-0.19,-0.15,-0.75,-0.2,-0.94,-1.14,0.0,666,333,333
328,Rick Mahorn,1999,-0.47,0.13,-0.14,-0.2,0.6,0.16,-0.15,-0.05,0.05,-0.1,-0.01,0.08,-0.08,-0.47,-0.08,-0.22,-0.13,0.13,0.21,-0.25,0.14,-0.49,-0.4,-0.09,-0.02,0.05,-0.06,-0.1,-0.06,-0.51,-0.53,-0.61,-1.14,0.0,575,284,291
686,Antonio McDyess,1999,-0.06,-0.35,1.4,-0.06,-1.34,0.01,2.28,0.06,0.51,-0.45,-0.42,-0.39,-0.04,0.01,-0.36,-0.37,0.29,-0.33,0.07,-0.31,-1.04,-0.98,-1.22,0.24,-0.17,-0.07,-0.1,0.34,-0.36,-1.15,-0.35,-0.81,-1.16,0.0,7199,3608,3591
1110,Mark Strickland,1999,0.85,-0.0,-0.67,0.08,-0.18,-0.54,-1.09,-0.92,-0.63,-0.29,-0.18,-0.12,-0.05,-0.05,-0.35,0.2,-0.17,0.06,0.52,-0.16,0.18,-0.3,-0.27,-0.03,-0.03,0.03,-0.07,0.32,-1.1,-0.33,-1.15,-0.01,-1.17,-0.01,1296,646,650
1733,Al Harrington,1999,1.13,-0.4,-0.67,-0.08,-0.46,-0.44,-0.61,-1.67,-1.48,-0.19,-0.35,-0.22,-0.15,0.92,0.03,0.01,0.21,0.03,-0.24,-0.14,0.24,-0.14,-0.02,-0.12,0.01,0.02,-0.01,0.04,-2.02,-0.13,-1.1,-0.09,-1.19,0.0,579,284,295
1715,Jason Williams,1999,0.42,0.42,1.65,-0.62,-2.06,-0.17,-0.64,0.02,0.11,-0.09,0.18,-0.04,0.23,-0.31,0.33,-0.49,-0.14,0.03,-0.19,-0.38,-0.86,-0.63,-0.84,0.21,-0.21,-0.03,-0.18,-0.26,0.2,-0.84,-0.11,-1.1,-1.21,0.0,7861,3945,3916
983,Moochie Norris,1999,0.03,0.03,0.48,-0.22,-0.5,-0.22,-0.41,-0.76,-0.78,0.02,-0.42,0.05,-0.47,-0.27,0.28,-0.06,-0.34,-0.02,0.06,0.03,0.01,-0.07,-0.03,-0.04,0.21,0.03,0.19,0.09,-1.18,0.14,-1.45,0.23,-1.21,0.01,531,265,266
1006,Herb Williams,1999,-0.24,-0.03,-0.22,-0.05,0.46,-0.13,-0.5,-0.54,-0.51,-0.03,-0.25,-0.06,-0.19,-0.15,0.05,-0.03,-0.04,-0.0,-0.01,0.05,0.01,-0.12,-0.03,-0.09,0.04,-0.01,0.05,-0.19,-0.79,-0.08,-0.94,-0.27,-1.21,0.0,176,88,88
1847,Thurl Bailey,1999,-0.1,-0.14,-0.64,-0.29,0.73,-0.09,-1.04,-0.6,-0.66,0.06,-0.47,-0.44,-0.04,-0.37,0.46,0.18,-0.19,0.14,-0.27,-0.15,0.4,-0.15,-0.06,-0.09,0.45,0.16,0.29,-0.1,-1.07,0.3,-1.44,0.2,-1.24,0.0,2303,1150,1153
911,Ervin Johnson,1999,-0.49,-0.44,-0.67,-0.38,1.15,0.32,-1.8,-1.69,-1.65,-0.04,-0.11,-0.1,-0.01,0.85,0.07,0.53,-1.35,-0.14,1.28,0.01,-0.39,0.05,0.1,-0.05,-0.12,0.05,-0.17,-0.22,-1.8,-0.07,-0.95,-0.29,-1.24,0.0,3951,1964,1987
1504,Danny Fortson,1999,0.51,-0.58,-0.49,-0.34,-0.01,0.48,-1.22,-0.87,-0.63,-0.24,-0.07,0.22,-0.29,1.44,-0.37,-0.26,-0.0,-0.58,0.37,-0.15,-2.13,-1.11,-1.38,0.27,-0.73,-0.5,-0.24,0.1,-0.94,-1.84,0.5,-1.74,-1.24,0.0,5233,2631,2602
782,Mitch Richmond,1999,-0.29,0.43,-0.29,-0.54,0.58,0.31,-0.31,-0.26,-0.49,0.23,0.07,-0.12,0.18,-0.26,0.41,-0.6,0.26,-0.19,-0.67,-0.02,-0.71,-0.77,-0.43,-0.34,0.08,0.28,-0.18,-0.1,-0.19,-0.69,-0.45,-0.79,-1.24,0.0,6991,3491,3500
67,Tom Hammonds,1999,-0.72,-0.87,-0.85,-0.11,1.56,-0.15,0.37,-1.49,-1.18,-0.31,-0.91,-0.76,-0.13,0.57,0.06,-0.07,-0.06,0.18,0.0,0.06,0.96,0.34,0.5,-0.16,-0.1,-0.12,0.01,0.35,-2.4,0.24,-1.83,0.59,-1.25,-0.01,2688,1343,1345
72,Kenny Anderson,1999,1.67,-0.38,-1.95,0.21,0.28,-0.42,-1.92,-0.98,-0.95,-0.03,0.22,0.07,0.15,0.51,-1.1,-0.56,0.45,0.01,0.65,0.17,-0.08,-0.33,-0.03,-0.3,0.14,0.0,0.14,-0.82,-0.76,-0.19,-0.25,-1.01,-1.26,0.0,3747,1874,1873
1744,Jerome James,1999,-0.24,0.13,0.26,-0.32,-0.01,-0.21,-1.36,-0.94,-0.89,-0.05,-0.29,0.18,-0.46,0.11,0.05,-0.1,-0.13,0.0,0.08,0.15,0.19,-0.04,0.06,-0.1,0.06,0.07,-0.02,-0.17,-1.23,0.02,-1.12,-0.15,-1.27,-0.0,185,94,91
1521,Jacque Vaughn,1999,-0.06,-0.18,-0.04,-0.02,0.1,-0.22,-0.83,-0.66,-0.76,0.1,-0.57,-0.15,-0.44,0.44,-0.13,-0.02,-0.23,0.01,0.37,0.01,0.03,-0.28,-0.23,-0.05,-0.04,0.05,-0.09,-0.15,-1.23,-0.32,-0.79,-0.47,-1.27,-0.01,364,182,182
757,Damon Stoudamire,1999,-0.13,-0.46,-0.31,0.06,0.44,-0.01,-0.38,-0.22,-0.08,-0.14,0.07,-0.11,0.18,-0.32,-0.25,0.5,0.06,0.15,0.19,-0.19,-0.57,-0.03,0.08,-0.11,-0.59,-0.39,-0.2,-0.2,-0.15,-0.62,-0.47,-0.82,-1.29,-0.0,7303,3667,3636
1545,DeJuan Wheat,1999,0.25,-0.63,0.96,-0.15,-1.21,-0.64,-0.4,-1.04,-0.9,-0.14,-0.18,0.17,-0.35,0.18,-0.47,-0.19,0.03,-0.2,0.44,0.16,-0.68,-0.88,-0.82,-0.06,0.52,0.2,0.33,0.08,-1.22,-0.36,-1.04,-0.28,-1.31,0.01,2069,1039,1030
61,Carl Herrera,1999,-0.98,-0.41,0.43,-0.04,0.54,-0.95,-2.0,-1.54,-1.6,0.06,0.34,0.38,-0.05,-0.61,0.11,-0.19,0.06,0.1,-0.17,0.16,0.74,0.21,0.38,-0.17,0.34,0.2,0.13,-0.05,-1.2,0.55,-1.81,0.5,-1.31,0.0,1120,563,557
1512,Chris Anstey,1999,-0.75,0.03,-0.04,-0.07,0.79,0.15,0.04,-0.02,0.15,-0.17,-0.01,-0.08,0.07,-0.47,-0.51,-0.01,0.02,-0.0,0.49,-0.27,0.6,-1.22,-0.8,-0.42,0.42,0.25,0.16,-0.01,-0.03,-0.8,-0.5,-0.81,-1.31,0.0,1759,876,883
769,B.J. Armstrong,1999,0.07,0.02,-0.45,-0.3,0.38,0.16,-0.48,-0.6,-0.46,-0.14,-0.53,-0.46,-0.07,0.09,-0.04,0.21,0.16,0.0,-0.12,-0.03,0.0,-0.02,-0.1,0.08,-0.31,-0.23,-0.07,0.06,-1.13,-0.33,-1.04,-0.27,-1.32,-0.01,1263,631,632
15,Eric Piatkowski,1999,-0.03,0.07,0.65,0.1,-0.63,-0.48,-0.5,-0.49,-0.25,-0.24,-0.15,0.17,-0.31,0.07,-1.12,-0.28,0.6,0.14,0.53,-0.27,0.15,-0.43,-0.32,-0.11,0.11,0.03,0.08,-0.45,-0.64,-0.32,-0.57,-0.77,-1.33,0.01,4615,2313,2302
711,Jerry Stackhouse,1999,1.56,-0.41,0.32,0.07,-1.88,-0.76,-2.48,0.18,-0.57,0.75,-1.06,-0.17,-0.9,-0.4,0.08,0.37,-0.68,-0.14,0.59,0.01,-0.48,-0.7,-0.36,-0.34,0.1,0.12,-0.02,0.55,-0.88,-0.6,-1.28,-0.05,-1.33,0.0,4760,2376,2384
170,Joe Kleine,1999,-1.95,-0.03,-0.03,0.25,1.98,0.29,1.91,0.18,0.42,-0.24,-0.07,-0.01,-0.05,-0.13,0.44,-0.23,0.24,-0.12,-0.68,-0.3,0.08,-0.52,-0.62,0.1,-0.49,-0.16,-0.33,-0.3,0.11,-1.01,-0.02,-1.31,-1.33,0.0,1424,705,719
1872,Randell Jackson,1999,-0.33,-0.01,0.12,-0.22,0.21,-0.3,-1.5,-1.15,-1.26,0.11,-0.35,0.06,-0.41,0.34,-0.4,-0.18,0.0,-0.04,0.4,0.19,-0.81,-0.14,-0.26,0.12,-0.03,-0.04,0.01,-0.02,-1.5,-0.17,-1.16,-0.19,-1.34,0.01,1038,520,518
1073,Reggie Slater,1999,0.4,-0.47,-0.3,-0.14,-0.11,-0.17,-2.36,-1.03,-1.5,0.47,-0.11,0.36,-0.47,0.64,0.11,0.07,-0.04,-0.07,-0.07,-0.25,-0.29,-0.39,-0.18,-0.21,-0.04,0.02,-0.05,-0.42,-1.14,-0.43,-0.5,-0.85,-1.35,0.0,1030,516,514
713,Chris Carr,1999,-0.47,-0.61,1.23,0.24,-0.77,-0.42,-1.31,-0.93,-1.05,0.12,0.01,-0.02,0.04,0.18,-0.44,0.16,-0.09,0.03,0.53,-0.26,0.4,-0.4,-0.31,-0.09,-0.14,-0.17,0.03,-0.08,-0.92,-0.54,-0.74,-0.62,-1.36,0.0,1654,829,825
281,Scott Williams,1999,-0.51,0.09,0.1,-0.12,0.41,-0.19,-0.39,-0.94,-0.89,-0.05,0.05,0.12,-0.07,-0.12,-0.03,-0.04,0.01,-0.03,0.03,0.08,-0.01,-0.2,-0.06,-0.14,-0.07,-0.06,-0.01,-0.09,-0.89,-0.27,-1.01,-0.36,-1.36,0.01,172,84,88
961,John Wallace,1999,-0.51,-0.13,0.14,0.32,0.38,-0.12,-0.87,0.68,0.61,0.07,-0.08,0.13,-0.22,-0.53,-0.58,-0.03,0.31,0.0,0.28,-0.02,-0.98,-0.21,-0.17,-0.04,-0.39,-0.2,-0.18,-0.84,0.6,-0.6,0.07,-1.44,-1.37,-0.0,2908,1453,1455
386,Elliot Perry,1999,0.08,-0.62,0.61,0.2,-0.69,-0.48,-1.37,-0.76,-0.6,-0.16,-0.42,-0.27,-0.17,-0.24,-0.34,0.02,0.09,0.06,0.25,0.03,0.33,-0.06,-0.01,-0.05,0.33,0.04,0.29,-0.22,-1.18,0.27,-1.42,0.05,-1.37,-0.0,1099,545,554
907,Malik Sealy,1999,0.24,-1.34,-1.88,-0.55,1.64,0.21,-2.45,-2.84,-2.8,-0.04,0.27,0.28,-0.01,0.99,-0.33,0.13,-0.32,0.3,0.64,-0.25,-0.21,0.2,0.23,-0.03,0.11,0.14,-0.03,-0.13,-2.57,0.31,-1.58,0.18,-1.4,0.0,2941,1471,1470
979,Jermaine O'Neal,1999,-0.63,-0.12,0.22,0.13,0.4,-0.26,-0.46,-0.37,-0.25,-0.12,0.12,-0.04,0.16,-0.36,-0.19,0.07,0.12,0.11,0.07,-0.13,-0.15,-0.56,-0.29,-0.27,-0.35,-0.15,-0.18,0.12,-0.25,-0.91,-0.61,-0.79,-1.4,0.0,1283,642,641
1863,Earl Boykins,1999,-0.72,-0.41,0.05,-0.3,0.67,0.25,-0.9,-1.14,-0.82,-0.32,-0.11,0.1,-0.21,-0.29,-0.11,-0.04,0.0,-0.06,0.11,0.2,-0.38,0.19,0.13,0.06,0.09,0.03,0.06,-0.16,-1.25,0.28,-1.54,0.12,-1.42,0.0,778,387,391
1532,Jerald Honeycutt,1999,-0.21,-0.23,0.56,-0.07,-0.34,-0.37,-1.04,-0.84,-0.93,0.09,0.01,0.13,-0.13,-0.21,0.14,0.02,-0.02,-0.1,-0.12,0.0,-0.03,-0.44,-0.34,-0.1,-0.04,-0.07,0.03,0.11,-0.83,-0.48,-1.04,-0.37,-1.42,-0.01,395,196,199
1753,Toby Bailey,1999,-0.05,-0.21,-1.28,-0.01,1.32,0.0,-0.3,-0.85,-0.46,-0.39,-0.25,-0.45,0.19,0.21,-0.11,0.06,0.15,-0.12,-0.04,-0.29,-0.54,-0.73,-0.8,0.07,-0.04,-0.02,-0.02,0.24,-1.1,-0.77,-0.89,-0.53,-1.42,0.0,906,448,458
423,Chris Gatling,1999,-0.5,-0.37,-0.18,0.43,0.68,0.21,-0.14,0.11,0.17,-0.06,-0.52,0.44,-0.94,-0.89,-0.64,0.49,-0.86,0.04,1.5,-0.35,-0.48,-0.22,-0.33,0.11,0.47,0.31,0.15,-0.39,-0.41,0.25,-1.3,-0.14,-1.44,0.0,2856,1436,1420
715,John Coker,1999,-0.51,-0.22,0.5,-0.15,0.02,-0.21,-0.64,-1.38,-1.24,-0.14,0.35,0.17,0.19,0.09,-0.01,-0.14,-0.11,0.08,0.12,-0.17,-0.44,-0.53,-0.49,-0.04,-0.04,-0.01,-0.04,0.08,-1.03,-0.57,-0.94,-0.49,-1.44,-0.01,371,188,183
920,A.C. Green,1999,-1.37,0.01,-0.47,-0.03,1.85,-0.17,0.58,-1.53,-0.75,-0.78,0.62,-0.01,0.63,0.24,-0.19,0.3,-0.1,-0.04,0.29,-0.48,-0.93,-0.25,-0.49,0.24,-0.44,-0.2,-0.24,-0.09,-0.91,-0.69,-0.67,-0.78,-1.45,0.0,3293,1634,1659
703,Kurt Thomas,1999,-0.6,0.37,-1.06,0.12,1.66,-0.5,-0.6,-1.53,-0.9,-0.63,-1.4,-0.27,-1.13,-0.3,0.52,0.58,0.29,-0.21,-0.81,-0.26,0.27,-0.41,-0.49,0.08,0.62,0.55,0.07,1.55,-2.93,0.21,-3.23,1.76,-1.47,-0.0,5745,2879,2866
1526,James Cotton,1999,0.23,0.04,-0.23,-0.11,0.01,-0.21,-1.41,-0.34,-0.5,0.16,-0.21,0.01,-0.22,-0.23,0.0,-0.05,-0.24,-0.07,0.24,0.01,-0.45,-0.36,-0.36,-0.0,-0.14,-0.06,-0.08,-0.2,-0.55,-0.5,-0.78,-0.7,-1.48,0.0,236,119,117
381,James Robinson,1999,-0.15,-0.99,1.01,0.02,-0.87,-0.23,-0.94,-0.67,-0.77,0.1,-0.5,-0.42,-0.07,0.48,-0.17,-0.19,0.01,0.12,0.16,-0.23,0.02,-0.88,-0.59,-0.29,-0.07,-0.12,0.04,0.16,-1.17,-0.95,-0.69,-0.79,-1.48,0.0,1892,956,936
376,Eric Montross,1999,-0.71,0.15,-0.89,0.07,1.59,0.28,-1.11,0.19,-0.01,0.2,-0.33,0.27,-0.59,-0.93,0.66,-0.1,-0.55,-0.02,-0.11,0.21,0.04,-0.49,-0.3,-0.19,0.15,-0.05,0.2,-0.08,-0.14,-0.34,-1.07,-0.42,-1.48,0.01,2228,1099,1129
1477,Bruce Bowen,1999,-0.01,-0.2,0.66,-0.51,-0.64,-0.78,-1.65,-1.16,-1.43,0.27,-0.22,-0.11,-0.11,-0.12,-0.53,0.09,-0.17,-0.12,0.7,0.59,0.7,-0.32,0.28,-0.6,0.41,0.16,0.24,-0.08,-1.38,0.09,-1.5,0.01,-1.5,-0.01,1848,914,934
192,Dennis Scott,1999,-1.85,-0.47,1.42,0.16,0.42,0.63,1.48,-0.19,0.18,-0.37,0.15,0.12,0.02,-1.13,0.15,0.21,0.02,0.12,-0.18,-0.14,0.39,-0.19,0.0,-0.19,0.05,-0.13,0.18,-0.21,-0.04,-0.14,-1.17,-0.35,-1.51,0.01,2652,1335,1317
919,Loy Vaught,1999,-0.94,-0.09,-1.2,0.02,2.15,-0.1,-1.75,-1.97,-1.69,-0.28,-0.01,0.42,-0.44,-0.2,0.07,0.38,0.18,0.04,-0.24,0.02,0.07,0.84,0.63,0.21,-0.2,-0.21,0.01,0.03,-1.98,0.64,-2.18,0.67,-1.51,0.0,1743,868,875
143,Terry Dehere,1999,-0.66,-0.1,1.06,-0.06,-0.4,-0.42,-0.73,-0.94,-0.62,-0.32,0.06,0.7,-0.64,-0.37,-0.22,-0.04,-0.11,-0.02,0.33,0.25,-0.16,0.11,0.23,-0.12,-0.04,0.07,-0.11,-0.38,-0.88,0.07,-1.25,-0.31,-1.56,0.0,1018,508,510
898,Blue Edwards,1999,0.39,0.3,-1.12,0.0,0.72,-0.37,0.36,-0.82,-0.64,-0.18,-0.45,-0.23,-0.21,0.0,0.1,0.12,-0.16,0.01,0.06,0.12,-0.07,0.09,0.21,-0.12,-0.14,0.08,-0.23,-0.23,-1.27,-0.05,-1.27,-0.28,-1.56,-0.01,1039,518,521
1541,Alvin Williams,1999,0.34,-0.7,-1.9,-0.13,1.56,-0.28,-1.01,-1.66,-1.2,-0.46,-0.39,0.35,-0.74,0.44,-0.05,0.1,0.19,-0.16,-0.13,0.24,-0.34,0.49,0.31,0.18,0.55,0.32,0.24,-1.0,-2.05,1.04,-1.61,0.04,-1.57,-0.0,3855,1929,1926
462,J.R. Reid,1999,-1.54,0.65,-0.12,0.35,1.66,0.28,-1.03,0.19,0.36,-0.17,0.05,0.07,-0.02,-1.47,0.52,-0.25,-0.39,-0.11,-0.13,0.13,-0.55,-0.66,-0.47,-0.19,-0.34,-0.23,-0.1,0.66,0.24,-1.0,-1.23,-0.34,-1.57,-0.0,4505,2250,2255
915,Rodney Rogers,1999,2.14,-1.0,0.24,-0.28,-2.39,-0.75,1.11,-1.06,-0.94,-0.12,-0.52,-0.19,-0.33,0.58,-0.1,-0.13,-0.27,-0.13,0.37,-0.1,-0.61,-0.77,-0.66,-0.11,0.07,0.1,-0.03,0.09,-1.58,-0.7,-1.0,-0.61,-1.61,-0.0,3488,1731,1757
1501,Tim Thomas,1999,0.53,0.9,0.42,-0.04,-0.94,-0.51,0.18,-0.18,-0.13,-0.05,-0.93,0.01,-0.94,0.93,-0.0,-0.32,-0.57,-0.09,0.58,-0.04,-0.92,-1.28,-1.15,-0.13,0.07,-0.06,0.13,-0.23,-1.11,-1.21,-0.18,-1.44,-1.62,-0.0,3140,1579,1561
111,LaPhonso Ellis,1999,-1.1,-0.05,-1.54,-0.06,2.64,-0.23,-0.37,-1.68,-1.52,-0.16,0.35,-0.16,0.51,-0.12,-0.09,0.17,0.34,0.05,-0.26,-0.21,0.59,-0.17,-0.19,0.02,-0.03,-0.23,0.19,0.03,-1.33,-0.2,-1.45,-0.17,-1.62,0.0,1934,968,966
82,Bill Wennington,1999,-0.34,-0.66,-1.1,-0.34,1.44,-0.18,-0.26,-2.25,-2.0,-0.25,0.81,0.29,0.52,-0.29,0.19,0.03,-0.12,0.13,-0.07,-0.0,0.47,-0.21,0.06,-0.27,0.37,0.0,0.37,-0.05,-1.44,0.16,-1.73,0.11,-1.63,-0.01,1589,797,792
969,Travis Knight,1999,-0.48,0.17,-0.24,-0.07,0.72,0.56,0.02,0.11,0.33,-0.22,-0.44,-0.05,-0.39,-0.45,-0.02,0.13,0.08,-0.11,-0.06,-0.14,-0.83,-0.43,-0.39,-0.04,0.0,0.04,-0.04,-0.42,-0.33,-0.43,-0.78,-0.85,-1.63,0.0,2038,1027,1011
990,Malik Rose,1999,1.02,-0.48,-0.4,-0.18,-0.63,-0.47,-1.21,-1.03,-1.37,0.34,-0.17,0.21,-0.39,-0.26,0.34,0.09,-0.04,0.05,-0.3,0.06,-0.15,0.07,-0.05,0.12,0.05,0.08,-0.03,-0.29,-1.2,0.12,-1.46,-0.17,-1.63,0.0,2863,1424,1439
1538,Cedric Henderson,1999,0.56,-0.15,-0.47,0.04,-0.09,-0.37,0.51,-0.89,-0.85,-0.04,-0.34,0.04,-0.39,0.23,-0.38,-0.56,-0.13,-0.19,0.52,0.55,-1.69,0.05,-0.1,0.15,0.05,0.05,-0.0,-0.78,-1.23,0.1,-1.0,-0.68,-1.67,0.01,5459,2729,2730
977,Kobe Bryant,1999,0.62,1.01,-0.41,-0.05,-0.2,-0.24,-2.75,-0.63,-0.94,0.31,0.25,0.1,0.16,-0.35,0.18,-0.05,0.08,0.04,-0.26,-0.07,-0.64,-0.98,-0.61,-0.37,-0.17,-0.25,0.07,0.2,-0.38,-1.15,-0.73,-0.95,-1.67,0.01,8235,4133,4102
368,Dwayne Schintzius,1999,-0.33,-0.11,0.03,-0.17,0.3,-0.11,-0.08,-0.86,-0.62,-0.24,-0.46,-0.16,-0.3,0.08,-0.03,-0.05,0.02,0.03,0.01,-0.0,0.06,-0.09,0.06,-0.15,-0.08,0.01,-0.09,-0.27,-1.32,-0.17,-1.24,-0.44,-1.68,0.0,334,165,169
1502,Adonal Foyle,1999,-0.12,-0.56,-1.14,-0.47,1.26,-0.33,-1.94,-1.44,-1.17,-0.27,-0.56,-0.25,-0.3,-0.22,0.08,0.05,0.23,-0.03,-0.31,0.49,0.21,0.02,0.38,-0.36,0.07,-0.06,0.13,0.45,-2.0,0.09,-2.22,0.54,-1.68,0.0,2234,1105,1129
383,Kendall Gill,1999,1.6,-0.86,-1.95,0.02,0.35,-1.04,-1.67,-1.07,-1.19,0.12,0.05,0.62,-0.58,-0.01,-1.27,0.08,-0.06,-0.25,1.33,0.14,0.25,-0.05,-0.07,0.02,-0.09,0.14,-0.24,-0.52,-1.02,-0.14,-1.03,-0.66,-1.7,-0.01,5870,2928,2942
238,Tyrone Hill,1999,-0.29,-0.77,-1.19,-0.27,1.48,-0.38,-2.27,-1.24,-1.47,0.23,-0.06,0.45,-0.51,-0.46,0.0,-0.16,-0.19,0.18,0.19,-0.08,-0.41,-0.32,-0.26,-0.06,0.04,0.37,-0.32,0.33,-1.3,-0.28,-1.76,0.05,-1.71,0.0,4675,2329,2346
375,Isaiah Rider,1999,-0.78,-0.59,-0.32,0.22,1.09,-0.13,-0.14,-0.7,-0.38,-0.32,-0.0,0.07,-0.07,-0.11,-0.2,0.56,-0.23,-0.05,0.43,-0.23,-0.32,-0.03,-0.18,0.15,-0.73,-0.3,-0.43,-0.17,-0.7,-0.76,-0.81,-0.93,-1.74,-0.0,6526,3267,3259
922,Elden Campbell,1999,-0.74,-0.33,0.52,-0.03,0.22,-0.12,-0.56,-1.08,-1.28,0.2,-0.07,-0.4,0.33,-0.87,0.63,0.21,0.26,0.16,-0.88,-0.41,0.52,0.34,0.24,0.1,0.18,0.3,-0.12,-0.26,-1.15,0.52,-2.02,0.26,-1.76,0.0,5382,2691,2691
1736,Corey Benjamin,1999,0.0,-0.22,-0.41,-0.11,0.41,-0.11,-0.86,-0.36,-0.3,-0.06,-0.98,-0.84,-0.16,-0.03,-0.87,-0.01,0.18,0.05,0.69,-0.19,-0.52,-0.56,-0.37,-0.19,0.09,0.07,0.02,0.03,-1.34,-0.47,-1.37,-0.44,-1.81,-0.0,1172,578,594
448,Bo Outlaw,1999,-0.08,0.34,-0.6,-0.34,0.69,-0.06,0.7,-0.91,-0.59,-0.32,-1.05,-0.74,-0.31,-0.81,0.22,0.06,-0.19,-0.2,-0.02,0.13,0.32,0.05,-0.2,0.25,0.47,0.17,0.29,0.43,-1.96,0.52,-2.77,0.95,-1.83,-0.01,3364,1676,1688
1051,Dean Garrett,1999,-2.17,-0.63,-2.25,-0.55,4.42,1.19,1.24,-0.86,-0.23,-0.63,-0.28,0.02,-0.31,-0.67,-0.17,0.26,0.44,-0.11,-0.28,-0.34,-2.05,-0.15,-0.36,0.21,0.13,-0.11,0.26,0.0,-1.14,-0.02,-1.81,-0.02,-1.84,-0.01,4230,2117,2113
688,Michael Curry,1999,-0.93,0.21,-0.08,0.01,1.0,0.75,-1.75,1.28,0.77,0.51,-0.31,0.16,-0.47,-1.79,-0.3,0.52,-1.14,0.02,1.44,0.09,-0.51,-0.01,0.3,-0.31,0.45,0.3,0.15,-1.46,0.97,0.44,-0.82,-1.02,-1.84,0.0,4500,2254,2246
1134,Ike Austin,1999,0.13,0.14,-0.82,0.21,0.69,-0.5,0.51,-0.93,-0.42,-0.51,-0.75,-0.68,-0.07,-0.67,-0.27,-0.26,0.28,0.05,-0.01,0.31,-0.88,0.92,0.29,0.63,-0.04,-0.12,0.08,-0.4,-1.68,0.88,-2.35,0.48,-1.87,0.0,4964,2492,2472
251,Sean Elliott,1999,1.16,0.12,-0.83,0.1,-0.32,-0.32,-0.61,-0.31,-0.59,0.28,-0.33,-0.39,0.07,-0.42,0.22,0.4,0.7,-0.13,-0.92,0.28,-0.75,0.34,0.15,0.19,-0.7,-0.31,-0.38,-0.47,-0.64,-0.36,-1.06,-0.83,-1.89,0.0,7516,3762,3754
1741,Jelani McCoy,1999,0.19,0.41,-0.13,-0.12,-0.07,-0.01,-1.39,0.23,0.17,0.06,-0.18,-0.31,0.13,-0.96,0.06,-0.33,-0.21,-0.04,0.14,0.0,-0.47,-0.46,-0.55,0.09,-0.34,-0.09,-0.24,-0.19,0.05,-0.8,-0.91,-0.99,-1.91,-0.01,1212,600,612
770,Mark West,1999,-0.41,-0.65,-1.07,0.08,1.48,-0.6,-2.04,-2.02,-1.84,-0.18,0.6,0.1,0.51,0.09,0.5,-0.2,-0.21,0.07,-0.28,0.05,0.75,-0.13,0.0,-0.13,-0.62,-0.26,-0.37,0.17,-1.42,-0.75,-1.33,-0.58,-1.91,0.0,1959,976,983
190,Duane Causwell,1999,0.05,-0.22,-0.23,-0.12,0.18,0.07,-1.37,-0.95,-0.72,-0.23,-0.64,-0.29,-0.35,0.48,-0.22,-0.02,-0.13,-0.01,0.36,-0.01,0.28,-0.57,-0.25,-0.32,-0.19,-0.09,-0.1,-0.05,-1.59,-0.76,-1.11,-0.81,-1.92,-0.0,572,283,289
1576,Travis Williams,1999,-0.08,0.02,-0.02,-0.22,0.1,-0.4,-1.4,-1.58,-1.35,-0.23,-0.34,-0.07,-0.25,-0.19,-0.09,-0.05,0.02,-0.01,0.07,0.08,-0.1,0.13,0.11,0.02,0.11,0.05,0.06,-0.09,-1.92,0.24,-2.11,0.15,-1.95,0.01,247,123,124
763,Tony Massenburg,1999,0.65,-0.13,-1.25,-0.06,0.58,-0.22,-0.67,-0.33,-0.46,0.13,-0.51,-0.31,-0.19,-0.29,-0.48,-0.82,-0.07,0.08,0.54,-0.02,-0.93,-0.81,-0.93,0.12,0.18,0.0,0.18,-0.19,-0.84,-0.63,-1.13,-0.82,-1.95,0.0,4209,2100,2109
960,Tony Delk,1999,-0.59,0.11,0.54,-0.58,0.05,-0.83,-1.44,-1.26,-1.34,0.08,0.06,0.25,-0.19,-0.57,0.1,-0.13,0.34,-0.06,-0.44,0.56,0.64,0.9,0.91,-0.01,-0.41,-0.28,-0.13,-0.68,-1.2,0.49,-1.77,-0.19,-1.96,0.0,2355,1171,1184
239,Darrick Martin,1999,0.81,0.17,0.84,-0.24,-1.65,-0.61,-1.87,-0.57,-0.51,-0.06,0.07,-0.06,0.13,-0.55,-0.94,-0.11,0.33,-0.13,0.61,-0.23,0.74,-1.11,-0.72,-0.39,0.03,0.26,-0.23,0.17,-0.5,-1.08,-1.05,-0.91,-1.96,0.0,3510,1751,1759
695,Eldridge Recasner,1999,-0.54,0.68,0.63,-0.16,-0.09,-0.54,0.1,-0.72,-0.48,-0.24,-0.44,0.06,-0.5,-0.22,-0.34,-0.17,0.17,0.13,0.17,0.06,0.2,-0.1,0.02,-0.12,-0.12,-0.01,-0.11,-0.36,-1.16,-0.22,-1.38,-0.58,-1.96,0.0,2646,1324,1322
168,Chris Mills,1999,-1.74,-0.11,0.45,-0.52,1.29,0.37,-0.22,-0.46,-0.29,-0.17,-0.22,0.07,-0.29,-0.89,0.35,-0.16,0.39,-0.1,-0.74,0.67,0.28,-0.35,0.22,-0.57,-0.29,-0.12,-0.16,0.24,-0.68,-0.64,-1.57,-0.4,-1.96,0.01,5111,2547,2564
123,Robert Pack,1999,1.08,-0.6,-1.22,-0.2,0.15,-0.58,-1.27,-1.77,-1.66,-0.11,-0.51,-0.23,-0.28,0.83,-0.08,-0.06,-0.24,0.17,0.32,0.1,-0.17,-0.33,-0.2,-0.13,-0.12,-0.15,0.04,-0.1,-2.28,-0.45,-1.45,-0.55,-1.99,0.01,1711,848,863
288,Armen Gilliam,1999,-0.82,-0.43,-0.78,0.12,1.6,0.08,-1.08,-1.43,-0.9,-0.53,-0.24,-0.12,-0.12,-0.43,-0.08,0.03,-0.08,0.04,0.16,-0.07,-0.33,0.07,-0.12,0.19,0.15,0.27,-0.11,-0.13,-1.67,0.22,-2.1,0.09,-2.01,0.0,2481,1241,1240
1506,Austin Croshere,1999,-0.76,-0.06,-0.09,-0.12,0.85,0.11,-1.0,-0.82,-0.28,-0.54,-0.7,-0.02,-0.69,0.0,0.33,-0.03,0.15,-0.06,-0.48,-0.28,-0.4,-0.16,-0.22,0.06,-0.2,-0.02,-0.18,-0.17,-1.52,-0.36,-1.52,-0.53,-2.05,0.0,885,438,447
788,Kevin Willis,1999,-1.02,-0.09,-0.21,-0.24,1.23,-0.75,-0.02,-2.93,-2.38,-0.55,-0.12,-0.06,-0.06,0.75,0.4,0.13,-0.03,-0.18,-0.38,0.03,0.14,0.71,0.44,0.27,-0.32,-0.16,-0.15,-0.15,-3.05,0.39,-2.3,0.24,-2.06,0.0,4403,2212,2191
1871,Gerald Brown,1999,-0.41,-0.02,-0.78,-0.08,1.2,-0.22,-1.47,-0.39,-0.18,-0.21,-0.24,-0.34,0.08,-0.55,-0.36,-0.07,0.15,-0.05,0.21,0.08,-0.26,-0.41,-0.31,-0.1,-0.37,-0.12,-0.25,-0.11,-0.63,-0.78,-1.18,-0.89,-2.07,0.0,867,428,439
243,Aaron McKie,1999,0.06,0.17,-0.44,-0.93,0.38,0.25,-1.48,-0.55,-0.91,0.36,-0.77,-0.45,-0.33,-0.52,-0.05,-0.53,-0.61,0.22,0.66,0.34,0.56,-0.48,-0.09,-0.39,0.11,0.04,0.07,0.13,-1.32,-0.37,-1.84,-0.24,-2.09,-0.01,3997,1984,2013
1740,Rashard Lewis,1999,0.23,0.23,-0.45,-0.29,0.22,-0.52,-1.44,-1.15,-1.24,0.09,-0.5,-0.35,-0.15,-0.22,-0.14,-0.12,0.04,-0.12,0.1,0.23,-0.15,-0.34,-0.25,-0.09,-0.08,-0.04,-0.04,0.18,-1.65,-0.42,-1.87,-0.24,-2.11,0.0,584,290,294
976,Jeff McInnis,1999,-1.57,0.0,-0.06,-0.24,1.63,-0.41,-1.66,-2.22,-2.07,-0.15,0.08,0.21,-0.12,0.34,-0.28,-0.23,0.23,0.12,0.06,-0.04,0.19,-0.29,-0.31,0.02,-0.05,-0.07,0.02,0.02,-2.14,-0.34,-1.8,-0.32,-2.12,-0.0,1524,762,762
949,Shareef Abdur-Rahim,1999,0.98,0.07,-1.12,-0.25,0.14,-0.43,-1.53,0.32,-0.31,0.63,-0.86,-0.33,-0.53,0.35,-0.41,-1.38,0.25,0.13,0.16,-0.05,-1.57,-1.85,-1.42,-0.43,-0.01,-0.12,0.11,-0.08,-0.54,-1.86,-0.19,-1.94,-2.13,0.0,7343,3652,3691
735,Bryant Reeves,1999,-0.52,0.51,-0.75,-0.23,1.27,-0.36,-1.58,-0.38,-0.64,0.26,-0.64,-0.23,-0.41,-0.46,0.16,-0.32,0.21,-0.32,-0.37,0.26,-1.14,-0.32,-0.24,-0.08,0.03,-0.14,0.17,-0.37,-1.02,-0.29,-1.48,-0.66,-2.14,0.0,2593,1291,1302
1757,Cory Carr,1999,-0.35,0.17,-0.65,-0.39,1.01,-0.36,-1.17,-0.82,-0.73,-0.09,-0.33,-0.15,-0.17,-0.87,-0.54,-0.13,0.03,-0.03,0.5,-0.11,-0.11,-0.62,-0.39,-0.23,0.28,0.11,0.16,0.19,-1.15,-0.34,-2.02,-0.15,-2.17,0.0,2265,1126,1139
1710,Mike Bibby,1999,0.39,0.28,-1.86,-0.09,1.47,-0.42,-1.0,0.34,0.01,0.33,-0.46,-0.33,-0.12,-0.52,-0.21,-1.15,0.07,-0.06,0.14,0.31,-0.98,-0.7,-0.43,-0.27,-0.25,-0.06,-0.18,-0.58,-0.12,-0.95,-0.64,-1.53,-2.17,0.0,6461,3202,3259
1520,Charles Smith,1999,-0.18,0.04,0.53,-0.54,-0.34,-0.29,-1.76,-1.21,-0.87,-0.34,-0.46,-0.17,-0.29,-0.72,-0.38,-0.13,0.2,-0.11,0.17,0.02,-0.29,-0.24,-0.26,0.02,0.19,0.27,-0.07,0.2,-1.67,-0.05,-2.39,0.15,-2.24,-0.0,1154,569,585
1540,Eric Washington,1999,-0.47,-0.51,1.23,-0.41,-0.77,-0.31,-1.6,-1.78,-1.47,-0.31,-0.27,0.51,-0.76,0.16,-0.18,0.07,-0.46,0.12,0.65,-0.05,0.22,0.15,0.27,-0.12,0.07,0.06,0.02,-0.59,-2.05,0.22,-1.89,-0.37,-2.25,0.01,2782,1399,1383
938,Rony Seikaly,1999,-0.62,-0.01,0.19,-0.23,0.42,-0.44,-1.4,-1.36,-1.38,0.02,-0.47,-0.13,-0.34,-0.35,0.05,0.0,-0.05,-0.02,0.0,0.02,0.3,-0.24,-0.12,-0.12,0.04,0.04,0.01,0.12,-1.83,-0.2,-2.18,-0.08,-2.25,0.01,336,168,168
54,Dickey Simpkins,1999,0.16,-0.24,-0.7,-0.43,0.54,-0.49,-0.64,-0.71,-0.64,-0.07,-1.03,-0.97,-0.05,-0.35,-0.59,-0.63,0.34,-0.05,0.26,-0.18,-1.82,-1.27,-1.63,0.36,-0.02,0.03,-0.05,1.07,-1.74,-1.29,-2.09,-0.22,-2.31,-0.0,5216,2601,2615
1533,Anthony Johnson,1999,-0.53,-0.22,-0.79,-0.15,1.32,-0.7,-2.82,-1.35,-1.89,0.54,-0.69,-0.22,-0.48,-0.35,0.47,-0.11,-0.22,0.19,-0.24,0.2,0.86,0.26,0.21,0.05,-0.31,-0.19,-0.11,0.11,-2.04,-0.05,-2.39,0.06,-2.33,0.0,3479,1735,1744
180,John Crotty,1999,0.1,0.41,-0.11,0.2,0.01,0.01,-0.86,0.87,0.77,0.1,-1.09,-0.78,-0.31,-1.03,0.15,-0.15,-0.28,-0.1,0.12,-0.27,-0.61,-0.7,-0.77,0.07,-0.19,-0.12,-0.08,-0.19,-0.22,-0.89,-1.25,-1.08,-2.34,-0.01,1455,729,726
1500,Ron Mercer,1999,-0.33,-0.66,-0.88,0.67,1.2,0.58,0.82,-0.86,0.08,-0.94,0.16,0.44,-0.27,-0.32,-1.17,-0.95,0.93,0.12,0.24,0.18,0.25,-1.13,-0.83,-0.3,0.1,0.31,-0.2,-0.3,-0.7,-1.03,-1.02,-1.33,-2.35,-0.0,5676,2842,2834
73,Hot Rod Williams,1999,-0.7,-0.53,0.1,0.01,0.6,-0.2,-1.95,-1.41,-1.02,-0.39,-0.88,-0.19,-0.68,-0.24,-0.12,-0.26,0.06,0.28,0.06,-0.13,-0.07,0.47,0.23,0.24,-0.14,0.03,-0.18,-0.16,-2.29,0.33,-2.53,0.17,-2.35,0.01,1519,759,760
1508,Maurice Taylor,1999,0.66,0.04,-0.3,-0.18,-0.35,0.08,-2.73,0.1,0.27,-0.17,0.58,0.21,0.38,-0.7,-1.25,-0.42,0.28,-0.38,0.97,-0.41,-1.15,-1.74,-1.64,-0.1,-0.18,-0.08,-0.1,-0.45,0.68,-1.92,-0.02,-2.37,-2.4,-0.01,5529,2760,2769
682,Bob Sura,1999,0.06,-0.9,0.26,-0.24,-0.32,-0.24,-0.52,-1.11,-1.21,0.1,-0.65,-0.27,-0.4,-0.96,-0.04,-0.07,-0.39,0.16,0.43,0.17,-0.31,0.13,0.2,-0.07,0.35,0.16,0.18,-0.19,-1.76,0.48,-2.72,0.29,-2.42,0.01,2891,1441,1450
441,Lamond Murray,1999,0.44,-0.21,-0.39,-0.56,-0.04,-0.39,-3.09,-1.23,-1.36,0.13,-0.15,0.18,-0.31,0.19,-0.52,-0.28,-0.33,0.1,0.85,-0.59,1.05,-1.65,-1.08,-0.57,-0.07,-0.13,0.06,0.49,-1.38,-1.72,-1.19,-1.23,-2.42,0.0,4890,2439,2451
145,Tracy Murray,1999,-1.79,0.27,1.5,-0.14,0.29,-0.34,-1.02,-1.0,-0.76,-0.24,0.64,0.63,0.01,-0.76,0.17,-0.46,-0.05,0.04,-0.12,-0.08,0.11,-1.64,-1.21,-0.43,-0.17,-0.29,0.11,0.5,-0.36,-1.81,-1.12,-1.31,-2.43,-0.0,2432,1240,1192
157,Derek Harper,1999,-0.89,0.02,0.7,0.14,0.2,-0.05,0.46,-0.05,0.13,-0.18,0.13,0.16,-0.04,-0.47,-0.14,0.07,0.32,-0.18,-0.18,0.22,-0.78,0.19,0.31,-0.12,-0.95,-0.51,-0.44,-1.33,0.08,-0.76,-0.39,-2.09,-2.48,0.0,4579,2295,2284
89,Nick Van Exel,1999,-0.57,-0.87,1.05,-0.11,-0.48,0.12,-1.32,-0.68,-0.57,-0.11,1.1,0.7,0.4,-0.64,-0.89,-0.43,0.06,-0.43,0.83,-0.12,-1.52,-1.74,-1.79,0.05,-0.61,-0.34,-0.28,0.09,0.42,-2.35,-0.22,-2.26,-2.48,0.0,6642,3336,3306
458,Howard Eisley,1999,-0.15,-0.39,-0.64,0.2,0.79,-0.24,-1.17,-0.99,-1.06,0.07,-1.46,-1.28,-0.17,-0.02,0.1,0.23,0.26,0.14,-0.36,-0.01,0.9,-0.05,0.12,-0.17,0.04,-0.33,0.37,-0.01,-2.45,-0.01,-2.47,-0.02,-2.49,-0.0,4522,2263,2259
1444,Lawrence Funderburke,1999,-0.17,-0.06,1.54,0.0,-1.38,-0.22,-0.31,-0.32,0.12,-0.44,-0.63,-0.38,-0.25,0.37,-0.65,-0.36,0.36,-0.06,0.29,-0.44,-1.26,-1.47,-1.66,0.19,-0.1,0.02,-0.12,-0.38,-0.95,-1.57,-0.58,-1.95,-2.53,0.0,3687,1846,1841
753,Randy Brown,1999,0.18,-0.87,-1.65,-0.59,1.48,-1.07,-0.96,-2.38,-2.26,-0.12,0.24,-0.31,0.54,-1.41,-0.02,-0.01,-0.14,0.23,0.16,0.04,0.14,0.31,0.37,-0.06,0.56,0.08,0.48,0.08,-2.14,0.87,-3.55,0.95,-2.59,0.01,4133,2061,2072
1522,Keith Booth,1999,-0.14,-0.29,-0.54,-0.26,0.68,-0.06,-1.12,-0.66,-0.52,-0.14,-0.34,-0.06,-0.28,-0.82,-0.58,-0.16,0.06,-0.14,0.52,0.04,-0.47,-1.19,-1.03,-0.16,-0.03,-0.21,0.18,0.44,-1.0,-1.22,-1.82,-0.78,-2.6,-0.0,1569,780,789
57,Doug Christie,1999,-0.11,-1.02,-0.11,-0.22,0.22,-0.06,-0.8,-1.51,-1.5,-0.01,-0.67,-0.63,-0.02,0.08,-0.39,-0.1,0.25,-0.27,0.14,-0.08,-0.23,-1.3,-0.97,-0.33,0.11,0.03,0.08,0.65,-2.18,-1.19,-2.1,-0.54,-2.64,0.0,6496,3251,3245
76,Cedric Ceballos,1999,0.1,-0.62,0.39,-0.1,-0.49,-0.86,-2.15,-2.05,-2.12,0.07,-0.27,0.02,-0.29,-0.15,-0.14,-0.07,0.03,0.14,0.11,0.04,-0.11,0.17,0.13,0.04,-0.18,-0.12,-0.06,-0.2,-2.32,-0.01,-2.47,-0.21,-2.68,0.0,1294,649,645
1425,Aaron Williams,1999,0.29,-0.0,0.1,-0.16,-0.4,-0.98,-1.55,-0.96,-1.5,0.54,-1.39,-0.48,-0.91,0.07,0.15,-0.26,-0.07,-0.21,-0.08,0.17,0.25,-1.14,-0.97,-0.17,0.01,-0.04,0.05,0.7,-2.35,-1.13,-2.28,-0.43,-2.71,0.0,1811,894,917
1831,Marlon Garnett,1999,-0.13,-0.34,0.35,-0.35,-0.23,-0.61,-3.01,-2.3,-2.29,-0.01,-0.73,-0.13,-0.61,-0.28,-0.1,-0.03,-0.1,0.14,0.2,0.29,0.21,0.56,0.51,0.05,-0.24,-0.11,-0.12,0.21,-3.03,0.32,-3.31,0.53,-2.79,-0.01,784,399,385
1593,Charles Shackleford,1999,-0.67,0.15,-0.31,-0.26,0.98,-0.2,-1.84,-1.7,-1.4,-0.3,-1.35,-0.29,-1.06,-0.43,0.1,-0.07,0.52,0.12,-0.63,0.28,0.53,1.0,1.14,-0.14,0.04,-0.01,0.05,-0.45,-3.05,1.04,-3.48,0.59,-2.88,0.01,1345,675,670
399,Sean Rooks,1999,-0.02,-0.37,0.08,-0.29,-0.05,-0.42,-1.98,-1.82,-1.76,-0.06,0.37,0.16,0.21,-0.26,-0.35,-0.33,0.16,0.09,0.19,-0.25,-0.58,-1.2,-0.96,-0.24,-0.06,0.03,-0.09,0.02,-1.45,-1.26,-1.71,-1.24,-2.95,0.0,1369,685,684
673,Alan Henderson,1999,0.45,-0.05,-0.96,0.01,0.52,-0.95,-3.15,-1.42,-1.07,-0.35,-0.88,-0.64,-0.24,0.78,-0.14,0.06,0.38,0.02,-0.23,-0.25,0.24,-0.97,-0.97,-0.0,-0.59,-0.41,-0.17,0.07,-2.3,-1.56,-1.52,-1.49,-3.0,0.01,4031,2017,2014
699,Brent Barry,1999,0.83,-1.31,1.19,-0.84,-2.03,-0.37,-1.39,-1.55,-1.61,0.06,-0.0,0.36,-0.36,-0.36,-0.61,-0.14,-0.08,-0.24,0.69,-0.19,-1.4,-1.26,-1.29,0.03,0.15,0.03,0.12,0.0,-1.55,-1.11,-1.91,-1.11,-3.02,0.0,4290,2144,2146
179,Bryant Stith,1999,-0.15,-0.95,1.32,0.14,-1.17,-0.02,-0.68,-0.29,0.04,-0.33,-0.1,0.11,-0.19,-0.87,-0.89,-0.38,0.69,-0.18,0.19,-0.21,-2.11,-0.88,-1.0,0.12,-0.65,-0.43,-0.23,-0.27,-0.39,-1.53,-1.26,-1.8,-3.06,0.0,4454,2235,2219
1518,Rodrick Rhodes,1999,0.57,-0.47,-0.3,-0.3,-0.26,-0.65,-2.38,-2.24,-2.35,0.11,-0.54,-0.3,-0.23,0.09,0.11,-0.0,-0.31,-0.11,0.2,-0.08,-0.5,-0.47,-0.34,-0.13,-0.06,-0.04,-0.02,0.09,-2.78,-0.53,-2.69,-0.44,-3.13,0.0,578,289,289
934,Derrick Coleman,1999,0.12,0.19,-0.61,-0.02,0.48,-0.44,-1.3,-0.77,-0.75,-0.02,-0.76,-0.71,-0.04,-0.25,-0.87,0.1,-0.11,-0.2,0.98,0.18,-1.85,-0.99,-0.87,-0.12,-0.24,0.0,-0.23,-0.21,-1.53,-1.23,-1.78,-1.44,-3.22,-0.0,4276,2146,2130
677,Eric Williams,1999,0.17,-0.65,-1.0,-0.85,0.83,-0.65,-5.13,-2.17,-2.93,0.76,-0.23,0.3,-0.53,-0.39,0.26,-0.09,0.2,-0.03,-0.45,-0.31,0.31,-0.59,-0.68,0.09,0.16,-0.1,0.27,-0.05,-2.4,-0.43,-2.79,-0.48,-3.27,-0.0,2843,1418,1425
1516,Ed Gray,1999,0.17,-0.54,0.09,-0.31,-0.26,-1.0,-1.71,-3.14,-2.8,-0.34,0.15,0.18,-0.04,0.01,0.48,-0.04,-0.3,0.11,-0.18,-0.4,-0.23,-0.37,-0.3,-0.07,-0.2,-0.15,-0.05,0.19,-2.99,-0.57,-2.98,-0.38,-3.36,0.0,1455,722,733
178,Olden Polynice,1999,-0.51,0.3,-0.01,-0.12,0.53,-0.89,1.18,-3.08,-2.07,-1.01,0.11,0.25,-0.15,0.54,0.45,-0.27,-0.11,-0.07,-0.34,-0.71,-1.87,-0.63,-1.15,0.52,0.01,-0.08,0.1,-0.33,-2.97,-0.62,-2.43,-0.95,-3.38,0.0,5323,2648,2675
955,Samaki Walker,1999,-1.31,-0.47,-0.89,-0.46,2.2,-0.16,-3.93,-2.28,-2.41,0.13,-0.34,-0.31,-0.04,-0.27,-0.03,0.44,-0.34,-0.05,0.37,-0.02,-0.35,-0.09,0.03,-0.12,-0.06,0.03,-0.09,-0.37,-2.62,-0.15,-2.89,-0.52,-3.41,-0.0,2047,1021,1026
323,Greg Foster,1999,0.07,-0.25,-0.77,0.01,0.69,-0.64,-0.32,-1.79,-1.28,-0.51,-0.88,-0.46,-0.42,-0.26,-0.43,-0.15,0.14,0.13,0.3,0.06,0.45,-0.2,-0.05,-0.15,-0.07,-0.01,-0.05,-0.23,-2.67,-0.27,-2.93,-0.5,-3.44,-0.01,1868,928,940
952,Antoine Walker,1999,0.18,-0.38,0.26,0.01,-0.45,-0.47,-0.57,-1.44,-1.04,-0.4,0.93,0.82,0.11,-1.23,-1.62,-0.83,0.59,0.19,1.03,0.3,-0.7,-0.57,-0.38,-0.19,-0.28,-0.08,-0.2,-0.92,-0.51,-0.85,-1.74,-1.77,-3.51,0.0,5575,2785,2790
1600,Kornel David,1999,-0.0,-0.67,-0.75,-0.31,0.76,-0.74,-0.79,-1.54,-1.08,-0.46,-0.65,-0.21,-0.45,-0.45,-1.44,-0.42,0.45,0.04,0.99,0.12,-0.33,-1.44,-0.87,-0.57,0.18,-0.14,0.33,0.34,-2.19,-1.26,-2.64,-0.92,-3.56,0.0,3318,1653,1665
685,Cherokee Parks,1999,0.36,-0.6,-2.46,-0.13,2.09,-0.66,-1.13,-3.1,-2.31,-0.79,-0.8,-0.27,-0.53,0.15,-0.82,-0.5,0.19,0.08,0.64,-0.0,-0.28,-0.84,-0.81,-0.03,0.25,0.45,-0.22,0.73,-3.9,-0.59,-3.75,0.14,-3.62,-0.01,4063,2016,2047
1709,Michael Olowokandi,1999,-0.77,0.05,0.21,0.09,0.55,-0.16,-2.63,-0.57,-0.21,-0.36,-0.87,-0.8,-0.08,-1.12,-0.81,-0.57,0.55,-0.06,0.26,-0.49,-0.64,-1.85,-1.65,-0.2,0.22,0.22,0.01,0.5,-1.44,-1.63,-2.56,-1.13,-3.69,0.0,4684,2340,2344
95,Mark Bryant,1999,-0.81,-1.38,-0.49,-0.36,1.29,-0.2,-2.0,-2.22,-2.08,-0.14,-0.45,0.02,-0.47,-1.1,0.01,-0.02,-0.16,-0.14,0.15,-0.35,-0.38,-0.79,-0.73,-0.06,0.25,-0.2,0.45,0.39,-2.67,-0.54,-3.77,-0.15,-3.92,0.0,4251,2118,2133
954,Kerry Kittles,1999,0.34,-0.86,0.23,-0.1,-0.58,-1.32,-1.41,-3.14,-2.29,-0.85,0.3,0.41,-0.11,-0.47,-2.33,0.05,0.48,-0.13,1.85,-0.12,0.84,-1.21,-1.12,-0.09,-0.09,0.09,-0.18,0.13,-2.84,-1.3,-3.31,-1.17,-4.48,0.0,5855,2919,2936
