player_id,player_name,Latest_Year,oTS,oTOV,oREB,dTS,dTOV,dREB,off,def,net_rapm,RESID,possessions,off_poss,def_poss
203999,Nikola Jokic,2026,7.14,0.04,0.5,0.17,-0.67,2.22,7.74,1.75,9.49,0.09,54421,27286,27135
1628983,Shai Gilgeous-Alexander,2026,3.19,2.71,-0.56,1.36,0.83,0.07,6.22,1.63,7.84,0.24,51295,25679,25616
203507,Giannis Antetokounmpo,2026,3.94,0.11,0.15,2.26,-1.22,1.48,4.43,2.05,6.48,-0.24,44037,22030,22007
202695,Kawhi Leonard,2026,2.99,1.72,-0.49,1.14,0.17,0.32,4.23,1.52,5.76,-0.09,27747,13873,13874
1641705,Victor Wembanyama,2026,1.68,-1.21,-0.31,3.64,-0.17,1.49,0.55,5.19,5.73,0.61,19727,9874,9853
202681,Kyrie Irving,2026,3.5,1.58,-0.05,1.11,0.22,-1.21,5.17,0.22,5.39,0.24,32932,16503,16429
203954,Joel Embiid,2026,4.17,0.06,-1.94,3.11,-0.96,0.61,2.39,2.86,5.25,0.2,33153,16630,16523
1627936,Alex Caruso,2026,-0.12,0.32,-0.46,1.77,3.48,-0.08,0.03,4.86,4.89,-0.02,28873,14449,14424
203500,Steven Adams,2026,-1.08,-0.93,5.27,1.95,-1.5,1.37,2.67,2.2,4.86,-0.22,19822,9940,9882
1628378,Donovan Mitchell,2026,2.24,1.48,-0.11,-0.25,0.76,0.1,3.85,0.85,4.69,0.47,46884,23486,23398
1628369,Jayson Tatum,2026,2.33,0.78,-0.38,1.69,-0.33,0.25,3.41,1.26,4.68,0.34,53960,27008,26952
1631096,Chet Holmgren,2026,2.59,-0.31,-0.23,3.76,-1.25,0.34,1.56,3.09,4.65,-0.25,23710,11850,11860
1630532,Franz Wagner,2026,1.06,0.91,-0.1,1.49,0.38,1.36,1.64,2.9,4.54,-0.56,42998,21523,21475
201939,Stephen Curry,2026,5.3,-0.1,0.36,-0.96,0.35,-0.56,5.49,-0.97,4.52,0.13,47866,24032,23834
201142,Kevin Durant,2026,5.44,-0.74,-0.78,1.44,-1.0,0.43,3.48,0.76,4.24,-0.55,46017,23053,22964
1630529,Herbert Jones,2026,0.96,0.61,-0.36,1.18,2.0,0.08,1.02,3.22,4.23,-0.24,34646,17321,17325
1628374,Lauri Markkanen,2026,1.74,0.08,1.44,0.97,-0.62,0.53,3.19,0.91,4.1,-0.04,35790,17896,17894
1626164,Devin Booker,2026,3.05,0.93,0.36,0.52,-0.3,-0.68,4.58,-0.52,4.05,0.17,47969,24036,23933
203497,Rudy Gobert,2026,-0.39,-2.06,2.03,4.53,-0.72,1.05,-0.87,4.89,4.02,-0.42,48481,24208,24273
1628401,Derrick White,2026,0.77,1.16,-1.04,2.81,0.12,-0.09,0.95,3.03,3.98,0.25,53845,26931,26914
201950,Jrue Holiday,2026,1.15,0.75,0.07,0.84,0.63,0.63,2.0,1.93,3.93,-0.14,44377,22208,22169
203110,Draymond Green,2026,1.45,-0.86,-0.95,3.0,0.51,1.21,-0.56,4.47,3.9,-0.46,40406,20204,20202
203081,Damian Lillard,2026,3.98,1.18,-0.85,0.13,-0.74,0.12,4.37,-0.5,3.87,0.05,32925,16485,16440
203932,Aaron Gordon,2026,0.54,0.0,0.81,2.28,-0.35,0.87,1.06,2.71,3.77,-0.38,42526,21287,21239
202331,Paul George,2026,1.89,0.4,-1.17,1.03,1.52,-0.12,0.95,2.77,3.72,0.17,31605,15822,15783
1641726,Dereck Lively II,2026,0.67,-0.28,1.09,1.5,0.01,0.48,1.55,2.12,3.67,0.2,10970,5471,5499
1627783,Pascal Siakam,2026,0.9,1.53,-0.04,0.76,-0.41,0.93,2.18,1.42,3.6,-0.07,55211,27630,27581
1628389,Bam Adebayo,2026,0.04,0.36,-0.57,1.86,-0.1,1.49,-0.47,4.05,3.59,0.51,50767,25404,25363
1627832,Fred VanVleet,2026,-0.18,1.44,-0.02,1.02,1.5,-0.17,1.44,2.11,3.56,-0.03,40494,20281,20213
1642864,Hugo González,2026,0.36,-0.01,1.28,1.06,0.8,-0.09,1.87,1.65,3.53,0.13,2891,1431,1460
203076,Anthony Davis,2026,0.23,0.17,-0.0,2.39,-0.09,1.14,0.14,3.26,3.41,-0.43,37700,18855,18845
1629026,Kenrich Williams,2026,-0.18,-0.06,0.67,1.11,1.06,0.75,0.57,2.82,3.39,0.04,20775,10341,10434
202710,Jimmy Butler,2026,1.4,0.79,0.85,-0.79,1.04,0.15,2.99,0.37,3.37,-0.07,43256,21641,21615
1630193,Immanuel Quickley,2026,-0.14,1.0,-0.22,2.78,0.28,-0.16,0.74,2.59,3.33,-0.21,35528,17766,17762
1628392,Isaiah Hartenstein,2026,0.08,-0.72,1.7,1.63,-0.33,0.9,0.64,2.67,3.31,0.05,33108,16560,16548
1626172,Kevon Looney,2026,-1.52,-0.32,2.66,2.41,-1.49,1.37,1.04,2.26,3.31,0.2,29142,14501,14641
201588,George Hill,2026,-0.96,0.17,-0.28,3.53,0.11,0.52,-0.87,4.17,3.3,0.21,8714,4365,4349
202355,Hassan Whiteside,2026,0.32,-0.54,1.38,0.9,-0.41,0.47,1.67,1.56,3.22,1.1,4872,2420,2452
1641708,Amen Thompson,2026,-1.45,0.68,1.91,1.73,0.73,-0.08,0.85,2.27,3.12,-0.4,23159,11564,11595
1631217,Moussa Diabate,2026,-1.38,-0.96,3.93,-0.21,0.91,0.03,2.12,0.91,3.03,0.71,10699,5334,5365
1628449,Chris Boucher,2026,-1.5,0.57,1.87,0.71,0.94,-0.36,1.42,1.58,3.0,0.77,19668,9803,9865
1629029,Luka Doncic,2026,3.28,0.59,-1.07,0.18,-0.42,0.3,3.19,-0.24,2.95,0.09,49003,24497,24506
1626167,Myles Turner,2026,2.64,0.33,-1.46,1.31,-0.88,0.41,1.36,1.4,2.77,0.42,40655,20366,20289
1630217,Desmond Bane,2026,1.25,0.69,0.69,0.04,0.14,-0.32,2.69,-0.02,2.67,0.18,42665,21389,21276
2544,LeBron James,2026,2.98,0.04,-0.81,-0.12,-0.38,0.4,2.64,0.0,2.64,0.53,45493,22718,22775
1630631,Jose Alvarado,2026,-0.31,0.18,0.57,0.97,1.38,-0.26,0.44,2.16,2.6,0.07,23048,11523,11525
203935,Marcus Smart,2026,0.95,0.29,-0.49,0.18,1.28,0.66,0.55,2.04,2.58,-0.29,33588,16781,16807
1629057,Robert Williams III,2026,-1.14,-1.02,1.32,3.43,-0.04,-0.19,-0.99,3.54,2.55,0.19,18128,9070,9058
1642844,Dylan Harper,2026,-0.0,0.1,0.85,0.71,0.07,0.59,0.58,1.92,2.5,0.18,3825,1915,1910
1629731,Dean Wade,2026,-1.04,0.11,0.01,1.49,0.63,1.04,-0.66,3.13,2.46,0.22,21777,10842,10935
1630169,Tyrese Haliburton,2026,2.77,0.93,-0.69,0.03,-0.04,-1.07,3.14,-0.69,2.45,0.52,42955,21526,21429
1630162,Anthony Edwards,2026,1.96,0.51,-0.34,0.08,0.42,-0.28,2.35,0.08,2.43,0.08,57395,28709,28686
1628386,Jarrett Allen,2026,1.35,-1.32,1.52,1.28,0.04,-0.04,0.87,1.55,2.42,-0.41,41975,20954,21021
1641709,Ausar Thompson,2026,-1.31,-0.31,1.6,0.99,1.39,-0.19,0.03,2.4,2.42,0.25,17554,8734,8820
1630559,Austin Reaves,2026,2.49,0.31,-0.67,0.44,-0.22,0.19,2.24,0.13,2.37,-0.17,42227,21098,21129
1629011,Mitchell Robinson,2026,-2.51,-1.25,3.9,0.9,0.23,0.35,0.22,2.14,2.36,0.74,23379,11632,11747
201143,Al Horford,2026,0.53,0.32,-0.7,1.34,-0.59,0.93,0.15,2.21,2.36,0.53,41121,20593,20528
1629674,Neemias Queta,2026,-0.71,-0.01,1.48,0.81,0.63,0.03,0.79,1.55,2.34,0.11,10255,5113,5142
203490,Otto Porter Jr.,2026,-0.08,-0.04,-0.32,1.18,1.05,0.25,-0.16,2.5,2.34,0.3,8339,4184,4155
1631106,Tari Eason,2026,-1.11,-1.14,3.05,0.13,0.57,0.67,1.19,1.14,2.33,0.16,18648,9272,9376
1628973,Jalen Brunson,2026,1.74,1.8,0.54,-1.11,-0.12,-0.63,3.9,-1.58,2.31,0.09,54490,27316,27174
203992,Bogdan Bogdanovic,2026,1.13,1.19,-0.32,0.13,-0.1,0.44,2.43,-0.16,2.27,-0.2,31653,15858,15795
1630264,Anthony Gill,2026,0.77,0.06,0.43,0.09,0.93,0.02,1.3,0.97,2.26,-0.04,8776,4385,4391
1628436,Luke Kornet,2026,-1.16,-0.05,1.9,1.6,-0.89,0.45,0.67,1.56,2.24,0.39,18479,9234,9245
1630549,Day'Ron Sharpe,2026,-1.0,-1.74,3.35,0.33,0.54,0.52,0.78,1.45,2.23,0.23,14973,7499,7474
101108,Chris Paul,2026,0.71,1.21,-1.02,1.86,0.06,-0.7,0.92,1.3,2.22,0.1,35187,17631,17556
1628989,Kevin Huerter,2026,1.53,0.91,-0.77,0.86,-0.42,0.23,1.42,0.75,2.17,-0.17,36980,18523,18457
1629162,Jordan McLaughlin,2026,1.25,-0.01,-1.07,0.37,1.46,0.45,0.17,1.99,2.16,-0.29,11559,5763,5796
1628969,Mikal Bridges,2026,0.86,0.95,-0.5,1.09,0.23,0.02,1.24,0.91,2.15,-0.5,59538,29757,29781
1627827,Dorian Finney-Smith,2026,0.01,0.19,0.08,1.49,0.28,-0.13,0.46,1.67,2.13,0.21,37425,18672,18753
1641739,Toumani Camara,2026,-1.19,-1.34,2.23,0.86,1.39,-0.21,-0.51,2.64,2.13,0.39,25279,12626,12653
1630163,LaMelo Ball,2026,2.01,0.6,0.96,-1.95,0.21,-0.12,3.87,-1.77,2.1,0.39,29563,14834,14729
202699,Tobias Harris,2026,-0.44,0.65,0.36,1.03,-0.54,0.97,0.44,1.65,2.09,0.06,47522,23820,23702
1629001,De'Anthony Melton,2026,0.89,-0.17,0.55,-0.33,1.28,-0.08,1.33,0.76,2.09,-0.05,24465,12243,12222
1628991,Jaren Jackson Jr.,2026,-0.96,0.54,-0.41,2.8,0.01,-0.11,-0.72,2.77,2.06,0.19,43146,21610,21536
203991,Clint Capela,2026,-2.72,-0.14,2.49,1.64,-0.65,0.96,-0.24,2.29,2.05,0.47,31206,15564,15642
1626157,Karl-Anthony Towns,2026,2.2,-0.43,0.02,-0.22,-0.95,0.68,1.82,0.22,2.04,0.74,44634,22393,22241
1630573,Sam Hauser,2026,1.53,0.66,-0.2,0.7,-1.0,0.15,2.25,-0.21,2.04,0.2,25449,12769,12680
1626153,Delon Wright,2026,-0.15,-0.34,0.18,1.06,1.36,0.21,-0.33,2.36,2.03,-0.29,17178,8586,8592
1626159,Justise Winslow,2026,-0.63,0.0,0.27,1.78,0.74,-0.28,-0.24,2.26,2.02,0.14,6247,3112,3135
1629630,Ja Morant,2026,0.68,0.04,0.68,0.89,-0.26,0.25,1.14,0.81,1.94,-0.34,28773,14412,14361
1630595,Cade Cunningham,2026,1.37,-0.47,0.66,0.05,0.35,0.6,0.6,1.32,1.92,-0.64,36310,18154,18156
1628384,OG Anunoby,2026,0.49,-0.7,0.52,0.36,1.3,0.19,-0.02,1.94,1.92,-0.24,43858,21915,21943
1630540,Miles McBride,2026,-1.19,1.51,0.61,0.48,0.69,-0.19,1.54,0.36,1.91,-0.0,22208,11046,11162
203957,Dante Exum,2026,1.16,1.1,-0.59,0.39,-0.25,-0.0,1.93,-0.02,1.9,0.09,6471,3233,3238
1630241,Sam Merrill,2026,-0.01,0.95,-0.24,0.67,0.25,-0.45,1.08,0.76,1.85,0.68,14839,7441,7398
203994,Jusuf Nurkic,2026,-0.35,-1.23,0.41,1.36,-1.32,2.48,-1.27,3.11,1.84,0.49,29730,14877,14853
1629048,Goga Bitadze,2026,-0.44,-1.07,2.04,0.23,0.62,0.23,0.44,1.38,1.83,0.22,16882,8428,8454
1629634,Brandon Clarke,2026,-0.61,-0.11,0.31,1.81,0.58,0.05,-0.06,1.89,1.83,-0.2,16716,8347,8369
1628371,Jonathan Isaac,2026,-3.13,-0.34,1.94,1.16,1.96,0.45,-1.0,2.83,1.82,-0.22,10876,5432,5444
1641764,Brandin Podziemski,2026,-1.48,1.19,0.4,0.35,0.78,0.23,0.41,1.41,1.82,0.35,22329,11168,11161
1631132,Christian Koloko,2026,-1.96,0.08,0.56,1.2,1.15,0.22,-1.11,2.92,1.81,0.56,5869,2936,2933
1641744,Zach Edey,2026,-0.55,-1.65,2.31,1.33,-1.11,0.89,0.39,1.38,1.76,0.54,7537,3766,3771
1630166,Deni Avdija,2026,1.88,0.0,0.2,-0.29,0.01,0.1,2.0,-0.24,1.75,-0.15,41036,20471,20565
1628415,Dillon Brooks,2026,-0.43,0.77,-0.38,0.92,1.15,0.01,-0.53,2.28,1.74,-0.3,40510,20237,20273
1627751,Jakob Poeltl,2026,0.84,-0.84,1.44,-0.77,0.28,0.56,1.06,0.69,1.74,0.23,30499,15242,15257
1628396,Tony Bradley,2026,-1.24,-1.02,1.52,1.48,-0.32,0.31,-0.29,2.02,1.73,1.0,4844,2423,2421
1630688,Ish Wainright,2026,-1.48,0.0,0.84,0.82,0.31,0.9,-0.02,1.73,1.71,0.32,5586,2792,2794
1627780,Gary Payton II,2026,0.39,-0.19,0.5,0.02,1.73,-1.12,1.18,0.51,1.7,0.37,18143,8961,9182
1627739,Kris Dunn,2026,1.05,0.31,-0.17,-0.99,1.91,-0.35,1.24,0.47,1.7,-0.06,22506,11235,11271
1630194,Paul Reed,2026,-0.68,-0.5,1.92,-0.68,1.8,-0.71,0.66,0.98,1.65,0.5,15709,7841,7868
1630167,Obi Toppin,2026,1.25,0.26,0.5,-0.81,0.1,0.13,2.25,-0.61,1.64,0.21,26587,13283,13304
1629661,Cameron Johnson,2026,0.69,0.01,0.55,-0.01,0.06,0.06,1.28,0.36,1.64,0.28,31124,15582,15542
1627884,Derrick Jones Jr.,2026,-0.63,-0.19,0.07,1.8,0.64,0.04,-0.81,2.45,1.64,-0.09,27324,13647,13677
1629627,Zion Williamson,2026,0.6,0.4,0.62,0.26,-0.17,-0.19,1.88,-0.26,1.63,0.11,21553,10820,10733
1630700,Dyson Daniels,2026,0.68,-0.18,0.1,-0.02,1.62,-0.19,0.22,1.36,1.59,-0.42,28228,14075,14153
1629636,Darius Garland,2026,2.3,0.31,-0.34,-0.44,0.48,-0.99,1.85,-0.33,1.52,0.2,42265,21196,21069
1629750,Javonte Green,2026,0.05,-0.66,0.57,0.21,1.63,-0.47,0.11,1.4,1.51,0.18,18739,9350,9389
1628379,Luke Kennard,2026,2.88,0.23,-1.04,0.24,-0.3,-0.35,2.01,-0.51,1.5,-0.16,28371,14231,14140
1628368,De'Aaron Fox,2026,1.13,1.38,-0.02,-0.4,-0.44,0.35,2.77,-1.27,1.5,-0.5,45885,23012,22873
1631260,A.J. Green,2026,0.92,0.24,-1.12,0.49,0.21,0.24,0.48,0.98,1.47,0.49,17505,8758,8747
1627750,Jamal Murray,2026,1.89,1.53,0.05,-0.65,-0.76,-0.68,3.53,-2.09,1.44,0.06,40096,20074,20022
204001,Kristaps Porzingis,2026,0.75,0.64,-0.85,1.23,-1.52,0.91,0.5,0.89,1.4,0.24,29518,14799,14719
1629056,Terence Davis,2026,0.93,0.18,-0.33,-0.24,-0.01,0.14,1.19,0.18,1.37,0.7,5914,2959,2955
1626149,Montrezl Harrell,2026,0.08,-0.18,0.25,1.7,-0.6,0.37,0.01,1.34,1.35,-0.27,9271,4627,4644
1627742,Brandon Ingram,2026,1.66,-0.24,-0.02,0.17,-0.52,0.59,1.16,0.18,1.34,-0.3,33289,16674,16615
203939,Dwight Powell,2026,-0.01,-0.73,0.79,-0.29,0.48,0.7,-0.09,1.43,1.34,0.4,21570,10773,10797
1630174,Aaron Nesmith,2026,1.03,0.41,-0.15,-0.14,0.06,-0.13,1.41,-0.12,1.3,0.22,31595,15812,15783
1642349,Ajay Mitchell,2026,-0.35,0.47,-0.93,0.54,1.02,0.71,-1.19,2.49,1.3,-0.16,7569,3799,3770
203944,Julius Randle,2026,1.95,-0.33,0.77,-0.31,-0.81,0.17,2.47,-1.18,1.29,-0.15,47209,23607,23602
1630188,Jalen Smith,2026,-0.05,-0.04,1.29,0.11,-1.02,0.54,1.55,-0.27,1.29,0.46,21205,10589,10616
1630178,Tyrese Maxey,2026,0.88,1.78,-0.56,-0.68,-0.27,-0.36,2.31,-1.03,1.28,0.49,49465,24809,24656
1629632,Coby White,2026,1.89,0.92,-0.15,-0.35,-0.54,-0.08,2.83,-1.62,1.21,-0.48,39195,19599,19596
202692,Alec Burks,2026,0.57,0.47,-0.33,0.02,-0.02,-0.08,1.32,-0.14,1.19,0.56,22292,11137,11155
1629638,Nickeil Alexander-Walker,2026,0.71,0.52,-1.04,0.67,0.62,-0.7,0.78,0.38,1.15,0.37,36196,18073,18123
2738,Andre Iguodala,2026,-0.64,0.05,-0.63,1.26,0.95,-0.05,-0.94,2.08,1.13,0.19,3103,1539,1564
200752,Rudy Gay,2026,-1.01,0.88,-0.47,1.24,-0.16,0.35,-0.19,1.31,1.12,0.29,7401,3699,3702
1630591,Jalen Suggs,2026,-0.36,-1.14,-0.26,0.5,1.47,0.63,-1.66,2.79,1.12,0.28,27208,13608,13600
1630611,Gui Santos,2026,-1.15,-0.54,1.5,0.08,0.36,0.24,0.1,1.01,1.11,0.62,6611,3306,3305
1631099,Keegan Murray,2026,0.21,0.26,-0.07,-0.03,-0.01,0.59,0.68,0.38,1.06,0.11,34232,17136,17096
1641717,Cason Wallace,2026,-0.6,0.51,-0.12,0.42,1.69,-0.81,-0.48,1.52,1.05,-0.04,23474,11708,11766
1631221,Collin Gillespie,2026,0.56,0.14,0.29,-1.56,0.8,-0.02,1.26,-0.22,1.04,0.83,8910,4454,4456
203114,Khris Middleton,2026,1.19,0.32,-0.12,0.03,-0.46,0.12,1.18,-0.15,1.03,-0.05,27442,13777,13665
1641842,Ronald Holland II,2026,-0.74,-0.69,0.52,1.23,1.87,-0.89,-1.13,2.15,1.02,-0.28,9423,4697,4726
201935,James Harden,2026,2.36,-0.06,0.22,-0.79,-0.12,-0.32,2.37,-1.39,0.99,-0.3,50912,25467,25445
1629004,Svi Mykhailiuk,2026,-0.29,0.13,0.41,0.24,0.16,0.1,0.27,0.7,0.97,0.22,14119,7066,7053
1628373,Frank Ntilikina,2026,-1.13,0.93,-0.95,1.28,0.63,0.46,-0.85,1.82,0.97,-0.25,5694,2841,2853
1628988,Aaron Holiday,2026,-1.24,0.82,-0.06,1.0,0.32,0.46,-0.47,1.43,0.96,-0.34,17936,8954,8982
1642270,Donovan Clingan,2026,-1.92,-0.91,2.74,1.14,-0.81,0.22,0.0,0.95,0.95,0.49,11507,5761,5746
1630577,Julian Champagnie,2026,0.92,0.45,-0.17,-0.11,-0.33,0.38,0.82,0.12,0.94,-0.2,21900,10971,10929
1628420,Monte Morris,2026,1.0,0.91,-0.81,0.39,-0.84,0.35,1.18,-0.24,0.94,-0.06,21107,10570,10537
1630198,Isaiah Joe,2026,1.94,0.41,-0.62,-1.13,1.01,-0.81,2.38,-1.47,0.91,0.11,26461,13349,13112
1642345,Oso Ighodaro,2026,-0.9,-0.14,-0.14,0.82,1.09,0.13,-1.21,2.12,0.91,0.05,8520,4244,4276
1630578,Alperen Sengun,2026,0.58,-0.38,1.49,-0.55,-0.1,0.13,1.05,-0.14,0.91,-0.26,39906,20007,19899
1631243,Mouhamed Gueye,2026,-1.13,0.2,0.49,-0.24,1.01,0.23,-0.45,1.33,0.88,0.32,6091,3034,3057
1627826,Ivica Zubac,2026,0.13,-1.78,0.96,1.18,-1.06,1.53,-1.71,2.56,0.86,-0.1,41194,20613,20581
1626156,D'Angelo Russell,2026,0.98,0.15,-0.36,0.92,0.35,-0.94,0.44,0.43,0.86,-0.24,39861,19975,19886
1628366,Lonzo Ball,2026,-1.17,0.22,-0.61,1.28,0.94,-0.14,-1.49,2.33,0.84,0.32,11180,5603,5577
200768,Kyle Lowry,2026,-0.26,-0.26,-0.58,0.26,1.49,0.04,-0.94,1.74,0.8,0.11,28845,14427,14418
1641989,ID_1641989,2026,-0.22,0.05,0.26,-0.31,0.93,0.2,-0.12,0.91,0.79,-0.12,830,417,413
1642907,Cedric Coward,2026,1.18,-0.42,0.02,1.11,-0.67,-0.17,0.54,0.24,0.78,-0.27,5398,2702,2696
203488,Mike Muscala,2026,0.4,-0.05,-0.61,0.65,-0.33,0.24,0.2,0.54,0.74,0.44,8843,4440,4403
1627732,Ben Simmons,2026,1.4,-0.46,-1.29,-0.34,0.54,0.21,-0.23,0.96,0.74,0.68,10510,5249,5261
201144,Mike Conley,2026,0.38,0.73,-0.29,-0.18,0.1,0.36,0.68,0.06,0.74,-0.36,39527,19793,19734
1631128,Christian Braun,2026,-1.19,-0.01,0.48,1.81,0.16,-0.31,-0.59,1.3,0.71,-0.23,28094,14007,14087
201937,Ricky Rubio,2026,-2.9,0.03,-0.14,1.65,1.41,0.2,-2.87,3.57,0.7,0.45,6192,3106,3086
1628975,Jevon Carter,2026,-1.59,0.51,-0.02,1.09,0.42,-0.1,-0.66,1.36,0.7,0.39,18122,9020,9102
203933,T.J. Warren,2026,-0.77,0.45,0.05,0.77,-0.21,0.59,-0.47,1.16,0.69,-0.19,3684,1844,1840
204060,Joe Ingles,2026,1.66,-0.57,-0.29,-0.53,-0.51,0.73,1.23,-0.54,0.69,0.2,14775,7419,7356
1628976,Wendell Carter Jr.,2026,-0.39,-0.95,-0.17,1.22,-0.15,1.04,-1.77,2.46,0.68,0.08,34127,17058,17069
1631131,Oscar Tshiebwe,2026,-0.69,0.2,0.92,-0.73,0.01,0.49,0.88,-0.2,0.67,0.47,1325,657,668
1628404,Josh Hart,2026,0.79,-0.45,0.98,-0.45,0.12,0.24,0.79,-0.14,0.65,-0.58,49921,24954,24967
202326,DeMarcus Cousins,2026,0.93,-0.45,0.62,-1.17,-0.33,0.68,1.12,-0.47,0.65,0.37,3089,1547,1542
1631245,Quenton Jackson,2026,-0.96,-0.03,0.12,0.24,1.31,0.26,-1.33,1.95,0.62,-0.32,3963,1984,1979
1628970,Miles Bridges,2026,1.0,0.83,-1.15,0.82,-0.7,-0.24,0.79,-0.18,0.61,0.05,36892,18449,18443
201572,Brook Lopez,2026,-0.67,-0.45,-0.81,3.09,-1.81,1.04,-2.35,2.96,0.61,0.22,37985,19022,18963
1629008,Michael Porter Jr.,2026,0.71,0.41,0.61,-0.02,-0.95,-0.07,1.44,-0.84,0.6,-0.09,40826,20484,20342
1630200,Tre Jones,2026,0.34,1.09,-0.36,-0.39,0.22,-0.02,0.99,-0.4,0.6,-0.28,29551,14797,14754
1642848,Tre Johnson,2026,0.95,0.43,-0.41,-0.14,-0.02,-0.29,0.84,-0.25,0.6,0.08,4050,2025,2025
1629660,Ty Jerome,2026,0.69,0.69,-0.33,-0.86,0.95,-0.45,1.11,-0.51,0.6,-0.09,13407,6724,6683
200746,LaMarcus Aldridge,2026,-0.31,0.32,0.0,1.08,-1.18,0.58,-0.09,0.69,0.6,0.11,4257,2129,2128
1641740,Jaylen Clark,2026,-1.35,0.93,0.47,-0.44,0.42,0.12,0.42,0.18,0.6,0.45,5071,2515,2556
1631117,Walker Kessler,2026,-0.59,-1.79,1.69,2.63,-1.54,0.06,-0.71,1.3,0.59,0.13,20406,10172,10234
1629111,Jock Landale,2026,-0.66,-0.77,1.96,-0.34,-0.32,0.11,0.65,-0.09,0.56,0.58,16880,8441,8439
203585,Rodney McGruder,2026,-1.13,0.27,0.43,-0.48,0.96,0.02,0.12,0.43,0.56,0.49,5178,2600,2578
1630567,Scottie Barnes,2026,-1.06,0.22,0.61,0.52,0.83,-0.23,-0.42,0.97,0.55,-0.34,46331,23150,23181
1631197,Jared Rhoden,2026,-0.03,0.33,0.44,-0.02,0.02,-0.29,0.99,-0.48,0.51,0.06,2684,1345,1339
1630596,Evan Mobley,2026,-0.95,-0.34,-0.55,2.07,0.28,0.08,-1.76,2.26,0.5,-0.09,43795,21909,21886
1629006,Josh Okogie,2026,-1.86,-0.57,2.32,0.25,2.07,-1.16,-0.47,0.94,0.48,-0.57,18765,9337,9428
1642845,VJ Edgecombe,2026,-0.15,-0.18,1.0,0.29,0.39,-0.83,0.51,-0.03,0.48,-0.04,7375,3691,3684
1627734,Domantas Sabonis,2026,0.73,-1.49,0.85,-1.2,0.01,1.42,-0.38,0.85,0.47,0.15,44818,22453,22365
1642272,Jared McCain,2026,-0.25,0.36,0.17,-0.05,-0.0,-0.19,0.25,0.22,0.47,0.43,5410,2705,2705
1626246,Boban Marjanovic,2026,0.05,-0.6,0.02,0.41,-0.26,0.55,-0.55,1.02,0.47,0.3,1512,751,761
203087,Jeremy Lamb,2026,-0.9,0.51,0.11,0.58,-0.49,0.31,0.14,0.32,0.46,0.34,3731,1867,1864
202683,Enes Kanter,2026,-0.69,-0.31,0.56,0.62,-0.67,0.41,-0.11,0.56,0.45,0.53,1618,804,814
1630284,Kevon Harris,2026,-0.18,-0.38,0.44,-0.48,0.75,-0.01,0.38,0.06,0.44,0.3,1863,935,928
1628372,Dennis Smith Jr.,2026,-2.29,0.04,-0.19,1.55,1.11,0.44,-2.48,2.92,0.43,-0.23,12407,6173,6234
1631165,Keon Ellis,2026,-0.81,0.2,0.24,-0.03,1.33,-0.19,-0.44,0.86,0.42,-0.32,15355,7660,7695
1630230,Naji Marshall,2026,0.05,0.13,-0.29,0.22,0.46,0.21,-0.0,0.41,0.41,-0.37,30367,15142,15225
1642851,Kon Knueppel,2026,0.98,-0.65,0.6,0.01,-0.89,0.51,0.69,-0.3,0.39,-0.17,6950,3481,3469
1629027,Trae Young,2026,2.46,0.88,-0.36,-2.08,0.46,-0.86,3.18,-2.8,0.38,-0.12,44206,22130,22076
202330,Gordon Hayward,2026,-0.22,-0.09,-0.64,0.65,0.21,0.37,-0.98,1.35,0.37,0.09,18311,9136,9175
1631250,Pete Nance,2026,0.14,0.04,-0.06,0.02,0.02,-0.07,0.28,0.1,0.37,0.28,1584,789,795
203524,Solomon Hill,2026,-0.43,-0.15,0.08,0.44,-0.25,0.43,-0.44,0.8,0.36,0.24,538,272,266
1642883,Sion James,2026,-0.29,-0.82,0.76,0.54,-0.72,0.62,-0.51,0.87,0.35,0.26,5197,2580,2617
204456,T.J. McConnell,2026,1.08,-0.03,-0.8,-1.2,1.6,-0.16,0.4,-0.05,0.34,-0.15,25715,12835,12880
1626166,Cameron Payne,2026,-0.81,0.23,-0.05,0.89,0.85,-0.73,-0.83,1.11,0.28,-0.1,20638,10332,10306
201567,Kevin Love,2026,0.04,0.08,-0.07,-0.39,-0.73,1.44,-0.17,0.45,0.28,-0.09,19921,9978,9943
1630168,Onyeka Okongwu,2026,0.02,-0.73,0.54,-0.38,0.23,0.17,-0.11,0.38,0.27,0.42,33856,16941,16915
1642928,Dylan Cardwell,2026,-1.19,-0.64,1.05,0.29,0.35,-0.12,-0.48,0.74,0.27,0.53,2375,1190,1185
1641763,Julian Phillips,2026,-0.09,-0.15,0.36,0.81,0.25,-0.44,0.03,0.21,0.25,-0.49,7293,3643,3650
1631105,Jalen Duren,2026,0.38,-1.12,1.87,-0.45,-0.31,0.1,0.73,-0.49,0.24,-0.23,28071,14021,14050
203496,Robert Covington,2026,-0.49,-0.24,-0.48,0.66,1.21,-0.1,-1.11,1.34,0.23,-0.33,12864,6422,6442
1628370,Malik Monk,2026,0.73,0.24,-0.15,-0.34,0.21,-0.67,1.05,-0.84,0.21,0.19,36636,18386,18250
1630568,Luka Garza,2026,-0.84,-0.52,2.03,-2.43,0.58,0.41,1.23,-1.03,0.2,0.97,7142,3572,3570
1630619,Moussa Cisse,2026,-0.49,-0.5,0.48,0.08,0.1,-0.17,-0.09,0.28,0.2,0.7,1535,766,769
1629117,Wenyen Gabriel,2026,-1.18,-0.19,0.7,0.53,-0.75,0.58,-0.12,0.29,0.17,0.48,6096,3038,3058
1626204,Larry Nance Jr.,2026,-0.1,-0.72,-0.36,-0.67,1.28,0.5,-0.72,0.87,0.15,0.22,18418,9182,9236
1626181,Norman Powell,2026,0.96,0.49,-0.77,-0.83,0.19,-0.09,1.06,-0.91,0.15,0.2,36384,18221,18163
1629667,Jalen McDaniels,2026,-0.7,0.01,0.25,0.39,0.44,-0.4,-0.31,0.44,0.14,0.15,14022,6989,7033
1630598,Aaron Wiggins,2026,0.58,0.05,-0.27,0.63,-0.09,-0.69,0.39,-0.25,0.14,-0.07,27976,13938,14038
1642024,Alex Reese,2026,0.54,0.28,-0.12,-0.42,-0.07,0.08,0.58,-0.45,0.13,-0.16,897,447,450
1631220,Dereon Seabron,2026,-0.09,-0.2,0.13,0.46,-0.2,0.06,-0.09,0.22,0.12,-0.04,271,138,133
203897,Zach LaVine,2026,2.09,0.17,-1.62,0.29,-0.63,-0.29,0.69,-0.58,0.11,0.1,40159,20087,20072
1630183,Jaden McDaniels,2026,-0.04,-0.1,-0.04,0.56,0.31,-0.44,-0.61,0.71,0.1,-0.15,47607,23768,23839
1631205,Buddy Boeheim,2026,-0.76,0.08,0.16,0.34,-0.04,0.11,-0.34,0.45,0.1,0.21,736,372,364
1629639,Tyler Herro,2026,1.86,-0.05,-0.42,-0.69,0.17,-0.77,1.65,-1.55,0.1,-0.0,38483,19267,19216
1642866,Joan Beringer,2026,-0.43,-0.2,0.26,-0.07,0.22,0.01,-0.19,0.27,0.09,0.3,772,382,390
1629644,KZ Okpala,2026,-0.74,-0.37,0.02,0.69,0.12,0.15,-0.9,1.0,0.09,0.22,1971,970,1001
1628998,Cody Martin,2026,-0.52,-0.2,0.23,0.37,0.76,-0.09,-0.38,0.46,0.08,-0.47,16031,7970,8061
1630171,Isaac Okoro,2026,0.64,0.13,-0.16,-0.55,-0.23,0.33,0.53,-0.45,0.08,-0.08,32705,16260,16445
1631200,Kris Murray,2026,-2.18,-0.96,1.64,0.6,0.94,-0.24,-1.35,1.42,0.07,0.27,13416,6713,6703
202083,Wesley Matthews,2026,-1.44,0.83,-0.74,0.76,-0.05,0.27,-0.64,0.68,0.04,0.41,10712,5320,5392
1641796,Pelle Larsson,2026,-0.26,0.49,0.11,-1.1,0.53,-0.06,0.35,-0.32,0.04,0.33,8043,4003,4040
1629060,Rui Hachimura,2026,0.67,0.13,-0.8,0.99,-0.89,0.19,-0.29,0.32,0.03,-0.26,33254,16596,16658
1629216,Gabe Vincent,2026,-0.32,-0.11,-0.79,0.77,0.54,-0.29,-0.72,0.75,0.03,0.23,27278,13626,13652
1642066,ID_1642066,2026,-1.33,0.47,0.39,-0.29,0.21,0.21,-0.28,0.3,0.02,0.36,1088,543,545
1629020,Jarred Vanderbilt,2026,-0.24,-1.19,1.96,-0.97,0.78,-0.3,0.5,-0.48,0.01,-0.03,25329,12634,12695
203109,Jae Crowder,2026,-0.18,0.82,-1.18,-0.28,0.73,0.31,-0.7,0.7,0.0,-0.22,16075,8030,8045
1629723,John Konchar,2026,-2.16,-0.69,1.18,0.18,0.74,0.51,-1.52,1.51,-0.0,0.24,21345,10655,10690
1642450,Daniss Jenkins,2026,-0.78,-0.82,0.93,-0.78,1.38,-0.17,-0.61,0.6,-0.01,0.23,3209,1615,1594
1631119,Jaylin Williams,2026,-0.02,-0.72,-0.27,0.03,-0.67,1.16,-1.09,1.09,-0.01,0.48,15063,7527,7536
1629013,Landry Shamet,2026,-1.19,0.57,-0.99,0.03,0.63,0.62,-1.33,1.31,-0.02,0.31,19548,9792,9756
1628410,Edmond Sumner,2026,0.69,-0.6,-0.22,-0.76,0.75,0.03,0.01,-0.03,-0.02,0.09,3030,1515,1515
1630558,Davion Mitchell,2026,-0.73,0.24,-0.53,0.94,0.67,-0.35,-1.03,1.01,-0.02,-0.26,33564,16758,16806
1631157,Ryan Rollins,2026,0.68,-0.37,-0.35,-0.03,0.65,-0.58,-0.27,0.24,-0.03,-0.03,10876,5436,5440
1631127,Harrison Ingram,2026,0.11,-0.19,0.14,-0.36,0.06,0.05,0.13,-0.16,-0.03,0.16,202,103,99
1627763,Malcolm Brogdon,2026,-0.34,0.28,0.08,0.44,-0.78,0.35,0.27,-0.31,-0.05,-0.08,20381,10195,10186
1631262,Jules Bernard,2026,-0.67,-0.13,0.33,-0.22,0.3,-0.08,-0.17,0.12,-0.06,0.41,624,317,307
1642384,Isaiah Crawford,2026,-0.41,0.17,0.02,0.08,0.43,-0.24,-0.36,0.28,-0.07,-0.12,279,142,137
203484,Kentavious Caldwell-Pope,2026,-1.01,0.34,-0.62,0.24,1.1,-0.27,-1.4,1.32,-0.09,0.13,47071,23506,23565
1642347,Jamal Shead,2026,-0.55,0.15,0.31,-0.33,1.74,-1.32,-0.36,0.27,-0.09,-0.09,11022,5510,5512
1642271,Kyle Filipowski,2026,0.25,-0.37,0.17,-0.97,0.11,-0.18,0.43,-0.53,-0.1,0.89,11225,5619,5606
1629622,Max Strus,2026,-0.29,0.03,0.24,0.19,-0.25,0.26,-0.1,-0.02,-0.11,-0.29,36567,18296,18271
1631255,Karlo Matkovic,2026,-0.15,-1.2,0.28,0.86,0.16,-0.11,-1.24,1.12,-0.12,0.04,5583,2783,2800
1630692,Jordan Goodwin,2026,-2.49,-0.89,2.45,-0.74,1.55,0.1,-0.8,0.68,-0.12,-0.1,15510,7745,7765
202357,Nemanja Bjelica,2026,-0.84,0.1,-0.5,1.04,-0.26,0.08,-1.13,1.0,-0.12,0.26,5112,2562,2550
1629677,Luka Samanic,2026,-0.09,-0.45,-0.18,1.29,-0.41,-0.03,-0.95,0.8,-0.15,-0.28,2354,1174,1180
1642357,David Jones Garcia,2026,0.12,-0.18,0.1,-0.71,0.27,0.09,0.09,-0.24,-0.15,0.16,293,149,144
1629680,Matisse Thybulle,2026,-1.86,0.36,-1.23,0.42,2.59,-0.74,-2.49,2.34,-0.15,0.31,19427,9677,9750
1631321,Sidy Cissoko,2026,-0.79,-1.14,0.64,0.52,0.69,0.09,-1.51,1.36,-0.16,-0.17,5701,2854,2847
1642273,Kyshawn George,2026,-0.68,-0.41,-0.11,0.7,0.15,-0.45,-0.77,0.6,-0.17,0.63,12706,6354,6352
202696,Nikola Vucevic,2026,0.95,-0.1,-1.34,-0.47,-1.63,1.58,-0.18,-0.0,-0.18,0.83,47646,23876,23770
1629744,Matt Thomas,2026,-0.58,0.22,-0.22,0.27,-0.28,0.04,-0.42,0.24,-0.18,0.37,1830,920,910
201587,Nicolas Batum,2026,-0.76,0.04,-0.72,1.06,0.37,-0.4,-0.52,0.32,-0.19,0.22,29828,14924,14904
1630572,Sandro Mamukelashvili,2026,-1.3,-0.26,0.84,-0.34,0.54,-0.19,-0.59,0.4,-0.19,0.52,13766,6915,6851
1631246,Vince Williams Jr.,2026,-0.65,-0.46,0.43,-0.08,0.69,0.13,-0.86,0.68,-0.19,-0.25,11655,5828,5827
1630296,Braxton Key,2026,-0.69,0.11,0.05,-0.27,0.63,-0.03,-0.48,0.27,-0.21,-0.01,1247,628,619
1642862,Liam McNeeley,2026,-0.5,0.33,0.17,-0.55,-0.07,0.3,-0.07,-0.16,-0.23,0.09,1347,674,673
1641775,Jordan Walsh,2026,-0.09,-0.7,1.54,-0.65,0.01,-0.46,0.86,-1.11,-0.24,0.11,5375,2668,2707
203917,Nik Stauskas,2026,-0.59,0.08,0.02,0.1,-0.02,0.16,-0.55,0.31,-0.24,0.01,246,123,123
1641706,Brandon Miller,2026,-0.02,-0.28,0.07,-0.39,-0.16,0.38,-0.42,0.18,-0.24,0.16,17806,8919,8887
1628997,Caleb Martin,2026,-0.68,0.05,-0.41,0.07,1.11,-0.06,-0.84,0.58,-0.25,-0.33,31915,15901,16014
200782,P.J. Tucker,2026,-0.0,-0.7,0.02,-0.22,0.57,0.41,-0.85,0.6,-0.25,-0.33,20549,10249,10300
203486,Mason Plumlee,2026,0.03,-0.92,0.51,-0.05,-0.2,0.03,-0.33,0.04,-0.29,0.31,24843,12402,12441
1629611,Terance Mann,2026,-0.3,0.24,1.02,0.07,-0.64,-0.51,1.12,-1.41,-0.29,-0.17,35841,17893,17948
1630552,Jalen Johnson,2026,-0.25,-0.51,-0.18,1.03,-0.1,-0.0,-0.9,0.61,-0.3,-0.29,26072,13027,13045
1642050,ID_1642050,2026,-0.49,0.03,0.17,-0.36,-0.04,0.17,-0.16,-0.14,-0.3,0.22,220,110,110
1641766,Adama Sanogo,2026,-0.57,-0.19,0.27,-0.5,0.22,0.09,-0.25,-0.06,-0.31,0.37,351,178,173
1627749,Dejounte Murray,2026,-0.4,0.95,0.16,-1.21,0.37,-0.14,0.22,-0.53,-0.32,-0.05,37384,18709,18675
1628221,Gabe York,2026,0.25,0.17,-0.23,-0.62,0.17,0.03,0.17,-0.49,-0.32,-0.09,319,158,161
1631100,AJ Griffin,2026,0.12,0.14,-0.12,-0.37,-0.12,0.16,0.11,-0.44,-0.33,-0.14,6458,3218,3240
1631114,Jalen Williams,2026,-0.32,0.88,-0.98,-0.88,1.69,-0.85,-0.45,0.12,-0.33,0.13,35692,17849,17843
1642352,Keshad Johnson,2026,-0.54,-0.27,0.25,-0.03,0.02,0.16,-0.58,0.23,-0.34,0.07,1127,560,567
1629023,P.J. Washington,2026,-0.76,-0.1,-0.13,0.21,-0.02,0.28,-0.91,0.57,-0.34,0.18,41822,20897,20925
1629655,Daniel Gafford,2026,-0.55,-0.88,1.23,2.03,-1.18,-0.96,-0.48,0.13,-0.35,-0.04,30070,15023,15047
1630250,Marko Simonovic,2026,-0.66,0.14,0.1,-0.24,0.26,0.02,-0.43,0.08,-0.35,0.03,226,111,115
201942,DeMar DeRozan,2026,0.59,2.07,-0.85,-1.28,-0.28,-0.04,1.39,-1.76,-0.36,-0.57,52802,26456,26346
1629635,Sekou Doumbouya,2026,-0.55,-0.11,0.06,0.02,0.04,0.11,-0.62,0.25,-0.37,0.06,72,37,35
1642368,N'Faly Dante,2026,-0.13,-0.11,0.11,-0.21,-0.19,0.01,0.01,-0.38,-0.37,0.15,274,136,138
1630846,Olivier Sarr,2026,-0.78,-0.69,0.4,0.58,-0.17,0.41,-1.17,0.8,-0.37,-0.12,2553,1265,1288
1631248,Baylor Scheierman,2026,-1.1,-0.28,0.3,0.52,0.05,0.05,-1.15,0.77,-0.38,0.08,4290,2147,2143
1629021,Moritz Wagner,2026,0.78,-0.64,0.05,-1.41,0.75,0.23,0.33,-0.7,-0.38,-0.14,17343,8693,8650
1630554,Jason Preston,2026,-0.64,0.33,0.29,-0.67,-0.21,0.18,0.09,-0.5,-0.4,0.32,799,400,399
1642867,Collin Murray-Boyles,2026,-1.29,-0.15,0.41,-0.66,0.46,0.3,-1.06,0.66,-0.4,0.53,3807,1895,1912
1630539,Kai Jones,2026,-0.32,-0.72,0.12,0.5,0.04,-0.03,-0.99,0.59,-0.4,0.01,4357,2167,2190
1631466,Jeenathan Williams,2026,0.27,-0.08,0.18,-0.76,-0.3,0.03,0.46,-0.88,-0.42,0.24,1739,864,875
1630204,Ashton Hagans,2026,-0.91,-0.2,0.32,-0.14,0.1,-0.03,-0.35,-0.07,-0.42,0.44,1203,607,596
1630202,Payton Pritchard,2026,-0.49,0.49,1.11,-0.6,-0.57,-0.26,1.43,-1.86,-0.43,-0.11,32974,16509,16465
1642377,Jaylen Wells,2026,0.88,-0.49,0.99,-2.05,-0.02,0.13,1.11,-1.54,-0.43,0.13,14540,7265,7275
1642277,Johnny Furphy,2026,-0.48,-0.4,0.21,-0.73,0.35,0.51,-0.85,0.39,-0.45,0.09,4269,2135,2134
1628467,Maxi Kleber,2026,-0.49,-0.55,-1.17,0.76,0.04,0.67,-1.85,1.38,-0.47,0.27,19244,9622,9622
1631306,Cole Swider,2026,-0.36,-0.04,0.08,-0.19,-0.11,0.05,-0.37,-0.1,-0.47,0.1,1224,623,601
1641890,Tyler Smith,2026,-0.43,-0.36,0.07,-0.16,0.27,-0.04,-0.64,0.17,-0.47,0.18,502,250,252
1626168,Trey Lyles,2026,0.24,-0.2,0.18,-0.8,-0.39,0.35,0.88,-1.35,-0.47,0.15,21737,10876,10861
1641813,Mark Sears,2026,-0.05,-0.15,0.02,-0.52,0.21,-0.07,-0.14,-0.34,-0.48,0.08,106,53,53
1631107,Nikola Jovic,2026,-0.38,0.2,-1.04,1.38,-0.11,-0.4,-1.57,1.08,-0.49,-0.14,13235,6619,6616
1629010,Jerome Robinson,2026,-0.51,-0.13,0.17,-0.18,-0.07,0.17,-0.48,-0.01,-0.49,0.06,331,167,164
1629109,Gary Clark,2026,-0.81,-0.4,0.59,-0.36,0.0,0.11,-0.21,-0.29,-0.49,0.38,1491,740,751
1626161,Willie Cauley-Stein,2026,-1.19,-0.08,-0.06,-0.02,0.32,0.18,-1.24,0.75,-0.49,0.36,751,376,375
201976,Patrick Beverley,2026,-1.77,0.19,0.3,0.36,1.15,-0.44,-1.26,0.76,-0.5,-0.29,20660,10314,10346
1641772,ID_1641772,2026,-0.96,-0.2,0.55,-0.01,0.28,-0.03,-0.6,0.1,-0.5,-0.13,3412,1698,1714
203952,Andrew Wiggins,2026,-1.09,0.18,-0.14,0.59,0.16,-0.19,-1.14,0.63,-0.51,-0.02,41900,20933,20967
1628978,Donte DiVincenzo,2026,0.78,-0.28,0.04,-1.15,0.62,-0.66,0.57,-1.08,-0.51,0.14,39429,19712,19717
1627761,DeAndre' Bembry,2026,-0.32,-0.01,-0.25,1.18,-0.48,-0.4,-0.52,-0.01,-0.53,-0.25,4128,2047,2081
1642530,Yuki Kawamura,2026,0.06,-0.22,0.22,-0.55,-0.04,-0.18,0.14,-0.67,-0.53,0.18,704,350,354
1630787,Cameron McGriff,2026,-0.7,0.1,0.3,-0.5,0.02,-0.02,-0.05,-0.48,-0.53,0.27,173,88,85
1627747,Caris LeVert,2026,-0.44,0.86,-0.16,-0.11,0.31,-0.62,0.45,-0.98,-0.53,-0.37,34645,17326,17319
201988,Patty Mills,2026,-1.23,0.95,-0.84,1.03,0.44,-0.81,-1.0,0.46,-0.54,-0.08,15298,7693,7605
201949,James Johnson,2026,-1.97,-0.28,0.37,0.92,0.72,-0.39,-1.77,1.23,-0.54,0.09,5804,2887,2917
1641789,Jazian Gortman,2026,-0.39,-0.08,0.02,-0.11,-0.02,0.03,-0.42,-0.13,-0.55,0.0,235,117,118
1626220,Royce O'Neale,2026,-0.03,-0.17,-0.72,0.55,-0.02,-0.19,-0.59,0.04,-0.55,0.03,42523,21222,21301
1628381,John Collins,2026,-0.02,-0.6,0.16,0.92,-1.02,0.19,-1.02,0.45,-0.57,-0.2,35035,17503,17532
1630206,Jay Scrubb,2026,-0.21,-0.22,-0.09,-0.59,0.51,-0.04,-0.53,-0.05,-0.58,0.06,645,323,322
1629675,Naz Reid,2026,-1.19,-0.26,-0.79,0.04,0.74,0.19,-1.8,1.23,-0.58,0.69,36087,18048,18039
1642278,Tyler Kolek,2026,-0.99,-0.83,0.29,1.25,-0.37,0.13,-1.75,1.16,-0.58,-0.06,3715,1857,1858
1626171,Bobby Portis,2026,-0.99,0.43,0.54,0.06,-0.86,0.35,0.1,-0.68,-0.58,-0.11,36925,18454,18471
1641645,Xavier Cooks,2026,-0.05,0.0,0.03,-0.48,-0.04,0.06,0.02,-0.6,-0.59,-0.11,549,274,275
1629714,Jarrell Brantley,2026,-0.85,0.11,0.1,0.11,-0.19,-0.02,-0.54,-0.06,-0.59,0.15,155,77,78
1628476,Derrick Walton Jr.,2026,-0.92,-0.29,0.09,0.03,0.25,0.05,-1.0,0.42,-0.59,0.2,456,230,226
1642285,Cam Spencer,2026,-0.09,0.29,0.49,-1.49,0.23,-0.35,0.46,-1.06,-0.6,0.32,6129,3077,3052
1641735,Amari Bailey,2026,-0.2,-0.09,0.03,-0.3,-0.09,-0.01,-0.23,-0.38,-0.61,0.05,255,127,128
1627760,Cat Barber,2026,-0.21,-0.11,0.03,-0.5,0.06,0.06,-0.27,-0.35,-0.63,0.04,54,27,27
1630551,Justin Champagnie,2026,-0.06,-0.41,1.47,-0.29,-0.3,-1.15,1.35,-1.98,-0.63,0.11,11700,5842,5858
1643024,Chris Mañon,2026,-0.55,-0.13,0.15,-0.22,0.16,-0.1,-0.47,-0.16,-0.64,0.05,80,38,42
1642843,Cooper Flagg,2026,-0.2,0.36,-0.32,0.3,-0.81,-0.05,-0.52,-0.13,-0.65,0.07,7220,3612,3608
1630994,Gabriel Lundberg,2026,-0.26,0.01,0.04,-0.51,0.19,-0.03,-0.25,-0.41,-0.65,-0.09,187,95,92
1630218,Robert Woodard II,2026,-0.81,0.03,0.25,-0.34,0.02,0.03,-0.43,-0.22,-0.65,0.17,168,85,83
1641809,Drew Peterson,2026,-0.38,-0.27,0.27,-0.44,0.22,0.04,-0.47,-0.17,-0.65,-0.09,1067,533,534
1642434,Riley Minix,2026,-0.38,-0.08,0.08,-0.4,-0.01,0.05,-0.35,-0.31,-0.66,0.08,68,34,34
203903,Jordan Clarkson,2026,0.02,-0.34,0.75,-0.6,-0.58,-0.22,0.76,-1.42,-0.66,0.31,31409,15695,15714
1642400,ID_1642400,2026,-0.35,-0.15,0.14,-0.5,0.12,0.0,-0.31,-0.36,-0.67,0.07,54,27,27
1641778,Leaky Black,2026,-0.76,0.2,-0.12,0.19,-0.39,0.2,-0.79,0.12,-0.68,0.0,1129,569,560
1630259,Jordan Ford,2026,-0.26,0.04,-0.01,-0.39,-0.05,0.03,-0.28,-0.4,-0.68,-0.04,82,42,40
1628960,Grayson Allen,2026,0.5,0.42,-0.44,-1.12,-0.12,0.06,0.38,-1.07,-0.69,0.01,38222,19172,19050
1629755,Hassani Gravett,2026,-0.45,0.06,-0.14,-0.03,0.16,-0.24,-0.61,-0.08,-0.69,-0.05,612,307,305
1629600,Jarron Cumberland,2026,-0.44,0.01,0.07,-0.51,0.02,0.01,-0.22,-0.47,-0.7,0.14,48,25,23
1631209,Isaiah Wong,2026,-1.29,-0.4,0.03,-0.03,0.67,0.24,-1.62,0.91,-0.7,0.08,1047,522,525
1641970,Maozinha Pereira,2026,-1.19,-0.27,0.17,-0.12,0.11,0.33,-1.2,0.49,-0.71,0.26,492,244,248
1629652,Luguentz Dort,2026,-1.24,0.56,-0.07,0.14,0.83,-0.96,-1.19,0.47,-0.72,0.02,43337,21635,21702
1629962,Devin Cannady,2026,-0.57,0.31,-0.11,-0.28,-0.2,0.3,-0.46,-0.27,-0.72,-0.17,580,289,291
1630256,Jae'Sean Tate,2026,-2.53,-0.47,0.67,0.73,0.46,0.42,-2.41,1.68,-0.73,-0.01,18840,9378,9462
203516,James Ennis III,2026,-0.31,-0.05,0.0,-0.49,0.09,-0.03,-0.29,-0.44,-0.73,0.06,226,112,114
1630580,Joe Wieskamp,2026,-1.86,0.56,0.07,0.18,-0.11,0.15,-1.15,0.41,-0.74,0.27,1026,513,513
202709,Cory Joseph,2026,-0.86,0.75,-0.8,-0.03,0.12,-0.31,-0.42,-0.33,-0.74,0.39,15280,7654,7626
1628963,Marvin Bagley III,2026,-1.68,-0.29,1.47,0.1,-1.09,0.7,-0.68,-0.08,-0.75,0.04,17344,8688,8656
202685,Jonas Valanciunas,2026,-0.24,-1.18,1.8,-0.72,-2.04,2.01,-0.17,-0.58,-0.75,-0.38,34154,17092,17062
1628426,Sasha Vezenkov,2026,0.38,-0.29,-0.19,-0.65,-0.04,-0.14,0.03,-0.78,-0.75,0.18,2077,1047,1030
203469,Cody Zeller,2026,-0.76,-0.75,0.9,-0.92,-0.2,0.41,0.14,-0.89,-0.75,0.57,4265,2140,2125
1642404,Chaz Lanier,2026,-0.23,-0.04,0.02,-0.54,0.23,-0.12,-0.42,-0.33,-0.75,-0.07,776,395,381
1630637,Carlik Jones,2026,-0.63,0.17,-0.04,-0.32,0.11,0.03,-0.57,-0.19,-0.76,-0.08,328,161,167
1630762,ID_1630762,2026,-0.83,0.29,-0.01,-0.18,-0.15,0.08,-0.56,-0.2,-0.76,0.04,170,87,83
1627759,Jaylen Brown,2026,0.8,-0.14,-0.23,0.08,-0.44,-0.76,-0.0,-0.76,-0.77,-0.08,54274,27176,27098
1629645,Kevin Porter Jr.,2026,-0.17,-1.14,-0.12,0.36,-0.12,0.62,-1.57,0.8,-0.77,-0.2,26578,13273,13305
1629130,Duncan Robinson,2026,0.73,-0.06,-0.54,-0.84,-0.39,0.35,0.17,-0.94,-0.77,-0.02,33835,16977,16858
1630592,Jalen Wilson,2026,-0.95,-0.55,0.91,-1.39,0.51,0.48,-0.2,-0.57,-0.77,0.22,12707,6351,6356
1630648,Jordan Schakel,2026,-0.55,0.03,-0.03,-0.39,0.1,0.09,-0.61,-0.17,-0.77,-0.02,143,73,70
1627814,Damion Lee,2026,-0.56,-0.91,-0.17,-0.4,0.12,1.18,-1.59,0.81,-0.78,-0.04,12535,6284,6251
1631342,ID_1631342,2026,-0.65,-0.09,0.1,-0.58,0.16,0.19,-0.76,-0.02,-0.78,0.09,943,473,470
1628380,Zach Collins,2026,-0.84,-0.89,0.01,0.92,-0.75,0.23,-1.31,0.52,-0.79,0.53,19201,9612,9589
1631169,Josh Minott,2026,-0.35,-0.1,0.07,-0.1,0.19,-0.24,-0.57,-0.23,-0.8,-0.27,4149,2067,2082
1630170,Devin Vassell,2026,0.44,-0.09,-0.98,0.31,0.05,-0.78,-0.48,-0.32,-0.8,0.25,35801,17913,17888
1631495,Donovan Williams,2026,-0.44,-0.08,0.07,-0.37,-0.07,0.05,-0.43,-0.37,-0.8,0.04,17,8,9
1628591,Craig Sword,2026,-0.46,-0.17,0.04,-0.34,0.09,0.01,-0.59,-0.21,-0.8,0.03,69,33,36
202722,Davis Bertans,2026,-0.43,0.92,-1.33,-1.19,0.26,0.27,-0.34,-0.46,-0.8,0.7,8501,4260,4241
1628977,Hamidou Diallo,2026,-1.72,-0.26,-0.46,0.49,1.76,0.08,-2.76,1.96,-0.8,-0.69,9235,4611,4624
1627822,Petr Cornelie,2026,-0.53,-0.01,0.02,-0.66,0.17,0.04,-0.45,-0.35,-0.81,0.16,154,78,76
1631323,Simone Fontecchio,2026,-1.08,0.17,0.29,-1.02,-0.22,0.84,-0.29,-0.52,-0.81,0.21,19138,9578,9560
1641790,PJ Hall,2026,-0.9,-0.33,0.14,0.58,-0.05,-0.22,-1.14,0.32,-0.81,-0.03,965,486,479
1642276,Kel'el Ware,2026,0.32,-0.92,0.51,0.38,-0.67,-0.44,-0.04,-0.77,-0.81,0.01,11017,5497,5520
1627854,Bryn Forbes,2026,-0.55,-0.32,0.04,-0.46,0.06,0.65,-0.67,-0.15,-0.82,-0.24,6610,3317,3293
1629605,Tacko Fall,2026,-0.49,-0.2,0.07,-0.45,-0.05,0.08,-0.46,-0.36,-0.82,0.22,223,113,110
1630199,Cassius Stanley,2026,-0.71,-0.23,-0.04,-0.01,0.27,-0.17,-0.84,0.0,-0.83,0.06,622,309,313
1630191,Isaiah Stewart,2026,-1.45,-0.83,0.41,2.03,-1.1,0.13,-2.05,1.21,-0.83,-0.02,29319,14651,14668
1626143,Jahlil Okafor,2026,-0.5,-0.08,0.09,-0.39,-0.04,0.04,-0.47,-0.37,-0.83,0.05,15,7,8
1628365,Markelle Fultz,2026,-0.62,-0.04,-0.27,-0.45,0.37,0.6,-1.39,0.56,-0.83,-0.42,13537,6775,6762
1629602,Javin DeLaurier,2026,-0.33,-0.04,0.02,-0.39,-0.04,-0.03,-0.36,-0.47,-0.83,-0.02,13,6,7
1629607,Jared Harper,2026,-0.16,0.03,0.17,-0.79,-0.04,-0.09,0.16,-0.99,-0.83,0.05,160,82,78
1642938,ID_1642938,2026,-0.43,0.01,-0.02,-0.13,-0.19,-0.04,-0.43,-0.41,-0.84,-0.04,121,61,60
203083,Andre Drummond,2026,-3.33,-1.4,3.73,-0.61,0.57,0.46,-1.32,0.48,-0.84,-0.26,21096,10491,10605
1642948,Ryan Nembhard,2026,-0.38,-0.28,0.14,0.33,-0.8,-0.03,-0.59,-0.25,-0.84,0.18,3048,1526,1522
202328,Greg Monroe,2026,-0.84,-0.01,0.22,-0.6,0.14,0.07,-0.56,-0.29,-0.85,0.17,815,408,407
1630534,Ochai Agbaji,2026,-0.62,-0.52,-0.12,1.33,-1.15,0.3,-1.24,0.39,-0.85,-0.07,21579,10773,10806
1628537,Jaylen Morris,2026,-0.45,0.01,0.0,-0.44,-0.05,0.12,-0.5,-0.36,-0.86,-0.05,67,35,32
1642353,Cam Christie,2026,0.25,-0.86,-0.04,0.35,0.38,-0.39,-0.96,0.11,-0.86,-0.55,1750,876,874
1630207,Nate Hinton,2026,-0.46,0.01,0.1,-0.41,-0.31,0.23,-0.43,-0.43,-0.86,-0.02,336,165,171
1642856,Egor Dëmin,2026,-0.3,-0.86,0.09,-1.19,0.63,-0.11,-1.12,0.26,-0.86,0.88,4825,2421,2404
1642363,Nique Clifford,2026,-0.5,-0.89,0.8,-0.51,0.26,-0.29,-0.52,-0.35,-0.87,0.26,4474,2227,2247
1630286,Trevon Scott,2026,-0.52,-0.06,0.02,-0.31,-0.09,0.05,-0.57,-0.3,-0.87,0.04,48,24,24
1630196,Filip Petrusev,2026,-0.33,-0.09,-0.02,-0.32,-0.1,0.05,-0.48,-0.4,-0.87,-0.06,36,19,17
1642396,ID_1642396,2026,-0.22,-0.13,0.07,-0.57,-0.05,-0.05,-0.2,-0.67,-0.87,0.08,105,52,53
1629719,Devontae Cacok,2026,-0.82,0.24,0.01,-0.44,0.14,0.08,-0.64,-0.24,-0.88,-0.09,497,252,245
1643018,ID_1643018,2026,-0.48,-0.05,0.01,-0.36,-0.04,0.03,-0.53,-0.36,-0.88,0.01,31,16,15
201569,Eric Gordon,2026,1.13,-0.78,-0.9,0.55,-0.44,-0.94,-0.21,-0.67,-0.88,0.5,27015,13505,13510
1642484,RayJ Dennis,2026,-2.23,-0.1,0.33,0.8,0.05,-0.08,-1.73,0.85,-0.88,0.35,1065,535,530
1641847,Andrew Funk,2026,-0.49,-0.13,0.12,-0.48,-0.05,0.04,-0.43,-0.45,-0.88,0.11,51,26,25
1641857,Liam Robbins,2026,-0.97,-0.38,0.13,-0.18,0.26,0.13,-1.26,0.37,-0.89,0.12,239,118,121
1630543,Isaiah Jackson,2026,-0.62,-1.46,1.88,0.29,0.54,-1.23,-0.74,-0.14,-0.89,-0.29,13411,6691,6720
1628419,Cameron Oliver,2026,-0.05,0.05,-0.04,-0.75,-0.15,0.08,-0.1,-0.78,-0.89,-0.03,172,84,88
1629717,Armoni Brooks,2026,-1.73,0.84,0.43,-0.3,0.17,-0.38,-0.27,-0.63,-0.89,0.08,3853,1932,1921
202334,Ed Davis,2026,-0.82,-0.87,-0.07,0.61,-0.44,0.33,-1.47,0.57,-0.9,0.36,775,392,383
1630620,Darius Days,2026,-0.58,0.03,0.04,-0.47,0.02,0.03,-0.52,-0.38,-0.9,0.03,101,50,51
1629052,Oshae Brissett,2026,-0.61,-0.5,1.5,-1.57,0.37,-0.13,0.36,-1.26,-0.9,0.04,14019,6984,7035
1629126,Deonte Burton,2026,-0.26,-0.08,0.02,-0.5,-0.07,0.01,-0.31,-0.59,-0.9,-0.02,27,14,13
1631199,Ron Harper Jr.,2026,-0.9,-0.13,0.64,-0.86,-0.09,0.21,-0.23,-0.69,-0.91,0.22,667,335,332
1627746,Skal Labissiere,2026,-0.47,-0.13,0.13,-0.34,-0.06,-0.08,-0.43,-0.48,-0.91,0.04,198,100,98
201980,Danny Green,2026,0.3,-1.01,-0.99,0.04,0.35,0.48,-1.6,0.69,-0.91,-0.08,7308,3668,3640
1630929,Henri Drell,2026,-0.38,-0.1,0.18,-0.74,-0.05,0.09,-0.23,-0.69,-0.92,0.08,126,62,64
1641806,Markquis Nowell,2026,-0.48,-0.08,0.05,-0.42,-0.04,0.03,-0.51,-0.41,-0.92,0.02,14,7,7
1641741,Ricky Council IV,2026,-0.53,0.65,-0.18,-0.89,0.01,-0.17,0.07,-0.99,-0.92,0.19,6127,3059,3068
1630691,Jamorko Pickett,2026,-0.3,-0.06,-0.12,-0.34,-0.02,-0.17,-0.47,-0.45,-0.92,0.09,720,361,359
1631309,Trevor Hudgins,2026,-0.47,-0.01,-0.06,-0.46,0.06,0.04,-0.59,-0.33,-0.92,-0.02,108,54,54
1641779,Jalen Bridges,2026,-0.53,0.04,-0.12,-0.18,-0.2,0.07,-0.67,-0.25,-0.92,-0.0,117,60,57
1630608,Malcolm Cazalon,2026,-0.38,-0.04,0.02,-0.49,-0.02,-0.01,-0.42,-0.51,-0.93,-0.01,11,6,5
1630622,Jalen Crutcher,2026,-0.43,-0.1,0.03,-0.43,-0.1,0.03,-0.47,-0.47,-0.94,0.06,9,4,5
203501,Tim Hardaway Jr.,2026,0.73,1.37,-1.32,-0.77,-0.43,-0.53,1.07,-2.01,-0.94,0.01,38170,19107,19063
1629631,De'Andre Hunter,2026,0.82,0.11,-0.24,-1.23,0.07,-0.01,0.43,-1.38,-0.94,-0.46,36766,18400,18366
1628395,Jordan Bell,2026,-0.42,-0.06,0.03,-0.51,-0.05,0.02,-0.4,-0.54,-0.94,0.05,7,3,4
203915,Spencer Dinwiddie,2026,-0.05,1.0,-1.19,0.44,-1.22,-0.03,-0.1,-0.84,-0.94,0.11,38621,19288,19333
203995,Vasilije Micic,2026,0.15,-0.59,-0.49,0.76,0.3,-0.75,-1.08,0.13,-0.95,-0.33,7723,3864,3859
1628422,Damyean Dotson,2026,-0.34,-0.06,-0.01,-0.53,-0.09,0.08,-0.41,-0.54,-0.95,0.0,72,36,36
1631230,Dominick Barlow,2026,-1.22,-0.08,0.75,-0.61,-0.01,-0.03,-0.69,-0.27,-0.96,0.24,9355,4664,4691
201609,Goran Dragic,2026,0.96,-0.64,0.01,-1.74,0.68,-0.25,0.54,-1.5,-0.96,0.02,5955,2983,2972
1628990,Chandler Hutchison,2026,-0.56,-0.18,0.11,-0.27,-0.04,0.05,-0.65,-0.32,-0.97,-0.08,97,50,47
1642449,ID_1642449,2026,-0.8,-0.33,0.35,-0.73,0.07,0.26,-0.57,-0.41,-0.97,0.21,360,180,180
1630209,Omer Yurtseven,2026,-1.35,-0.59,0.95,-0.57,-0.38,0.45,-0.57,-0.4,-0.97,0.52,5521,2770,2751
1628416,Tyler Dorsey,2026,-0.59,-0.08,0.09,-0.33,-0.07,0.01,-0.58,-0.4,-0.98,-0.01,29,15,14
1631167,Izaiah Brockington,2026,-0.55,-0.04,0.09,-0.39,-0.11,-0.03,-0.46,-0.52,-0.98,0.05,15,8,7
1642949,Yanic Konan Niederhäuser,2026,-0.02,-0.24,0.14,-0.52,-0.14,-0.13,-0.2,-0.78,-0.98,-0.07,1196,599,597
1630322,Lindy Waters III,2026,-1.12,0.19,-0.17,-0.68,0.07,0.21,-0.58,-0.4,-0.98,0.52,9126,4574,4552
1627824,Guerschon Yabusele,2026,0.87,-0.54,0.05,-1.93,0.78,-0.67,0.57,-1.55,-0.98,0.46,9214,4613,4601
1627885,Shaquille Harrison,2026,-0.38,-0.22,0.03,-0.55,0.3,-0.09,-0.67,-0.32,-0.98,-0.07,728,362,366
1628411,Wes Iwundu,2026,-0.32,0.06,0.02,-0.55,-0.26,0.01,-0.26,-0.72,-0.99,0.05,317,158,159
1642269,Devin Carter,2026,-2.08,-0.01,0.9,-0.88,0.7,0.12,-0.97,-0.02,-0.99,0.26,2668,1337,1331
1631170,Jaime Jaquez Jr.,2026,-0.23,0.11,0.26,0.55,-0.75,-0.2,-0.04,-0.95,-0.99,-0.73,20698,10332,10366
1642876,ID_1642876,2026,-0.2,0.13,-0.07,-1.02,0.36,-0.06,-0.21,-0.77,-0.99,-0.13,388,194,194
1643133,ID_1643133,2026,-0.52,-0.03,0.02,-0.53,-0.06,0.01,-0.44,-0.55,-0.99,0.12,67,33,34
1643007,Taelon Peter,2026,-0.4,-0.09,-0.07,-0.48,-0.04,0.19,-0.7,-0.3,-1.0,-0.11,784,396,388
1630237,Anthony Lamb,2026,0.46,-1.39,0.3,-0.46,-0.33,0.35,-0.49,-0.5,-1.0,0.07,5036,2521,2515
1629653,Devon Dotson,2026,-0.53,-0.2,0.2,-0.85,0.3,0.1,-0.59,-0.42,-1.01,-0.03,540,270,270
1642857,ID_1642857,2026,-0.77,0.08,0.29,-1.51,0.27,0.19,-0.42,-0.59,-1.01,0.44,2162,1082,1080
1630792,Malcolm Hill,2026,-0.45,-0.09,-0.17,-0.76,0.01,0.26,-0.64,-0.37,-1.01,0.19,913,451,462
1630278,Ade Murkey,2026,-0.5,-0.08,0.01,-0.44,-0.05,0.02,-0.56,-0.46,-1.02,0.02,5,2,3
1629005,Malik Newman,2026,-0.58,-0.09,0.07,-0.3,-0.1,-0.03,-0.59,-0.43,-1.02,0.01,23,12,11
1642385,Cui Yongxi,2026,-0.49,-0.13,-0.03,-0.4,0.02,0.01,-0.67,-0.34,-1.02,0.0,47,24,23
204020,Tyler Johnson,2026,-0.63,0.17,0.02,-0.71,0.1,-0.03,-0.34,-0.68,-1.02,0.06,362,185,177
1630210,Markus Howard,2026,-0.72,0.52,-0.01,-1.19,0.19,-0.01,-0.04,-0.99,-1.02,0.2,702,352,350
1630693,Jaime Echenique,2026,-0.57,-0.06,0.01,-0.39,-0.02,0.0,-0.61,-0.41,-1.02,0.01,8,4,4
1629232,Kaiser Gates,2026,-0.57,-0.06,-0.0,-0.34,-0.0,-0.03,-0.64,-0.38,-1.02,-0.02,32,16,16
1642884,ID_1642884,2026,-0.38,-0.13,0.06,-0.46,-0.06,-0.05,-0.43,-0.58,-1.02,0.0,38,19,19
1630233,Nathan Knight,2026,-0.47,-0.61,-0.08,-0.08,-0.05,0.01,-1.07,0.05,-1.02,0.26,2337,1171,1166
1630624,Feron Hunt,2026,-0.56,-0.15,0.05,-0.29,-0.09,-0.02,-0.63,-0.39,-1.02,0.04,33,16,17
1630555,Joel Ayayi,2026,-0.75,0.01,0.01,-0.29,0.0,-0.03,-0.73,-0.29,-1.02,0.03,71,37,34
1642389,ID_1642389,2026,-0.49,-0.05,0.0,-0.4,-0.1,0.01,-0.54,-0.49,-1.03,0.0,9,5,4
1630195,Leandro Bolmaro,2026,-1.45,-0.2,0.01,0.34,-0.07,0.19,-1.67,0.62,-1.04,0.14,1283,649,634
1630525,David Johnson,2026,-0.52,-0.06,0.02,-0.41,-0.1,0.01,-0.56,-0.5,-1.05,0.01,8,4,4
1628464,Daniel Theis,2026,-1.17,-0.13,-0.69,0.83,0.04,-0.02,-1.77,0.72,-1.05,0.09,11810,5902,5908
1626144,Emmanuel Mudiay,2026,-0.58,0.01,-0.05,-0.44,-0.1,0.05,-0.62,-0.43,-1.05,0.06,48,22,26
1629014,Anfernee Simons,2026,-0.38,1.14,-0.22,-1.02,-0.35,-0.34,0.95,-2.01,-1.06,0.11,36037,18027,18010
1631376,Dmytro Skapintsev,2026,-0.51,-0.06,-0.0,-0.43,-0.09,0.03,-0.57,-0.49,-1.06,0.0,7,4,3
203816,Scotty Hopson,2026,-0.61,-0.11,-0.0,-0.19,-0.11,-0.03,-0.75,-0.31,-1.06,-0.01,73,35,38
1628238,Paris Bass,2026,-0.58,-0.19,0.13,-0.41,-0.01,-0.03,-0.6,-0.46,-1.06,0.03,32,16,16
1630562,Matt Hurt,2026,-0.85,-0.47,0.18,-0.13,0.21,-0.06,-0.99,-0.06,-1.06,0.06,442,219,223
1642917,ID_1642917,2026,-0.51,-0.1,0.03,-0.44,-0.09,0.03,-0.57,-0.49,-1.06,0.02,6,3,3
1642346,Ryan Dunn,2026,-2.01,-0.28,1.2,0.53,0.01,-0.4,-0.79,-0.28,-1.07,-0.12,9283,4587,4696
1629098,Jack McVeigh,2026,-0.66,-0.27,-0.14,-0.06,0.07,-0.01,-1.09,0.01,-1.08,-0.01,188,95,93
1626163,Frank Kaminsky,2026,-0.54,0.57,-1.08,-0.27,0.47,0.04,-1.44,0.37,-1.08,-0.27,1699,849,850
1630600,Isaiah Mobley,2026,-0.81,-0.28,-0.11,-0.15,0.06,0.13,-1.25,0.17,-1.08,0.08,673,338,335
1630811,Keaton Wallace,2026,-1.02,-0.55,-0.41,0.79,0.15,-0.06,-2.03,0.95,-1.08,0.02,3900,1941,1959
1630530,Trey Murphy III,2026,-0.16,-0.63,-0.22,-0.76,0.37,0.21,-1.09,0.01,-1.08,0.11,36984,18534,18450
203914,Gary Harris,2026,0.09,0.09,-0.91,-1.07,0.67,-0.35,-0.5,-0.58,-1.09,0.39,22844,11431,11413
1631116,Patrick Baldwin Jr.,2026,-0.56,0.13,-0.55,-1.23,0.56,0.31,-1.08,-0.02,-1.1,0.24,3554,1779,1775
1629002,Chimezie Metu,2026,-0.09,-0.68,-1.44,0.41,0.52,0.32,-2.48,1.38,-1.1,-0.14,11470,5713,5757
1630243,Trevelin Queen,2026,-0.38,-0.86,-0.07,-0.9,0.6,0.01,-1.07,-0.03,-1.1,0.5,2949,1471,1478
1641926,Dexter Dennis,2026,-0.67,-0.09,-0.09,-0.27,-0.04,0.04,-0.85,-0.24,-1.1,0.02,142,71,71
1630271,Brodric Thomas,2026,-0.32,-0.34,0.03,-0.11,-0.2,-0.06,-0.77,-0.34,-1.11,-0.11,253,128,125
1629716,Marques Bolden,2026,-0.14,-0.27,-0.15,-0.32,-0.11,0.03,-0.58,-0.54,-1.11,-0.15,485,243,242
1642859,Jase Richardson,2026,-0.43,-0.2,0.55,-0.68,0.0,-0.09,-0.42,-0.7,-1.12,-0.27,1916,958,958
1630701,Michael Foster Jr.,2026,-0.5,-0.11,0.02,-0.47,-0.07,0.02,-0.59,-0.52,-1.12,-0.01,3,2,1
1630575,Scottie Lewis,2026,-0.46,-0.11,0.02,-0.59,0.07,-0.02,-0.56,-0.57,-1.13,-0.04,29,14,15
1641725,Trey Alexander,2026,-0.45,-0.34,-0.08,-0.1,-0.25,0.13,-0.92,-0.22,-1.13,-0.04,692,351,341
1626155,Sam Dekker,2026,-0.49,-0.08,0.02,-0.48,-0.09,-0.0,-0.56,-0.58,-1.13,-0.01,3,1,2
1630602,Chaundee Brown,2026,-0.74,0.06,-0.14,-0.17,-0.25,0.08,-0.84,-0.29,-1.13,0.03,424,208,216
1643141,ID_1643141,2026,-0.62,-0.13,0.02,-0.35,-0.04,0.0,-0.79,-0.35,-1.14,-0.02,126,63,63
1629760,Matt Mooney,2026,-0.51,-0.1,0.01,-0.54,-0.02,0.02,-0.6,-0.54,-1.14,0.0,9,4,5
1630346,Matt Ryan,2026,0.06,-0.77,-0.46,0.55,-0.0,-0.16,-1.34,0.2,-1.14,-0.36,3231,1619,1612
1629788,Tyler Hall,2026,-0.51,-0.1,0.01,-0.54,-0.02,0.02,-0.6,-0.54,-1.14,0.0,9,4,5
1642264,Stephon Castle,2026,-0.48,-0.4,0.22,0.08,0.37,-0.65,-0.78,-0.35,-1.14,-0.28,14402,7179,7223
1629683,Quinndary Weatherspoon,2026,-0.13,0.2,-0.22,-0.93,-0.2,0.08,-0.15,-0.99,-1.15,0.05,290,145,145
1631166,ID_1631166,2026,-0.51,0.14,-0.27,-0.43,-0.43,0.11,-0.58,-0.57,-1.15,0.24,1606,802,804
203506,Victor Oladipo,2026,-0.95,-0.11,-0.18,-1.26,1.34,0.15,-0.96,-0.18,-1.15,-0.14,6645,3318,3327
1642955,ID_1642955,2026,-0.56,-0.11,0.02,-0.45,0.01,-0.04,-0.65,-0.5,-1.16,-0.03,24,12,12
1642885,ID_1642885,2026,-0.26,-0.36,-0.06,-0.6,-0.19,0.23,-0.88,-0.27,-1.16,0.08,1292,641,651
1630179,Tyrell Terry,2026,-0.45,-0.08,0.03,-0.55,-0.07,0.0,-0.5,-0.66,-1.16,-0.04,15,8,7
1628391,D.J. Wilson,2026,-0.44,-0.1,-0.1,-0.28,-0.16,-0.0,-0.71,-0.45,-1.16,-0.08,294,147,147
203468,CJ McCollum,2026,0.57,1.2,-0.17,-0.59,-1.2,-0.62,1.25,-2.41,-1.16,-0.35,43113,21615,21498
1630257,Jon Teske,2026,-0.58,-0.1,0.02,-0.5,-0.11,0.07,-0.65,-0.52,-1.17,0.03,31,16,15
203471,Dennis Schroder,2026,-0.47,0.4,-0.84,0.59,-0.14,-0.33,-0.86,-0.31,-1.17,-0.38,40839,20426,20413
1641710,Anthony Black,2026,-0.91,-0.55,-0.34,-0.34,0.47,0.24,-1.76,0.58,-1.18,0.25,19059,9536,9523
1642918,ID_1642918,2026,-1.08,0.18,0.22,-0.23,-0.16,-0.15,-0.56,-0.62,-1.18,0.04,353,178,175
1630273,Freddie Gillespie,2026,-0.8,-0.13,-0.07,-0.19,0.04,-0.07,-0.97,-0.22,-1.18,0.04,419,211,208
1630640,MJ Walker,2026,-0.73,-0.22,0.16,-0.5,0.04,0.01,-0.74,-0.44,-1.18,0.06,37,18,19
202339,Eric Bledsoe,2026,-2.03,-0.19,-0.56,1.72,0.8,-0.34,-2.96,1.78,-1.18,-0.58,5458,2721,2737
1641803,Tristen Newton,2026,-0.82,-0.05,0.13,-0.47,0.01,-0.03,-0.71,-0.48,-1.19,0.04,74,37,37
1631311,Lester Quinones,2026,-1.6,-0.05,0.55,-0.07,-0.63,0.38,-1.15,-0.04,-1.19,0.23,2446,1225,1221
1626195,Willy Hernangomez,2026,-1.66,-0.15,1.7,-2.08,-0.01,0.74,0.15,-1.35,-1.19,0.27,5349,2672,2677
1629783,Shaq Buchanan,2026,-0.55,-0.13,0.07,-0.59,0.02,0.01,-0.61,-0.58,-1.19,-0.02,45,23,22
202738,Isaiah Thomas,2026,-0.36,0.06,-0.42,-0.27,0.35,-0.3,-0.85,-0.36,-1.2,-0.26,1438,725,713
204038,Langston Galloway,2026,-1.52,-0.22,0.13,0.69,-0.02,-0.18,-1.63,0.43,-1.2,-0.08,440,217,223
2207,Joe Johnson,2026,-0.47,-0.1,0.02,-0.57,-0.09,0.03,-0.55,-0.64,-1.2,-0.02,8,4,4
101139,CJ Miles,2026,-0.47,-0.1,0.02,-0.57,-0.09,0.03,-0.55,-0.64,-1.2,-0.02,8,4,4
1641747,DaRon Holmes II,2026,-0.13,-0.0,-0.26,-0.01,-0.38,-0.16,-0.51,-0.7,-1.21,-0.27,659,332,327
1630589,Moses Wright,2026,-0.43,-0.22,0.05,-0.52,-0.2,0.06,-0.59,-0.62,-1.21,0.05,60,30,30
1631159,Leonard Miller,2026,-0.55,-0.42,0.16,-0.71,0.28,-0.05,-0.81,-0.4,-1.21,0.08,841,420,421
1641767,Ben Sheppard,2026,-0.95,0.59,0.48,-0.77,-0.42,-0.13,0.45,-1.67,-1.21,-0.01,14590,7286,7304
1630604,E.J. Liddell,2026,-0.31,-0.2,0.15,-0.83,-0.04,-0.03,-0.4,-0.82,-1.22,0.04,549,272,277
1642886,ID_1642886,2026,-0.49,-0.19,0.07,-0.38,-0.17,-0.05,-0.59,-0.62,-1.22,-0.01,63,31,32
1641879,ID_1641879,2026,-0.77,-0.01,0.06,-0.55,0.09,-0.04,-0.71,-0.5,-1.22,0.0,69,34,35
1629603,Mamadi Diakite,2026,-1.58,-0.95,0.07,0.51,0.39,-0.0,-2.41,1.19,-1.22,0.34,1543,768,775
1629873,Jaysean Paige,2026,-0.68,-0.11,-0.01,-0.3,-0.15,-0.02,-0.77,-0.46,-1.23,0.04,30,15,15
1630222,Mason Jones,2026,-0.74,-0.26,0.07,-0.21,0.14,-0.01,-0.95,-0.27,-1.23,-0.22,495,248,247
1628425,Sterling Brown,2026,-1.91,-0.43,-0.08,0.49,0.2,0.21,-2.17,0.94,-1.23,0.29,2724,1362,1362
1642954,Will Richard,2026,-0.53,-0.78,0.07,-0.47,0.47,-0.55,-0.93,-0.3,-1.23,0.56,3909,1949,1960
1629309,Trayvon Palmer,2026,-0.59,-0.26,0.03,-0.49,-0.01,0.07,-0.84,-0.39,-1.23,0.02,65,32,33
1630492,Luca Vildoza,2026,-0.94,-0.03,-0.02,-0.43,-0.07,0.08,-0.88,-0.36,-1.24,0.17,67,32,35
1629035,Carsen Edwards,2026,-0.62,-0.29,0.12,-0.24,-0.09,-0.13,-0.75,-0.49,-1.24,0.01,323,164,159
1642260,Nikola Topić,2026,-0.53,-0.15,-0.02,-0.49,-0.02,-0.01,-0.71,-0.53,-1.24,-0.02,46,23,23
1630644,Mac McClung,2026,-0.67,-0.08,0.05,-0.8,-0.11,0.24,-0.62,-0.62,-1.24,0.13,528,263,265
1630216,Cassius Winston,2026,-0.58,-0.01,-0.04,-0.55,-0.15,0.04,-0.64,-0.6,-1.24,0.05,150,76,74
1642854,Asa Newell,2026,-0.99,-0.09,0.19,-1.07,0.12,0.3,-0.71,-0.54,-1.25,0.29,1862,933,929
1630564,RaiQuan Gray,2026,-0.21,0.14,-0.07,-0.66,-0.23,-0.08,-0.19,-1.06,-1.25,-0.14,297,152,145
1630679,ID_1630679,2026,-0.81,0.54,-0.08,-0.99,0.2,-0.05,-0.53,-0.72,-1.25,-0.06,1306,658,648
1628993,Alize Johnson,2026,-1.06,-0.14,0.49,-0.55,-0.19,-0.07,-0.42,-0.83,-1.25,0.27,766,380,386
1642942,ID_1642942,2026,-0.32,-0.05,-0.15,-0.97,0.04,0.05,-0.52,-0.73,-1.25,0.15,579,285,294
1642939,Miles Kelly,2026,-0.8,-0.26,0.04,-0.26,-0.1,0.13,-1.07,-0.18,-1.26,-0.01,440,222,218
1629134,Kendrick Nunn,2026,-0.02,-0.11,-0.22,-0.37,-0.16,-0.47,-0.25,-1.01,-1.26,0.09,3946,1978,1968
201565,Derrick Rose,2026,-1.8,-0.75,-0.12,1.74,0.2,-0.28,-2.94,1.67,-1.27,-0.26,5523,2765,2758
1642383,Walter Clayton Jr.,2026,0.38,0.1,0.42,-1.7,-0.06,-0.14,0.62,-1.9,-1.28,-0.28,3611,1804,1807
1629730,Rayjon Tucker,2026,-0.38,-0.05,-0.17,-0.78,-0.12,0.13,-0.63,-0.65,-1.28,0.09,378,188,190
1630561,David Duke Jr.,2026,-1.28,-0.38,0.62,-0.49,-0.04,0.25,-0.86,-0.42,-1.28,0.04,2661,1335,1326
1627863,Danuel House Jr.,2026,-0.57,-0.19,-0.53,-0.3,0.62,0.08,-1.06,-0.21,-1.28,-0.39,8777,4380,4397
1630605,JaQuori McLaughlin,2026,-0.38,-0.26,0.07,-0.6,-0.09,0.0,-0.54,-0.74,-1.28,-0.02,47,23,24
1629168,BJ Johnson,2026,-0.57,-0.1,-0.05,-0.3,-0.12,-0.16,-0.58,-0.71,-1.29,0.01,250,126,124
1629618,Jalen Pickett,2026,-1.42,0.64,-0.47,1.0,-0.99,0.05,-1.28,-0.01,-1.29,-0.1,5956,2991,2965
1630205,Lamar Stevens,2026,-0.81,-0.26,-0.28,0.73,0.41,-0.47,-1.43,0.15,-1.29,-0.61,11219,5601,5618
1641815,ID_1641815,2026,-0.81,0.09,0.03,-0.81,0.21,0.03,-0.75,-0.54,-1.29,-0.03,191,94,97
1631173,Terquavion Smith,2026,-0.14,-0.22,0.03,-1.1,0.22,-0.03,-0.39,-0.9,-1.29,-0.05,380,190,190
202954,Brad Wanamaker,2026,-0.93,-0.11,0.02,-0.44,-0.06,0.18,-1.15,-0.15,-1.3,0.04,1256,621,635
1630563,Joshua Primo,2026,-1.15,0.09,-0.16,0.69,-0.51,-0.08,-1.24,-0.07,-1.31,-0.19,4393,2191,2202
1630610,DeJon Jarreau,2026,-1.34,-0.05,0.18,-0.43,-0.09,0.4,-1.09,-0.22,-1.31,0.02,608,304,304
1629083,Arnoldas Kulboka,2026,-0.61,-0.1,-0.0,-0.49,-0.14,-0.01,-0.68,-0.63,-1.31,0.04,22,10,12
1631320,Chima Moneke,2026,-0.53,-0.17,0.02,-0.59,-0.05,0.03,-0.67,-0.64,-1.31,-0.02,32,15,17
1630306,Rob Edwards,2026,-0.75,-0.06,-0.02,-0.29,-0.06,-0.03,-0.85,-0.46,-1.31,-0.1,40,19,21
1630696,Dru Smith,2026,-2.41,-0.47,0.25,0.6,1.8,-0.8,-2.69,1.38,-1.31,-0.28,6385,3179,3206
203920,Khem Birch,2026,-1.6,-0.5,1.09,-1.7,0.56,0.18,-0.9,-0.41,-1.31,0.66,4755,2379,2376
1630238,Malik Fitts,2026,-0.61,-0.38,-0.12,0.09,-0.28,0.07,-1.19,-0.13,-1.32,-0.09,307,154,153
1629614,Andrew Nembhard,2026,-0.2,0.26,-1.04,-0.0,0.7,-0.96,-0.99,-0.32,-1.32,-0.08,33872,16935,16937
1641771,Jalen Slawson,2026,-0.51,-0.22,0.17,-0.54,-0.19,-0.04,-0.51,-0.82,-1.33,0.0,137,70,67
1642399,Jesse Edwards,2026,-0.49,-0.06,-0.02,-0.59,-0.09,0.0,-0.62,-0.71,-1.33,-0.08,18,9,9
1629682,Tremont Waters,2026,-0.38,-0.18,-0.07,-0.67,0.01,-0.03,-0.64,-0.69,-1.33,-0.01,216,106,110
1641817,Anton Watson,2026,-0.39,-0.17,0.01,-0.65,-0.12,-0.03,-0.57,-0.76,-1.33,0.02,96,49,47
1642282,ID_1642282,2026,-0.64,-0.17,-0.02,-0.43,-0.11,-0.04,-0.8,-0.53,-1.33,0.08,107,54,53
203953,Jabari Parker,2026,-0.94,-0.09,-0.02,0.11,-0.16,-0.11,-1.13,-0.2,-1.33,-0.12,446,223,223
1628984,Devonte' Graham,2026,-1.54,0.63,-0.52,-0.28,-0.07,0.55,-1.21,-0.13,-1.34,-0.11,15372,7712,7660
1629203,Jemerrio Jones,2026,-0.62,-0.08,-0.02,-0.5,-0.1,-0.02,-0.66,-0.68,-1.34,0.0,59,29,30
1630466,Gabriel Deck,2026,-0.49,-0.11,-0.07,-0.34,-0.2,0.01,-0.75,-0.6,-1.35,-0.15,226,114,112
1642281,Jaylon Tyson,2026,-0.43,-0.8,1.63,-0.86,-0.31,-0.38,0.18,-1.54,-1.36,-0.21,7596,3789,3807
1630612,RJ Nembhard Jr.,2026,-1.13,-0.13,-0.06,0.14,-0.17,-0.01,-1.33,-0.02,-1.36,-0.0,232,117,115
1642853,Rasheer Fleming,2026,-1.11,-1.0,0.63,-0.24,-0.25,-0.03,-1.2,-0.16,-1.36,0.64,838,414,424
1641737,Adem Bona,2026,-0.97,-1.2,0.9,0.28,0.56,-0.74,-1.35,-0.01,-1.37,-0.2,6855,3426,3429
1629007,Jontay Porter,2026,-0.09,-0.54,-0.31,-0.55,-0.11,0.18,-0.84,-0.54,-1.38,0.04,1485,745,740
1627782,Wayne Selden,2026,-0.64,-0.01,-0.06,-0.52,-0.12,0.07,-0.78,-0.61,-1.38,-0.1,74,37,37
1642935,ID_1642935,2026,-0.76,-0.09,0.04,-0.43,-0.11,-0.05,-0.8,-0.58,-1.38,0.02,51,25,26
1629641,Romeo Langford,2026,-3.59,-0.03,0.91,0.83,0.11,0.19,-2.59,1.2,-1.39,0.19,6470,3221,3249
1626169,Stanley Johnson,2026,0.86,0.04,-0.03,-1.45,0.09,-0.63,0.91,-2.3,-1.39,-0.27,6376,3170,3206
1630538,Nah'Shon Hyland,2026,0.38,0.49,-0.11,-1.75,0.3,-0.2,0.66,-2.05,-1.39,-0.5,16174,8095,8079
1631386,Taze Moore,2026,-1.31,-0.1,0.06,-0.21,0.12,-0.04,-1.27,-0.12,-1.39,0.09,259,128,131
1630550,JT Thor,2026,-1.9,-0.4,-0.17,1.18,-0.31,0.39,-2.28,0.89,-1.39,-0.18,9099,4529,4570
1630228,Jonathan Kuminga,2026,0.3,-0.77,-1.0,0.2,0.3,-0.34,-1.48,0.07,-1.4,-0.09,26689,13300,13389
1629659,Talen Horton-Tucker,2026,-0.91,0.6,-0.39,-0.15,-0.49,0.54,-0.91,-0.49,-1.4,-0.6,18733,9340,9393
1629597,Zylan Cheatham,2026,-0.68,-0.14,-0.01,-0.53,-0.1,0.04,-0.84,-0.56,-1.4,0.02,22,11,11
1642280,Trentyn Flowers,2026,-0.69,-0.28,0.07,-0.49,-0.04,0.03,-0.92,-0.47,-1.4,0.0,133,67,66
203918,Rodney Hood,2026,-0.56,-0.19,-0.35,0.18,0.49,-0.6,-1.27,-0.15,-1.41,-0.38,2832,1417,1415
1642880,ID_1642880,2026,0.25,-0.05,-0.28,-0.7,-0.36,-0.1,-0.26,-1.15,-1.41,-0.17,767,385,382
203084,Harrison Barnes,2026,0.86,0.96,-0.83,-1.62,-0.75,0.02,0.7,-2.12,-1.42,-0.06,47388,23734,23654
1642364,ID_1642364,2026,-0.88,-0.59,0.11,-0.24,0.72,-0.57,-1.43,0.0,-1.42,0.03,2039,1014,1025
201954,Darren Collison,2026,-0.64,-0.27,0.04,-0.55,-0.15,0.03,-0.77,-0.66,-1.43,0.11,167,85,82
1630311,Pat Spencer,2026,-1.02,-0.31,0.61,-0.86,1.22,-0.74,-1.08,-0.35,-1.43,-0.33,3943,1968,1975
1642950,ID_1642950,2026,-1.25,0.01,0.15,-0.4,0.14,-0.09,-0.99,-0.44,-1.43,0.01,413,207,206
1628418,Thomas Bryant,2026,-0.81,0.26,-0.83,0.15,-0.51,-0.12,-1.39,-0.04,-1.43,0.43,14069,7038,7031
1629726,Garrison Mathews,2026,0.02,-0.43,-0.99,-1.32,1.17,-0.51,-0.94,-0.48,-1.43,0.63,18209,9107,9102
2772,Trevor Ariza,2026,-1.45,0.13,-0.21,0.19,-0.39,-0.03,-1.43,-0.0,-1.43,0.33,1835,919,916
1629751,Dakota Mathias,2026,-0.75,-0.15,-0.03,-0.57,0.01,0.06,-0.96,-0.48,-1.44,-0.01,68,35,33
1631211,Trevor Keels,2026,-0.64,-0.08,-0.06,-0.54,-0.19,0.04,-0.8,-0.64,-1.44,0.03,35,16,19
1642855,ID_1642855,2026,-0.66,-0.05,-0.02,-0.65,-0.04,-0.02,-0.75,-0.7,-1.45,-0.01,28,14,14
1641824,Matas Buzelis,2026,-0.1,-0.65,-0.07,0.68,-1.18,0.07,-1.1,-0.34,-1.45,-0.2,12792,6394,6398
1631095,Jabari Smith Jr.,2026,-1.97,-0.05,1.33,-0.05,-1.22,0.34,-0.54,-0.92,-1.46,0.16,34380,17156,17224
1628021,David Nwaba,2026,-1.19,-0.24,0.51,-0.77,0.32,-0.35,-0.69,-0.78,-1.47,0.25,2518,1255,1263
1629735,Chris Silva,2026,-0.79,-0.23,0.13,-0.64,-0.25,0.12,-0.83,-0.64,-1.47,0.19,382,190,192
1630590,Scotty Pippen Jr.,2026,-1.1,-0.4,-0.42,-0.22,1.44,-0.53,-2.16,0.69,-1.48,-0.25,10166,5068,5098
203493,Reggie Bullock,2026,-0.27,0.64,-1.72,-0.09,-0.38,0.51,-1.36,-0.11,-1.48,-0.17,20669,10328,10341
1631204,Marcus Sasser,2026,-0.32,-0.15,-0.57,-0.95,0.74,-0.17,-0.7,-0.78,-1.48,-0.06,9435,4725,4710
1631298,Jack White,2026,-1.4,-0.28,0.28,-0.47,-0.17,0.21,-1.24,-0.24,-1.48,0.35,500,247,253
1629662,Mfiondu Kabengele,2026,-0.59,-0.19,0.05,-0.65,0.02,-0.09,-0.74,-0.74,-1.48,-0.03,137,70,67
1630182,Josh Green,2026,-0.85,-0.42,-0.04,-0.78,0.83,-0.08,-1.22,-0.26,-1.48,-0.14,27771,13873,13898
1630175,Cole Anthony,2026,-1.31,0.04,0.58,0.18,-0.44,-0.48,-0.62,-0.87,-1.49,-0.06,29256,14639,14617
1627820,Tyrone Wallace,2026,-0.44,-0.18,0.1,-1.05,0.01,0.07,-0.47,-1.03,-1.49,0.0,299,147,152
1641780,ID_1641780,2026,-0.96,-0.23,-0.03,-0.36,-0.04,0.02,-1.3,-0.18,-1.49,0.11,253,127,126
1627846,Abdel Nader,2026,-0.77,-0.8,-0.16,-0.12,0.09,0.16,-1.7,0.21,-1.49,0.11,612,304,308
1627736,Malik Beasley,2026,-0.49,0.27,-1.01,-0.71,0.26,-0.24,-0.59,-0.91,-1.5,0.42,37887,18980,18907
1631172,Ousmane Dieng,2026,-1.93,0.22,-0.31,0.74,-0.16,0.02,-2.37,0.86,-1.5,-0.08,7124,3564,3560
1631123,Jamaree Bouyea,2026,-0.99,-0.42,0.15,-0.58,0.35,-0.22,-1.59,0.09,-1.5,0.21,2614,1308,1306
1630187,Daniel Oturu,2026,-0.56,-0.14,-0.05,-0.69,-0.14,-0.0,-0.68,-0.82,-1.5,0.08,111,56,55
1629656,Quentin Grimes,2026,-1.38,0.18,-0.36,0.13,0.02,-0.01,-1.46,-0.04,-1.5,-0.08,30624,15266,15358
1642914,Javon Small,2026,-0.28,-0.13,0.1,-0.81,0.04,-0.41,-0.37,-1.14,-1.51,-0.02,1338,667,671
1630585,Marcus Garrett,2026,-0.56,-0.11,0.07,-0.27,-0.14,-0.24,-0.68,-0.83,-1.51,-0.26,775,386,389
1642863,Khaman Maluach,2026,-0.93,-0.51,0.26,-0.46,0.06,-0.02,-1.2,-0.32,-1.52,0.08,425,210,215
1629067,Isaac Bonga,2026,-1.24,-0.19,-0.07,-0.24,0.23,-0.18,-1.3,-0.22,-1.52,0.17,291,147,144
1629626,Bol Bol,2026,-0.63,-1.23,0.46,-0.18,0.06,0.12,-1.72,0.19,-1.53,-0.13,10227,5121,5106
1631160,Jordan Hall,2026,-0.9,-0.19,-0.02,-0.76,0.26,0.1,-1.24,-0.28,-1.53,-0.02,340,171,169
1628966,Keita Bates-Diop,2026,-1.42,0.11,-0.11,-0.18,-0.11,0.45,-1.46,-0.07,-1.53,-0.27,12513,6234,6279
1630587,Isaiah Livers,2026,0.2,-0.42,0.02,-0.79,-0.41,-0.52,0.19,-1.73,-1.54,0.38,9412,4686,4726
1641749,Keyontae Johnson,2026,-0.55,-0.41,0.02,-0.71,-0.26,0.24,-0.93,-0.6,-1.54,0.13,265,134,131
202688,Brandon Knight,2026,-0.65,-0.27,-0.02,-0.14,-0.09,-0.03,-0.97,-0.58,-1.55,-0.35,259,132,127
1627756,Denzel Valentine,2026,-0.53,-0.26,-0.2,-0.81,-0.11,0.3,-0.98,-0.57,-1.55,0.06,890,447,443
1626147,Justin Anderson,2026,-0.03,0.15,-0.22,-1.49,0.23,-0.08,-0.09,-1.47,-1.56,-0.12,1260,628,632
1641801,ID_1641801,2026,-0.67,-0.04,0.1,-0.92,0.01,0.01,-0.66,-0.9,-1.56,-0.05,208,103,105
1630618,D.J. Carton,2026,-0.7,-0.29,-0.01,0.1,-0.2,-0.07,-1.14,-0.42,-1.56,-0.39,294,148,146
1626208,Keifer Sykes,2026,-0.49,0.05,-0.46,-0.34,0.22,-0.42,-1.05,-0.52,-1.57,-0.13,2226,1118,1108
201933,Blake Griffin,2026,-1.38,0.1,-0.86,-0.98,0.42,0.92,-2.28,0.72,-1.57,0.21,6330,3167,3163
1642877,ID_1642877,2026,-0.84,-0.17,0.5,-0.9,-0.02,-0.41,-0.45,-1.12,-1.57,0.27,3046,1521,1525
1641754,Seth Lundy,2026,-0.42,-0.14,-0.09,-0.62,-0.02,0.01,-0.76,-0.81,-1.57,-0.29,205,102,103
1641871,Duop Reath,2026,-0.88,-0.42,0.51,-1.34,0.15,-0.35,-0.38,-1.2,-1.58,0.75,7791,3910,3881
201959,Taj Gibson,2026,-2.59,0.09,-0.22,0.89,-0.25,0.99,-2.91,1.33,-1.58,-0.49,7895,3947,3948
1631301,ID_1631301,2026,-0.37,-0.46,0.03,-0.65,-0.05,-0.09,-0.62,-0.97,-1.58,0.01,447,223,224
1641936,Miles Norris,2026,-0.98,-0.05,0.03,-0.27,-0.25,-0.0,-1.02,-0.58,-1.59,-0.07,125,63,62
1630582,Yves Pons,2026,-1.14,-0.37,0.13,0.13,-0.22,-0.15,-1.29,-0.31,-1.6,0.02,291,146,145
1630547,James Bouknight,2026,-0.56,-0.74,-0.07,-0.49,0.14,-0.35,-0.83,-0.77,-1.6,0.47,3679,1837,1842
101150,Lou Williams,2026,-0.9,1.03,-0.53,0.28,-0.51,-0.15,-0.74,-0.86,-1.6,-0.82,3149,1573,1576
1642402,Enrique Freeman,2026,-1.17,-0.13,0.26,-0.87,0.19,0.13,-1.04,-0.56,-1.6,-0.01,811,409,402
1630565,Aaron Henry,2026,-0.76,-0.27,0.11,-0.48,-0.06,-0.09,-0.9,-0.71,-1.61,-0.06,69,34,35
203943,Noah Vonleh,2026,-0.2,-0.45,0.06,-0.85,0.02,-0.21,-0.67,-0.94,-1.61,0.02,686,341,345
1629651,Nicolas Claxton,2026,-0.77,-0.69,-0.84,1.1,-0.22,-0.93,-2.04,0.42,-1.62,0.73,35684,17773,17911
1642461,Spencer Jones,2026,0.0,0.09,-0.46,-0.93,-0.32,0.23,-0.98,-0.64,-1.62,-0.23,4952,2463,2489
1642439,Quincy Olivari,2026,-0.74,-0.06,0.02,-0.65,-0.16,0.03,-0.81,-0.81,-1.62,-0.06,41,21,20
201568,Danilo Gallinari,2026,0.95,0.97,-1.1,-1.28,-0.97,0.35,0.49,-2.12,-1.62,-0.54,9769,4888,4881
1629663,Louis King,2026,-0.96,0.15,0.05,-0.89,-0.05,-0.08,-0.6,-1.02,-1.62,0.16,549,272,277
1631214,Alondes Williams,2026,-0.59,-0.37,-0.03,-0.34,-0.15,-0.05,-1.07,-0.55,-1.62,-0.09,105,54,51
203658,Norvel Pelle,2026,-0.81,-0.27,0.02,-0.38,-0.16,-0.0,-1.1,-0.53,-1.63,-0.03,72,37,35
1641745,Adam Flagler,2026,-1.98,-0.04,0.03,0.45,-0.11,0.01,-2.0,0.37,-1.63,0.01,856,427,429
1630678,Terry Taylor,2026,-0.95,-0.18,0.83,-1.96,0.26,0.36,-0.34,-1.3,-1.64,-0.0,4755,2374,2381
1630186,Jahmi'us Ramsey,2026,-0.79,0.28,0.03,-0.6,-0.27,-0.27,-0.34,-1.31,-1.65,-0.03,1041,520,521
1630270,Xavier Sneed,2026,-0.96,-0.13,-0.17,-0.24,-0.1,0.0,-1.33,-0.32,-1.65,-0.05,350,174,176
1631257,Jermaine Samuels Jr.,2026,-0.49,-0.08,0.02,-0.84,-0.33,0.13,-0.68,-0.97,-1.65,-0.06,258,129,129
1642443,Jahmir Young,2026,-0.19,-0.01,0.02,-1.07,-0.38,0.08,-0.26,-1.39,-1.65,-0.1,323,160,163
1627767,Cheick Diallo,2026,-0.78,-0.09,-0.07,-0.88,0.01,-0.01,-0.84,-0.82,-1.66,0.16,135,66,69
1630695,Micah Potter,2026,-0.88,-0.09,-0.43,0.81,-0.84,0.12,-1.67,0.01,-1.66,-0.35,5432,2717,2715
1627853,Ryan Arcidiacono,2026,-1.54,-0.4,-0.46,0.08,0.53,0.22,-2.74,1.07,-1.67,-0.1,1193,590,603
1630621,Hunter Dickinson,2026,-0.64,-0.29,0.05,-0.59,-0.17,-0.02,-0.88,-0.8,-1.68,-0.02,40,20,20
203967,Dario Saric,2026,-0.46,-0.88,0.53,-1.6,-0.16,0.56,-0.61,-1.07,-1.68,0.33,8660,4329,4331
1629681,Killian Tillie,2026,-1.6,-0.28,0.35,-0.55,0.27,-0.06,-1.36,-0.32,-1.68,0.19,1839,925,914
1641752,Bobi Klintman,2026,-0.73,-0.1,0.12,-1.19,-0.05,0.13,-0.71,-0.97,-1.68,0.14,451,222,229
1631108,Max Christie,2026,-0.17,0.32,-1.09,0.01,-0.57,-0.19,-1.02,-0.68,-1.69,0.0,21141,10545,10596
1628994,George King,2026,-0.53,-0.19,-0.07,-0.64,-0.15,-0.08,-0.81,-0.88,-1.69,-0.03,80,38,42
201961,Wayne Ellington,2026,-0.84,0.09,-0.56,-0.34,0.44,-0.07,-1.67,-0.03,-1.69,-0.41,3291,1647,1644
1627774,Jake Layman,2026,-0.56,-0.17,-0.03,-0.7,-0.11,0.14,-1.06,-0.64,-1.7,-0.27,963,484,479
1642279,Ulrich Chomche,2026,-0.57,-0.04,0.02,-0.94,-0.1,-0.03,-0.65,-1.05,-1.7,-0.04,119,59,60
1641998,Trey Jemison,2026,-1.3,-1.35,0.94,0.03,-0.31,0.03,-1.64,-0.07,-1.71,0.25,3983,1989,1994
1630758,Aleem Ford,2026,-0.64,-0.13,0.02,-0.29,-0.21,-0.35,-0.71,-1.0,-1.71,-0.11,272,133,139
1629686,Deividas Sirvydis,2026,-0.89,-0.17,-0.07,-0.51,0.09,-0.07,-1.11,-0.61,-1.72,-0.1,113,57,56
1629752,Juwan Morgan,2026,-0.79,-0.15,0.06,-0.56,-0.16,0.02,-0.92,-0.8,-1.72,-0.14,180,90,90
1629671,Miye Oni,2026,-0.57,-0.28,-0.03,-0.65,-0.22,0.05,-0.9,-0.82,-1.72,-0.02,174,84,90
1630606,Javonte Smart,2026,-1.38,-0.09,0.07,-0.55,-0.05,0.11,-1.33,-0.41,-1.73,0.16,796,398,398
1631451,ID_1631451,2026,-1.36,-0.36,0.16,-0.56,0.2,0.15,-1.55,-0.2,-1.74,0.03,347,170,177
1631210,Jacob Toppin,2026,-0.86,-0.34,-0.02,-0.67,0.07,0.14,-1.43,-0.31,-1.74,-0.06,509,253,256
1641753,Chris Livingston,2026,-0.68,-0.83,0.04,-0.53,-0.04,0.19,-1.54,-0.21,-1.74,0.11,907,451,456
203482,Kelly Olynyk,2026,1.33,-1.14,0.17,-0.84,0.02,-0.83,-0.01,-1.73,-1.74,-0.45,23028,11550,11478
1629150,Emanuel Terry,2026,-1.01,-0.34,0.17,-0.5,-0.04,-0.07,-1.15,-0.61,-1.75,0.04,75,38,37
203086,Meyers Leonard,2026,-0.36,0.01,0.03,-1.15,-0.37,0.08,-0.4,-1.35,-1.75,0.01,487,242,245
203487,Michael Carter-Williams,2026,-0.58,-0.23,0.13,-1.06,-0.02,-0.01,-0.65,-1.1,-1.75,0.02,174,87,87
1628435,Chance Comanche,2026,-0.58,-0.01,-0.01,-0.92,-0.17,-0.04,-0.61,-1.14,-1.75,-0.02,82,40,42
1629875,Xavier Moon,2026,-1.25,-0.11,-0.02,-0.13,-0.1,-0.22,-1.49,-0.27,-1.76,0.07,1133,573,560
1629619,Myles Powell,2026,-0.66,-0.15,0.06,-0.79,-0.06,-0.05,-0.73,-1.03,-1.76,-0.11,209,104,105
1630180,Saddiq Bey,2026,-1.13,0.78,0.96,-1.64,-0.58,-0.43,0.69,-2.45,-1.77,0.27,35506,17755,17751
1642869,ID_1642869,2026,-1.37,-0.63,0.9,-1.02,-0.37,0.19,-0.89,-0.89,-1.77,0.53,2061,1026,1035
1627823,Juancho Hernangomez,2026,0.14,-0.36,0.52,-1.54,-0.91,0.16,0.76,-2.54,-1.78,0.21,4353,2169,2184
1627777,Georges Niang,2026,1.33,-0.05,-1.39,-0.36,-0.9,-0.24,0.31,-2.09,-1.78,-0.17,28846,14485,14361
203526,Raul Neto,2026,0.39,-0.4,-0.5,-1.51,0.17,0.61,-0.86,-0.94,-1.79,-0.55,7404,3698,3706
1630231,Kenyon Martin Jr.,2026,0.15,-0.79,0.64,-1.57,0.25,-0.55,0.05,-1.84,-1.79,0.08,22866,11413,11453
1630581,Josh Giddey,2026,-0.32,-0.75,0.14,0.04,-0.64,-0.3,-1.22,-0.57,-1.79,0.04,39049,19537,19512
203090,Maurice Harkless,2026,-0.53,-0.33,-0.97,0.21,-0.12,0.28,-2.03,0.23,-1.8,-0.34,3485,1743,1742
203937,Kyle Anderson,2026,-1.38,0.04,-0.78,-0.63,1.2,-0.06,-1.99,0.18,-1.8,-0.19,29285,14625,14660
200794,Paul Millsap,2026,-2.26,0.11,0.48,0.06,-0.44,-0.04,-1.43,-0.38,-1.81,0.28,1525,760,765
1641854,Craig Porter,2026,0.5,-0.78,0.62,-1.39,-0.44,0.05,-0.31,-1.49,-1.81,-0.37,8459,4222,4237
1631112,Kendall Brown,2026,-0.97,-0.86,-0.02,-0.18,0.43,-0.03,-2.11,0.29,-1.81,-0.18,532,267,265
1631113,Kennedy Chandler,2026,-1.19,-0.61,0.47,-0.56,0.1,-0.24,-1.36,-0.45,-1.81,0.22,1154,576,578
1641793,D'Moi Hodge,2026,-0.78,-0.09,0.04,-0.8,-0.02,-0.08,-0.9,-0.92,-1.82,-0.09,163,80,83
1642959,Chris Youngblood,2026,-0.76,-0.14,-0.32,0.29,-0.56,-0.16,-1.4,-0.42,-1.82,-0.17,714,362,352
1629028,Deandre Ayton,2026,-0.11,-0.72,-0.52,-0.15,-0.22,-0.08,-2.3,0.46,-1.83,-0.03,35600,17819,17781
1630583,Santi Aldama,2026,-0.26,0.0,-0.02,-0.78,-0.26,-0.29,-0.31,-1.52,-1.83,-0.22,27948,13999,13949
1631133,Jabari Walker,2026,-1.3,-0.77,0.94,-1.03,0.64,-0.48,-1.0,-0.84,-1.84,0.16,14724,7385,7339
1629640,Keldon Johnson,2026,-1.6,0.89,0.64,-0.78,-0.19,-0.3,-0.29,-1.55,-1.84,-0.5,39704,19861,19843
1642879,Ben Saraf,2026,0.15,-1.0,0.22,-1.91,0.17,0.37,-0.8,-1.05,-1.85,0.15,1691,845,846
1631219,John Butler Jr.,2026,-0.95,0.43,-0.38,-0.76,-0.07,0.01,-1.07,-0.77,-1.85,-0.13,913,456,457
1626162,Kelly Oubre Jr.,2026,-1.3,0.86,-0.05,-1.23,1.01,-1.17,-0.5,-1.37,-1.86,0.02,36150,18049,18101
203473,Dewayne Dedmon,2026,-1.93,-0.98,0.17,0.6,0.09,0.29,-2.59,0.74,-1.86,-0.1,6438,3201,3237
1627788,Furkan Korkmaz,2026,-0.83,-0.33,-0.39,0.24,0.58,-0.66,-1.8,-0.07,-1.87,-0.48,8568,4288,4280
1631247,Luke Travers,2026,-1.4,0.04,0.26,-0.16,-0.12,-0.26,-0.97,-0.9,-1.87,-0.23,799,400,399
1630225,Isaiah Todd,2026,-1.67,-0.05,-0.14,-0.32,0.01,0.12,-1.84,-0.04,-1.88,0.17,549,278,271
203078,Bradley Beal,2026,0.32,-0.31,-0.64,-1.13,-0.31,0.33,-0.75,-1.12,-1.88,-0.14,27499,13744,13755
1642359,Pacôme Dadiet,2026,-0.78,-0.23,-0.11,-0.42,-0.39,-0.07,-1.02,-0.87,-1.89,0.11,714,360,354
203924,Jerami Grant,2026,-0.45,-0.15,-0.56,-0.1,-0.02,-0.91,-1.15,-0.74,-1.89,0.3,33601,16804,16797
203521,Matthew Dellavedova,2026,-0.66,-0.66,-0.27,-0.34,0.33,-0.13,-1.6,-0.29,-1.89,-0.16,877,438,439
1642366,Quinten Post,2026,-1.16,-0.03,-0.51,0.33,-0.3,0.09,-2.18,0.28,-1.9,-0.32,7195,3604,3591
1629672,Eric Paschall,2026,0.01,-0.34,-0.48,-0.58,-0.62,0.28,-0.97,-0.93,-1.9,-0.17,2987,1493,1494
1630537,Chris Duarte,2026,-2.17,-0.92,0.86,0.81,0.07,-0.34,-2.27,0.37,-1.9,-0.21,12992,6477,6515
1642920,Kobe Sanders,2026,-0.2,-0.42,-0.11,-0.42,-0.85,-0.05,-0.82,-1.09,-1.91,0.14,3861,1937,1924
1629076,Tyler Cook,2026,-0.92,-0.06,0.09,-0.94,-0.06,-0.03,-0.96,-0.96,-1.92,0.0,797,403,394
1641931,Onuralp Bitim,2026,-0.96,-0.05,0.17,-0.64,-0.28,0.03,-0.92,-1.0,-1.92,-0.19,1069,530,539
1630623,ID_1630623,2026,-0.59,-0.11,-0.07,-1.44,0.28,0.14,-0.91,-1.02,-1.93,-0.14,784,389,395
1631212,Peyton Watson,2026,-0.01,-0.38,-0.6,1.1,-0.15,-1.41,-0.94,-1.0,-1.94,-0.49,20531,10196,10335
1641788,Alex Fudge,2026,-0.95,-0.22,0.08,-0.75,-0.01,-0.02,-1.12,-0.82,-1.95,-0.08,166,81,85
1630215,Jared Butler,2026,-0.71,0.17,-0.22,-0.22,0.16,-0.43,-1.24,-0.71,-1.95,-0.7,8406,4201,4205
1641851,Timmy Allen,2026,-1.78,0.06,0.07,-0.53,-0.04,0.13,-1.61,-0.35,-1.96,0.13,504,250,254
1631102,TyTy Washington Jr.,2026,-1.89,0.27,-0.26,-0.43,0.17,0.38,-2.21,0.25,-1.96,-0.2,2596,1298,1298
1631115,Orlando Robinson,2026,-2.61,-0.86,1.37,-1.09,0.1,0.29,-1.8,-0.16,-1.96,0.84,6098,3042,3056
1642874,ID_1642874,2026,-1.67,-0.69,0.12,-0.11,-0.05,0.24,-2.32,0.36,-1.96,0.2,3120,1564,1556
1630531,Jaden Springer,2026,-0.84,-0.59,0.28,-1.43,0.51,0.4,-1.3,-0.67,-1.97,-0.3,4095,2036,2059
1642419,Jamison Battle,2026,-0.76,-0.91,0.29,-0.55,-0.36,-0.02,-1.48,-0.48,-1.97,0.34,5608,2806,2802
1629633,Jarrett Culver,2026,-1.8,-0.24,0.33,-0.93,0.17,-0.03,-1.54,-0.44,-1.98,0.52,2055,1031,1024
1629684,Grant Williams,2026,-0.01,-0.6,-0.53,-1.23,-0.12,0.37,-0.89,-1.09,-1.98,0.14,30667,15316,15351
1642505,Alex Ducas,2026,-1.37,0.06,0.01,-0.47,-0.23,0.09,-1.36,-0.62,-1.98,-0.07,508,253,255
1642905,Yang Hansen,2026,-0.84,-1.05,0.04,-0.0,-0.15,0.06,-1.93,-0.05,-1.98,-0.04,1078,538,540
1631120,JD Davison,2026,-0.77,-0.88,0.23,-0.06,0.09,-0.42,-1.55,-0.45,-2.0,-0.19,1439,718,721
1629718,Charles Brown Jr.,2026,-2.07,-0.18,0.09,0.14,-0.25,0.17,-1.96,-0.05,-2.01,0.09,857,423,434
203552,Seth Curry,2026,-0.35,0.04,-1.19,-0.36,-0.12,0.08,-1.36,-0.66,-2.01,-0.11,20790,10421,10369
1628539,Mychal Mulder,2026,-1.38,0.38,-0.19,-0.5,-0.17,0.08,-1.42,-0.6,-2.01,-0.23,976,490,486
2546,Carmelo Anthony,2026,-0.7,-0.03,-0.85,0.35,-0.74,0.11,-1.52,-0.5,-2.02,-0.16,7351,3687,3664
1642873,Amari Williams,2026,-1.21,-0.59,0.14,-0.31,-0.39,0.15,-1.59,-0.43,-2.02,0.19,443,221,222
1641750,Ryan Kalkbrenner,2026,-0.86,-1.09,0.11,0.23,-0.86,0.57,-2.16,0.13,-2.03,-0.13,4044,2028,2016
1642259,Alexandre Sarr,2026,-2.01,0.17,-0.53,1.01,-0.1,-0.61,-2.51,0.48,-2.03,0.04,12243,6110,6133
1642878,Tyrese Proctor,2026,-1.02,0.26,0.24,-1.44,0.73,-0.88,-0.42,-1.61,-2.03,0.08,1658,827,831
1642013,Malik Williams,2026,-1.03,-0.4,0.11,-0.45,-0.36,0.19,-1.28,-0.75,-2.03,-0.09,422,212,210
1642355,Bronny James,2026,-0.46,-0.51,0.0,-1.04,0.19,-0.17,-1.12,-0.92,-2.04,-0.05,1591,795,796
203458,Alex Len,2026,-2.77,-0.46,0.12,0.51,0.1,0.1,-3.02,0.98,-2.04,0.36,6769,3391,3378
1630541,Moses Moody,2026,-1.51,-0.61,0.27,-0.49,0.06,0.38,-1.81,-0.23,-2.04,-0.14,24404,12216,12188
1629103,Kelan Martin,2026,-2.01,-0.05,-0.07,0.15,-0.26,-0.15,-1.96,-0.1,-2.05,0.34,1742,867,875
201152,Thaddeus Young,2026,-1.47,-0.36,0.33,-1.68,1.02,0.08,-1.64,-0.41,-2.05,0.03,8578,4277,4301
1629673,Jordan Poole,2026,-0.61,0.26,-1.16,-0.4,0.19,-0.65,-1.48,-0.56,-2.05,0.32,44401,22234,22167
202691,Klay Thompson,2026,-0.31,-0.09,-0.27,0.13,-1.23,-0.48,-0.57,-1.49,-2.06,0.19,40713,20391,20322
1631254,Kenneth Lofton Jr.,2026,-1.14,-0.45,0.41,-1.08,0.1,-0.3,-0.87,-1.19,-2.06,0.4,1559,776,783
1629685,Dylan Windler,2026,-0.88,-1.43,0.12,0.54,-0.46,0.2,-2.38,0.31,-2.07,-0.16,2249,1124,1125
1641732,Colby Jones,2026,-2.19,0.22,0.28,-0.6,0.33,-0.41,-1.47,-0.61,-2.08,0.29,2814,1407,1407
1642502,Malevy Leons,2026,-0.9,-0.26,-0.03,-0.93,0.14,0.03,-1.28,-0.81,-2.09,-0.14,167,83,84
1628972,Troy Brown Jr.,2026,-0.4,-0.27,-0.21,-0.45,-1.2,0.46,-0.83,-1.26,-2.09,-0.02,15798,7898,7900
1641787,Tosan Evbuomwan,2026,-2.09,-0.34,0.34,-0.49,0.09,0.28,-1.92,-0.18,-2.1,0.11,4083,2030,2053
1627741,Buddy Hield,2026,-0.78,-0.06,0.24,-1.28,0.02,-1.0,-0.18,-1.92,-2.1,0.76,41399,20786,20613
202362,Lance Stephenson,2026,0.04,0.2,-0.2,-1.68,-0.49,0.21,-0.06,-2.05,-2.11,-0.19,3274,1635,1639
1642868,Carter Bryant,2026,-1.43,-0.4,0.1,0.12,-0.23,-0.13,-1.91,-0.2,-2.11,-0.14,1660,821,839
1630214,Xavier Tillman,2026,-2.85,-0.72,0.17,-0.5,1.83,-0.48,-3.39,1.28,-2.11,0.44,14539,7264,7275
1629003,Shake Milton,2026,-1.05,-0.04,-0.17,-0.82,0.12,0.03,-1.16,-0.95,-2.11,-0.18,17410,8715,8695
201586,Serge Ibaka,2026,-1.08,-0.8,-0.64,0.84,-1.2,0.73,-2.67,0.56,-2.11,0.04,4371,2182,2189
1641736,Reece Beekman,2026,-2.04,-0.04,0.04,-0.77,0.7,0.19,-2.25,0.13,-2.12,-0.2,1849,921,928
1641810,Antonio Reeves,2026,-0.26,0.01,0.12,-1.7,-0.07,-0.05,-0.35,-1.79,-2.14,-0.19,2883,1448,1435
1626179,Terry Rozier,2026,-1.51,1.29,-1.04,-0.98,-0.3,0.24,-1.15,-1.0,-2.14,0.16,33946,16947,16999
202704,Reggie Jackson,2026,-2.06,0.33,-0.81,0.93,-0.32,-0.01,-2.39,0.24,-2.15,-0.21,25082,12556,12526
1631303,Justin Minaya,2026,-2.69,0.09,0.43,-0.25,0.14,0.3,-2.13,-0.02,-2.15,-0.17,2255,1127,1128
1630240,Saben Lee,2026,-2.49,-0.08,-0.18,0.72,0.41,-0.4,-2.6,0.45,-2.15,-0.13,4678,2342,2336
1627737,Marquese Chriss,2026,-0.72,-0.83,-0.19,-0.37,-0.44,0.17,-1.7,-0.45,-2.15,0.23,1490,751,739
1630613,Duane Washington Jr.,2026,-0.85,-0.64,-0.0,-0.78,-0.47,-0.09,-0.97,-1.18,-2.15,0.68,5592,2802,2790
1628427,Vlatko Cancar,2026,-1.17,-1.02,-0.25,-0.31,0.32,-0.1,-2.36,0.21,-2.15,0.38,4939,2474,2465
2730,Dwight Howard,2026,-1.04,-0.66,0.58,-1.24,-0.04,0.24,-1.21,-0.95,-2.16,0.0,3916,1951,1965
1626196,Josh Richardson,2026,-0.49,-0.98,-0.27,-0.88,0.85,-0.29,-1.45,-0.7,-2.16,-0.1,17570,8771,8799
1631094,Paolo Banchero,2026,0.15,-0.09,0.16,-1.82,0.19,-0.34,0.1,-2.26,-2.16,-0.41,35193,17587,17606
1641727,Dariq Whitehead,2026,-0.93,-0.27,-0.14,-1.08,0.3,0.04,-1.36,-0.81,-2.17,-0.09,1115,555,560
1630314,Brandon Williams,2026,-1.13,0.38,-0.17,-1.29,0.52,-0.76,-1.33,-0.84,-2.17,0.28,9590,4806,4784
203457,Nerlens Noel,2026,-1.41,-0.51,-0.57,-0.83,1.15,-0.24,-2.44,0.28,-2.17,0.24,3039,1519,1520
1641757,Jordan Miller,2026,-0.33,-1.1,0.32,-1.24,0.43,0.08,-1.2,-0.98,-2.18,-0.34,4385,2193,2192
1642265,Rob Dillingham,2026,-1.17,-0.13,0.03,-0.1,0.49,-1.08,-1.53,-0.65,-2.18,-0.22,3863,1939,1924
1629185,Chris Chiozza,2026,-1.47,-0.36,0.0,-0.45,-0.19,0.0,-1.67,-0.53,-2.19,0.28,1426,711,715
1630227,Daishen Nix,2026,-1.25,-0.95,0.46,-1.55,0.91,0.28,-2.01,-0.19,-2.2,-0.1,5061,2518,2543
1630639,AJ Lawson,2026,-1.83,0.55,0.22,-1.2,-0.35,0.24,-0.95,-1.27,-2.22,0.15,4328,2169,2159
1626174,Christian Wood,2026,1.14,-1.01,-1.1,-0.96,-0.9,0.35,-0.8,-1.44,-2.24,0.24,18753,9366,9387
1631222,Jake LaRavia,2026,-0.33,-1.35,1.84,-2.25,0.51,-0.6,0.36,-2.61,-2.25,-0.07,16412,8183,8229
1628424,Kobi Simmons,2026,-0.87,-0.33,-0.11,-0.52,-0.09,-0.12,-1.41,-0.86,-2.27,-0.23,374,189,185
1629033,Theo Pinson,2026,-1.04,0.42,-0.61,-0.55,-0.32,-0.06,-1.32,-0.96,-2.27,-0.11,1886,938,948
1629012,Collin Sexton,2026,0.74,-0.89,1.03,-1.77,-0.27,-0.46,0.62,-2.91,-2.28,-0.66,25603,12798,12805
1630557,Corey Kispert,2026,0.78,0.19,-0.8,-1.14,-1.53,-0.13,0.39,-2.68,-2.28,0.35,33665,16876,16789
1630288,Jeff Dowtin,2026,-1.96,0.29,0.22,-0.97,0.2,-0.16,-1.01,-1.27,-2.28,0.1,4437,2212,2225
1631121,Bryce McGowens,2026,-0.16,0.33,-0.96,-0.61,0.25,-0.41,-1.18,-1.11,-2.29,-0.73,9735,4874,4861
1642933,ID_1642933,2026,-0.67,-0.23,-0.1,-0.95,-0.14,-0.13,-1.04,-1.25,-2.29,-0.07,191,97,94
1629642,Nassir Little,2026,-0.79,-0.86,0.49,-0.32,-0.6,-0.19,-0.93,-1.36,-2.3,-0.03,10090,5034,5056
1630176,Vernon Carey Jr.,2026,-1.5,-0.23,0.13,-0.73,-0.25,0.08,-1.5,-0.8,-2.3,0.2,293,144,149
1629617,Reggie Perry,2026,-1.02,0.01,-0.16,-0.24,-0.22,-0.3,-1.28,-1.03,-2.31,-0.38,743,370,373
1628035,Alfonzo McKinnie,2026,-0.91,-0.34,0.33,-1.36,-0.09,-0.1,-0.74,-1.57,-2.31,0.16,769,381,388
1631109,Mark Williams,2026,-1.08,-0.65,0.37,0.1,-0.64,-0.42,-1.85,-0.49,-2.34,-0.02,15238,7611,7627
1629308,Juan Toscano-Anderson,2026,-1.0,-0.95,-0.02,-0.28,-0.11,0.43,-1.99,-0.36,-2.35,-0.42,7209,3576,3633
203504,Trey Burke,2026,-1.34,-0.11,-0.42,-0.35,0.38,0.01,-2.28,-0.07,-2.35,-0.52,1883,941,942
1631101,Shaedon Sharpe,2026,0.81,-0.34,-0.18,-1.62,-0.38,-0.32,-0.03,-2.33,-2.36,-0.33,26804,13409,13395
1628385,Harry Giles III,2026,-0.92,-0.29,0.36,-1.07,-0.27,-0.13,-0.79,-1.58,-2.36,-0.04,409,206,203
1642422,Armel Traoré,2026,-1.19,-0.15,-0.06,-0.97,-0.04,0.08,-1.43,-0.95,-2.37,-0.04,266,134,132
1629657,Kyle Guy,2026,-1.25,-0.51,-0.05,-0.44,-0.3,0.13,-1.8,-0.57,-2.37,0.05,754,377,377
1642849,Nolan Traore,2026,-0.5,-0.28,0.29,-1.23,-0.78,0.05,-0.64,-1.73,-2.37,0.08,2615,1301,1314
1630649,Stanley Umude,2026,-0.52,-1.2,-0.13,-0.39,-0.47,0.19,-1.89,-0.48,-2.37,0.15,1642,820,822
1630542,ID_1630542,2026,-1.4,-0.23,0.19,-0.81,0.25,-0.27,-1.35,-1.03,-2.38,-0.11,1046,521,525
1631288,Jamal Cain,2026,-0.45,-0.65,0.32,-0.88,0.12,-0.46,-0.83,-1.54,-2.38,-0.38,4552,2279,2273
1628502,Nigel Hayes,2026,-1.25,-0.93,0.3,-0.56,0.04,-0.09,-1.89,-0.52,-2.4,0.09,776,382,394
201580,JaVale McGee,2026,-1.41,-2.25,0.9,0.2,-0.57,0.37,-2.55,0.13,-2.42,0.34,8087,4054,4033
1630586,Usman Garuba,2026,-1.97,-0.46,0.83,-1.21,0.2,-0.15,-1.07,-1.36,-2.43,0.33,4998,2480,2518
1629628,RJ Barrett,2026,-0.09,0.45,-0.46,-0.3,-1.31,0.03,-0.59,-1.86,-2.45,-0.77,40064,20016,20048
1629658,Jaylen Hoard,2026,-1.29,0.03,-0.08,-0.6,-0.49,-0.08,-1.29,-1.18,-2.47,0.04,953,477,476
203145,Kent Bazemore,2026,-2.12,-0.22,-0.22,-0.54,1.27,-0.3,-2.76,0.28,-2.47,-0.34,2264,1131,1133
1631241,Javon Freeman-Liberty,2026,-0.96,-0.54,0.07,-1.25,0.51,-0.35,-1.42,-1.06,-2.48,0.04,1651,825,826
1628778,Paul Watson,2026,-1.32,-0.1,-0.15,-0.6,-0.25,-0.08,-1.57,-0.93,-2.5,0.0,637,318,319
1629650,Moses Brown,2026,-2.88,-0.57,1.23,0.24,-0.99,0.44,-2.41,-0.09,-2.5,0.03,3868,1931,1937
1630579,Jericho Sims,2026,-2.05,-1.83,0.6,0.03,-0.7,1.23,-3.25,0.75,-2.5,0.22,12861,6411,6450
1641816,Hunter Tyson,2026,-2.59,-0.59,-0.13,-0.33,-0.1,0.79,-3.12,0.61,-2.51,0.44,2638,1315,1323
1631338,Mouhamadou Gueye,2026,-1.65,-0.38,-0.13,0.07,0.09,-0.35,-2.16,-0.37,-2.52,-0.17,479,238,241
1631218,Trayce Jackson-Davis,2026,-1.93,-1.3,1.91,-1.15,-0.75,0.24,-1.21,-1.33,-2.53,0.45,10589,5282,5307
2617,Udonis Haslem,2026,-1.4,-0.17,-0.07,-1.0,0.21,0.02,-1.66,-0.87,-2.53,-0.12,645,322,323
1630249,Vit Krejci,2026,-0.21,-0.55,-0.16,-1.85,-0.35,0.56,-1.02,-1.53,-2.55,0.01,15108,7557,7551
1641713,GG Jackson,2026,-0.31,-0.46,-0.15,-0.35,-0.1,-1.21,-0.72,-1.83,-2.55,0.03,9350,4684,4666
202324,Derrick Favors,2026,-3.46,-0.4,-0.07,0.83,-1.01,1.14,-3.92,1.37,-2.55,0.42,2542,1265,1277
1642266,Ja'Kobe Walter,2026,-1.78,-0.26,0.28,-1.18,0.72,-0.72,-1.66,-0.9,-2.57,0.37,7880,3936,3944
1641794,Dillon Jones,2026,-1.95,-0.32,-0.09,-0.06,-0.06,0.07,-2.4,-0.17,-2.57,-0.16,2516,1262,1254
1641783,Tristan da Silva,2026,-1.75,0.37,0.28,-1.03,0.16,-0.33,-1.56,-1.01,-2.57,-0.27,10657,5320,5337
203200,Justin Holiday,2026,-1.74,0.5,-1.13,-0.54,0.11,0.2,-2.09,-0.48,-2.57,0.03,15170,7555,7615
1630658,Colin Castleton,2026,-2.61,-0.55,0.8,0.11,-0.33,-0.15,-2.23,-0.34,-2.57,0.16,2003,999,1004
204025,Tim Frazier,2026,-1.01,-0.69,-0.17,-0.57,0.16,-0.15,-1.85,-0.74,-2.58,-0.15,748,375,373
202322,John Wall,2026,-1.31,-0.89,-0.53,-0.12,-0.02,-0.13,-2.16,-0.43,-2.59,0.41,3078,1538,1540
203085,Austin Rivers,2026,1.08,-0.86,-0.67,-1.38,0.25,-0.82,-0.42,-2.17,-2.59,-0.19,10549,5250,5299
1628408,PJ Dozier,2026,-2.15,-0.29,-0.17,-0.25,0.52,-0.12,-2.68,0.07,-2.6,-0.14,1819,906,913
1629712,Marcos Louzada Silva,2026,-1.44,-0.36,-0.21,-0.27,0.23,-0.31,-2.16,-0.44,-2.6,-0.24,522,262,260
203210,JaMychal Green,2026,-1.09,-1.12,-0.13,-0.53,-0.15,0.13,-1.87,-0.74,-2.61,0.28,8100,4038,4062
1630698,Kevin Pangos,2026,-0.56,-0.22,-0.13,-1.43,-0.28,0.06,-0.97,-1.64,-2.61,-0.05,653,328,325
1642382,Branden Carlson,2026,-0.51,0.28,-0.44,-0.71,-0.94,0.06,-1.19,-1.43,-2.62,-0.36,2608,1304,1304
1628432,Davon Reed,2026,-0.56,-0.64,-0.56,-1.28,-0.23,0.86,-1.9,-0.73,-2.63,-0.22,4032,2003,2029
1630545,Terrence Shannon Jr.,2026,-1.04,-0.1,0.19,-1.55,0.01,-0.06,-0.92,-1.72,-2.64,-0.09,2897,1447,1450
203925,Joe Harris,2026,-0.02,-0.38,-1.54,0.08,-0.09,-0.51,-2.14,-0.5,-2.64,-0.18,8751,4407,4344
1628981,Bruno Fernando,2026,-1.73,-1.71,1.05,-0.16,-0.63,0.32,-2.08,-0.58,-2.66,0.2,5532,2756,2776
1629646,Charles Bassey,2026,-2.18,-1.23,0.61,-0.78,-0.1,0.43,-2.47,-0.2,-2.67,0.58,5375,2690,2685
1630647,Eugene Omoruyi,2026,-1.07,-0.75,0.45,-1.91,1.46,-0.59,-1.33,-1.35,-2.68,-0.27,4318,2161,2157
202693,Markieff Morris,2026,-0.57,-0.24,-0.53,-0.61,-1.1,0.71,-1.79,-0.92,-2.7,-0.36,4332,2168,2164
1626224,Cedi Osman,2026,-0.41,0.11,-1.19,-1.36,0.54,-0.79,-0.81,-1.91,-2.71,0.39,17401,8700,8701
202711,Bojan Bogdanovic,2026,0.55,-0.09,-0.13,-1.13,-1.3,-0.08,-0.14,-2.57,-2.71,-0.53,23180,11581,11599
1631216,Caleb Houstan,2026,-1.2,-0.55,0.22,-0.64,0.09,-0.41,-1.47,-1.25,-2.71,-0.22,9906,4954,4952
1628971,Bruce Brown,2026,-0.55,-0.74,0.36,-1.12,-0.19,-0.44,-0.9,-1.82,-2.71,-0.03,35825,17878,17947
1628402,Frank Jackson,2026,-2.32,0.33,-0.81,-0.39,0.44,-0.19,-2.75,0.02,-2.73,0.21,4734,2362,2372
1630235,Trent Forrest,2026,-0.67,-0.75,0.12,-0.93,-0.36,0.16,-1.58,-1.15,-2.73,-0.3,5694,2840,2854
202684,Tristan Thompson,2026,-3.6,-0.82,1.82,-0.41,-1.17,0.74,-1.79,-0.95,-2.74,0.7,7707,3822,3885
1629669,Jaylen Nowell,2026,-0.56,0.49,-0.64,-1.95,0.22,-0.18,-0.45,-2.29,-2.74,-0.12,10987,5498,5489
1630172,Patrick Williams,2026,-1.2,-0.45,-0.55,-1.12,0.46,0.35,-2.45,-0.31,-2.76,-0.25,27067,13491,13576
1630703,Scoot Henderson,2026,-0.68,-0.86,0.72,-1.54,-0.04,-0.57,-0.32,-2.44,-2.76,0.21,14593,7309,7284
1641755,Kevin McCullar Jr.,2026,-1.05,-0.22,-0.24,-0.51,-0.41,0.07,-1.84,-0.92,-2.76,-0.4,619,303,316
1629312,Haywood Highsmith,2026,-1.95,-0.64,-0.07,-0.38,0.06,0.65,-2.65,-0.15,-2.8,-0.47,18485,9205,9280
1642852,Derik Queen,2026,1.06,0.04,-0.61,-1.18,-0.74,-0.66,-0.42,-2.38,-2.8,-0.71,6392,3193,3199
1630643,Jay Huff,2026,-1.28,-0.73,-1.44,1.33,-0.9,-0.07,-3.71,0.88,-2.83,0.26,8539,4269,4270
1641715,Cam Whitmore,2026,-0.72,-0.57,0.75,-2.16,0.11,-0.51,-0.19,-2.64,-2.83,0.27,8519,4257,4262
202687,Bismack Biyombo,2026,-1.77,-0.86,0.61,-0.65,-0.72,0.03,-1.92,-0.93,-2.85,0.51,11798,5900,5898
203503,Tony Snell,2026,-1.33,-0.09,-0.32,-1.01,-0.1,0.21,-1.86,-0.99,-2.85,-0.21,3275,1639,1636
1630283,ID_1630283,2026,-1.19,0.05,0.08,-1.0,-0.78,0.03,-1.08,-1.77,-2.85,-0.04,529,266,263
1630574,Ariel Hukporti,2026,-1.98,-0.6,-0.07,0.6,-1.21,0.11,-2.68,-0.18,-2.86,0.29,2337,1161,1176
1631126,ID_1631126,2026,-0.16,0.27,-0.14,-1.21,-0.14,-0.67,-0.98,-1.88,-2.86,-0.81,4205,2106,2099
202694,Marcus Morris Sr.,2026,-0.74,0.5,-0.65,-1.5,-1.39,0.49,-0.54,-2.33,-2.87,0.42,17478,8755,8723
1628367,Josh Jackson,2026,-0.52,-0.61,-0.74,-1.21,0.62,-0.29,-1.92,-0.95,-2.87,-0.12,3324,1659,1665
1630641,Ibou Badji,2026,-1.37,-0.54,-0.07,-0.65,-0.16,-0.03,-2.04,-0.86,-2.9,-0.08,911,459,452
1629620,Justin Robinson,2026,-1.91,-0.46,-0.31,-0.01,-0.19,-0.08,-2.47,-0.47,-2.93,0.03,1244,622,622
1629637,Jaxson Hayes,2026,-1.72,-0.89,0.07,-0.48,0.17,0.37,-2.73,-0.19,-2.93,-0.45,19728,9828,9900
1641724,Jett Howard,2026,-1.55,-0.41,0.54,-1.54,0.02,-0.28,-1.11,-1.83,-2.94,0.28,4474,2233,2241
1628398,Kyle Kuzma,2026,-0.46,-0.01,-1.49,0.01,-0.67,-0.27,-1.82,-1.13,-2.95,-0.06,41443,20709,20734
1626145,Tyus Jones,2026,-0.73,1.67,-1.77,-1.33,-0.02,-0.89,-0.83,-2.11,-2.95,0.12,35968,18046,17922
1641707,Taylor Hendricks,2026,-1.47,-0.69,0.19,-1.38,0.12,-0.1,-1.82,-1.13,-2.95,0.38,6235,3097,3138
202340,Avery Bradley,2026,-2.29,-0.41,-0.6,-0.71,0.96,0.23,-3.58,0.63,-2.95,-0.13,5729,2851,2878
201566,Russell Westbrook,2026,-0.73,-0.63,0.4,-1.15,0.0,-0.84,-0.71,-2.25,-2.96,-0.01,43430,21710,21720
1627789,Timothe Luwawu-Cabarrot,2026,-0.77,-0.49,-0.28,-1.82,-0.6,0.95,-1.61,-1.35,-2.96,0.05,2911,1446,1465
203095,Evan Fournier,2026,-2.82,0.42,-1.27,-0.05,0.43,0.35,-3.71,0.72,-2.98,-0.04,13369,6689,6680
200765,Rajon Rondo,2026,-2.64,-0.17,-0.68,0.92,-0.19,-0.22,-3.28,0.27,-3.01,-0.03,2820,1418,1402
1628982,Melvin Frazier Jr.,2026,-1.59,0.2,-0.12,-1.02,-0.38,-0.04,-1.59,-1.43,-3.02,-0.07,477,241,236
1642261,Dalton Knecht,2026,-0.59,-0.19,0.07,-0.94,-0.3,-1.15,-0.63,-2.39,-3.02,0.08,7827,3893,3934
1630593,McKinley Wright IV,2026,-1.18,-0.09,-0.23,-0.73,-0.49,-0.24,-1.43,-1.6,-3.03,-0.07,1315,649,666
1631367,Jacob Gilyard,2026,-1.37,0.52,-0.41,-1.75,0.2,-0.38,-1.27,-1.78,-3.04,0.15,2921,1466,1455
201577,Robin Lopez,2026,-2.56,-0.31,0.01,0.74,-0.84,-0.13,-3.0,-0.05,-3.05,0.04,3937,1971,1966
1628964,Mo Bamba,2026,-2.12,-0.83,-0.29,1.36,-1.31,-0.09,-3.16,0.08,-3.08,0.2,14948,7467,7481
1628995,Kevin Knox II,2026,-1.33,0.14,-0.41,-2.47,0.49,0.24,-1.37,-1.72,-3.09,0.25,7684,3842,3842
1631097,Bennedict Mathurin,2026,-0.94,-1.03,0.23,-0.64,0.14,-0.87,-1.55,-1.54,-3.09,0.02,29663,14833,14830
1631110,Jeremy Sochan,2026,-1.59,-1.42,0.99,-1.45,0.22,-0.3,-1.83,-1.27,-3.1,0.45,22367,11169,11198
1630184,Kira Lewis Jr.,2026,-2.88,-0.03,-0.3,1.11,-0.35,-0.3,-3.37,0.28,-3.1,-0.35,3433,1720,1713
1641730,Noah Clowney,2026,-0.98,-0.61,-0.21,-0.74,-0.19,-0.03,-1.95,-1.15,-3.1,-0.34,11184,5594,5590
1629599,Amir Coffey,2026,-0.29,-0.51,-0.82,-0.34,-0.72,-0.5,-1.22,-1.89,-3.11,0.07,23218,11594,11624
1642403,Isaac Jones,2026,-1.19,-0.84,0.31,-1.53,-0.04,0.11,-1.79,-1.31,-3.11,0.07,1299,648,651
1642358,AJ Johnson,2026,-2.5,0.11,-0.02,-0.17,-0.17,-0.32,-2.53,-0.57,-3.11,-0.04,3394,1699,1695
1629649,Ignas Brazdeikis,2026,-1.83,0.7,-0.49,-1.14,-0.38,0.04,-1.67,-1.45,-3.11,-0.01,2168,1080,1088
1630570,Trendon Watford,2026,-0.32,-1.33,0.14,-0.95,-0.49,0.15,-1.5,-1.64,-3.14,-0.34,17493,8740,8753
1631207,Dalen Terry,2026,-2.7,-0.43,0.71,-1.02,0.7,0.22,-2.84,-0.33,-3.17,-0.65,9347,4666,4681
1630556,Kessler Edwards,2026,-0.53,-0.57,0.63,-2.12,0.05,-0.05,-0.65,-2.52,-3.17,-0.58,9187,4576,4611
1641723,Kobe Bufkin,2026,-2.34,-0.41,-0.33,-0.19,-0.12,0.21,-3.24,0.06,-3.18,0.0,1602,803,799
1626158,Richaun Holmes,2026,-2.55,-1.18,0.5,-0.14,-0.17,-0.12,-2.85,-0.34,-3.18,0.48,10157,5097,5060
1630699,MarJon Beauchamp,2026,-1.25,-1.34,0.48,-1.53,0.23,-0.03,-1.96,-1.22,-3.18,0.26,6246,3112,3134
1630536,Sharife Cooper,2026,-0.95,-0.56,-0.22,-1.24,-0.06,-0.16,-1.8,-1.38,-3.18,0.01,840,425,415
1630245,Ayo Dosunmu,2026,-1.31,-0.31,-0.72,-0.1,-0.28,-0.25,-2.48,-0.71,-3.19,-0.22,37105,18555,18550
1641748,Andre Jackson Jr.,2026,-0.77,-0.82,0.01,-2.13,0.83,-0.19,-1.48,-1.71,-3.19,-0.12,7245,3612,3633
1630285,Zavier Simpson,2026,-2.64,0.08,0.04,-0.76,-0.06,-0.07,-2.3,-0.88,-3.19,0.22,1336,669,667
1631111,Wendell Moore Jr.,2026,-2.12,-0.13,-0.17,-0.92,0.36,-0.05,-2.66,-0.52,-3.19,-0.16,3345,1668,1677
1629623,Lindell Wigginton,2026,-0.25,-0.22,-0.27,-1.36,-0.85,-0.12,-0.92,-2.28,-3.2,-0.13,1213,603,610
1629610,DaQuan Jeffries,2026,-1.42,0.19,-0.18,-0.31,-0.89,-0.48,-1.41,-1.8,-3.2,-0.11,4519,2255,2264
1630625,Dalano Banton,2026,-2.5,-0.66,0.69,0.1,-0.25,-0.54,-2.32,-0.88,-3.2,-0.04,12601,6307,6294
1629022,Lonnie Walker IV,2026,-1.12,0.22,-0.95,-0.11,-0.85,-0.05,-1.96,-1.27,-3.23,-0.37,18701,9334,9367
1641711,Gradey Dick,2026,-0.26,-0.7,-0.07,-1.82,0.62,-0.97,-1.24,-2.0,-3.24,-0.04,15428,7726,7702
1641877,Nathan Mensah,2026,-1.95,-0.4,-0.18,-1.08,0.32,-0.03,-2.46,-0.82,-3.28,0.04,1215,612,603
1630173,Precious Achiuwa,2026,-3.04,-1.01,1.7,0.06,-0.54,-0.19,-2.53,-0.76,-3.29,-0.27,27331,13620,13711
1629164,Brandon Goodwin,2026,-1.6,-0.27,0.3,-1.18,-0.35,0.03,-1.54,-1.76,-3.3,-0.23,1913,953,960
201571,D.J. Augustin,2026,-0.79,-0.64,-0.26,-1.47,-0.43,-0.14,-1.39,-1.93,-3.32,0.41,3548,1783,1765
1641721,Maxwell Lewis,2026,-2.11,-0.73,-0.16,-0.55,0.26,0.06,-3.05,-0.3,-3.36,-0.13,1711,851,860
1631232,ID_1631232,2026,-0.96,-0.05,-0.27,-1.32,-0.49,0.12,-1.54,-1.81,-3.36,-0.39,1360,679,681
1627752,Taurean Prince,2026,-0.15,0.32,-1.81,-1.87,0.38,-0.59,-1.03,-2.34,-3.36,0.36,29620,14791,14829
1642860,Will Riley,2026,-1.58,-0.68,0.27,-1.06,0.01,-0.46,-1.94,-1.43,-3.37,0.13,2992,1495,1497
1629676,Isaiah Roby,2026,-1.72,-0.89,-0.39,-1.05,0.12,0.48,-3.07,-0.3,-3.37,0.08,5775,2887,2888
1642275,Tidjane Salaün,2026,-2.54,-1.63,0.64,0.5,-0.31,0.43,-3.41,0.03,-3.38,-0.47,6920,3459,3461
1630535,Greg Brown III,2026,-1.63,-0.98,-0.36,-0.27,-0.17,0.04,-3.08,-0.3,-3.38,-0.01,3176,1581,1595
1642258,Zaccharie Risacher,2026,-0.9,-0.84,0.24,-2.09,-0.04,-0.24,-1.8,-1.6,-3.4,0.47,12326,6162,6164
1630267,Facundo Campazzo,2026,-2.86,-0.22,-0.78,-0.9,0.58,0.29,-3.51,0.11,-3.4,0.49,4939,2463,2476
1628382,Justin Jackson,2026,-1.98,-0.43,-0.14,-0.26,-0.23,-0.08,-2.8,-0.63,-3.43,-0.31,570,284,286
1628962,Udoka Azubuike,2026,-1.3,-0.57,-0.33,0.02,-0.8,-0.27,-2.34,-1.1,-3.44,-0.19,2748,1372,1376
1641734,Emoni Bates,2026,-1.78,-0.42,-0.01,-0.74,-0.32,-0.12,-2.21,-1.26,-3.47,-0.08,828,412,416
1630544,Tre Mann,2026,-2.21,-0.22,-0.11,-0.82,0.32,-0.71,-2.43,-1.04,-3.47,0.28,17509,8779,8730
1630224,Jalen Green,2026,-0.01,0.04,-0.75,-1.12,-1.15,-0.34,-0.83,-2.65,-3.48,-0.15,42268,21145,21123
1642263,Reed Sheppard,2026,-0.73,-0.97,0.12,-0.17,-0.3,-1.13,-1.79,-1.68,-3.48,-0.3,8018,4035,3983
203107,Tomas Satoransky,2026,-2.02,-0.41,-0.11,-0.85,-0.3,0.38,-2.38,-1.15,-3.54,-0.23,3560,1763,1797
1630702,Jaden Hardy,2026,-0.96,-0.36,-0.59,-1.48,-0.23,-0.08,-1.86,-1.7,-3.55,0.15,12822,6429,6393
202689,Kemba Walker,2026,-1.34,0.23,-0.85,-1.02,-0.31,0.19,-2.28,-1.27,-3.55,-0.45,4101,2056,2045
1642846,Ace Bailey,2026,-1.42,0.29,0.21,-1.6,-0.44,-0.36,-1.17,-2.4,-3.57,-0.25,5433,2723,2710
1642964,Brooks Barnhizer,2026,-1.37,-0.47,-0.49,-0.57,-0.12,-0.19,-2.62,-0.96,-3.58,-0.37,931,462,469
203901,Elfrid Payton,2026,-2.83,-0.45,0.07,0.24,-0.27,0.12,-3.43,-0.16,-3.59,-0.47,4323,2155,2168
1631098,Johnny Davis,2026,-3.43,0.52,-0.32,-0.72,0.37,0.01,-3.26,-0.34,-3.6,-0.03,5330,2668,2662
1641729,Brice Sensabaugh,2026,0.71,-0.51,-0.67,-1.83,-0.26,-1.01,-0.46,-3.14,-3.6,-0.03,13091,6556,6535
1629678,Admiral Schofield,2026,-2.01,0.15,-0.84,-1.26,0.01,0.24,-2.62,-0.99,-3.61,0.1,3929,1960,1969
1642847,Jeremiah Fears,2026,-1.11,-0.23,0.71,-2.39,0.12,-0.41,-1.19,-2.43,-3.62,-0.31,6476,3250,3226
1629234,Drew Eubanks,2026,-1.66,-1.21,0.27,-0.6,-0.01,-0.48,-2.25,-1.38,-3.63,0.06,21015,10515,10500
203082,Terrence Ross,2026,-0.62,0.34,-0.81,-1.17,-1.13,-0.32,-0.83,-2.81,-3.63,0.08,11418,5732,5686
1629139,Yuta Watanabe,2026,-0.38,-0.19,-0.47,-1.23,0.06,-0.58,-1.4,-2.27,-3.67,-0.88,7458,3738,3720
1630560,Cam Thomas,2026,-0.54,0.61,-0.1,-2.17,-0.83,-0.67,0.08,-3.76,-3.68,0.02,22698,11399,11299
1641774,Tristan Vukcevic,2026,-0.83,-0.7,-0.93,0.25,-0.48,-0.55,-2.83,-0.86,-3.69,-0.45,4341,2173,2168
1630192,Zeke Nnaji,2026,-3.25,-0.95,0.11,0.55,0.12,-0.26,-3.72,0.03,-3.69,-0.01,12524,6233,6291
1631093,Jaden Ivey,2026,-0.43,-0.57,-0.08,-1.53,-0.93,0.05,-1.25,-2.44,-3.69,-0.2,24759,12381,12378
1631213,Tyrese Martin,2026,-2.48,0.09,0.27,-2.73,0.64,0.29,-2.14,-1.57,-3.71,0.21,8362,4175,4187
1630197,Aleksej Pokusevski,2026,-2.76,-0.63,-0.32,-0.29,-0.11,0.56,-3.67,-0.06,-3.73,-0.18,9404,4709,4695
1631104,Blake Wesley,2026,-1.07,-0.61,-0.53,-1.32,-0.11,0.03,-2.23,-1.59,-3.82,-0.21,9928,4954,4974
1630686,Georgios Kalaitzakis,2026,-1.36,-0.4,-0.23,-1.33,-0.48,-0.13,-1.82,-2.01,-3.82,0.11,852,429,423
1642274,Yves Missi,2026,-3.44,-0.78,2.54,-1.69,-0.31,-1.31,-2.02,-1.84,-3.86,1.13,11872,5975,5897
203926,Doug McDermott,2026,-0.19,0.09,-0.51,-1.3,-1.83,-0.48,-0.24,-3.64,-3.87,0.35,16294,8190,8104
1641720,Jalen Hood-Schifino,2026,-1.39,-0.27,-0.06,-1.52,-0.54,-0.12,-1.67,-2.2,-3.87,0.03,1710,860,850
1630533,Ziaire Williams,2026,-1.86,-0.59,-0.2,-1.39,0.42,-0.01,-2.84,-1.03,-3.87,-0.24,22582,11262,11320
1630527,Brandon Boston Jr.,2026,-3.31,0.31,0.04,-0.22,0.69,-1.2,-3.24,-0.65,-3.88,-0.19,9511,4762,4749
1642367,Jonathan Mogbo,2026,-2.41,-1.01,0.12,-0.81,0.8,-0.43,-3.18,-0.8,-3.98,-0.24,5821,2915,2906
1630548,Johnny Juzang,2026,-1.59,-0.31,-0.2,-1.16,-1.09,0.38,-2.01,-1.99,-4.0,-0.03,7914,3960,3954
1626192,Pat Connaughton,2026,-1.13,0.19,-0.64,-1.68,-0.48,-0.02,-1.35,-2.66,-4.0,-0.24,24818,12414,12404
1630177,Theo Maledon,2026,-1.31,0.14,-0.58,-1.76,-0.37,0.24,-1.66,-2.36,-4.01,-0.37,8006,4001,4005
1641731,Bilal Coulibaly,2026,-1.27,-1.01,-0.31,-1.07,0.9,-1.39,-2.61,-1.4,-4.01,0.14,18751,9374,9377
1628470,Torrey Craig,2026,-2.88,0.18,1.12,-2.07,-0.48,-0.05,-1.24,-2.78,-4.02,0.16,20651,10266,10385
1630219,Skylar Mays,2026,-1.28,0.43,-0.3,-2.12,-0.67,-0.13,-1.17,-2.92,-4.09,-0.02,3424,1723,1701
1641878,ID_1641878,2026,-1.68,-0.66,0.34,-1.39,-0.25,-0.15,-1.88,-2.22,-4.1,-0.31,1467,734,733
1642875,Maxime Raynaud,2026,-1.75,0.01,-0.06,-1.23,-0.86,-0.2,-2.39,-1.75,-4.14,-0.05,4524,2262,2262
1628400,Semi Ojeleye,2026,-2.48,0.1,-0.24,-0.7,0.01,-0.56,-2.64,-1.51,-4.15,-0.28,1615,803,812
1641738,Kobe Brown,2026,-1.56,-0.92,0.76,-1.69,-0.1,-0.56,-1.77,-2.37,-4.15,-0.08,4047,2025,2022
1629604,CJ Elleby,2026,-2.08,-0.27,-0.07,-1.8,0.62,-0.38,-2.54,-1.65,-4.19,-0.21,4750,2375,2375
1629018,Gary Trent Jr.,2026,-0.68,0.96,-0.85,-3.09,0.25,-1.1,-0.23,-4.02,-4.25,0.26,40016,19985,20031
1641798,Jaylen Martin,2026,-2.08,-0.15,-0.07,-1.65,-0.15,-0.09,-2.33,-2.0,-4.32,-0.13,959,475,484
1642268,Isaiah Collier,2026,-0.55,-0.22,-0.59,-1.89,-0.27,-0.78,-1.21,-3.23,-4.44,-0.14,12500,6250,6250
1642962,Drake Powell,2026,-0.64,-0.66,-0.67,-0.99,-0.53,-0.13,-2.73,-1.75,-4.48,-0.86,3234,1620,1614
1630201,Malachi Flynn,2026,-2.58,0.79,0.08,-1.73,0.43,-0.81,-1.96,-2.53,-4.49,-0.67,8636,4327,4309
201145,Jeff Green,2026,-0.55,-0.74,-1.08,-0.95,-0.94,-0.3,-2.12,-2.41,-4.53,0.03,20718,10333,10385
1630165,Killian Hayes,2026,-2.32,-0.31,-0.95,-1.25,0.74,-0.5,-3.63,-0.9,-4.54,0.05,20138,10062,10076
201599,DeAndre Jordan,2026,-2.57,-1.92,0.83,0.27,-1.73,0.78,-3.69,-0.87,-4.56,-0.22,9595,4770,4825
1641712,Rayan Rupert,2026,-2.61,-1.11,0.53,-1.94,0.48,-0.02,-3.34,-1.22,-4.56,0.11,6799,3407,3392
1630190,Elijah Hughes,2026,-1.63,-0.79,-0.12,-1.5,-0.43,-0.13,-2.46,-2.11,-4.57,0.03,1771,878,893
1641765,Olivier-Maxence Prosper,2026,-2.76,-0.57,-0.27,-1.45,0.58,0.01,-3.77,-0.83,-4.6,-0.14,5561,2765,2796
1631103,Malaki Branham,2026,-0.66,-0.5,-0.52,-1.77,-0.63,-0.27,-1.99,-2.64,-4.63,-0.28,15892,7931,7961
203463,Ben McLemore,2026,-2.2,-0.34,-0.63,-1.37,0.41,-0.46,-3.13,-1.55,-4.68,-0.09,5170,2581,2589
1631223,David Roddy,2026,-1.67,-0.74,-0.17,-1.66,-0.41,0.19,-2.63,-2.08,-4.7,-0.24,11956,5968,5988
1629833,Keljin Blevins,2026,-1.54,-0.2,-0.19,-2.12,0.01,-0.3,-2.03,-2.67,-4.7,-0.36,1408,703,705
1642262,Cody Williams,2026,-1.43,-0.69,-0.69,-1.22,-0.33,-0.03,-3.04,-1.68,-4.72,-0.33,7762,3873,3889
203476,Gorgui Dieng,2026,-2.45,-0.37,-0.38,-1.33,-0.57,0.3,-3.38,-1.45,-4.83,-0.03,2909,1457,1452
203648,Thanasis Antetokounmpo,2026,-0.96,-1.61,-0.2,-2.01,0.54,-0.55,-3.09,-1.76,-4.85,-0.06,3712,1854,1858
1642354,KJ Simpson,2026,-2.34,-1.01,0.57,-1.62,-0.04,-0.18,-2.82,-2.06,-4.88,-0.26,4247,2116,2131
1631124,Julian Strawther,2026,-1.93,-0.49,-0.19,-1.7,-0.14,-0.11,-2.92,-1.97,-4.89,-0.33,10091,5046,5045
1641718,Keyonte George,2026,0.52,-0.8,0.29,-2.98,-0.8,-0.41,-0.28,-4.66,-4.94,-0.76,23643,11803,11840
1630181,R.J. Hampton,2026,-1.99,-0.47,-0.91,-1.96,-0.2,0.03,-2.84,-2.19,-5.03,0.47,8861,4431,4430
1630526,Jeremiah Robinson-Earl,2026,-2.67,-0.61,0.94,-1.72,-1.02,0.24,-2.52,-2.55,-5.07,-0.23,15701,7843,7858
203115,Will Barton,2026,-3.11,-0.43,-0.4,-1.28,0.27,0.38,-4.37,-0.75,-5.11,-0.54,13825,6930,6895
1629643,Chuma Okeke,2026,-3.75,-0.2,-0.8,-0.26,-0.27,0.44,-4.66,-0.58,-5.24,-0.4,11757,5882,5875
202397,Ish Smith,2026,-2.43,-0.31,-0.68,-2.15,0.37,0.19,-3.42,-1.84,-5.26,-0.25,9143,4564,4579
1641722,Jordan Hawkins,2026,-1.7,0.4,-0.31,-1.15,-0.89,-1.18,-1.79,-3.5,-5.29,-0.46,12314,6190,6124
1641716,Jarace Walker,2026,-1.48,-0.95,-0.77,-2.49,0.07,0.26,-3.5,-1.83,-5.32,0.04,12306,6148,6158
1630208,Nick Richards,2026,-1.74,-2.04,1.42,-1.65,-1.22,-0.1,-2.52,-2.91,-5.44,-0.11,19759,9850,9909
1642348,Justin Edwards,2026,-0.03,-0.17,-0.27,-4.12,0.04,-1.12,-0.55,-5.05,-5.59,0.08,7197,3587,3610
1627745,Damian Jones,2026,-2.3,-1.37,-0.51,-0.65,-0.42,-0.29,-4.42,-1.29,-5.71,-0.17,7138,3575,3563
1630553,Keon Johnson,2026,-2.32,-0.31,-0.41,-2.16,0.41,-0.4,-3.11,-2.67,-5.78,-0.59,12358,6166,6192
1642267,Carlton Carrington,2026,-2.09,-0.83,-0.5,-1.46,-0.89,-0.46,-3.59,-2.6,-6.19,0.04,16134,8055,8079
1629629,Cam Reddish,2026,-2.93,-0.38,-0.4,-1.8,0.14,-0.36,-3.65,-2.58,-6.23,-0.5,14520,7234,7286
1629670,Jordan Nwora,2026,-1.32,-0.69,-0.13,-2.73,-0.41,-0.5,-2.46,-3.9,-6.36,-0.58,12779,6394,6385
1641733,Nick Smith Jr.,2026,-2.88,-0.26,-1.0,-1.28,-0.21,-0.61,-4.31,-2.11,-6.42,-0.18,9617,4819,4798
1630528,Josh Christopher,2026,-1.91,-0.83,0.01,-3.18,0.25,-0.71,-3.13,-3.51,-6.64,-0.27,8942,4465,4477
1629647,Darius Bazley,2026,-3.66,-0.77,-0.99,0.36,-1.04,-0.13,-5.85,-0.88,-6.72,-0.49,10778,5371,5407
202066,Garrett Temple,2026,-3.48,-1.18,-0.04,-2.17,0.74,-0.46,-4.62,-2.13,-6.74,-0.15,7315,3645,3670
1630164,James Wiseman,2026,-1.12,-1.02,-0.48,-2.47,-1.16,-0.3,-2.63,-4.21,-6.84,-0.29,8227,4108,4119
