player_id,player_name,Latest_Year,oALT_TS,oALT_EFG,oALT_SQ,oALT_MAKE,oALT_FT,oALT_TOV,oALT_TOV_bp,oALT_TOV_sc,oSC,dALT_TS,dALT_EFG,dALT_SQ,dALT_MAKE,dALT_FT,dALT_TOV,dALT_TOV_bp,dALT_TOV_sc,dSC,oFC,dFC,off,def,net_rapm,RESID,possessions,off_poss,def_poss
1628983,Shai Gilgeous-Alexander,2025,2.37,1.29,0.03,1.26,1.08,1.43,0.95,0.48,0.87,1.94,2.38,0.38,2.0,-0.44,1.08,0.14,0.94,-0.2,3.8,3.02,4.67,2.82,7.49,0.0,14211,7118,7093
203999,Nikola Jokic,2025,4.03,3.53,1.28,2.25,0.5,0.88,0.05,0.83,0.52,-0.29,-0.52,0.33,-0.85,0.23,-0.32,0.1,-0.43,0.86,4.91,-0.61,5.43,0.25,5.68,0.0,12690,6360,6330
203507,Giannis Antetokounmpo,2025,4.1,4.29,2.52,1.77,-0.19,0.71,0.51,0.19,-0.96,1.1,1.08,0.63,0.45,0.02,-0.58,-0.28,-0.3,0.89,4.81,0.52,3.85,1.41,5.26,0.0,10067,5037,5030
1627827,Dorian Finney-Smith,2025,2.92,2.57,0.48,2.09,0.35,0.16,0.19,-0.02,-0.07,1.9,1.99,-0.21,2.2,-0.09,0.37,0.22,0.16,-0.16,3.08,2.27,3.01,2.11,5.12,0.0,7712,3855,3857
1627826,Ivica Zubac,2025,2.45,2.74,0.86,1.88,-0.29,-0.78,-0.38,-0.39,-0.1,1.1,0.39,0.55,-0.16,0.71,0.75,0.55,0.2,0.82,1.67,1.85,1.57,2.67,4.24,0.0,11530,5773,5757
1627783,Pascal Siakam,2025,0.4,0.63,0.16,0.47,-0.23,1.11,0.66,0.45,-0.64,2.7,2.39,0.53,1.86,0.31,0.59,0.4,0.18,-0.04,1.51,3.29,0.87,3.25,4.12,0.0,13204,6606,6598
1628436,Luke Kornet,2025,0.15,0.44,0.72,-0.28,-0.29,0.16,-0.15,0.31,2.2,1.24,0.76,1.07,-0.31,0.48,-0.09,0.07,-0.16,0.42,0.31,1.15,2.51,1.57,4.07,-0.01,5909,2956,2953
1630578,Alperen Sengun,2025,0.37,0.64,-0.18,0.82,-0.27,0.63,0.29,0.32,0.2,2.05,1.63,0.31,1.32,0.42,0.03,-0.05,0.08,0.33,1.0,2.08,1.2,2.41,3.6,-0.01,10615,5333,5282
1630171,Isaac Okoro,2025,2.59,2.92,0.05,2.87,-0.33,0.37,0.14,0.22,-0.35,0.96,1.13,0.68,0.45,-0.17,0.17,0.33,-0.16,-0.14,2.96,1.13,2.61,0.99,3.6,0.0,4793,2375,2418
1631096,Chet Holmgren,2025,1.06,1.1,-0.34,1.44,-0.04,0.24,0.28,-0.03,-0.17,3.01,2.3,0.97,1.33,0.71,-0.55,-0.35,-0.21,-0.01,1.3,2.46,1.13,2.45,3.58,0.0,6476,3241,3235
1630598,Aaron Wiggins,2025,1.81,1.88,0.09,1.79,-0.07,0.67,0.41,0.27,0.49,1.39,1.22,0.77,0.45,0.17,0.2,0.28,-0.09,-0.98,2.48,1.59,2.97,0.61,3.58,0.0,8427,4225,4202
1629029,Luka Doncic,2025,2.51,2.32,0.65,1.67,0.19,0.59,0.08,0.51,-0.18,-0.16,-0.13,0.3,-0.43,-0.03,0.07,0.08,-0.01,0.74,3.1,-0.09,2.92,0.65,3.57,0.0,7829,3921,3908
1630532,Franz Wagner,2025,0.5,0.18,0.04,0.14,0.32,0.78,0.48,0.31,-0.05,1.11,1.09,0.53,0.56,0.02,0.53,-0.29,0.81,0.61,1.28,1.64,1.23,2.25,3.48,0.0,8714,4363,4351
1631128,Christian Braun,2025,2.14,2.0,0.75,1.25,0.14,0.31,0.01,0.29,0.3,1.18,1.11,-0.3,1.41,0.07,0.03,0.43,-0.38,-0.52,2.45,1.21,2.75,0.69,3.44,0.0,12932,6459,6473
1630198,Isaiah Joe,2025,1.47,1.34,0.38,0.96,0.13,0.3,0.27,0.03,0.3,1.33,1.58,0.39,1.19,-0.25,0.09,-0.37,0.46,-0.17,1.77,1.42,2.07,1.25,3.33,0.01,7470,3761,3709
1641726,Dereck Lively II,2025,-0.01,-0.01,0.16,-0.17,-0.0,-0.39,-0.72,0.32,0.96,2.47,2.21,0.07,2.14,0.26,0.37,0.37,-0.0,-0.16,-0.4,2.84,0.56,2.68,3.24,0.0,3380,1688,1692
1628386,Jarrett Allen,2025,1.27,1.31,0.89,0.42,-0.04,0.17,0.03,0.14,0.26,0.2,-0.2,-0.55,0.35,0.4,0.37,0.49,-0.13,0.87,1.44,0.57,1.7,1.44,3.14,0.0,10963,5485,5478
1630596,Evan Mobley,2025,1.99,1.85,0.17,1.68,0.14,0.01,0.16,-0.15,-0.22,0.72,0.48,0.86,-0.38,0.24,0.01,-0.18,0.2,0.58,2.0,0.73,1.78,1.31,3.1,0.01,10338,5170,5168
1629026,Kenrich Williams,2025,1.3,1.46,-0.1,1.56,-0.16,0.21,0.01,0.19,-0.22,0.9,0.85,0.42,0.43,0.05,0.62,0.44,0.18,0.23,1.51,1.52,1.29,1.75,3.04,0.0,5167,2578,2589
1628369,Jayson Tatum,2025,1.09,0.92,0.04,0.88,0.17,0.49,0.37,0.12,-0.05,1.1,0.98,0.39,0.59,0.12,-0.09,-0.08,-0.01,0.44,1.58,1.01,1.53,1.45,2.98,0.0,11659,5844,5815
1628381,John Collins,2025,1.45,1.09,0.25,0.84,0.36,-1.31,-0.52,-0.79,0.98,1.77,1.68,-0.28,1.96,0.09,-0.6,-0.48,-0.1,0.65,0.14,1.17,1.12,1.82,2.94,0.0,4901,2447,2454
203110,Draymond Green,2025,1.72,1.4,1.03,0.37,0.32,-0.61,-1.15,0.55,-0.63,1.27,0.92,0.54,0.38,0.35,1.04,0.59,0.44,0.12,1.11,2.31,0.48,2.43,2.91,0.0,9611,4799,4812
1630174,Aaron Nesmith,2025,2.35,2.15,0.66,1.49,0.2,0.44,0.19,0.26,-0.31,1.2,1.38,0.22,1.16,-0.18,-0.14,-0.05,-0.09,-0.7,2.79,1.06,2.48,0.36,2.85,0.01,7030,3519,3511
1641764,Brandin Podziemski,2025,-1.22,-1.13,-1.13,0.0,-0.09,0.95,0.48,0.48,0.08,1.44,1.39,0.11,1.28,0.05,0.81,0.45,0.36,0.77,-0.27,2.25,-0.19,3.02,2.82,-0.01,8392,4190,4202
201143,Al Horford,2025,0.47,0.82,0.3,0.52,-0.35,0.59,-0.02,0.61,0.11,1.2,1.05,0.47,0.58,0.15,-0.33,-0.32,-0.02,0.75,1.06,0.87,1.17,1.62,2.8,0.01,7839,3921,3918
1629660,Ty Jerome,2025,0.75,0.56,0.58,-0.02,0.19,0.87,0.88,-0.01,0.57,0.4,0.58,0.45,0.13,-0.18,0.32,-0.2,0.52,-0.11,1.62,0.72,2.19,0.61,2.79,-0.01,6499,3259,3240
1629634,Brandon Clarke,2025,1.76,1.7,0.2,1.5,0.06,-0.08,-0.24,0.16,-0.4,1.36,1.61,0.0,1.61,-0.25,0.29,0.43,-0.13,-0.15,1.68,1.65,1.28,1.5,2.78,0.0,5135,2556,2579
203497,Rudy Gobert,2025,-0.83,-0.39,0.6,-0.99,-0.44,-0.51,-0.79,0.27,0.62,3.43,2.92,1.19,1.73,0.51,0.41,0.29,0.13,-0.34,-1.34,3.84,-0.72,3.5,2.77,-0.01,10894,5453,5441
1627936,Alex Caruso,2025,0.14,-0.3,0.12,-0.42,0.44,0.27,-0.16,0.43,0.14,0.18,0.48,0.46,0.02,-0.3,1.89,0.79,1.08,0.14,0.41,2.07,0.55,2.21,2.75,-0.01,6565,3285,3280
202695,Kawhi Leonard,2025,1.71,2.21,0.1,2.11,-0.5,1.1,0.24,0.87,-0.53,0.41,0.01,0.1,-0.09,0.4,0.13,0.06,0.07,-0.08,2.81,0.54,2.28,0.46,2.74,0.0,5676,2834,2842
203500,Steven Adams,2025,-0.56,-0.44,-0.94,0.5,-0.12,-0.41,-0.07,-0.35,2.26,1.42,0.94,0.52,0.42,0.48,-0.35,-0.28,-0.07,0.38,-0.97,1.07,1.29,1.45,2.74,0.0,3739,1884,1855
1630540,Miles McBride,2025,0.19,0.45,-0.38,0.83,-0.26,0.86,0.78,0.08,0.74,0.67,0.92,0.16,0.76,-0.25,0.31,0.17,0.14,-0.03,1.05,0.98,1.79,0.95,2.73,-0.01,7600,3776,3824
203932,Aaron Gordon,2025,1.56,1.31,0.37,0.94,0.25,-0.5,-0.09,-0.41,0.44,0.95,0.59,-0.42,1.01,0.36,-0.44,-0.38,-0.07,0.72,1.06,0.51,1.5,1.23,2.73,-0.0,7833,3921,3912
1630241,Sam Merrill,2025,-0.43,-0.26,0.47,-0.73,-0.17,0.63,0.29,0.34,0.38,1.25,1.63,0.59,1.04,-0.38,0.55,0.05,0.51,0.32,0.2,1.8,0.58,2.12,2.7,0.0,6366,3184,3182
1626157,Karl-Anthony Towns,2025,1.86,1.22,0.66,0.56,0.64,0.48,0.17,0.3,0.78,-0.97,-0.96,0.26,-1.22,-0.01,-0.21,-0.41,0.21,0.73,2.34,-1.18,3.12,-0.45,2.67,-0.0,12660,6345,6315
1628991,Jaren Jackson Jr.,2025,0.36,-0.33,-0.58,0.25,0.69,0.59,0.67,-0.08,-0.31,1.95,2.07,-0.08,2.15,-0.12,-0.09,-0.39,0.3,0.16,0.95,1.86,0.64,2.02,2.66,0.0,9959,4989,4970
1630611,Gui Santos,2025,-0.13,-0.11,0.12,-0.23,-0.02,-0.15,-0.01,-0.14,1.91,0.9,1.25,0.25,1.0,-0.35,-0.05,0.06,-0.09,0.16,-0.28,0.85,1.63,1.01,2.65,0.01,3322,1661,1661
1631260,A.J. Green,2025,0.91,1.04,0.58,0.46,-0.13,0.38,-0.1,0.5,-1.0,1.25,1.49,0.29,1.2,-0.24,0.09,-0.09,0.18,0.97,1.29,1.34,0.29,2.31,2.6,0.0,7291,3651,3640
1627750,Jamal Murray,2025,1.78,1.8,0.31,1.49,-0.02,1.37,0.38,0.97,0.18,0.39,0.05,-0.19,0.24,0.34,-1.15,-0.51,-0.65,0.02,3.15,-0.76,3.33,-0.74,2.59,-0.0,12112,6064,6048
1641705,Victor Wembanyama,2025,1.41,1.3,0.65,0.65,0.11,-0.45,-0.46,0.01,-0.72,2.64,2.21,0.46,1.75,0.43,-0.33,-0.33,-0.0,0.0,0.96,2.31,0.24,2.31,2.55,0.0,6183,3095,3088
202681,Kyrie Irving,2025,0.94,0.62,0.16,0.46,0.32,0.14,0.27,-0.13,0.82,0.94,0.88,-0.02,0.9,0.06,0.48,-0.14,0.61,-0.78,1.08,1.42,1.9,0.64,2.54,0.0,7527,3778,3749
201939,Stephen Curry,2025,2.7,2.84,1.58,1.26,-0.14,0.39,-0.38,0.78,0.84,-1.65,-1.46,-0.19,-1.27,-0.19,-0.36,0.07,-0.43,0.62,3.09,-2.01,3.93,-1.39,2.54,-0.0,10363,5206,5157
1628366,Lonzo Ball,2025,-0.1,0.22,0.35,-0.13,-0.32,0.37,0.22,0.15,0.21,1.82,1.88,0.18,1.7,-0.06,0.3,0.18,0.1,-0.08,0.27,2.12,0.48,2.04,2.52,0.0,3301,1642,1659
1630202,Payton Pritchard,2025,-0.22,-0.21,0.3,-0.51,-0.01,1.01,0.72,0.3,1.3,0.16,0.22,0.27,-0.05,-0.06,0.35,0.4,-0.06,-0.13,0.79,0.51,2.09,0.38,2.47,0.0,9930,4972,4958
1629675,Naz Reid,2025,0.26,0.46,-0.16,0.62,-0.2,0.29,0.26,0.03,0.68,-0.07,0.03,0.35,-0.32,-0.1,0.12,0.02,0.09,1.12,0.55,0.05,1.23,1.17,2.4,0.0,10312,5161,5151
1628378,Donovan Mitchell,2025,-0.01,-0.37,0.2,-0.57,0.36,0.95,0.66,0.29,0.65,-0.04,-0.26,0.3,-0.56,0.22,0.5,0.15,0.35,0.28,0.94,0.46,1.59,0.74,2.33,0.0,10744,5371,5373
1629614,Andrew Nembhard,2025,0.16,0.36,0.71,-0.35,-0.2,0.42,0.38,0.03,-0.38,0.73,0.76,0.26,0.5,-0.03,0.94,0.87,0.07,0.44,0.58,1.67,0.2,2.11,2.31,0.0,10576,5279,5297
1626156,D'Angelo Russell,2025,-0.45,-0.71,0.02,-0.73,0.26,0.21,0.37,-0.16,0.98,1.22,0.92,-0.48,1.4,0.3,0.15,0.49,-0.33,0.15,-0.24,1.37,0.74,1.52,2.26,0.0,6160,3094,3066
201144,Mike Conley,2025,0.34,0.44,0.03,0.41,-0.1,0.2,-0.13,0.32,0.57,0.21,0.18,-0.12,0.3,0.03,0.3,0.16,0.14,0.63,0.54,0.51,1.11,1.14,2.25,0.0,8193,4108,4085
1630169,Tyrese Haliburton,2025,2.87,2.9,0.75,2.15,-0.03,1.11,0.36,0.74,-0.74,-1.14,-1.1,-0.55,-0.55,-0.04,0.05,-0.05,0.09,0.1,3.98,-1.09,3.24,-0.99,2.24,-0.01,12940,6497,6443
1629731,Dean Wade,2025,0.18,0.33,-0.04,0.37,-0.15,0.29,0.21,0.08,0.54,0.98,0.85,0.43,0.42,0.13,0.24,0.22,0.02,0.0,0.47,1.22,1.01,1.22,2.22,-0.01,5695,2835,2860
1630549,Day'Ron Sharpe,2025,-0.6,-0.66,-0.48,-0.18,0.06,-0.02,0.08,-0.1,1.52,1.45,1.61,0.3,1.31,-0.16,0.4,0.23,0.17,-0.56,-0.62,1.85,0.9,1.29,2.19,0.0,3522,1768,1754
1631243,Mouhamed Gueye,2025,-0.51,-0.3,-0.07,-0.23,-0.21,0.14,0.09,0.05,0.52,0.35,0.24,0.35,-0.11,0.11,0.51,0.23,0.28,1.13,-0.37,0.86,0.15,1.99,2.15,0.01,2218,1113,1105
1628401,Derrick White,2025,1.21,1.27,0.21,1.06,-0.06,0.5,0.22,0.28,-0.64,1.68,1.23,0.21,1.02,0.45,-0.44,-0.46,0.02,-0.18,1.71,1.24,1.07,1.06,2.14,0.01,11806,5916,5890
1629060,Rui Hachimura,2025,0.03,-0.02,0.53,-0.55,0.05,0.06,-0.05,0.1,-0.24,2.09,1.69,0.23,1.46,0.4,-0.17,0.05,-0.22,0.36,0.09,1.92,-0.15,2.28,2.13,0.0,8214,4100,4114
1631165,Keon Ellis,2025,1.28,1.03,0.42,0.61,0.25,0.24,0.34,-0.09,0.11,-0.76,-0.74,0.27,-1.01,-0.02,0.3,0.48,-0.2,0.94,1.52,-0.46,1.63,0.48,2.12,0.01,7788,3880,3908
1631095,Jabari Smith Jr.,2025,-0.58,-0.48,-0.48,0.0,-0.1,-0.39,-0.41,0.01,0.65,1.86,1.69,0.43,1.26,0.17,-0.3,-0.22,-0.08,0.85,-0.97,1.56,-0.32,2.41,2.08,-0.01,7494,3736,3758
201587,Nicolas Batum,2025,-0.02,-0.48,-0.3,-0.18,0.46,0.2,0.1,0.09,-0.08,1.7,1.82,-0.05,1.87,-0.12,-0.02,-0.31,0.29,0.28,0.18,1.68,0.1,1.96,2.06,0.0,6116,3060,3056
1631119,Jaylin Williams,2025,0.43,0.26,-0.52,0.78,0.17,-0.39,0.1,-0.5,0.31,1.52,1.73,0.52,1.21,-0.21,-0.28,-0.12,-0.16,0.46,0.04,1.24,0.35,1.7,2.06,0.01,3837,1918,1919
1630559,Austin Reaves,2025,2.34,1.73,1.07,0.66,0.61,0.13,-0.28,0.41,-0.38,0.27,0.13,-0.06,0.19,0.14,-0.18,-0.03,-0.15,-0.17,2.47,0.09,2.09,-0.08,2.01,0.0,10937,5460,5477
1629023,P.J. Washington,2025,0.39,0.28,-0.27,0.55,0.11,-0.19,0.33,-0.5,0.74,1.01,1.05,0.22,0.83,-0.04,-0.47,-0.12,-0.36,0.53,0.2,0.54,0.94,1.07,2.01,0.0,7573,3785,3788
1627751,Jakob Poeltl,2025,0.51,0.75,-0.1,0.85,-0.24,-0.66,-0.53,-0.12,0.63,0.56,0.35,-0.22,0.57,0.21,0.25,0.22,0.03,0.71,-0.15,0.81,0.48,1.52,1.99,-0.01,6956,3466,3490
202692,Alec Burks,2025,0.68,0.47,-0.56,1.03,0.21,0.1,-0.09,0.2,0.01,1.3,0.91,0.24,0.67,0.39,0.02,-0.15,0.17,-0.14,0.78,1.32,0.79,1.18,1.96,-0.01,3472,1743,1729
1641708,Amen Thompson,2025,-1.02,-0.54,-0.75,0.21,-0.48,0.85,0.6,0.24,0.91,1.52,1.47,0.58,0.89,0.05,-0.01,0.07,-0.09,-0.31,-0.17,1.51,0.74,1.2,1.94,0.0,9845,4918,4927
1627832,Fred VanVleet,2025,-0.8,-0.88,-0.4,-0.48,0.08,1.1,0.6,0.5,0.8,-0.66,-0.56,-0.15,-0.41,-0.1,0.93,0.37,0.55,0.56,0.3,0.27,1.1,0.83,1.93,-0.0,9467,4744,4723
1627747,Caris LeVert,2025,2.82,2.63,0.12,2.51,0.19,0.61,0.23,0.38,-1.22,0.65,0.59,0.18,0.41,0.06,-0.09,-0.08,-0.01,-0.88,3.43,0.56,2.21,-0.32,1.89,-0.0,6634,3331,3303
1630595,Cade Cunningham,2025,1.64,1.35,0.61,0.74,0.29,-0.32,-0.01,-0.31,-0.53,0.16,0.43,0.59,-0.16,-0.27,0.43,-0.17,0.6,0.51,1.32,0.59,0.79,1.1,1.89,0.0,11139,5577,5562
1626181,Norman Powell,2025,0.93,0.78,0.06,0.72,0.15,-0.01,0.07,-0.08,-0.71,0.56,0.44,-0.14,0.58,0.12,0.25,0.32,-0.07,0.81,0.92,0.81,0.21,1.62,1.83,0.0,8876,4443,4433
1627739,Kris Dunn,2025,0.36,0.42,0.39,0.03,-0.06,0.22,0.05,0.17,-0.93,0.42,0.51,0.12,0.39,-0.09,1.2,0.78,0.41,0.53,0.58,1.62,-0.35,2.15,1.8,0.0,7756,3871,3885
202699,Tobias Harris,2025,-0.24,-0.38,0.17,-0.55,0.14,-0.2,-0.07,-0.12,0.12,0.85,0.77,0.16,0.61,0.08,0.24,0.05,0.2,1.02,-0.44,1.09,-0.32,2.11,1.79,0.0,10401,5208,5193
1629652,Luguentz Dort,2025,0.18,0.36,0.08,0.28,-0.18,0.7,0.71,-0.01,0.09,-0.21,-0.15,-0.05,-0.1,-0.06,0.71,0.0,0.71,0.3,0.88,0.5,0.97,0.8,1.78,0.01,11317,5646,5671
1630529,Herbert Jones,2025,0.54,0.56,-0.24,0.8,-0.02,0.01,0.13,-0.12,-0.41,0.51,0.76,0.27,0.49,-0.25,0.56,0.23,0.33,0.54,0.55,1.07,0.14,1.61,1.75,-0.0,2668,1336,1332
1627759,Jaylen Brown,2025,1.98,1.76,0.08,1.68,0.22,0.31,0.3,0.01,-0.05,-0.29,-0.39,-0.03,-0.36,0.1,-0.44,-0.37,-0.07,0.16,2.29,-0.73,2.24,-0.57,1.68,0.01,10187,5102,5085
1629630,Ja Morant,2025,0.63,0.15,0.46,-0.31,0.48,-0.02,-0.1,0.08,-0.35,1.04,1.33,-0.34,1.67,-0.29,0.29,0.03,0.25,0.08,0.61,1.33,0.26,1.41,1.67,-0.0,6844,3437,3407
1628396,Tony Bradley,2025,-0.41,-0.32,0.19,-0.51,-0.09,-0.35,-0.13,-0.22,0.85,1.14,1.22,-0.19,1.41,-0.08,-0.07,-0.2,0.14,0.5,-0.76,1.07,0.09,1.57,1.66,0.0,781,394,387
1627884,Derrick Jones Jr.,2025,0.91,1.02,0.33,0.69,-0.11,-0.14,0.21,-0.36,-0.15,0.05,0.23,-0.31,0.54,-0.18,0.32,0.22,0.1,0.68,0.77,0.37,0.62,1.05,1.66,-0.01,8065,4034,4031
1626172,Kevon Looney,2025,-2.04,-1.97,-0.78,-1.19,-0.07,0.49,0.26,0.23,1.77,1.07,1.16,0.4,0.76,-0.09,-0.21,-0.6,0.39,0.49,-1.55,0.86,0.22,1.35,1.57,0.0,5062,2511,2551
1630696,Dru Smith,2025,-0.64,-0.65,-0.09,-0.56,0.01,-0.0,-0.0,0.01,0.26,0.59,0.73,0.16,0.57,-0.14,0.83,0.35,0.48,0.52,-0.64,1.42,-0.38,1.94,1.56,0.0,1088,543,545
1641717,Cason Wallace,2025,-1.43,-1.46,-0.14,-1.32,0.03,1.21,0.51,0.71,0.41,0.94,1.08,-0.12,1.2,-0.14,0.77,0.28,0.5,-0.34,-0.22,1.71,0.19,1.37,1.56,0.0,9843,4902,4941
1628449,Chris Boucher,2025,0.42,0.39,0.03,0.36,0.03,0.21,0.38,-0.16,1.07,0.3,0.56,-0.56,1.12,-0.26,-0.05,0.03,-0.08,-0.39,0.63,0.25,1.7,-0.14,1.55,-0.01,3439,1721,1718
1626166,Cameron Payne,2025,-0.29,-0.29,-0.49,0.2,-0.0,0.44,0.58,-0.15,0.12,1.25,1.1,0.54,0.56,0.15,0.28,0.08,0.2,-0.29,0.15,1.53,0.27,1.24,1.51,0.0,4743,2364,2379
1628384,OG Anunoby,2025,-0.4,-0.08,0.11,-0.19,-0.32,0.2,-0.21,0.41,0.42,0.63,0.46,0.4,0.06,0.17,0.54,0.32,0.22,0.1,-0.2,1.17,0.22,1.27,1.48,-0.01,13582,6783,6799
1628969,Mikal Bridges,2025,-0.18,-0.14,-0.39,0.25,-0.04,0.37,0.06,0.32,0.64,1.16,0.85,0.03,0.82,0.31,-0.1,0.24,-0.35,-0.41,0.19,1.06,0.83,0.65,1.48,0.0,14926,7451,7475
1630205,Lamar Stevens,2025,0.89,0.89,0.14,0.75,-0.0,0.27,0.05,0.23,-0.32,1.08,1.16,-0.01,1.17,-0.08,0.3,0.15,0.15,-0.75,1.16,1.38,0.84,0.63,1.46,-0.01,689,340,349
1628989,Kevin Huerter,2025,0.82,1.01,-0.17,1.18,-0.19,-0.02,-0.13,0.1,-0.16,1.31,1.26,0.41,0.85,0.05,-0.1,-0.09,-0.01,-0.4,0.8,1.21,0.64,0.81,1.44,-0.01,6956,3482,3474
1630552,Jalen Johnson,2025,1.16,0.7,0.43,0.27,0.46,-0.85,-0.6,-0.24,-0.33,0.78,0.64,-0.06,0.7,0.14,0.26,0.76,-0.5,0.4,0.31,1.04,-0.02,1.44,1.42,0.0,5509,2758,2751
1631222,Jake LaRavia,2025,1.05,0.91,0.07,0.84,0.14,-0.57,-0.42,-0.15,1.03,-0.56,-0.22,-0.06,-0.16,-0.34,0.69,0.09,0.6,-0.29,0.48,0.13,1.51,-0.16,1.35,0.0,5628,2804,2824
1629011,Mitchell Robinson,2025,-0.58,-0.52,-0.51,-0.01,-0.06,-0.3,-0.28,-0.02,1.1,0.9,1.17,-0.12,1.29,-0.27,0.75,0.43,0.32,-0.52,-0.88,1.65,0.22,1.13,1.35,0.0,2497,1228,1269
1631106,Tari Eason,2025,0.19,0.17,0.26,-0.09,0.02,-0.24,0.15,-0.38,1.18,-0.42,-0.05,-0.01,-0.04,-0.37,0.16,-0.05,0.21,0.47,-0.05,-0.26,1.13,0.21,1.34,0.0,6288,3126,3162
1628392,Isaiah Hartenstein,2025,-0.83,-0.54,-0.56,0.02,-0.29,-0.32,-0.28,-0.05,1.1,1.28,0.96,0.59,0.37,0.32,-0.69,-0.51,-0.18,0.79,-1.15,0.59,-0.05,1.38,1.33,-0.0,8644,4325,4319
1641709,Ausar Thompson,2025,-1.3,-0.92,0.64,-1.56,-0.38,0.02,-0.01,0.02,0.83,0.98,1.25,0.18,1.07,-0.27,1.13,0.41,0.73,-0.34,-1.28,2.11,-0.45,1.77,1.32,0.0,6039,2995,3044
201142,Kevin Durant,2025,4.26,3.85,0.93,2.92,0.41,-0.92,-0.75,-0.15,-1.58,0.56,0.62,-0.01,0.63,-0.06,-1.05,-0.63,-0.4,0.03,3.34,-0.49,1.76,-0.46,1.3,0.0,9158,4586,4572
203486,Mason Plumlee,2025,1.49,1.58,0.2,1.38,-0.09,0.12,0.07,0.05,0.17,-0.88,-1.12,0.22,-1.34,0.24,0.15,-0.13,0.28,0.25,1.61,-0.73,1.78,-0.48,1.3,0.0,5208,2611,2597
1630256,Jae'Sean Tate,2025,-0.85,-0.75,-0.16,-0.59,-0.1,0.26,0.41,-0.15,0.57,0.43,0.67,-0.17,0.84,-0.24,0.48,-0.21,0.69,0.4,-0.59,0.91,-0.02,1.31,1.28,-0.01,2409,1196,1213
1630573,Sam Hauser,2025,0.93,1.22,0.25,0.97,-0.29,0.57,0.31,0.26,0.55,0.25,0.04,0.46,-0.42,0.21,-0.77,-0.12,-0.66,-0.35,1.5,-0.52,2.05,-0.87,1.18,0.0,6354,3189,3165
1629048,Goga Bitadze,2025,0.47,0.6,-0.03,0.63,-0.13,-0.71,-0.31,-0.39,0.53,0.21,0.51,-0.08,0.59,-0.3,0.63,0.53,0.09,0.04,-0.24,0.84,0.29,0.88,1.17,0.0,5591,2797,2794
1630166,Deni Avdija,2025,0.57,0.34,0.67,-0.33,0.23,-0.42,-0.1,-0.31,1.56,-0.89,-0.7,0.17,-0.87,-0.19,0.15,0.03,0.12,0.14,0.15,-0.74,1.71,-0.6,1.11,0.0,8951,4469,4482
1642269,Devin Carter,2025,-0.99,-0.88,-0.74,-0.14,-0.11,0.55,0.03,0.51,1.06,-0.35,-0.09,0.14,-0.23,-0.26,0.51,0.15,0.37,0.27,-0.44,0.16,0.62,0.43,1.05,-0.0,1572,785,787
1629655,Daniel Gafford,2025,0.27,0.18,0.5,-0.32,0.09,-0.45,-0.36,-0.09,1.21,1.14,1.13,0.05,1.08,0.01,-0.74,-0.51,-0.23,-0.39,-0.18,0.4,1.03,0.01,1.04,0.0,5218,2605,2613
1629684,Grant Williams,2025,0.74,0.78,-0.36,1.14,-0.04,0.15,0.42,-0.27,0.19,-0.08,0.04,-0.06,0.1,-0.12,0.05,-0.22,0.27,-0.06,0.89,-0.03,1.08,-0.09,0.99,0.0,1944,974,970
202710,Jimmy Butler,2025,0.32,-0.37,0.02,-0.39,0.69,0.56,-0.07,0.63,0.59,-1.27,-1.6,-0.36,-1.24,0.33,0.59,0.45,0.14,0.19,0.88,-0.68,1.47,-0.49,0.99,0.01,8497,4243,4254
1641739,Toumani Camara,2025,-0.77,-0.7,-0.15,-0.55,-0.07,-0.99,-0.39,-0.59,1.15,0.42,0.41,-0.32,0.73,0.01,1.13,0.53,0.61,0.04,-1.76,1.55,-0.61,1.59,0.97,-0.01,10317,5157,5160
1629162,Jordan McLaughlin,2025,1.54,1.43,-0.26,1.69,0.11,-0.3,-0.19,-0.12,0.03,-0.14,-0.19,-0.12,-0.07,0.05,0.12,-0.05,0.16,-0.3,1.24,-0.02,1.27,-0.32,0.95,0.0,1247,623,624
203914,Gary Harris,2025,-0.35,-0.28,-0.17,-0.11,-0.07,0.28,0.33,-0.05,0.28,0.17,0.39,-0.2,0.59,-0.22,0.43,-0.17,0.6,0.13,-0.07,0.6,0.21,0.73,0.95,0.01,3113,1554,1559
1641744,Zach Edey,2025,-0.75,-0.42,-0.34,-0.08,-0.33,-0.74,-0.52,-0.22,2.16,0.41,-0.02,-0.12,0.1,0.43,-0.78,-0.45,-0.35,0.65,-1.49,-0.37,0.67,0.28,0.95,-0.0,6400,3192,3208
1629627,Zion Williamson,2025,-0.41,-0.45,-0.35,-0.1,0.04,0.64,0.49,0.15,1.42,-0.04,0.06,-0.09,0.15,-0.1,-0.4,-0.56,0.16,-0.28,0.23,-0.44,1.65,-0.72,0.94,0.01,3536,1777,1759
1629638,Nickeil Alexander-Walker,2025,0.2,0.35,-0.05,0.4,-0.15,-0.07,-0.03,-0.03,0.46,0.58,0.79,0.26,0.53,-0.21,0.44,0.16,0.28,-0.66,0.13,1.02,0.59,0.36,0.94,-0.01,9360,4676,4684
1629001,De'Anthony Melton,2025,0.19,0.34,0.12,0.22,-0.15,0.05,0.2,-0.15,-0.29,0.8,0.97,0.13,0.84,-0.17,0.39,0.25,0.14,-0.21,0.24,1.19,-0.05,0.98,0.92,-0.01,515,255,260
1630183,Jaden McDaniels,2025,-1.34,-1.37,-0.03,-1.34,0.03,0.27,0.35,-0.08,0.81,1.03,0.79,0.31,0.48,0.24,-0.08,0.08,-0.16,0.2,-1.07,0.95,-0.26,1.15,0.89,-0.0,12148,6058,6090
1629013,Landry Shamet,2025,0.04,0.16,-0.57,0.73,-0.12,0.26,0.07,0.19,-0.26,1.19,1.18,0.81,0.37,0.01,0.06,-0.21,0.27,-0.4,0.3,1.25,0.04,0.85,0.88,-0.01,3306,1650,1656
1629674,Neemias Queta,2025,0.11,0.08,0.48,-0.4,0.03,-0.08,0.19,-0.27,0.79,0.22,0.19,0.36,-0.17,0.03,0.43,0.1,0.31,-0.59,0.03,0.65,0.82,0.06,0.88,0.0,3349,1667,1682
1629631,De'Andre Hunter,2025,2.19,1.27,-0.1,1.37,0.92,0.21,-0.03,0.24,-0.73,-0.41,-0.31,-0.5,0.19,-0.1,0.07,-0.05,0.13,-0.45,2.4,-0.34,1.67,-0.79,0.88,-0.0,8106,4047,4059
1630194,Paul Reed,2025,-0.04,-0.07,-0.23,0.16,0.03,0.06,0.27,-0.21,-0.47,0.54,0.74,0.04,0.7,-0.2,0.9,0.36,0.54,-0.14,0.02,1.44,-0.45,1.3,0.85,-0.0,2001,999,1002
1630162,Anthony Edwards,2025,1.71,1.22,0.15,1.07,0.49,-0.02,0.17,-0.2,-0.44,-0.86,-0.65,0.03,-0.68,-0.21,-0.12,-0.35,0.23,0.59,1.69,-0.98,1.25,-0.39,0.85,-0.01,13564,6784,6780
1641763,Julian Phillips,2025,0.02,-0.18,-0.06,-0.12,0.2,0.32,0.21,0.12,0.17,0.76,0.68,-0.01,0.69,0.08,-0.0,0.09,-0.09,-0.43,0.34,0.76,0.51,0.33,0.84,-0.0,4671,2335,2336
1630581,Josh Giddey,2025,1.03,1.12,0.22,0.9,-0.09,-0.19,-0.13,-0.06,-0.04,0.17,-0.1,-0.08,-0.02,0.27,-0.5,-0.26,-0.23,0.35,0.84,-0.33,0.8,0.02,0.83,0.01,8971,4479,4492
1631306,Cole Swider,2025,-0.44,-0.18,0.07,-0.25,-0.26,0.13,-0.02,0.16,0.56,0.41,0.49,-0.04,0.53,-0.08,0.16,0.1,0.06,0.01,-0.31,0.57,0.25,0.58,0.83,-0.0,714,364,350
1627736,Malik Beasley,2025,0.55,0.26,-0.49,0.75,0.29,0.02,0.09,-0.08,-0.21,0.57,1.11,0.07,1.04,-0.54,0.35,-0.08,0.43,-0.46,0.57,0.92,0.36,0.46,0.83,0.01,10112,5083,5029
1629027,Trae Young,2025,1.53,0.73,0.91,-0.18,0.8,0.31,-0.38,0.7,0.44,-1.01,-0.83,-0.48,-0.35,-0.18,0.31,0.01,0.3,-0.75,1.84,-0.7,2.28,-1.45,0.83,-0.0,11681,5849,5832
1627734,Domantas Sabonis,2025,0.25,0.11,0.26,-0.15,0.14,-0.7,-0.16,-0.53,0.33,-0.12,-0.13,0.24,-0.37,0.01,0.13,0.14,-0.01,0.9,-0.45,0.01,-0.12,0.91,0.79,0.0,9887,4952,4935
1631197,Jared Rhoden,2025,-0.69,-0.63,0.11,-0.74,-0.06,0.1,-0.08,0.19,1.12,0.24,0.17,-0.07,0.24,0.07,0.1,0.1,-0.0,-0.09,-0.59,0.34,0.53,0.25,0.78,-0.0,942,474,468
1642484,RayJ Dennis,2025,-0.31,-0.28,0.34,-0.62,-0.03,0.05,0.03,0.01,0.29,0.58,0.53,0.09,0.44,0.05,-0.01,0.02,-0.03,0.18,-0.26,0.57,0.03,0.75,0.78,0.0,294,146,148
1630168,Onyeka Okongwu,2025,0.66,0.47,0.44,0.03,0.19,-0.17,-0.55,0.37,0.1,-1.2,-0.96,-0.39,-0.57,-0.24,0.68,0.4,0.27,0.69,0.49,-0.52,0.59,0.17,0.76,0.0,8736,4376,4360
1629020,Jarred Vanderbilt,2025,0.09,-0.26,-0.2,-0.06,0.35,-0.28,-0.22,-0.06,1.01,-0.16,0.32,-0.55,0.87,-0.48,0.15,0.12,0.03,-0.07,-0.19,-0.01,0.82,-0.08,0.75,0.01,2495,1244,1251
1629622,Max Strus,2025,0.66,0.36,0.31,0.05,0.3,0.15,-0.0,0.15,0.27,0.29,0.28,0.29,-0.01,0.01,-0.58,-0.41,-0.16,-0.05,0.81,-0.29,1.08,-0.34,0.75,0.01,6693,3349,3344
1629312,Haywood Highsmith,2025,0.67,0.69,0.35,0.34,-0.02,-0.36,-0.02,-0.34,-0.4,0.19,-0.02,-0.12,0.1,0.21,0.56,0.32,0.24,0.08,0.31,0.75,-0.09,0.83,0.73,-0.01,7464,3726,3738
1627824,Guerschon Yabusele,2025,1.04,0.91,0.4,0.51,0.13,0.48,0.59,-0.12,0.24,-1.26,-1.35,-0.83,-0.52,0.09,0.77,0.3,0.47,-0.56,1.52,-0.49,1.76,-1.05,0.72,0.01,7590,3802,3788
1626158,Richaun Holmes,2025,0.36,0.42,-0.18,0.6,-0.06,-0.31,-0.24,-0.08,0.66,-0.55,-0.45,0.06,-0.51,-0.1,0.02,0.01,0.01,0.54,0.05,-0.53,0.71,0.01,0.72,0.0,2086,1044,1042
1628988,Aaron Holiday,2025,-0.39,-0.12,-0.59,0.47,-0.27,0.13,0.05,0.08,-0.23,1.58,1.58,0.59,0.99,0.0,-0.36,-0.36,-0.01,-0.01,-0.26,1.22,-0.49,1.21,0.71,-0.01,3349,1670,1679
203482,Kelly Olynyk,2025,0.92,0.95,0.29,0.66,-0.03,-0.51,-0.56,0.05,-0.22,0.7,0.75,0.3,0.45,-0.05,0.08,0.06,0.02,-0.26,0.41,0.78,0.19,0.52,0.71,0.0,3609,1812,1797
1642530,Yuki Kawamura,2025,0.56,0.52,0.02,0.5,0.04,-0.06,0.09,-0.15,-0.07,0.57,0.54,-0.18,0.72,0.03,-0.0,0.02,-0.02,-0.3,0.5,0.57,0.43,0.27,0.7,0.0,385,190,195
1629639,Tyler Herro,2025,2.25,2.24,0.72,1.52,0.01,0.14,0.24,-0.1,-0.3,-0.99,-1.14,-0.09,-1.05,0.15,-0.24,0.14,-0.39,-0.16,2.39,-1.23,2.09,-1.39,0.7,-0.0,11392,5702,5690
203935,Marcus Smart,2025,-0.37,-0.62,-0.24,-0.38,0.25,0.22,0.13,0.1,-0.22,1.14,1.57,0.25,1.32,-0.43,0.44,0.29,0.15,-0.53,-0.15,1.58,-0.37,1.05,0.68,0.0,2914,1455,1459
1642377,Jaylen Wells,2025,-0.2,-0.1,-0.06,-0.04,-0.1,-0.12,-0.01,-0.1,1.02,-0.71,-0.82,-0.33,-0.49,0.11,0.09,-0.05,0.13,0.58,-0.32,-0.62,0.7,-0.04,0.66,0.0,8677,4338,4339
201572,Brook Lopez,2025,0.8,0.88,0.29,0.59,-0.08,0.03,0.19,-0.15,-1.32,0.89,0.6,0.44,0.16,0.29,-0.45,-0.14,-0.31,0.71,0.83,0.44,-0.49,1.15,0.66,0.0,10714,5370,5344
1631217,Moussa Diabate,2025,-1.85,-1.67,-0.72,-0.95,-0.18,-0.46,-0.2,-0.27,2.26,-0.22,0.09,-0.39,0.48,-0.31,0.92,0.29,0.63,0.0,-2.31,0.7,-0.05,0.7,0.65,0.0,4824,2397,2427
1628370,Malik Monk,2025,0.45,0.1,0.08,0.02,0.35,0.22,-0.26,0.48,0.21,-0.51,-0.34,0.35,-0.69,-0.17,0.24,-0.06,0.3,0.01,0.67,-0.27,0.88,-0.26,0.63,0.01,8457,4237,4220
201950,Jrue Holiday,2025,-0.83,-0.87,0.33,-1.2,0.04,0.59,0.02,0.57,-0.97,1.48,1.12,0.04,1.08,0.36,0.23,0.37,-0.14,0.12,-0.24,1.71,-1.21,1.83,0.62,0.0,8630,4322,4308
1630163,LaMelo Ball,2025,0.88,0.94,0.51,0.43,-0.06,0.03,-0.15,0.19,1.2,-1.55,-1.44,0.01,-1.45,-0.11,-0.35,-0.06,-0.29,0.4,0.91,-1.9,2.11,-1.5,0.61,0.0,6378,3201,3177
1642345,Oso Ighodaro,2025,-0.72,-0.71,-0.2,-0.51,-0.01,-0.14,-0.09,-0.05,-0.25,1.33,1.33,0.02,1.31,0.0,0.29,0.05,0.25,0.03,-0.86,1.62,-1.11,1.65,0.54,-0.0,4146,2068,2078
1630583,Santi Aldama,2025,0.44,0.57,0.73,-0.16,-0.13,0.21,0.05,0.16,0.31,-0.31,-0.06,-0.26,0.2,-0.25,0.12,0.35,-0.23,-0.23,0.65,-0.19,0.96,-0.42,0.54,0.0,7596,3804,3792
1642024,Alex Reese,2025,0.76,0.8,-0.08,0.88,-0.04,0.1,0.13,-0.02,-0.2,0.15,0.18,0.42,-0.24,-0.03,-0.0,0.13,-0.13,-0.28,0.86,0.15,0.66,-0.13,0.53,0.0,900,450,450
1628389,Bam Adebayo,2025,-0.49,-0.23,-0.5,0.27,-0.26,0.17,-0.07,0.23,-0.34,0.0,-0.1,0.39,-0.49,0.1,0.1,0.16,-0.06,1.09,-0.32,0.1,-0.66,1.19,0.53,-0.0,11089,5541,5548
1630314,Brandon Williams,2025,0.15,0.23,-0.24,0.47,-0.08,-0.2,-0.08,-0.12,-0.35,0.24,0.26,-0.28,0.54,-0.02,0.38,0.09,0.3,0.29,-0.05,0.62,-0.4,0.91,0.51,0.0,2046,1031,1015
1628995,Kevin Knox II,2025,0.16,0.22,0.11,0.11,-0.06,0.06,0.06,-0.0,0.36,-0.64,-0.39,0.05,-0.44,-0.25,0.36,0.25,0.1,0.2,0.22,-0.28,0.58,-0.08,0.5,0.0,501,251,250
1631099,Keegan Murray,2025,-0.03,0.03,0.25,-0.22,-0.06,0.23,0.24,-0.01,-0.42,0.99,0.98,0.39,0.59,0.01,-0.46,-0.4,-0.05,0.18,0.2,0.53,-0.22,0.71,0.49,0.0,10583,5286,5297
1631204,Marcus Sasser,2025,0.15,0.4,0.0,0.4,-0.25,-0.08,0.41,-0.49,0.06,0.64,0.72,0.14,0.58,-0.08,0.62,0.07,0.55,-0.9,0.07,1.26,0.13,0.36,0.48,-0.01,3295,1649,1646
1631342,Daeqwon Plowden,2025,-0.22,-0.15,-0.04,-0.11,-0.07,-0.15,-0.28,0.13,0.01,0.46,0.39,-0.05,0.44,0.07,0.23,0.14,0.1,0.14,-0.37,0.69,-0.36,0.83,0.47,-0.0,290,146,144
1641809,Drew Peterson,2025,0.31,0.26,0.2,0.06,0.05,-0.24,0.12,-0.36,0.01,0.35,0.59,0.07,0.52,-0.24,-0.1,-0.07,-0.03,0.13,0.07,0.25,0.08,0.38,0.46,0.0,718,360,358
203084,Harrison Barnes,2025,1.51,1.44,0.23,1.21,0.07,0.3,0.43,-0.13,-0.84,0.06,-0.62,-0.56,-0.06,0.68,-0.47,-0.12,-0.36,-0.11,1.81,-0.41,0.97,-0.52,0.44,-0.01,9067,4551,4516
101108,Chris Paul,2025,0.84,1.02,0.35,0.67,-0.18,0.5,0.24,0.26,-0.7,-0.2,-0.64,-0.43,-0.21,0.44,-0.31,0.0,-0.31,0.3,1.34,-0.51,0.64,-0.21,0.43,0.0,9325,4682,4643
1642270,Donovan Clingan,2025,-1.6,-1.2,-0.22,-0.98,-0.4,-0.36,-0.14,-0.22,0.9,2.0,1.64,0.33,1.31,0.36,-0.62,-0.6,-0.02,0.11,-1.96,1.38,-1.06,1.49,0.43,0.0,5440,2724,2716
1629006,Josh Okogie,2025,-1.08,-1.15,-0.41,-0.74,0.07,0.03,0.22,-0.17,0.84,0.44,0.56,-0.17,0.73,-0.12,0.41,0.15,0.27,-0.22,-1.05,0.85,-0.21,0.63,0.42,0.0,2460,1220,1240
1642050,Jackson Rowe,2025,-0.03,-0.05,-0.19,0.14,0.02,-0.01,-0.0,-0.0,0.28,-0.11,0.02,-0.13,0.15,-0.13,0.07,0.07,-0.01,0.21,-0.04,-0.04,0.24,0.17,0.41,-0.0,221,111,110
1629659,Talen Horton-Tucker,2025,0.23,0.07,-0.28,0.35,0.16,-0.01,-0.05,0.03,0.03,0.95,0.9,0.0,0.9,0.05,-0.48,-0.1,-0.38,-0.31,0.22,0.47,0.25,0.16,0.41,0.0,3096,1541,1555
1641989,Elijah Harkless,2025,-0.32,-0.31,-0.19,-0.12,-0.01,-0.0,0.13,-0.12,0.17,0.03,0.12,0.07,0.05,-0.09,0.46,-0.07,0.53,0.06,-0.32,0.49,-0.15,0.55,0.4,0.0,558,280,278
203926,Doug McDermott,2025,-0.12,0.11,-0.31,0.42,-0.23,0.02,0.02,0.01,0.22,0.21,0.29,0.1,0.19,-0.08,-0.53,-0.36,-0.17,0.59,-0.1,-0.32,0.12,0.27,0.39,0.0,1371,680,691
203076,Anthony Davis,2025,-0.09,-0.29,-0.15,-0.14,0.2,-0.15,-0.35,0.2,-0.04,0.94,0.68,0.02,0.66,0.26,-0.32,0.0,-0.32,0.04,-0.24,0.62,-0.28,0.66,0.38,0.0,6858,3432,3426
1630591,Jalen Suggs,2025,-0.33,-0.53,0.26,-0.79,0.2,-0.68,-0.13,-0.56,-0.96,0.61,0.92,0.03,0.89,-0.31,1.04,0.64,0.4,0.71,-1.01,1.65,-1.97,2.36,0.38,-0.01,4030,2009,2021
1630543,Isaiah Jackson,2025,0.16,0.13,0.13,0.0,0.03,-0.15,-0.1,-0.03,0.01,0.31,0.24,-0.31,0.55,0.07,0.02,0.0,0.02,0.02,0.01,0.33,0.02,0.35,0.37,-0.0,356,176,180
1627780,Gary Payton II,2025,1.42,1.22,0.78,0.44,0.2,-0.48,-0.23,-0.24,-0.41,-0.37,-0.29,0.36,-0.65,-0.08,0.59,-0.17,0.76,-0.39,0.94,0.22,0.53,-0.17,0.36,0.0,4459,2190,2269
1628415,Dillon Brooks,2025,-1.33,-1.31,-0.33,-0.98,-0.02,0.34,0.29,0.05,0.28,0.91,1.03,0.54,0.49,-0.12,0.03,0.08,-0.05,0.11,-0.99,0.94,-0.71,1.05,0.34,-0.0,10370,5187,5183
1631255,Karlo Matkovic,2025,0.6,0.78,-0.25,1.03,-0.18,-0.8,-0.84,0.03,-0.14,1.03,1.11,0.26,0.85,-0.08,0.01,0.09,-0.08,-0.37,-0.2,1.04,-0.34,0.67,0.33,0.0,3235,1615,1620
1630811,Keaton Wallace,2025,-0.29,0.04,-0.02,0.06,-0.33,-0.32,-0.26,-0.06,-0.24,1.24,1.16,0.04,1.12,0.08,0.01,-0.23,0.24,-0.07,-0.61,1.25,-0.85,1.18,0.33,0.0,2059,1024,1035
1628374,Lauri Markkanen,2025,0.33,0.18,0.11,0.07,0.15,-0.16,0.21,-0.37,0.52,-0.41,-0.32,-0.28,-0.04,-0.09,-0.53,0.07,-0.6,0.56,0.17,-0.94,0.69,-0.38,0.31,-0.0,5807,2911,2896
1626171,Bobby Portis,2025,-0.47,-0.2,-0.43,0.23,-0.27,0.28,0.12,0.16,0.44,0.81,0.58,0.09,0.49,0.23,-0.53,-0.28,-0.25,-0.23,-0.19,0.28,0.25,0.05,0.3,-0.0,5698,2852,2846
1631127,Harrison Ingram,2025,0.29,0.35,-0.1,0.45,-0.06,-0.1,-0.09,-0.01,0.0,-0.1,-0.03,-0.1,0.07,-0.07,-0.01,-0.01,-0.0,0.2,0.19,-0.11,0.19,0.09,0.28,0.0,146,74,72
203081,Damian Lillard,2025,0.11,-0.85,0.47,-1.32,0.96,0.41,0.21,0.21,0.14,0.24,0.28,-0.06,0.34,-0.04,-1.05,-0.74,-0.32,0.39,0.52,-0.81,0.66,-0.42,0.24,0.0,8903,4462,4441
203944,Julius Randle,2025,1.82,1.43,0.06,1.37,0.39,-0.42,0.22,-0.64,-0.19,-0.55,-0.73,-0.5,-0.23,0.18,-0.22,-0.37,0.15,-0.21,1.4,-0.77,1.21,-0.98,0.23,-0.0,10736,5366,5370
1629637,Jaxson Hayes,2025,-0.24,-0.34,0.85,-1.19,0.1,0.01,-0.24,0.26,-1.02,1.58,1.5,0.61,0.89,0.08,-0.4,-0.02,-0.38,0.29,-0.23,1.18,-1.25,1.47,0.22,-0.0,4411,2206,2205
1641789,Jazian Gortman,2025,-0.13,-0.1,-0.12,0.02,-0.03,-0.05,0.12,-0.16,0.13,0.04,0.15,0.04,0.11,-0.11,0.02,-0.14,0.16,0.2,-0.18,0.06,-0.05,0.26,0.21,-0.0,239,120,119
1630579,Jericho Sims,2025,0.14,0.37,-0.27,0.64,-0.23,-0.34,-0.08,-0.24,-0.16,0.81,0.66,-0.09,0.75,0.15,-0.05,0.2,-0.23,-0.2,-0.2,0.76,-0.36,0.56,0.2,-0.0,2702,1346,1356
1631209,Isaiah Wong,2025,-0.47,-0.53,-0.37,-0.16,0.06,-0.13,0.1,-0.24,-0.6,-0.09,0.0,0.08,-0.08,-0.09,0.68,0.29,0.4,0.79,-0.6,0.59,-1.2,1.38,0.19,0.01,1039,520,519
203484,Kentavious Caldwell-Pope,2025,-1.24,-1.14,-0.48,-0.66,-0.1,-0.05,-0.17,0.13,0.02,0.13,0.55,0.35,0.2,-0.42,0.98,0.46,0.52,0.32,-1.29,1.11,-1.27,1.43,0.17,0.01,9584,4778,4806
203992,Bogdan Bogdanovic,2025,-1.01,-0.9,0.03,-0.93,-0.11,0.39,-0.35,0.74,0.08,0.43,0.42,0.34,0.08,0.01,-0.25,-0.3,0.05,0.54,-0.62,0.18,-0.54,0.72,0.17,-0.01,5947,2994,2953
1631157,Ryan Rollins,2025,0.25,0.45,-0.08,0.53,-0.2,-0.29,-0.03,-0.24,-0.14,0.11,0.37,0.34,0.03,-0.26,-0.01,-0.05,0.03,0.24,-0.04,0.1,-0.18,0.34,0.16,0.0,3469,1731,1738
1628420,Monte Morris,2025,-0.04,-0.07,-0.4,0.33,0.03,-0.08,0.03,-0.12,-0.19,1.11,1.02,-0.2,1.22,0.09,-0.36,-0.12,-0.24,-0.3,-0.12,0.75,-0.31,0.45,0.14,-0.0,2258,1131,1127
1628998,Cody Martin,2025,-0.87,-1.02,-0.25,-0.77,0.15,0.09,0.14,-0.05,0.13,1.23,1.56,0.01,1.55,-0.33,-0.07,0.08,-0.16,-0.38,-0.78,1.16,-0.65,0.78,0.13,0.0,4755,2364,2391
1642272,Jared McCain,2025,-0.5,-0.5,-0.1,-0.4,-0.0,-0.22,0.28,-0.49,0.35,0.47,0.39,-0.11,0.5,0.08,0.07,-0.12,0.18,-0.04,-0.72,0.54,-0.37,0.5,0.13,0.0,2344,1178,1166
1630561,David Duke Jr.,2025,0.1,0.15,-0.16,0.31,-0.05,-0.01,-0.01,-0.0,0.0,0.03,0.12,-0.07,0.19,-0.09,-0.06,-0.07,0.01,0.07,0.09,-0.03,0.09,0.04,0.13,0.0,141,73,68
1628975,Jevon Carter,2025,0.39,0.47,-0.03,0.5,-0.08,0.21,0.2,0.02,-0.05,0.29,0.41,-0.14,0.55,-0.12,-0.36,-0.08,-0.28,-0.35,0.6,-0.07,0.55,-0.42,0.13,0.0,1364,690,674
1630188,Jalen Smith,2025,-0.24,-0.14,-0.26,0.12,-0.1,0.2,0.37,-0.17,0.07,1.04,1.05,-0.22,1.27,-0.01,-0.41,0.05,-0.45,-0.54,-0.04,0.63,0.03,0.09,0.12,-0.0,4082,2036,2046
1628379,Luke Kennard,2025,1.39,1.56,0.1,1.46,-0.17,-0.34,0.07,-0.42,0.6,-0.64,-0.6,-0.32,-0.28,-0.04,-0.25,0.22,-0.47,-0.64,1.05,-0.89,1.65,-1.53,0.12,0.0,6567,3287,3280
1629636,Darius Garland,2025,2.58,2.38,0.82,1.56,0.2,-0.23,-0.29,0.06,-0.3,-1.43,-1.38,-0.39,-0.99,-0.05,-0.21,0.08,-0.29,-0.31,2.35,-1.64,2.05,-1.95,0.1,-0.0,10523,5276,5247
1641772,Nae'Qwan Tomlin,2025,-0.55,-0.45,-0.1,-0.35,-0.1,-0.1,-0.1,-0.01,0.12,0.51,0.56,-0.24,0.8,-0.05,-0.1,-0.09,-0.01,0.2,-0.65,0.41,-0.53,0.61,0.08,0.0,265,133,132
202696,Nikola Vucevic,2025,1.24,1.64,0.56,1.08,-0.4,-0.12,-0.62,0.51,-0.6,-0.12,-0.44,-0.38,-0.06,0.32,-0.76,-0.28,-0.5,0.44,1.12,-0.88,0.52,-0.44,0.08,-0.0,9661,4826,4835
1630227,Daishen Nix,2025,0.2,0.14,0.06,0.08,0.06,-0.17,-0.08,-0.09,-0.04,-0.18,-0.14,-0.06,-0.08,-0.04,0.15,0.06,0.09,0.11,0.03,-0.03,-0.01,0.08,0.07,0.0,57,29,28
1628970,Miles Bridges,2025,-0.84,-1.01,-0.58,-0.43,0.17,-0.07,-0.03,-0.03,-0.1,1.56,1.55,0.19,1.36,0.01,-0.55,-0.23,-0.31,0.06,-0.91,1.01,-1.01,1.07,0.06,0.0,8478,4245,4233
1627777,Georges Niang,2025,0.76,0.81,-0.17,0.98,-0.05,0.88,0.53,0.36,-0.26,-0.42,-0.26,0.15,-0.41,-0.16,-0.53,-0.39,-0.13,-0.37,1.64,-0.95,1.38,-1.32,0.06,-0.0,6990,3510,3480
1629130,Duncan Robinson,2025,0.52,0.85,0.84,0.01,-0.33,-0.34,-0.17,-0.16,-1.01,1.14,1.07,0.77,0.3,0.07,-0.4,0.09,-0.5,0.14,0.18,0.74,-0.83,0.88,0.05,0.0,7256,3640,3616
1631116,Patrick Baldwin Jr.,2025,-0.25,-0.4,-0.11,-0.29,0.15,0.21,0.21,0.01,0.24,-0.39,-0.24,0.05,-0.29,-0.15,-0.01,-0.13,0.13,0.24,-0.04,-0.4,0.2,-0.16,0.05,0.01,442,225,217
202704,Reggie Jackson,2025,-0.13,-0.06,-0.49,0.43,-0.07,0.38,0.22,0.17,-0.3,-0.46,-0.44,0.13,-0.57,-0.02,0.39,0.2,0.2,0.16,0.25,-0.07,-0.05,0.09,0.05,0.01,1454,723,731
1642382,Branden Carlson,2025,0.05,0.17,-0.23,0.4,-0.12,0.12,0.17,-0.06,0.03,0.27,0.32,0.08,0.24,-0.05,-0.26,-0.33,0.07,-0.18,0.17,0.01,0.2,-0.17,0.04,0.01,1017,509,508
1629057,Robert Williams III,2025,-0.15,-0.04,0.01,-0.05,-0.11,-0.56,-0.03,-0.52,0.07,0.75,0.9,0.01,0.89,-0.15,0.14,0.0,0.14,-0.22,-0.71,0.89,-0.64,0.67,0.03,0.0,1413,705,708
1630558,Davion Mitchell,2025,-0.69,-0.44,-0.27,-0.17,-0.25,0.34,0.1,0.23,0.0,0.22,0.2,0.29,-0.09,0.02,0.3,-0.09,0.4,-0.13,-0.35,0.52,-0.35,0.39,0.03,-0.01,8640,4322,4318
1630178,Tyrese Maxey,2025,1.46,0.8,-0.53,1.33,0.66,0.61,0.62,-0.0,-0.49,-1.61,-1.32,-1.08,-0.24,-0.29,0.55,0.22,0.33,-0.5,2.07,-1.06,1.58,-1.56,0.02,0.0,7687,3855,3832
1626220,Royce O'Neale,2025,0.31,-0.14,0.54,-0.68,0.45,0.56,0.2,0.35,-0.5,-0.24,-0.05,0.05,-0.1,-0.19,-0.13,0.05,-0.17,0.02,0.87,-0.37,0.37,-0.35,0.02,-0.0,7382,3675,3707
1631110,Jeremy Sochan,2025,-0.63,-0.92,0.35,-1.27,0.29,-0.29,-0.14,-0.15,0.8,0.21,0.15,-0.32,0.47,0.06,-0.01,0.24,-0.25,-0.06,-0.92,0.2,-0.12,0.14,0.02,-0.0,5595,2795,2800
1630545,Terrence Shannon Jr.,2025,-0.03,0.04,-0.3,0.34,-0.07,-0.16,-0.16,-0.0,-0.2,-0.22,-0.1,0.01,-0.11,-0.12,0.31,0.05,0.27,0.32,-0.19,0.09,-0.39,0.41,0.01,-0.01,1652,820,832
1642285,Cam Spencer,2025,0.19,0.15,-0.08,0.23,0.04,-0.24,-0.0,-0.24,0.51,0.45,0.62,-0.06,0.68,-0.17,-0.08,0.08,-0.16,-0.84,-0.05,0.37,0.46,-0.47,-0.0,0.01,1030,520,510
1641890,Tyler Smith,2025,-0.07,-0.02,-0.18,0.16,-0.05,-0.21,-0.08,-0.13,-0.14,0.16,0.3,-0.24,0.54,-0.14,0.32,-0.07,0.39,-0.07,-0.28,0.48,-0.42,0.41,-0.01,0.0,503,251,252
202709,Cory Joseph,2025,-0.03,0.11,-0.33,0.44,-0.14,0.26,0.29,-0.03,-0.18,-0.29,-0.26,-0.25,-0.01,-0.03,-0.02,-0.32,0.3,0.24,0.23,-0.31,0.05,-0.07,-0.02,-0.0,2892,1449,1443
1642384,Isaiah Crawford,2025,-0.3,-0.25,-0.18,-0.07,-0.05,-0.07,-0.08,0.01,0.31,-0.34,-0.33,0.02,-0.35,-0.01,0.2,0.09,0.12,0.18,-0.37,-0.14,-0.06,0.04,-0.02,0.0,181,92,89
1631131,Oscar Tshiebwe,2025,-0.56,-0.57,-0.52,-0.05,0.01,0.42,0.13,0.29,0.6,-0.45,-0.36,-0.02,-0.34,-0.09,-0.28,-0.13,-0.15,0.24,-0.14,-0.73,0.46,-0.49,-0.03,0.0,1030,512,518
1628404,Josh Hart,2025,1.38,0.94,0.07,0.87,0.44,0.1,0.21,-0.1,-0.64,-1.45,-1.43,-0.36,-1.07,-0.02,0.1,0.03,0.07,0.48,1.48,-1.35,0.84,-0.87,-0.03,0.0,14094,7034,7060
1626167,Myles Turner,2025,1.49,1.33,0.2,1.13,0.16,-0.02,0.2,-0.22,-1.05,0.49,0.25,0.33,-0.08,0.24,-0.66,-0.61,-0.05,-0.29,1.47,-0.17,0.42,-0.46,-0.04,0.0,11553,5789,5764
1630618,D.J. Carton,2025,0.03,-0.04,0.04,-0.08,0.07,-0.15,-0.01,-0.14,-0.07,0.17,0.24,0.19,0.05,-0.07,-0.06,0.01,-0.07,0.01,-0.12,0.11,-0.19,0.12,-0.06,0.01,147,74,73
1628467,Maxi Kleber,2025,0.98,0.53,-0.09,0.62,0.45,-0.05,0.06,-0.1,-1.17,0.13,0.26,0.47,-0.21,-0.13,-0.17,0.06,-0.23,0.22,0.93,-0.04,-0.24,0.18,-0.06,0.0,2792,1391,1401
1628380,Zach Collins,2025,-1.27,-1.45,-0.06,-1.39,0.18,0.08,0.22,-0.14,0.17,0.38,0.4,0.42,-0.02,-0.02,-0.0,0.06,-0.06,0.57,-1.19,0.38,-1.02,0.95,-0.07,0.0,4040,2024,2016
1630570,Trendon Watford,2025,-0.51,-0.56,-0.38,-0.18,0.05,-0.31,0.23,-0.55,-0.29,1.75,1.81,0.31,1.5,-0.06,-0.17,-0.07,-0.1,-0.55,-0.82,1.58,-1.11,1.03,-0.08,0.0,3565,1784,1781
1629661,Cameron Johnson,2025,1.36,1.06,0.59,0.47,0.3,-0.2,-0.06,-0.14,-0.41,-1.6,-1.66,-0.89,-0.77,0.06,0.07,-0.05,0.12,0.69,1.16,-1.53,0.75,-0.84,-0.09,-0.0,7331,3668,3663
203114,Khris Middleton,2025,0.57,0.2,-0.04,0.24,0.37,0.2,0.15,0.03,0.03,-0.89,-0.77,-0.12,-0.65,-0.12,-0.16,0.09,-0.25,0.14,0.77,-1.05,0.8,-0.91,-0.11,-0.0,3558,1781,1777
1642276,Kel'el Ware,2025,1.58,1.53,-0.04,1.57,0.05,-0.96,-0.46,-0.5,-0.45,0.77,0.36,0.33,0.03,0.41,-0.56,-0.02,-0.54,-0.51,0.62,0.21,0.17,-0.3,-0.13,-0.0,5937,2959,2978
1630191,Isaiah Stewart,2025,-0.89,-0.77,-0.79,0.02,-0.12,-0.02,0.38,-0.42,-0.17,2.88,2.93,0.91,2.02,-0.05,-0.9,-0.49,-0.4,-1.03,-0.91,1.98,-1.08,0.95,-0.13,0.0,5924,2964,2960
203471,Dennis Schroder,2025,0.39,-0.01,-0.33,0.32,0.4,0.23,0.52,-0.29,0.01,-0.37,0.07,0.08,-0.01,-0.44,0.17,-0.03,0.21,-0.56,0.62,-0.2,0.63,-0.76,-0.13,0.0,9126,4565,4561
1642353,Cam Christie,2025,-0.11,-0.09,0.09,-0.18,-0.02,-0.17,-0.0,-0.17,0.11,-0.04,0.1,-0.23,0.33,-0.14,0.22,-0.01,0.24,-0.17,-0.28,0.18,-0.17,0.01,-0.16,0.0,286,143,143
1628408,PJ Dozier,2025,0.32,0.28,0.13,0.15,0.04,-0.27,-0.08,-0.2,-0.09,-0.26,-0.19,-0.07,-0.12,-0.07,0.22,0.05,0.17,-0.08,0.05,-0.04,-0.04,-0.12,-0.16,0.0,148,73,75
1630296,Braxton Key,2025,-0.05,-0.09,0.08,-0.17,0.04,-0.27,-0.12,-0.15,0.31,-0.46,-0.34,-0.12,-0.22,-0.12,0.05,0.08,-0.03,0.25,-0.32,-0.41,-0.01,-0.16,-0.17,0.0,153,77,76
1630678,Terry Taylor,2025,0.02,0.05,-0.06,0.11,-0.03,-0.08,-0.02,-0.06,0.0,-0.12,-0.06,-0.04,-0.02,-0.06,-0.03,-0.05,0.01,0.03,-0.06,-0.15,-0.06,-0.12,-0.18,0.0,25,13,12
1631132,Christian Koloko,2025,-1.18,-0.89,0.01,-0.9,-0.29,-0.03,-0.02,-0.01,0.16,0.49,0.73,0.03,0.7,-0.24,0.41,0.4,0.01,-0.04,-1.21,0.9,-1.05,0.86,-0.18,0.01,1366,683,683
1630703,Scoot Henderson,2025,0.33,0.24,-0.42,0.66,0.09,-0.66,-0.2,-0.46,1.06,-0.74,-0.54,-0.03,-0.51,-0.2,0.56,0.38,0.2,-0.74,-0.33,-0.18,0.73,-0.92,-0.19,-0.0,7180,3597,3583
1631104,Blake Wesley,2025,1.17,1.49,0.37,1.12,-0.32,-0.61,-0.45,-0.16,-0.99,0.01,0.02,0.12,-0.1,-0.01,0.12,-0.18,0.3,0.1,0.56,0.13,-0.43,0.23,-0.2,0.0,2779,1392,1387
201988,Patty Mills,2025,-0.36,-0.79,0.09,-0.88,0.43,-0.16,-0.16,-0.0,-0.46,0.76,0.92,-0.07,0.99,-0.16,0.36,0.02,0.33,-0.35,-0.52,1.12,-0.98,0.77,-0.21,-0.0,1339,672,667
1629628,RJ Barrett,2025,0.53,0.91,-0.04,0.95,-0.38,-0.34,-0.31,-0.02,-0.12,-0.33,-0.51,-0.13,-0.38,0.18,-0.01,0.21,-0.22,0.03,0.19,-0.34,0.07,-0.31,-0.23,0.01,7787,3895,3892
1630568,Luka Garza,2025,0.28,0.3,-0.14,0.44,-0.02,-0.22,-0.23,0.01,0.08,-1.23,-0.85,-0.11,-0.74,-0.38,0.47,0.05,0.43,0.37,0.06,-0.76,0.14,-0.39,-0.24,0.01,988,491,497
1626143,Jahlil Okafor,2025,-0.11,-0.11,-0.04,-0.07,-0.0,-0.07,-0.03,-0.03,0.06,-0.14,-0.09,-0.04,-0.05,-0.05,0.02,0.0,0.02,0.0,-0.18,-0.12,-0.12,-0.12,-0.24,0.0,15,7,8
1629216,Gabe Vincent,2025,-0.45,-0.57,-0.79,0.22,0.12,0.19,0.33,-0.14,-0.41,0.56,0.66,0.07,0.59,-0.1,-0.0,-0.13,0.13,-0.13,-0.26,0.56,-0.67,0.43,-0.24,-0.0,6424,3213,3211
1642281,Jaylon Tyson,2025,-0.84,-0.55,-0.22,-0.33,-0.29,-0.61,-0.09,-0.52,0.6,0.97,0.82,-0.28,1.1,0.15,-0.38,-0.03,-0.35,0.01,-1.45,0.59,-0.85,0.6,-0.25,0.0,1953,982,971
1629643,Chuma Okeke,2025,0.22,0.29,-0.12,0.41,-0.07,-0.05,0.03,-0.08,0.25,0.04,-0.15,-0.16,0.01,0.19,0.03,0.03,0.01,-0.74,0.17,0.07,0.42,-0.67,-0.25,0.0,831,413,418
1641815,Isaiah Stevens,2025,-0.3,-0.27,-0.06,-0.21,-0.03,-0.08,0.01,-0.09,0.07,-0.03,0.04,-0.02,0.06,-0.07,0.06,-0.01,0.07,0.02,-0.38,0.03,-0.31,0.05,-0.25,0.01,23,11,12
1642368,N'Faly Dante,2025,0.49,0.58,-0.15,0.73,-0.09,-0.14,-0.2,0.05,-0.14,-0.11,-0.03,-0.03,-0.0,-0.08,-0.18,-0.14,-0.05,-0.18,0.35,-0.29,0.21,-0.47,-0.26,0.0,217,107,110
1642349,Ajay Mitchell,2025,-1.06,-1.15,-0.26,-0.89,0.09,0.49,0.2,0.29,-1.32,0.26,0.34,0.17,0.17,-0.08,0.6,0.26,0.33,0.76,-0.57,0.86,-1.89,1.62,-0.27,0.0,2789,1399,1390
1631123,Jamaree Bouyea,2025,0.26,0.2,-0.07,0.27,0.06,-0.08,-0.03,-0.06,0.03,-0.24,-0.22,-0.09,-0.13,-0.02,-0.12,-0.05,-0.07,-0.13,0.18,-0.36,0.21,-0.49,-0.27,0.01,252,127,125
1629667,Jalen McDaniels,2025,-0.08,-0.12,-0.12,0.0,0.04,-0.05,-0.02,-0.02,-0.01,-0.28,-0.23,-0.1,-0.13,-0.05,0.09,-0.06,0.16,0.06,-0.13,-0.19,-0.14,-0.13,-0.27,0.0,29,13,16
201935,James Harden,2025,0.58,-0.32,0.46,-0.78,0.9,-0.31,0.1,-0.42,-0.19,-0.16,-0.03,-0.13,0.1,-0.13,-0.08,0.02,-0.1,-0.14,0.27,-0.24,0.08,-0.38,-0.29,0.01,12275,6143,6132
1629723,John Konchar,2025,-1.27,-1.55,-0.31,-1.24,0.28,-0.6,-0.14,-0.46,1.09,-0.35,-0.42,-0.22,-0.2,0.07,0.4,0.28,0.13,0.44,-1.87,0.05,-0.78,0.49,-0.29,-0.0,2659,1320,1339
1631214,Alondes Williams,2025,0.02,0.05,-0.06,0.11,-0.03,-0.08,-0.0,-0.07,0.0,-0.06,0.01,-0.04,0.05,-0.07,-0.05,-0.03,-0.01,-0.12,-0.06,-0.11,-0.06,-0.23,-0.29,0.0,13,7,6
1630567,Scottie Barnes,2025,-1.51,-1.34,0.19,-1.53,-0.17,-0.13,-0.24,0.13,-0.11,0.41,0.46,0.1,0.36,-0.05,0.35,0.17,0.18,0.69,-1.64,0.76,-1.75,1.45,-0.3,0.0,8792,4389,4403
1631321,Sidy Cissoko,2025,-0.83,-0.57,0.11,-0.68,-0.26,-0.5,-0.3,-0.2,-0.06,0.68,0.69,0.06,0.63,-0.01,-0.01,0.07,-0.07,0.41,-1.33,0.67,-1.39,1.08,-0.31,0.0,468,234,234
1627763,Malcolm Brogdon,2025,0.2,-0.15,-0.28,0.13,0.35,-0.01,0.22,-0.23,-0.15,-0.77,-0.73,-0.03,-0.7,-0.04,0.21,0.12,0.1,0.2,0.19,-0.56,0.04,-0.36,-0.31,0.01,2276,1131,1145
1631133,Jabari Walker,2025,-0.34,-0.37,-0.69,0.32,0.03,-0.29,-0.05,-0.24,-0.01,-0.38,0.01,-0.2,0.21,-0.39,0.84,0.26,0.58,-0.14,-0.63,0.46,-0.64,0.32,-0.31,0.01,3111,1560,1551
1641740,Jaylen Clark,2025,-0.06,-0.19,-0.36,0.17,0.13,0.34,0.17,0.16,-0.07,-1.12,-0.96,0.13,-1.09,-0.16,0.39,0.12,0.28,0.2,0.28,-0.73,0.21,-0.53,-0.32,0.0,2206,1094,1112
1642449,Tolu Smith,2025,-0.42,-0.39,0.01,-0.4,-0.03,-0.06,-0.03,-0.01,0.35,-0.24,-0.14,0.01,-0.15,-0.1,0.05,-0.01,0.06,-0.02,-0.48,-0.19,-0.13,-0.21,-0.34,0.0,87,43,44
1641790,PJ Hall,2025,-0.63,-0.54,-0.28,-0.26,-0.09,-0.1,0.06,-0.16,0.09,0.22,0.4,0.14,0.26,-0.18,0.02,-0.02,0.05,0.06,-0.73,0.24,-0.64,0.3,-0.34,0.0,255,129,126
1630322,Lindy Waters III,2025,-0.54,0.04,-0.05,0.09,-0.58,0.35,-0.12,0.48,0.38,-0.73,-0.82,0.19,-1.01,0.09,0.45,-0.44,0.88,-0.24,-0.19,-0.28,0.19,-0.52,-0.34,-0.01,3108,1553,1555
201942,DeMar DeRozan,2025,-0.02,-0.3,-0.72,0.42,0.28,1.07,0.74,0.32,-0.25,-1.13,-1.05,-0.02,-1.03,-0.08,-0.12,0.13,-0.24,0.11,1.05,-1.25,0.8,-1.14,-0.34,-0.0,11199,5621,5578
1630165,Killian Hayes,2025,-0.4,-0.44,0.19,-0.63,0.04,0.16,0.09,0.07,0.22,-0.47,-0.29,-0.14,-0.15,-0.18,0.43,0.01,0.43,-0.3,-0.24,-0.04,-0.02,-0.34,-0.35,0.01,672,332,340
1631114,Jalen Williams,2025,-0.51,-0.38,-0.25,-0.13,-0.13,0.58,0.09,0.49,-1.52,-0.16,-0.37,0.38,-0.75,0.21,1.58,0.43,1.15,-0.33,0.07,1.42,-1.45,1.09,-0.36,0.0,12583,6293,6290
203939,Dwight Powell,2025,-0.46,-0.57,-0.24,-0.33,0.11,-0.41,-0.06,-0.35,-0.1,0.11,-0.11,0.14,-0.25,0.22,0.51,-0.01,0.52,-0.02,-0.87,0.62,-0.97,0.6,-0.37,0.0,2242,1123,1119
1629021,Moritz Wagner,2025,-0.21,-0.21,0.41,-0.62,-0.0,-0.23,-0.08,-0.15,-0.13,-0.88,-0.93,0.01,-0.94,0.05,0.67,-0.13,0.78,0.39,-0.44,-0.21,-0.57,0.18,-0.39,0.0,2258,1131,1127
1630699,MarJon Beauchamp,2025,-0.95,-0.89,-0.13,-0.76,-0.06,-0.42,-0.17,-0.24,-0.14,0.75,1.0,0.1,0.9,-0.25,0.28,-0.05,0.32,0.09,-1.37,1.03,-1.51,1.12,-0.39,-0.0,656,329,327
1631247,Luke Travers,2025,0.26,0.37,0.08,0.29,-0.11,-0.08,-0.14,0.06,-0.22,0.06,0.06,-0.1,0.16,0.0,-0.24,-0.22,-0.02,-0.18,0.18,-0.18,-0.04,-0.36,-0.4,0.0,355,178,177
1628365,Markelle Fultz,2025,-0.51,-0.24,-0.41,0.17,-0.27,-0.28,-0.29,0.01,0.1,-0.28,-0.34,-0.06,-0.28,0.06,0.17,-0.03,0.22,0.4,-0.79,-0.11,-0.69,0.29,-0.4,0.0,731,366,365
1630762,Phillip Wheeler,2025,-0.9,-0.87,-0.07,-0.8,-0.03,0.21,0.14,0.07,0.31,-0.01,-0.02,0.02,-0.04,0.01,-0.12,-0.02,-0.09,0.11,-0.69,-0.13,-0.38,-0.02,-0.4,0.0,171,87,84
1642278,Tyler Kolek,2025,-0.14,0.27,-0.05,0.32,-0.41,-0.1,-0.09,-0.01,-0.74,1.1,1.05,0.06,0.99,0.05,-0.29,-0.23,-0.06,-0.23,-0.24,0.81,-0.98,0.58,-0.4,-0.0,1223,610,613
1628963,Marvin Bagley III,2025,-0.83,-0.61,0.13,-0.74,-0.22,-0.03,-0.12,0.09,0.16,-0.07,0.04,-0.2,0.24,-0.11,0.38,0.07,0.31,-0.02,-0.86,0.31,-0.7,0.29,-0.41,0.0,1225,613,612
201599,DeAndre Jordan,2025,-0.91,-0.47,-0.32,-0.15,-0.44,-0.23,-0.15,-0.08,0.06,0.99,0.9,-0.2,1.1,0.09,-0.54,-0.15,-0.39,0.22,-1.14,0.45,-1.08,0.67,-0.41,0.0,2901,1447,1454
1630201,Malachi Flynn,2025,-0.04,-0.03,-0.08,0.05,-0.01,-0.09,-0.08,-0.0,0.0,-0.1,0.05,0.02,0.03,-0.15,-0.14,-0.13,-0.01,-0.05,-0.13,-0.24,-0.13,-0.29,-0.42,0.0,170,85,85
1629750,Javonte Green,2025,-0.77,-0.72,-0.65,-0.07,-0.05,0.61,0.48,0.14,-0.04,-0.39,-0.61,-0.46,-0.15,0.22,0.26,0.38,-0.12,-0.09,-0.16,-0.13,-0.2,-0.22,-0.42,0.0,5318,2652,2666
1642389,Zyon Pullin,2025,-0.16,-0.14,-0.06,-0.08,-0.02,-0.05,-0.0,-0.03,0.02,-0.2,-0.14,-0.07,-0.07,-0.06,-0.02,-0.03,-0.0,-0.01,-0.21,-0.22,-0.19,-0.23,-0.42,0.0,9,5,4
1629056,Terence Davis,2025,-0.24,-0.2,-0.07,-0.13,-0.04,-0.02,-0.02,-0.0,0.01,-0.1,-0.07,0.01,-0.08,-0.03,-0.07,-0.05,-0.02,-0.01,-0.26,-0.17,-0.25,-0.18,-0.42,0.01,29,14,15
1630311,Pat Spencer,2025,-0.04,0.02,0.02,0.0,-0.06,-0.27,-0.29,0.02,-0.06,-0.28,-0.02,0.18,-0.2,-0.26,0.59,0.48,0.1,-0.37,-0.31,0.31,-0.37,-0.06,-0.43,0.0,1272,637,635
1641857,Liam Robbins,2025,-0.72,-0.67,-0.24,-0.43,-0.05,-0.29,-0.09,-0.2,0.01,0.13,0.26,0.09,0.17,-0.13,0.26,-0.07,0.33,0.19,-1.01,0.39,-1.0,0.58,-0.43,-0.01,240,118,122
1642385,Cui Yongxi,2025,-0.13,-0.11,-0.07,-0.04,-0.02,-0.14,-0.0,-0.14,-0.08,-0.15,-0.04,-0.07,0.03,-0.11,0.06,-0.03,0.09,0.01,-0.27,-0.09,-0.35,-0.08,-0.43,0.0,46,24,22
1641779,Jalen Bridges,2025,-0.29,-0.39,-0.17,-0.22,0.1,-0.01,0.08,-0.09,-0.14,0.15,0.17,-0.06,0.23,-0.02,-0.15,-0.12,-0.03,0.01,-0.3,0.0,-0.44,0.01,-0.43,0.0,117,60,57
1630537,Chris Duarte,2025,-0.35,-0.31,-0.15,-0.16,-0.04,-0.31,0.06,-0.37,0.39,-0.05,-0.02,0.01,-0.03,-0.03,-0.06,-0.09,0.03,-0.06,-0.66,-0.11,-0.27,-0.17,-0.44,-0.0,318,159,159
1630644,Mac McClung,2025,0.05,0.1,-0.12,0.22,-0.05,-0.07,-0.01,-0.07,-0.07,-0.25,-0.16,-0.02,-0.14,-0.09,-0.03,-0.03,-0.0,-0.07,-0.02,-0.28,-0.09,-0.35,-0.44,0.0,40,20,20
203897,Zach LaVine,2025,2.27,2.41,0.55,1.86,-0.14,-0.21,-0.19,-0.02,-0.82,0.13,0.07,-0.42,0.49,0.06,-1.22,-0.31,-0.91,-0.59,2.06,-1.09,1.24,-1.68,-0.45,-0.01,10725,5355,5370
1631108,Max Christie,2025,0.45,0.19,-0.28,0.47,0.26,0.14,0.14,0.01,-0.52,-0.22,-0.4,-0.29,-0.11,0.18,0.33,0.39,-0.07,-0.65,0.59,0.11,0.07,-0.54,-0.46,0.01,8602,4286,4316
1642434,Riley Minix,2025,-0.21,-0.19,-0.07,-0.12,-0.02,-0.08,-0.06,-0.02,0.03,-0.18,-0.09,-0.1,0.01,-0.09,-0.06,-0.06,-0.0,0.04,-0.29,-0.24,-0.26,-0.2,-0.47,-0.01,29,14,15
1629018,Gary Trent Jr.,2025,1.48,1.23,-0.26,1.49,0.25,0.85,0.72,0.13,-0.55,-0.97,-0.77,-0.11,-0.66,-0.2,-0.07,-0.55,0.48,-1.21,2.33,-1.04,1.78,-2.25,-0.47,0.0,8353,4166,4187
202331,Paul George,2025,-0.31,-0.15,-0.27,0.12,-0.16,-0.28,-0.17,-0.1,-1.36,-0.37,-0.6,0.08,-0.68,0.23,0.84,0.2,0.65,1.01,-0.59,0.47,-1.95,1.48,-0.47,0.0,5449,2728,2721
1641796,Pelle Larsson,2025,-0.48,-0.3,-0.06,-0.24,-0.18,0.21,-0.29,0.5,-0.08,-0.67,-0.31,0.0,-0.31,-0.36,0.39,0.05,0.35,0.16,-0.27,-0.28,-0.35,-0.12,-0.47,0.0,3299,1632,1667
1642346,Ryan Dunn,2025,-2.65,-2.39,0.02,-2.41,-0.26,0.64,0.39,0.23,1.39,0.56,0.63,0.27,0.36,-0.07,-0.18,0.01,-0.2,-0.25,-2.01,0.38,-0.62,0.13,-0.48,0.01,5558,2741,2817
1629004,Svi Mykhailiuk,2025,-0.24,0.07,-0.63,0.7,-0.31,0.07,-0.19,0.26,0.2,-0.04,0.0,-0.52,0.52,-0.04,-0.12,-0.1,-0.0,-0.35,-0.17,-0.16,0.03,-0.51,-0.48,0.0,3121,1558,1563
1630700,Dyson Daniels,2025,-0.3,0.33,-0.16,0.49,-0.63,-0.55,-0.44,-0.12,-0.08,-1.43,-1.5,-0.25,-1.25,0.07,0.89,0.77,0.12,0.99,-0.85,-0.54,-0.93,0.45,-0.48,-0.0,10900,5442,5458
1630175,Cole Anthony,2025,-1.03,-1.13,-0.27,-0.86,0.1,0.44,0.38,0.07,0.2,-0.61,0.12,0.27,-0.15,-0.73,-0.09,-0.31,0.22,0.6,-0.59,-0.7,-0.39,-0.1,-0.49,0.0,5054,2530,2524
1626153,Delon Wright,2025,-1.52,-1.1,-0.6,-0.5,-0.42,-0.36,-0.09,-0.26,-0.15,0.05,0.08,0.15,-0.07,-0.03,0.89,0.16,0.71,0.59,-1.88,0.94,-2.03,1.53,-0.49,0.01,2914,1456,1458
1627732,Ben Simmons,2025,1.15,0.99,-0.46,1.45,0.16,-0.14,0.02,-0.15,-1.12,-0.75,-0.66,-0.11,-0.55,-0.09,0.67,-0.05,0.71,-0.31,1.01,-0.08,-0.11,-0.39,-0.5,0.0,4599,2296,2303
1641766,Adama Sanogo,2025,-0.17,-0.13,-0.05,-0.08,-0.04,-0.02,0.08,-0.1,0.06,-0.33,-0.3,0.0,-0.3,-0.03,-0.01,-0.12,0.1,-0.02,-0.19,-0.34,-0.13,-0.36,-0.5,-0.01,87,44,43
201567,Kevin Love,2025,-0.83,-0.99,0.15,-1.14,0.16,0.14,-0.13,0.27,0.24,-0.63,-0.72,-0.17,-0.55,0.09,0.29,0.21,0.07,0.28,-0.69,-0.34,-0.45,-0.06,-0.5,0.01,1047,523,524
1642443,Jahmir Young,2025,-0.02,0.01,-0.01,0.02,-0.03,-0.07,-0.06,-0.01,0.11,-0.45,-0.4,-0.01,-0.39,-0.05,-0.14,-0.13,-0.01,0.08,-0.09,-0.59,0.02,-0.51,-0.5,-0.01,128,63,65
1630164,James Wiseman,2025,-0.11,-0.11,-0.1,-0.01,-0.0,-0.06,-0.03,-0.02,-0.01,-0.29,-0.21,-0.06,-0.15,-0.08,-0.0,-0.01,0.02,-0.04,-0.17,-0.29,-0.18,-0.33,-0.51,0.0,23,11,12
1630193,Immanuel Quickley,2025,-1.04,-1.19,-0.47,-0.72,0.15,0.79,0.6,0.19,0.33,0.05,0.05,0.13,-0.08,0.0,-0.3,-0.45,0.15,-0.35,-0.25,-0.25,0.08,-0.6,-0.52,0.0,3730,1862,1868
200768,Kyle Lowry,2025,-0.92,-0.75,-0.53,-0.22,-0.17,0.13,0.36,-0.23,-0.72,0.33,0.43,0.54,-0.11,-0.1,0.52,-0.01,0.53,0.13,-0.79,0.85,-1.51,0.98,-0.53,-0.0,2548,1274,1274
1627746,Skal Labissiere,2025,-0.14,-0.11,-0.11,0.0,-0.03,-0.08,-0.06,-0.01,0.1,-0.49,-0.4,-0.02,-0.38,-0.09,0.01,0.03,-0.01,0.06,-0.22,-0.48,-0.12,-0.42,-0.54,0.0,48,25,23
1631199,Ron Harper Jr.,2025,-0.41,-0.38,-0.05,-0.33,-0.03,-0.07,-0.02,-0.05,0.29,-0.3,-0.17,-0.04,-0.13,-0.13,0.02,-0.02,0.06,-0.07,-0.48,-0.28,-0.19,-0.35,-0.54,0.0,69,34,35
1641879,Yuri Collins,2025,-0.34,-0.3,-0.07,-0.23,-0.04,0.02,0.03,-0.01,-0.02,-0.24,-0.14,-0.08,-0.06,-0.1,0.18,0.07,0.13,-0.15,-0.32,-0.06,-0.34,-0.21,-0.54,0.01,69,34,35
1641752,Bobi Klintman,2025,-0.14,-0.06,-0.03,-0.03,-0.08,-0.15,-0.06,-0.08,0.32,-0.63,-0.48,-0.05,-0.43,-0.15,-0.03,-0.03,-0.0,0.09,-0.29,-0.66,0.03,-0.57,-0.55,-0.01,164,81,83
1630600,Isaiah Mobley,2025,-0.43,-0.38,-0.11,-0.27,-0.05,0.02,0.03,-0.01,0.03,-0.11,-0.05,-0.09,0.04,-0.06,-0.06,-0.03,-0.02,-0.01,-0.41,-0.17,-0.38,-0.18,-0.56,0.0,77,38,39
1630604,E.J. Liddell,2025,0.49,0.57,-0.14,0.71,-0.08,-0.1,0.14,-0.23,-0.08,-0.74,-0.56,0.04,-0.6,-0.18,-0.15,-0.07,-0.09,0.02,0.39,-0.89,0.31,-0.87,-0.56,-0.0,230,112,118
1628973,Jalen Brunson,2025,0.76,0.51,0.79,-0.28,0.25,0.28,-0.03,0.31,0.37,-2.05,-1.84,-0.72,-1.12,-0.21,-0.0,-0.25,0.25,0.08,1.04,-2.05,1.41,-1.97,-0.56,-0.0,11673,5850,5823
1630527,Brandon Boston Jr.,2025,0.0,0.26,-0.9,1.16,-0.26,0.03,-0.05,0.08,-0.56,-0.6,-0.4,-0.24,-0.16,-0.2,0.45,0.24,0.21,0.12,0.03,-0.15,-0.53,-0.03,-0.56,-0.0,4000,2008,1992
1631248,Baylor Scheierman,2025,-1.05,-0.68,0.1,-0.78,-0.37,-0.44,-0.03,-0.39,0.45,-0.84,-1.0,0.09,-1.09,0.16,0.39,0.16,0.23,0.92,-1.49,-0.45,-1.04,0.47,-0.57,-0.0,1543,767,776
1641707,Taylor Hendricks,2025,-0.74,-0.85,-0.08,-0.77,0.11,-0.14,0.07,-0.21,0.14,0.29,0.22,-0.17,0.39,0.07,0.16,0.17,-0.01,-0.28,-0.88,0.45,-0.74,0.17,-0.57,0.0,317,158,159
1631098,Johnny Davis,2025,-0.73,-0.72,-0.1,-0.62,-0.01,-0.02,0.01,-0.03,0.01,0.4,0.4,0.21,0.19,0.0,-0.05,-0.24,0.21,-0.2,-0.75,0.35,-0.74,0.15,-0.58,0.01,1019,509,510
1629008,Michael Porter Jr.,2025,0.87,1.0,0.82,0.18,-0.13,-0.17,-0.35,0.17,0.01,-0.69,-0.83,-0.81,-0.02,0.14,-0.54,-0.01,-0.52,-0.06,0.7,-1.23,0.71,-1.29,-0.58,0.0,12393,6205,6188
1641998,Trey Jemison,2025,-0.42,-0.33,-0.46,0.13,-0.09,-0.88,-0.56,-0.32,0.58,1.37,1.32,-0.17,1.49,0.05,-0.23,-0.03,-0.21,-0.99,-1.3,1.14,-0.72,0.15,-0.58,-0.01,1476,739,737
1631250,Pete Nance,2025,0.12,0.18,-0.17,0.35,-0.06,-0.05,0.06,-0.1,-0.28,0.05,0.03,-0.03,0.06,0.02,-0.16,-0.1,-0.06,-0.27,0.07,-0.11,-0.21,-0.38,-0.59,0.0,534,266,268
1642450,Daniss Jenkins,2025,-0.08,-0.02,0.05,-0.07,-0.06,-0.09,-0.03,-0.06,-0.01,-0.59,-0.47,0.03,-0.5,-0.12,0.01,-0.05,0.07,0.17,-0.17,-0.58,-0.18,-0.41,-0.59,0.0,81,40,41
1641801,Emanuel Miller,2025,-0.14,-0.12,-0.07,-0.05,-0.02,-0.02,0.06,-0.08,0.15,-0.44,-0.38,-0.08,-0.3,-0.06,-0.1,-0.07,-0.02,-0.06,-0.16,-0.54,-0.01,-0.6,-0.61,0.0,104,51,53
1631230,Dominick Barlow,2025,0.1,-0.04,-0.26,0.22,0.14,-0.41,-0.43,0.02,0.01,-0.33,0.02,0.05,-0.03,-0.35,-0.06,-0.26,0.21,0.08,-0.31,-0.39,-0.3,-0.31,-0.61,0.0,1559,779,780
1630577,Julian Champagnie,2025,-0.77,-0.69,0.23,-0.92,-0.08,0.32,-0.06,0.37,0.14,0.34,0.3,-0.56,0.86,0.04,-0.37,0.16,-0.54,-0.3,-0.45,-0.03,-0.31,-0.33,-0.64,-0.0,7971,3993,3978
1626162,Kelly Oubre Jr.,2025,-0.64,-0.87,-0.29,-0.58,0.23,0.2,0.36,-0.16,-0.24,-1.76,-1.65,-0.78,-0.87,-0.11,1.14,0.32,0.82,0.66,-0.44,-0.62,-0.68,0.04,-0.64,0.0,8430,4208,4222
1631246,Vince Williams Jr.,2025,0.8,0.47,0.08,0.39,0.33,-0.08,-0.06,-0.02,-0.12,-1.76,-1.55,-0.52,-1.03,-0.21,-0.09,0.09,-0.18,0.62,0.72,-1.85,0.6,-1.23,-0.64,-0.01,2271,1130,1141
1641787,Tosan Evbuomwan,2025,-1.84,-1.58,-0.58,-1.0,-0.26,-0.31,-0.0,-0.31,0.86,0.49,0.71,0.3,0.41,-0.22,0.15,0.12,0.03,0.02,-2.15,0.64,-1.29,0.66,-0.64,-0.01,2596,1294,1302
1642277,Johnny Furphy,2025,-1.15,-0.94,0.21,-1.15,-0.21,-0.51,-0.17,-0.35,0.25,0.25,0.32,0.0,0.32,-0.07,0.55,0.15,0.4,-0.04,-1.66,0.8,-1.41,0.76,-0.65,-0.0,1687,845,842
1630192,Zeke Nnaji,2025,-1.49,-1.22,-0.62,-0.6,-0.27,-0.32,-0.15,-0.17,0.24,1.74,1.84,0.2,1.64,-0.1,-0.14,0.03,-0.17,-0.68,-1.81,1.6,-1.57,0.92,-0.65,0.0,2569,1279,1290
1628418,Thomas Bryant,2025,-0.33,-0.38,-0.02,-0.36,0.05,0.29,0.15,0.14,-0.47,0.66,0.36,0.11,0.25,0.3,-0.29,0.25,-0.54,-0.51,-0.04,0.37,-0.51,-0.14,-0.65,-0.0,4396,2194,2202
1629098,Jack McVeigh,2025,-0.47,-0.43,-0.11,-0.32,-0.04,-0.3,-0.13,-0.19,-0.1,0.07,0.09,0.12,-0.03,-0.02,0.02,-0.07,0.1,0.13,-0.77,0.09,-0.87,0.22,-0.65,0.0,187,94,93
1630200,Tre Jones,2025,0.45,0.36,0.27,0.09,0.09,0.36,0.16,0.19,-0.76,0.06,-0.12,-0.18,0.06,0.18,-0.2,-0.12,-0.08,-0.57,0.81,-0.14,0.05,-0.71,-0.66,-0.0,3759,1887,1872
1631386,Taze Moore,2025,-0.89,-0.84,-0.12,-0.72,-0.05,-0.23,-0.09,-0.13,0.25,0.23,0.26,-0.12,0.38,-0.03,0.01,-0.06,0.07,-0.03,-1.12,0.24,-0.87,0.21,-0.66,0.0,88,44,44
1631121,Bryce McGowens,2025,-0.37,-0.42,-0.02,-0.4,0.05,-0.19,-0.01,-0.17,0.13,-0.31,-0.25,0.01,-0.26,-0.06,0.07,0.01,0.06,0.01,-0.56,-0.24,-0.43,-0.23,-0.66,-0.0,125,65,60
1630528,Josh Christopher,2025,-0.1,-0.06,0.1,-0.16,-0.04,-0.0,0.01,-0.01,-0.19,-0.27,-0.26,0.1,-0.36,-0.01,-0.08,0.0,-0.07,-0.02,-0.1,-0.35,-0.29,-0.37,-0.67,-0.01,299,146,153
1626164,Devin Booker,2025,-0.15,-0.32,0.34,-0.66,0.17,0.56,0.21,0.35,0.68,-1.34,-1.25,-0.32,-0.93,-0.09,-0.38,-0.26,-0.12,-0.04,0.41,-1.72,1.09,-1.76,-0.67,0.0,11213,5614,5599
1628978,Donte DiVincenzo,2025,0.64,0.52,0.4,0.12,0.12,-0.48,-0.53,0.06,-0.39,-0.43,-0.3,-0.06,-0.24,-0.13,0.22,0.39,-0.16,-0.24,0.16,-0.21,-0.23,-0.45,-0.68,-0.0,7989,3990,3999
1630531,Jaden Springer,2025,-0.87,-0.76,-0.39,-0.37,-0.11,-0.35,0.1,-0.44,0.11,-0.21,-0.22,-0.11,-0.11,0.01,0.33,0.06,0.28,0.31,-1.22,0.12,-1.11,0.43,-0.68,-0.0,1486,741,745
203109,Jae Crowder,2025,-0.55,-0.56,0.01,-0.57,0.01,-0.12,0.09,-0.21,0.0,0.06,0.12,0.05,0.07,-0.06,-0.13,-0.08,-0.06,0.06,-0.67,-0.07,-0.67,-0.01,-0.68,0.0,413,207,206
1629052,Oshae Brissett,2025,-0.02,0.02,-0.18,0.2,-0.04,0.24,0.14,0.1,-0.12,-0.84,-0.69,-0.09,-0.6,-0.15,0.3,0.07,0.23,-0.25,0.22,-0.54,0.1,-0.79,-0.69,0.0,577,292,285
1641755,Kevin McCullar Jr.,2025,-0.2,-0.18,-0.07,-0.11,-0.02,-0.2,-0.0,-0.21,-0.13,-0.16,-0.08,-0.04,-0.04,-0.08,-0.07,-0.13,0.05,0.07,-0.4,-0.23,-0.53,-0.16,-0.69,0.0,122,60,62
1631101,Shaedon Sharpe,2025,-0.01,0.15,-0.52,0.67,-0.16,-0.01,-0.22,0.21,-0.1,-0.77,-0.69,-0.52,-0.17,-0.08,-0.16,0.09,-0.27,0.36,-0.02,-0.93,-0.12,-0.57,-0.69,0.0,9335,4672,4663
1642399,Jesse Edwards,2025,-0.17,-0.14,-0.06,-0.08,-0.03,-0.05,-0.02,-0.02,-0.01,-0.42,-0.33,-0.03,-0.3,-0.09,-0.01,-0.05,0.03,-0.04,-0.22,-0.43,-0.23,-0.47,-0.7,0.0,19,10,9
1642352,Keshad Johnson,2025,-0.18,-0.06,0.11,-0.17,-0.12,-0.1,-0.1,-0.0,-0.32,0.16,0.14,0.03,0.11,0.02,-0.07,-0.14,0.07,-0.19,-0.28,0.09,-0.6,-0.1,-0.7,0.0,440,217,223
1627814,Damion Lee,2025,-0.33,-0.29,-0.33,0.04,-0.04,-0.24,-0.01,-0.22,-0.37,0.16,0.15,-0.2,0.35,0.01,-0.07,-0.06,-0.01,0.14,-0.57,0.09,-0.94,0.23,-0.71,0.0,598,306,292
1630658,Colin Castleton,2025,-1.51,-1.54,-0.16,-1.38,0.03,-0.34,-0.3,-0.03,0.67,0.93,1.03,-0.08,1.11,-0.1,-0.29,-0.22,-0.07,-0.18,-1.85,0.64,-1.18,0.46,-0.72,0.0,1772,879,893
1630222,Mason Jones,2025,-0.27,-0.24,-0.16,-0.08,-0.03,-0.15,-0.09,-0.06,0.14,-0.6,-0.5,0.01,-0.51,-0.1,0.15,0.1,0.05,0.01,-0.42,-0.45,-0.28,-0.44,-0.72,0.0,179,91,88
203501,Tim Hardaway Jr.,2025,-0.03,-0.2,0.0,-0.2,0.17,-0.03,-0.14,0.09,0.31,-0.13,-0.34,-0.02,-0.32,0.21,-0.59,-0.16,-0.41,-0.25,-0.06,-0.72,0.25,-0.97,-0.72,0.0,9539,4776,4763
1641745,Adam Flagler,2025,-2.08,-1.74,-0.38,-1.36,-0.34,-0.0,0.05,-0.05,0.48,0.67,0.72,0.19,0.53,-0.05,0.05,-0.18,0.24,0.14,-2.08,0.72,-1.6,0.86,-0.73,0.01,800,401,399
1641817,Anton Watson,2025,-0.04,-0.02,-0.07,0.05,-0.02,-0.14,-0.01,-0.13,-0.04,-0.4,-0.28,-0.08,-0.2,-0.12,-0.02,-0.02,-0.0,-0.09,-0.18,-0.42,-0.22,-0.51,-0.73,0.0,95,48,47
1641767,Ben Sheppard,2025,0.49,0.51,0.04,0.47,-0.02,0.38,0.13,0.24,-0.52,-1.37,-0.62,-0.23,-0.39,-0.75,0.17,-0.1,0.28,0.11,0.87,-1.2,0.35,-1.09,-0.73,0.01,6033,3007,3026
1628371,Jonathan Isaac,2025,-2.15,-1.98,-0.53,-1.45,-0.17,-0.12,-0.22,0.1,1.21,-0.41,0.09,0.63,-0.54,-0.5,0.98,0.43,0.56,-0.24,-2.27,0.57,-1.06,0.33,-0.73,0.0,4512,2254,2258
1631102,TyTy Washington Jr.,2025,-0.98,-0.78,-0.04,-0.74,-0.2,0.17,0.17,-0.0,0.19,0.27,0.17,-0.01,0.18,0.1,-0.05,-0.12,0.07,-0.35,-0.81,0.22,-0.62,-0.13,-0.74,0.01,464,236,228
1631466,Jeenathan Williams,2025,0.17,0.37,-0.3,0.67,-0.2,-0.23,-0.05,-0.19,0.2,-0.61,-0.44,-0.04,-0.4,-0.17,-0.12,-0.05,-0.07,-0.14,-0.06,-0.73,0.14,-0.87,-0.74,-0.01,656,326,330
1628464,Daniel Theis,2025,-1.75,-1.82,-0.5,-1.32,0.07,0.55,0.19,0.36,0.94,-0.97,-0.89,0.23,-1.12,-0.08,0.22,-0.02,0.25,0.27,-1.2,-0.75,-0.26,-0.48,-0.74,0.0,2550,1280,1270
1631159,Leonard Miller,2025,-0.38,-0.34,0.03,-0.37,-0.04,-0.01,-0.01,-0.0,-0.12,-0.38,-0.24,0.01,-0.25,-0.14,0.05,-0.08,0.13,0.09,-0.39,-0.33,-0.51,-0.24,-0.75,0.0,184,93,91
1629618,Jalen Pickett,2025,-0.66,-0.47,-0.31,-0.16,-0.19,0.07,0.45,-0.38,-0.4,0.32,0.06,0.44,-0.38,0.26,-0.48,-0.26,-0.23,0.4,-0.59,-0.16,-0.99,0.24,-0.75,0.0,2752,1381,1371
204456,T.J. McConnell,2025,1.52,1.66,-0.13,1.79,-0.14,-0.34,0.02,-0.36,-1.21,-1.38,-1.17,-0.16,-1.01,-0.21,0.33,-0.15,0.48,0.32,1.18,-1.05,-0.03,-0.73,-0.75,0.01,7334,3659,3675
1631200,Kris Murray,2025,-1.63,-1.29,-0.04,-1.25,-0.34,-0.66,-0.15,-0.51,0.27,0.39,0.82,0.0,0.82,-0.43,0.5,0.45,0.05,0.38,-2.29,0.89,-2.02,1.27,-0.75,-0.0,4284,2134,2150
1641824,Matas Buzelis,2025,0.41,0.49,0.18,0.31,-0.08,-0.63,-0.27,-0.35,-0.83,1.59,1.56,0.03,1.53,0.03,-0.76,-0.07,-0.69,-0.55,-0.22,0.83,-1.05,0.28,-0.76,0.01,6435,3227,3208
1641803,Tristen Newton,2025,-0.56,-0.51,-0.01,-0.5,-0.05,-0.08,-0.01,-0.07,0.17,-0.19,-0.13,-0.07,-0.06,-0.06,0.07,0.0,0.07,-0.17,-0.64,-0.12,-0.47,-0.29,-0.76,-0.0,74,37,37
1630541,Moses Moody,2025,-0.76,-0.79,-0.14,-0.65,0.03,0.29,-0.17,0.46,-0.39,-1.33,-1.29,-0.23,-1.06,-0.04,0.86,0.3,0.56,0.57,-0.47,-0.47,-0.86,0.1,-0.76,0.0,7421,3700,3721
1641842,Ronald Holland II,2025,-1.35,-1.28,-0.42,-0.86,-0.07,0.02,0.19,-0.16,0.3,0.46,0.62,0.18,0.44,-0.16,0.48,0.0,0.47,-0.68,-1.33,0.94,-1.03,0.26,-0.76,0.01,5269,2624,2645
1630692,Jordan Goodwin,2025,-0.93,-1.04,-0.42,-0.62,0.11,-0.48,-0.23,-0.24,0.93,-0.47,-0.39,-0.2,-0.19,-0.08,0.54,0.16,0.38,-0.37,-1.41,0.07,-0.48,-0.3,-0.78,0.0,2272,1135,1137
1630539,Kai Jones,2025,-0.54,-0.37,0.01,-0.38,-0.17,-0.02,-0.12,0.09,-0.16,0.3,0.43,-0.02,0.45,-0.13,-0.06,-0.02,-0.02,-0.3,-0.56,0.24,-0.72,-0.06,-0.79,-0.01,1880,938,942
1626145,Tyus Jones,2025,0.37,0.73,0.41,0.32,-0.36,0.02,-0.21,0.23,-0.99,0.09,-0.32,-0.35,0.03,0.41,0.01,0.0,0.01,-0.29,0.39,0.1,-0.6,-0.19,-0.79,0.0,8749,4395,4354
1628981,Bruno Fernando,2025,-0.83,-0.67,-0.08,-0.59,-0.16,-0.23,0.08,-0.3,0.43,-0.08,-0.05,0.1,-0.15,-0.03,-0.21,-0.07,-0.14,0.11,-1.06,-0.29,-0.63,-0.18,-0.81,0.0,581,293,288
1631311,Lester Quinones,2025,-0.69,-0.76,-0.21,-0.55,0.07,-0.17,-0.3,0.13,0.0,0.46,0.67,-0.15,0.82,-0.21,-0.07,-0.1,0.03,-0.35,-0.86,0.39,-0.86,0.04,-0.82,0.0,780,391,389
1642280,Trentyn Flowers,2025,-0.26,-0.29,-0.05,-0.24,0.03,-0.29,-0.06,-0.22,0.0,-0.31,-0.13,-0.17,0.04,-0.18,0.01,-0.06,0.07,0.03,-0.55,-0.3,-0.55,-0.27,-0.82,0.0,113,57,56
1630551,Justin Champagnie,2025,-0.02,0.13,-0.39,0.52,-0.15,-0.37,-0.26,-0.12,0.66,0.18,0.31,0.03,0.28,-0.13,-0.52,-0.24,-0.28,-0.75,-0.39,-0.34,0.27,-1.09,-0.82,0.0,5554,2771,2783
203957,Dante Exum,2025,-0.27,-0.21,-0.06,-0.15,-0.06,0.03,-0.02,0.05,-0.35,0.11,-0.05,-0.44,0.39,0.16,-0.23,-0.16,-0.07,-0.12,-0.24,-0.12,-0.59,-0.24,-0.83,0.0,1517,757,760
1627741,Buddy Hield,2025,-0.67,-0.35,0.25,-0.6,-0.32,0.05,0.02,0.02,0.29,-0.28,-0.06,0.15,-0.21,-0.22,-0.12,-0.01,-0.12,-0.1,-0.62,-0.4,-0.33,-0.5,-0.83,0.0,8814,4443,4371
1631210,Jacob Toppin,2025,-0.33,-0.2,-0.19,-0.01,-0.13,-0.2,-0.19,-0.01,-0.31,0.23,0.25,0.02,0.23,-0.02,0.01,-0.03,0.05,-0.23,-0.53,0.24,-0.84,0.01,-0.83,0.0,301,148,153
1631172,Ousmane Dieng,2025,-1.28,-0.86,0.13,-0.99,-0.42,-0.2,0.14,-0.32,-0.31,0.25,0.25,0.16,0.09,0.0,0.3,-0.09,0.39,0.41,-1.48,0.55,-1.79,0.96,-0.83,0.0,1806,899,907
1630643,Jay Huff,2025,0.54,0.58,0.73,-0.15,-0.04,-0.74,0.02,-0.77,-1.0,0.49,0.57,-0.28,0.85,-0.08,-0.29,-0.17,-0.12,0.15,-0.2,0.2,-1.2,0.35,-0.85,0.0,3271,1629,1642
1631221,Collin Gillespie,2025,0.16,0.41,-0.12,0.53,-0.25,-0.27,-0.02,-0.24,0.5,-1.7,-1.86,-0.3,-1.56,0.16,0.03,-0.14,0.17,0.43,-0.11,-1.67,0.39,-1.24,-0.85,0.0,1816,912,904
203991,Clint Capela,2025,-2.74,-2.33,-0.21,-2.12,-0.41,-0.24,-0.31,0.07,0.97,1.56,1.34,-0.42,1.76,0.22,0.24,0.29,-0.05,-0.66,-2.98,1.8,-2.01,1.14,-0.87,0.0,5001,2496,2505
1642502,Malevy Leons,2025,-0.53,-0.51,-0.09,-0.42,-0.02,-0.05,-0.05,-0.0,-0.02,-0.37,-0.25,-0.06,-0.19,-0.12,0.13,0.03,0.09,-0.03,-0.58,-0.24,-0.6,-0.27,-0.87,0.0,80,40,40
203468,CJ McCollum,2025,0.91,1.17,-0.74,1.91,-0.26,0.16,0.1,0.06,-0.25,-0.83,-0.59,-0.04,-0.55,-0.24,-0.61,-0.06,-0.55,-0.27,1.07,-1.44,0.82,-1.71,-0.88,0.01,7588,3818,3770
1631117,Walker Kessler,2025,-1.32,-1.27,0.01,-1.28,-0.05,-1.15,-0.52,-0.64,1.18,1.79,1.32,0.31,1.01,0.47,-1.06,-0.46,-0.6,-0.33,-2.47,0.73,-1.29,0.4,-0.89,-0.0,6888,3440,3448
1628976,Wendell Carter Jr.,2025,-2.05,-1.95,-1.05,-0.9,-0.1,-0.16,-0.17,0.01,0.27,-0.13,0.05,-0.21,0.26,-0.18,0.48,0.36,0.13,0.68,-2.21,0.35,-1.94,1.03,-0.9,0.01,7543,3753,3790
1641715,Cam Whitmore,2025,-0.37,-0.19,-0.71,0.52,-0.18,-0.32,-0.35,0.02,1.03,-1.46,-1.4,-0.26,-1.14,-0.06,0.39,0.46,-0.07,-0.18,-0.69,-1.07,0.34,-1.25,-0.9,0.01,3373,1683,1690
1629680,Matisse Thybulle,2025,-1.6,-1.24,0.15,-1.39,-0.36,-0.23,-0.05,-0.19,0.28,-0.16,-0.15,-0.03,-0.12,-0.01,0.56,0.24,0.32,0.25,-1.83,0.4,-1.55,0.65,-0.9,-0.0,1287,644,643
1630557,Corey Kispert,2025,0.85,0.65,-0.41,1.06,0.2,-0.65,-0.21,-0.44,0.16,-0.2,-0.04,-0.13,0.09,-0.16,-0.7,-0.28,-0.43,-0.38,0.2,-0.9,0.36,-1.28,-0.91,0.01,6522,3274,3248
1642265,Rob Dillingham,2025,0.03,0.08,-0.71,0.79,-0.05,0.26,0.15,0.1,-0.3,-0.26,-0.28,-0.11,-0.17,0.02,0.03,-0.25,0.28,-0.69,0.29,-0.23,-0.01,-0.92,-0.92,0.01,2157,1081,1076
201949,James Johnson,2025,-0.26,-0.16,-0.01,-0.15,-0.1,-0.28,-0.05,-0.23,-0.06,-0.27,-0.17,-0.22,0.05,-0.1,-0.01,-0.1,0.09,-0.05,-0.54,-0.28,-0.6,-0.33,-0.92,0.01,214,108,106
1630217,Desmond Bane,2025,0.53,0.48,-0.15,0.63,0.05,0.1,0.2,-0.09,-0.28,-0.66,-0.38,-0.03,-0.35,-0.28,-0.08,0.02,-0.1,-0.54,0.63,-0.74,0.35,-1.28,-0.93,0.0,9947,4993,4954
1631303,Justin Minaya,2025,-0.79,-0.72,-0.11,-0.61,-0.07,-0.23,-0.02,-0.2,0.16,-0.22,-0.14,-0.03,-0.11,-0.08,0.3,0.2,0.1,-0.16,-1.02,0.08,-0.86,-0.08,-0.94,0.0,405,203,202
1630649,Stanley Umude,2025,-0.93,-0.8,-0.14,-0.66,-0.13,-0.61,-0.26,-0.36,0.3,-0.11,0.05,0.03,0.02,-0.16,0.21,0.13,0.09,0.19,-1.54,0.1,-1.24,0.29,-0.94,0.01,360,180,180
1629645,Kevin Porter Jr.,2025,-0.26,-0.36,-0.3,-0.06,0.1,-0.28,0.06,-0.32,-1.43,1.95,1.99,0.51,1.48,-0.04,-0.02,-0.02,-0.01,-0.9,-0.54,1.93,-1.97,1.03,-0.94,0.0,6581,3286,3295
201569,Eric Gordon,2025,0.68,0.57,-0.7,1.27,0.11,-0.66,-0.12,-0.53,-0.49,-0.27,0.01,-0.18,0.19,-0.28,0.21,-0.18,0.39,-0.43,0.02,-0.06,-0.47,-0.49,-0.96,0.0,3081,1543,1538
202066,Garrett Temple,2025,-0.07,0.09,-0.18,0.27,-0.16,-0.58,-0.33,-0.26,0.14,-1.33,-1.17,-0.03,-1.14,-0.16,0.53,0.24,0.29,0.34,-0.65,-0.8,-0.51,-0.46,-0.97,-0.0,955,476,479
1629111,Jock Landale,2025,-1.14,-0.92,-0.39,-0.53,-0.22,-0.28,-0.21,-0.07,0.85,0.1,0.12,0.27,-0.15,-0.02,-0.44,-0.05,-0.39,-0.06,-1.42,-0.34,-0.57,-0.4,-0.98,-0.01,2107,1052,1055
1641738,Kobe Brown,2025,-0.69,-0.75,0.1,-0.85,0.06,-0.27,-0.01,-0.26,0.57,-0.52,-0.55,-0.09,-0.46,0.03,0.13,0.14,-0.01,-0.2,-0.96,-0.39,-0.39,-0.59,-0.98,0.0,1118,560,558
1631094,Paolo Banchero,2025,-0.83,-1.09,-1.26,0.17,0.26,-0.07,0.29,-0.36,0.15,-0.12,0.17,0.27,-0.1,-0.29,0.02,-0.49,0.52,-0.15,-0.9,-0.1,-0.75,-0.25,-1.0,-0.0,6977,3482,3495
204001,Kristaps Porzingis,2025,0.12,-0.19,-0.31,0.12,0.31,-0.03,0.13,-0.16,-0.69,0.05,-0.24,0.18,-0.42,0.29,-0.98,0.02,-1.0,0.51,0.09,-0.93,-0.6,-0.42,-1.02,-0.0,5777,2901,2876
1642266,Ja'Kobe Walter,2025,-0.85,-0.72,-0.3,-0.42,-0.13,-0.01,-0.0,-0.01,0.27,-1.06,-0.73,-0.12,-0.61,-0.33,0.53,0.32,0.21,0.1,-0.86,-0.53,-0.59,-0.43,-1.03,-0.01,4498,2251,2247
1630230,Naji Marshall,2025,-0.09,-0.54,-0.08,-0.46,0.45,0.12,0.02,0.09,-0.23,0.02,-0.22,-0.16,-0.06,0.24,-0.2,-0.18,-0.01,-0.65,0.03,-0.18,-0.2,-0.83,-1.03,0.0,7843,3911,3932
1641775,Jordan Walsh,2025,0.22,0.39,0.15,0.24,-0.17,-0.56,-0.14,-0.42,-0.29,-0.46,-0.23,-0.03,-0.2,-0.23,0.47,-0.08,0.54,-0.42,-0.34,0.01,-0.63,-0.41,-1.05,-0.01,1617,802,815
1630534,Ochai Agbaji,2025,-1.67,-1.58,-0.33,-1.25,-0.09,-0.57,-0.88,0.31,0.14,1.44,1.7,-0.22,1.92,-0.26,-0.35,0.02,-0.37,-0.05,-2.24,1.09,-2.1,1.04,-1.06,-0.0,7179,3585,3594
1642439,Quincy Olivari,2025,-0.4,-0.36,-0.03,-0.33,-0.04,-0.07,-0.0,-0.07,-0.01,-0.51,-0.42,0.0,-0.42,-0.09,-0.07,-0.03,-0.03,0.0,-0.47,-0.58,-0.48,-0.58,-1.06,0.0,41,21,20
1631097,Bennedict Mathurin,2025,-0.45,-1.21,-0.08,-1.13,0.76,-0.68,-0.09,-0.59,0.04,0.86,0.81,-0.4,1.21,0.05,-0.47,0.03,-0.51,-0.36,-1.13,0.39,-1.09,0.03,-1.06,0.0,10170,5070,5100
1631323,Simone Fontecchio,2025,0.56,0.55,-0.44,0.99,0.01,-0.6,-0.2,-0.41,-0.43,-1.37,-1.08,0.12,-1.2,-0.29,-0.06,0.51,-0.55,0.82,-0.04,-1.43,-0.47,-0.61,-1.07,0.01,5095,2554,2541
200782,P.J. Tucker,2025,-0.38,-0.33,-0.18,-0.15,-0.05,0.08,0.03,0.05,-0.04,-1.0,-0.91,-0.03,-0.88,-0.09,0.15,0.0,0.16,0.11,-0.3,-0.85,-0.34,-0.74,-1.08,-0.0,236,115,121
1642273,Kyshawn George,2025,-1.07,-0.96,-0.88,-0.08,-0.11,-0.34,0.16,-0.5,-0.07,0.88,0.98,0.03,0.95,-0.1,-0.15,0.08,-0.23,-0.33,-1.41,0.73,-1.48,0.4,-1.09,-0.01,7317,3658,3659
1642505,Alex Ducas,2025,-1.24,-1.05,-0.35,-0.7,-0.19,0.08,0.02,0.06,0.24,-0.06,0.14,0.1,0.04,-0.2,-0.17,-0.26,0.1,0.04,-1.16,-0.23,-0.92,-0.19,-1.11,-0.0,509,253,256
1630702,Jaden Hardy,2025,-1.1,-0.75,-0.2,-0.55,-0.35,-0.41,-0.09,-0.31,-0.02,0.19,0.46,0.1,0.36,-0.27,-0.06,-0.17,0.1,0.28,-1.51,0.13,-1.53,0.41,-1.11,0.01,3739,1869,1870
1642359,Pacôme Dadiet,2025,0.29,0.36,-0.16,0.52,-0.07,-0.17,0.03,-0.2,-0.45,-0.1,0.0,0.02,-0.02,-0.1,-0.32,-0.35,0.02,-0.36,0.12,-0.42,-0.33,-0.78,-1.11,-0.0,456,229,227
1641734,Emoni Bates,2025,-0.83,-0.71,-0.16,-0.55,-0.12,-0.03,0.03,-0.07,-0.13,0.07,0.06,-0.36,0.42,0.01,-0.33,-0.28,-0.06,0.12,-0.86,-0.26,-0.99,-0.14,-1.13,0.0,311,158,153
1630231,Kenyon Martin Jr.,2025,-0.76,-0.79,-0.21,-0.58,0.03,-0.03,-0.31,0.29,0.43,-0.21,-0.01,-0.11,0.1,-0.2,-0.23,-0.33,0.1,-0.33,-0.79,-0.44,-0.36,-0.77,-1.13,0.0,3698,1844,1854
1641725,Trey Alexander,2025,-0.73,-0.55,-0.19,-0.36,-0.18,-0.14,0.12,-0.26,-0.27,0.11,0.26,0.16,0.1,-0.15,0.01,0.02,-0.0,-0.11,-0.87,0.12,-1.14,0.01,-1.13,0.0,487,247,240
1641753,Chris Livingston,2025,-0.87,-0.8,-0.21,-0.59,-0.07,-0.57,-0.26,-0.31,0.16,0.17,0.19,-0.11,0.3,-0.02,-0.03,0.05,-0.07,-0.01,-1.44,0.14,-1.28,0.13,-1.15,0.0,448,224,224
1630228,Jonathan Kuminga,2025,-1.55,-1.28,-0.31,-0.97,-0.27,-0.35,-0.2,-0.15,0.17,0.14,0.17,0.36,-0.19,-0.03,0.32,0.14,0.18,0.11,-1.9,0.46,-1.73,0.57,-1.15,0.01,5384,2680,2704
1630214,Xavier Tillman,2025,-1.0,-1.01,-0.21,-0.8,0.01,-0.27,0.27,-0.53,0.26,-0.79,-0.82,0.09,-0.91,0.03,0.23,0.08,0.16,0.41,-1.27,-0.56,-1.01,-0.15,-1.16,0.0,921,460,461
1628427,Vlatko Cancar,2025,-1.3,-1.17,-0.07,-1.1,-0.13,-0.2,-0.33,0.12,-0.05,0.36,0.46,-0.2,0.66,-0.1,0.02,0.01,0.01,0.01,-1.5,0.38,-1.55,0.39,-1.16,0.0,598,302,296
1641936,Miles Norris,2025,-0.53,-0.46,-0.06,-0.4,-0.07,-0.06,-0.06,-0.0,-0.16,-0.17,-0.07,-0.04,-0.03,-0.1,-0.17,-0.1,-0.07,-0.07,-0.59,-0.34,-0.75,-0.41,-1.16,0.0,125,63,62
1631169,Josh Minott,2025,0.3,0.39,0.23,0.16,-0.09,-0.43,-0.26,-0.17,-0.64,-0.62,-0.29,0.18,-0.47,-0.33,0.32,0.01,0.31,-0.1,-0.13,-0.3,-0.77,-0.4,-1.17,0.0,1193,592,601
204060,Joe Ingles,2025,-0.14,-0.26,-0.06,-0.2,0.12,-0.28,0.08,-0.36,-0.11,-0.24,-0.22,0.11,-0.33,-0.02,-0.21,-0.2,-0.01,-0.2,-0.42,-0.45,-0.53,-0.65,-1.18,0.0,462,236,226
1626192,Pat Connaughton,2025,-0.09,0.09,0.14,-0.05,-0.18,-0.15,0.19,-0.34,0.12,-0.86,-0.69,-0.03,-0.66,-0.17,-0.21,-0.35,0.14,0.0,-0.24,-1.07,-0.12,-1.07,-1.19,0.0,2445,1224,1221
1631103,Malaki Branham,2025,-0.01,0.08,-0.14,0.22,-0.09,-0.44,-0.26,-0.19,-0.61,-0.27,-0.39,-0.55,0.16,0.12,-0.6,-0.31,-0.28,0.74,-0.45,-0.87,-1.06,-0.13,-1.19,0.0,1759,880,879
1629650,Moses Brown,2025,-0.52,-0.52,0.09,-0.61,-0.0,-0.28,-0.02,-0.24,-0.22,0.12,0.17,-0.04,0.21,-0.05,-0.01,-0.03,0.03,-0.28,-0.8,0.11,-1.02,-0.17,-1.19,0.0,516,257,259
1642279,Ulrich Chomche,2025,-0.12,-0.2,-0.06,-0.14,0.08,-0.07,-0.01,-0.05,-0.11,-0.9,-0.79,-0.18,-0.61,-0.11,-0.02,-0.05,0.03,0.01,-0.19,-0.92,-0.3,-0.91,-1.2,0.01,119,59,60
1631301,Jaylen Sims,2025,-0.04,-0.22,-0.18,-0.04,0.18,-0.35,-0.26,-0.09,-0.13,-0.36,-0.28,0.06,-0.34,-0.08,-0.1,0.02,-0.13,-0.22,-0.39,-0.46,-0.52,-0.68,-1.2,0.0,450,225,225
1630585,Marcus Garrett,2025,-0.59,-0.48,-0.12,-0.36,-0.11,-0.24,0.02,-0.27,0.07,-0.35,-0.25,0.12,-0.37,-0.1,-0.16,-0.21,0.05,0.05,-0.83,-0.51,-0.76,-0.46,-1.21,0.01,308,154,154
1631245,Quenton Jackson,2025,-1.1,-0.95,0.48,-1.43,-0.15,-0.14,0.14,-0.27,0.33,-0.9,-0.7,0.04,-0.74,-0.2,0.41,0.0,0.41,0.2,-1.24,-0.49,-0.91,-0.29,-1.21,-0.01,1593,796,797
1630560,Cam Thomas,2025,0.78,0.59,0.46,0.13,0.19,0.22,0.21,0.02,-0.24,-0.48,-0.31,-1.09,0.78,-0.17,-0.26,-0.05,-0.22,-1.23,1.0,-0.74,0.76,-1.97,-1.21,0.0,3048,1525,1523
1626196,Josh Richardson,2025,-0.19,-0.17,-0.19,0.02,-0.02,-0.22,-0.02,-0.19,-0.35,-0.86,-0.77,0.0,-0.77,-0.09,0.45,0.16,0.29,-0.05,-0.41,-0.41,-0.76,-0.46,-1.22,0.0,601,300,301
1629234,Drew Eubanks,2025,0.48,0.33,-0.07,0.4,0.15,-0.34,-0.15,-0.2,-0.92,-0.62,-0.46,-0.49,0.03,-0.16,-0.22,-0.39,0.18,0.37,0.14,-0.84,-0.78,-0.47,-1.24,0.01,3077,1538,1539
1641710,Anthony Black,2025,-1.51,-1.78,-0.55,-1.23,0.27,-0.22,-0.01,-0.21,-0.39,-0.25,-0.13,0.36,-0.49,-0.12,0.68,0.29,0.39,0.45,-1.73,0.43,-2.12,0.88,-1.24,0.0,7741,3876,3865
1630695,Micah Potter,2025,-0.85,-0.4,-0.22,-0.18,-0.45,-0.19,0.23,-0.42,0.22,0.93,0.65,-0.15,0.8,0.28,-0.7,-0.28,-0.44,-0.66,-1.04,0.23,-0.82,-0.43,-1.25,0.0,2758,1383,1375
1631105,Jalen Duren,2025,0.5,0.5,0.8,-0.3,-0.0,-0.31,-0.5,0.19,0.35,-2.22,-2.16,-0.47,-1.69,-0.06,0.1,0.02,0.08,0.32,0.19,-2.12,0.54,-1.8,-1.26,0.0,9161,4572,4589
1641757,Jordan Miller,2025,-0.96,-0.81,0.02,-0.83,-0.15,-0.26,0.07,-0.32,0.21,-0.64,-0.43,-0.39,-0.04,-0.21,0.46,0.26,0.18,-0.07,-1.22,-0.18,-1.01,-0.25,-1.26,0.0,1734,868,866
203954,Joel Embiid,2025,-0.59,-1.13,-0.05,-1.08,0.54,-0.61,-0.1,-0.52,-1.39,0.23,0.16,0.22,-0.06,0.07,0.39,0.2,0.18,0.7,-1.2,0.62,-2.59,1.32,-1.27,-0.0,2198,1101,1097
203937,Kyle Anderson,2025,-1.91,-1.64,-0.72,-0.92,-0.27,-0.19,0.03,-0.23,0.05,0.86,0.93,0.36,0.57,-0.07,0.33,0.05,0.29,-0.41,-2.1,1.19,-2.05,0.78,-1.27,0.0,4065,2037,2028
1630572,Sandro Mamukelashvili,2025,-0.67,-0.28,0.45,-0.73,-0.39,-0.26,-0.48,0.22,0.61,-0.11,-0.14,-0.26,0.12,0.03,-0.2,0.09,-0.29,-0.64,-0.93,-0.31,-0.32,-0.95,-1.27,0.0,2787,1394,1393
1642366,Quinten Post,2025,-0.96,-0.91,-0.14,-0.77,-0.05,0.03,0.03,0.01,-0.38,-0.23,-0.1,0.46,-0.56,-0.13,-0.33,-0.13,-0.21,0.59,-0.93,-0.56,-1.31,0.03,-1.28,0.0,3298,1651,1647
203994,Jusuf Nurkic,2025,-0.68,-0.39,-0.28,-0.11,-0.29,-0.46,0.09,-0.56,-0.83,0.82,0.65,0.54,0.11,0.17,-0.53,-0.2,-0.33,0.39,-1.14,0.29,-1.97,0.68,-1.29,0.0,4497,2254,2243
1630264,Anthony Gill,2025,-1.1,-0.97,-0.17,-0.8,-0.13,-0.35,-0.19,-0.16,0.11,0.41,0.48,0.05,0.43,-0.07,-0.05,-0.13,0.08,-0.31,-1.45,0.36,-1.34,0.05,-1.29,0.0,1595,793,802
1628960,Grayson Allen,2025,1.89,1.34,0.7,0.64,0.55,-0.02,-0.05,0.02,-0.64,-1.89,-1.64,0.46,-2.1,-0.25,-0.79,-0.49,-0.3,0.13,1.87,-2.68,1.23,-2.55,-1.32,-0.0,6213,3121,3092
1628368,De'Aaron Fox,2025,0.04,0.05,-0.09,0.14,-0.01,0.66,0.43,0.22,-0.45,-1.17,-1.15,0.39,-1.54,-0.02,-0.02,-0.47,0.46,-0.38,0.7,-1.19,0.25,-1.57,-1.32,-0.0,9223,4620,4603
1629726,Garrison Mathews,2025,-0.77,-0.92,0.23,-1.15,0.15,-0.45,-0.75,0.3,-0.28,0.43,0.5,-0.12,0.62,-0.07,-0.33,-0.23,-0.1,0.08,-1.22,0.1,-1.5,0.18,-1.32,0.0,3502,1748,1754
1630346,Matt Ryan,2025,-0.49,-0.35,-0.13,-0.22,-0.14,-0.42,-0.28,-0.14,-0.25,-0.18,-0.08,0.02,-0.1,-0.1,-0.12,-0.02,-0.1,0.14,-0.91,-0.3,-1.16,-0.16,-1.32,-0.0,273,135,138
1641748,Andre Jackson Jr.,2025,-1.48,-1.12,0.2,-1.32,-0.36,-0.26,-0.35,0.08,0.42,-0.36,-0.44,-0.22,-0.22,0.08,0.18,0.3,-0.12,0.16,-1.74,-0.18,-1.32,-0.02,-1.34,0.0,4037,2018,2019
1641723,Kobe Bufkin,2025,-1.49,-1.35,-0.19,-1.16,-0.14,-0.15,-0.15,-0.0,0.23,-0.35,-0.35,-0.13,-0.22,0.0,0.18,0.03,0.15,0.21,-1.64,-0.17,-1.41,0.04,-1.38,-0.01,518,261,257
202693,Markieff Morris,2025,-0.33,-0.15,-0.43,0.28,-0.18,-0.02,0.1,-0.12,-0.47,-0.06,-0.03,0.02,-0.05,-0.03,-0.39,-0.2,-0.18,-0.11,-0.35,-0.45,-0.82,-0.56,-1.38,0.0,667,336,331
1630625,Dalano Banton,2025,-0.8,-0.47,-0.16,-0.31,-0.33,-0.0,0.22,-0.22,0.21,-0.12,-0.14,-0.24,0.1,0.02,-0.16,-0.01,-0.15,-0.56,-0.8,-0.28,-0.59,-0.84,-1.43,0.0,4550,2278,2272
1630590,Scotty Pippen Jr.,2025,-0.85,-0.66,-0.04,-0.62,-0.19,-0.19,-0.37,0.19,-1.01,0.04,0.1,0.14,-0.04,-0.06,0.45,-0.23,0.68,0.13,-1.04,0.49,-2.05,0.62,-1.43,-0.0,7686,3823,3863
1630639,AJ Lawson,2025,-1.21,-1.3,-0.06,-1.24,0.09,0.35,-0.06,0.41,0.65,-1.04,-1.0,-0.27,-0.73,-0.04,0.09,-0.01,0.1,-0.27,-0.86,-0.95,-0.21,-1.22,-1.44,-0.01,2034,1022,1012
1642402,Enrique Freeman,2025,-1.05,-0.91,0.21,-1.12,-0.14,-0.19,-0.14,-0.05,0.23,-1.02,-0.79,-0.28,-0.51,-0.23,0.18,-0.13,0.32,0.41,-1.24,-0.84,-1.01,-0.43,-1.44,0.0,778,390,388
1642264,Stephon Castle,2025,-0.02,-0.02,-0.39,0.37,-0.0,-0.03,-0.15,0.13,0.13,-0.32,-0.28,-0.62,0.34,-0.04,0.13,0.32,-0.2,-1.37,-0.05,-0.19,0.08,-1.56,-1.48,0.0,8872,4412,4460
1642461,Spencer Jones,2025,-1.02,-0.78,-0.29,-0.49,-0.24,-0.14,-0.03,-0.1,-0.35,-0.03,0.09,0.15,-0.06,-0.12,-0.1,-0.09,-0.02,0.14,-1.16,-0.13,-1.51,0.01,-1.5,0.0,512,256,256
1631218,Trayce Jackson-Davis,2025,-1.03,-0.52,0.25,-0.77,-0.51,-0.07,-0.33,0.26,-0.23,0.03,-0.54,-0.08,-0.46,0.57,-0.26,-0.03,-0.23,0.06,-1.1,-0.23,-1.33,-0.17,-1.5,0.0,4255,2127,2128
1626168,Trey Lyles,2025,-1.53,-1.56,-0.55,-1.01,0.03,0.35,0.17,0.16,0.43,-1.09,-0.94,0.12,-1.06,-0.15,0.18,-0.21,0.39,0.16,-1.18,-0.91,-0.75,-0.75,-1.5,0.0,5401,2690,2711
203967,Dario Saric,2025,-1.92,-1.68,-0.25,-1.43,-0.24,0.01,0.2,-0.17,-0.07,0.54,0.35,-0.14,0.49,0.19,-0.15,-0.06,-0.09,0.08,-1.91,0.39,-1.98,0.47,-1.51,-0.0,844,419,425
203903,Jordan Clarkson,2025,-0.32,-0.67,-0.7,0.03,0.35,-0.34,0.06,-0.39,-0.29,0.95,0.89,-0.48,1.37,0.06,0.02,0.08,-0.06,-1.53,-0.66,0.97,-0.95,-0.56,-1.51,0.0,3699,1848,1851
1630631,Jose Alvarado,2025,-0.28,-0.14,-0.55,0.41,-0.14,-0.12,-0.19,0.07,-0.45,0.12,0.19,-0.28,0.47,-0.07,0.01,-0.25,0.27,-0.78,-0.4,0.13,-0.85,-0.65,-1.51,-0.01,5518,2763,2755
1629012,Collin Sexton,2025,0.03,-0.22,-0.35,0.13,0.25,-0.75,-0.27,-0.5,0.31,-0.17,-0.05,-0.42,0.37,-0.12,-0.83,-0.18,-0.65,-0.11,-0.72,-1.0,-0.41,-1.11,-1.52,0.0,7073,3537,3536
1641721,Maxwell Lewis,2025,-0.71,-0.47,-0.13,-0.34,-0.24,-0.32,-0.17,-0.14,-0.15,-0.57,-0.36,0.0,-0.36,-0.21,0.07,0.1,-0.02,0.13,-1.03,-0.5,-1.18,-0.37,-1.54,0.01,1303,646,657
1630172,Patrick Williams,2025,-1.67,-1.68,-0.52,-1.16,0.01,-0.29,-0.24,-0.05,-0.15,0.54,0.26,-0.14,0.4,0.28,0.13,0.1,0.02,-0.11,-1.96,0.67,-2.11,0.56,-1.55,0.0,6729,3357,3372
1630544,Tre Mann,2025,-0.9,-0.95,-0.53,-0.42,0.05,-0.2,0.17,-0.37,0.74,-0.52,-0.07,-0.05,-0.02,-0.45,-0.4,-0.32,-0.08,-0.28,-1.1,-0.92,-0.36,-1.2,-1.56,0.0,1265,635,630
203995,Vasilije Micic,2025,-2.13,-2.03,-0.46,-1.57,-0.1,-0.24,-0.07,-0.17,0.01,1.19,1.36,-0.06,1.42,-0.17,0.06,0.18,-0.13,-0.47,-2.37,1.25,-2.36,0.78,-1.58,0.0,3094,1549,1545
203552,Seth Curry,2025,-1.69,-1.51,-0.45,-1.06,-0.18,0.02,-0.0,0.03,0.94,-0.05,0.12,0.2,-0.08,-0.17,-0.53,0.02,-0.56,-0.27,-1.67,-0.58,-0.73,-0.85,-1.59,-0.01,4232,2122,2110
1629669,Jaylen Nowell,2025,-1.27,-1.1,-0.37,-0.73,-0.17,0.03,-0.03,0.07,0.07,0.05,0.09,-0.14,0.23,-0.04,-0.29,-0.24,-0.05,-0.18,-1.24,-0.24,-1.17,-0.42,-1.59,-0.0,648,323,325
1628964,Mo Bamba,2025,-1.12,-1.09,-0.5,-0.59,-0.03,-0.48,-0.08,-0.41,0.5,-0.7,-0.55,0.06,-0.61,-0.15,-0.33,-0.22,-0.12,0.53,-1.6,-1.03,-1.1,-0.5,-1.6,-0.0,1625,808,817
1641854,Craig Porter,2025,-0.62,-0.36,0.18,-0.54,-0.26,-0.68,-0.3,-0.38,-0.01,0.45,0.2,-0.19,0.39,0.25,-0.66,-0.23,-0.43,-0.12,-1.3,-0.21,-1.31,-0.33,-1.64,0.0,2223,1108,1115
1642261,Dalton Knecht,2025,-0.1,-0.1,-0.09,-0.01,-0.0,0.02,-0.35,0.37,0.12,-0.07,0.02,-0.13,0.15,-0.09,-0.62,-0.29,-0.33,-1.0,-0.08,-0.69,0.04,-1.69,-1.65,0.0,5839,2912,2927
1641706,Brandon Miller,2025,-1.72,-1.57,-0.09,-1.48,-0.15,-0.22,0.43,-0.65,0.51,-0.88,-0.97,-0.3,-0.67,0.09,0.4,0.23,0.17,0.26,-1.94,-0.48,-1.43,-0.22,-1.66,-0.01,3717,1860,1857
1641794,Dillon Jones,2025,-1.62,-1.59,-0.11,-1.48,-0.03,-0.08,0.03,-0.12,-0.43,0.27,0.6,0.03,0.57,-0.33,0.24,-0.08,0.32,-0.04,-1.7,0.51,-2.13,0.47,-1.66,0.0,2438,1224,1214
1630533,Ziaire Williams,2025,-1.37,-1.4,-0.34,-1.06,0.03,0.42,0.01,0.41,0.31,-1.68,-1.33,-0.56,-0.77,-0.35,0.47,0.22,0.27,0.18,-0.95,-1.21,-0.64,-1.03,-1.68,-0.01,6305,3138,3167
1641765,Olivier-Maxence Prosper,2025,-1.38,-1.19,-0.5,-0.69,-0.19,-0.29,-0.06,-0.23,-0.74,-0.55,-0.56,0.2,-0.76,0.01,0.71,0.33,0.37,0.56,-1.67,0.16,-2.41,0.72,-1.69,0.0,2398,1193,1205
1630249,Vit Krejci,2025,-1.0,-0.78,-0.19,-0.59,-0.22,-0.39,-0.24,-0.15,-0.47,0.01,-0.01,-0.28,0.27,0.02,-0.28,-0.01,-0.25,0.43,-1.39,-0.27,-1.86,0.16,-1.7,0.0,4786,2393,2393
1641727,Dariq Whitehead,2025,-0.8,-0.69,-0.11,-0.58,-0.11,-0.34,-0.13,-0.22,-0.37,-0.58,-0.36,-0.17,-0.19,-0.22,0.28,0.12,0.17,0.11,-1.14,-0.3,-1.51,-0.19,-1.7,0.0,1020,508,512
1628470,Torrey Craig,2025,-2.29,-1.88,0.01,-1.89,-0.41,0.15,0.21,-0.06,0.76,-1.19,-0.96,-0.12,-0.84,-0.23,0.15,-0.01,0.16,0.69,-2.14,-1.04,-1.38,-0.35,-1.72,0.01,1307,643,664
1629629,Cam Reddish,2025,-0.43,-0.56,-0.33,-0.23,0.13,-0.0,0.01,-0.0,-0.54,-1.01,-0.94,-0.17,-0.77,-0.07,-0.08,-0.3,0.22,0.34,-0.43,-1.09,-0.97,-0.75,-1.72,0.0,2384,1183,1201
1631107,Nikola Jovic,2025,-0.56,-0.85,-0.01,-0.84,0.29,0.07,0.26,-0.19,-0.87,-0.03,-0.09,0.23,-0.32,0.06,-0.43,-0.43,-0.0,0.09,-0.49,-0.46,-1.36,-0.37,-1.73,0.0,4897,2460,2437
1629003,Shake Milton,2025,-0.64,-0.27,-0.66,0.39,-0.37,-0.21,0.06,-0.27,-0.17,-0.62,-0.12,-0.27,0.15,-0.5,0.29,-0.16,0.46,-0.39,-0.85,-0.33,-1.02,-0.72,-1.74,0.0,3309,1661,1648
203901,Elfrid Payton,2025,-1.93,-1.53,-0.34,-1.19,-0.4,0.05,-0.37,0.42,-0.2,0.98,0.96,0.3,0.66,0.02,-0.25,0.09,-0.35,-0.39,-1.88,0.73,-2.08,0.34,-1.74,0.0,2086,1040,1046
1641737,Adem Bona,2025,-1.03,-0.88,-0.55,-0.33,-0.15,-0.5,-0.08,-0.42,-0.05,0.69,0.8,0.2,0.6,-0.11,-0.36,-0.16,-0.2,-0.5,-1.53,0.33,-1.58,-0.17,-1.75,0.0,3645,1823,1822
1629626,Bol Bol,2025,0.19,0.43,-0.24,0.67,-0.24,-0.45,-0.16,-0.29,-0.39,-0.6,-0.53,-0.3,-0.23,-0.07,-0.66,-0.39,-0.27,0.15,-0.26,-1.26,-0.65,-1.11,-1.76,0.0,1840,927,913
1631120,JD Davison,2025,-1.45,-1.34,-0.23,-1.11,-0.11,-0.49,-0.15,-0.34,0.49,-0.5,-0.54,-0.07,-0.47,0.04,0.16,0.05,0.12,0.03,-1.94,-0.34,-1.45,-0.31,-1.76,0.0,395,198,197
1630288,Jeff Dowtin,2025,-1.12,-0.94,-0.6,-0.34,-0.18,0.32,0.56,-0.22,-0.03,-0.36,-0.31,-0.19,-0.12,-0.05,-0.09,-0.07,-0.03,-0.48,-0.8,-0.45,-0.83,-0.93,-1.76,0.0,2465,1228,1237
1630574,Ariel Hukporti,2025,-0.75,-0.68,-0.11,-0.57,-0.07,-0.59,-0.3,-0.28,-0.48,0.53,0.59,0.06,0.53,-0.06,-0.5,-0.37,-0.13,0.0,-1.34,0.03,-1.82,0.03,-1.79,-0.0,898,446,452
1630167,Obi Toppin,2025,0.86,0.97,0.61,0.36,-0.11,-0.28,-0.43,0.15,0.31,-3.22,-2.57,-0.58,-1.99,-0.65,0.14,0.14,-0.0,0.38,0.58,-3.08,0.89,-2.7,-1.81,0.0,8025,4010,4015
1629632,Coby White,2025,-0.17,-0.48,-0.22,-0.26,0.31,0.05,0.31,-0.27,-0.21,-1.6,-1.6,0.21,-1.81,0.0,-0.52,-0.01,-0.51,0.63,-0.12,-2.12,-0.33,-1.49,-1.82,0.0,10383,5202,5181
1631212,Peyton Watson,2025,-1.03,-0.6,-0.19,-0.41,-0.43,-0.59,-0.69,0.09,-0.55,0.46,0.67,0.16,0.51,-0.21,0.21,0.28,-0.07,-0.36,-1.62,0.67,-2.17,0.31,-1.86,-0.0,7400,3666,3734
1641871,Duop Reath,2025,-0.99,-1.24,0.12,-1.36,0.25,-0.19,-0.13,-0.06,0.41,-1.87,-1.88,0.15,-2.03,0.01,0.5,0.15,0.36,0.29,-1.18,-1.37,-0.77,-1.08,-1.86,-0.01,1928,968,960
1630538,Nah'Shon Hyland,2025,-1.06,-1.15,-0.01,-1.14,0.09,-0.22,-0.13,-0.08,-0.26,-0.46,-0.3,-0.24,-0.06,-0.16,0.21,0.07,0.14,-0.09,-1.28,-0.25,-1.54,-0.34,-1.88,0.0,950,479,471
1630592,Jalen Wilson,2025,-0.55,-0.49,-0.63,0.14,-0.06,-0.44,0.14,-0.59,0.13,-2.32,-1.87,-0.18,-1.69,-0.45,0.58,0.37,0.22,0.71,-0.99,-1.74,-0.86,-1.03,-1.89,-0.0,7960,3979,3981
1630243,Trevelin Queen,2025,-0.37,-0.48,-0.13,-0.35,0.11,-0.67,-0.42,-0.26,-0.26,-0.89,-0.46,0.13,-0.59,-0.43,-0.02,0.13,-0.15,0.31,-1.04,-0.91,-1.3,-0.6,-1.9,0.0,1707,852,855
1626179,Terry Rozier,2025,-2.5,-2.35,-0.77,-1.58,-0.15,0.52,0.12,0.41,-0.17,0.22,0.28,-0.09,0.37,-0.06,-0.38,0.36,-0.75,0.4,-1.98,-0.16,-2.15,0.24,-1.91,0.0,6654,3321,3333
1642422,Armel Traoré,2025,-0.78,-0.77,-0.17,-0.6,-0.01,-0.22,-0.08,-0.14,-0.26,-0.45,-0.42,-0.15,-0.27,-0.03,0.01,-0.01,0.02,-0.25,-1.0,-0.44,-1.26,-0.69,-1.95,0.0,269,136,133
1631166,Drew Timme,2025,-0.68,-0.58,0.01,-0.59,-0.1,-0.0,0.03,-0.03,-0.34,-0.71,-0.58,0.0,-0.58,-0.13,-0.56,-0.32,-0.24,0.33,-0.68,-1.27,-1.02,-0.94,-1.95,0.01,1032,516,516
1630215,Jared Butler,2025,-1.01,-0.82,-0.1,-0.72,-0.19,0.12,-0.21,0.32,-0.57,0.18,0.6,0.28,0.32,-0.42,0.01,0.01,-0.01,-0.69,-0.89,0.19,-1.46,-0.5,-1.97,-0.01,4530,2267,2263
1629014,Anfernee Simons,2025,-1.22,-1.08,-0.42,-0.66,-0.14,0.43,-0.14,0.57,-0.75,0.92,0.8,-0.11,0.91,0.12,-0.6,-0.05,-0.55,-0.77,-0.79,0.32,-1.54,-0.45,-1.99,0.0,9415,4703,4712
201145,Jeff Green,2025,-1.18,-0.77,-0.36,-0.41,-0.41,0.19,0.17,0.01,0.75,-0.29,-0.31,0.15,-0.46,0.02,-0.75,-0.31,-0.44,-0.72,-0.99,-1.04,-0.24,-1.76,-1.99,0.01,1629,815,814
1627742,Brandon Ingram,2025,-1.3,-1.19,-0.52,-0.67,-0.11,-0.32,0.16,-0.5,0.24,-0.39,-0.17,-0.48,0.31,-0.22,0.1,-0.01,0.12,-0.33,-1.62,-0.29,-1.38,-0.62,-2.0,0.0,2368,1189,1179
202691,Klay Thompson,2025,-1.67,-1.15,0.57,-1.72,-0.52,0.79,0.29,0.51,0.17,0.49,0.14,-0.12,0.26,0.35,-0.84,-0.18,-0.66,-0.95,-0.88,-0.35,-0.71,-1.3,-2.01,0.0,8206,4105,4101
1630542,Marcus Bagley,2025,-1.27,-1.08,-0.24,-0.84,-0.19,-0.23,0.05,-0.29,0.2,-0.67,-0.72,-0.07,-0.65,0.05,0.29,0.37,-0.08,-0.36,-1.5,-0.38,-1.3,-0.74,-2.04,0.0,1046,518,528
1641732,Colby Jones,2025,-0.45,-0.2,-0.86,0.66,-0.25,0.06,-0.01,0.07,-0.49,-0.73,-0.55,0.11,-0.66,-0.18,0.12,-0.01,0.13,-0.56,-0.39,-0.61,-0.88,-1.17,-2.05,0.0,2045,1018,1027
1630182,Josh Green,2025,-2.19,-2.06,-0.5,-1.56,-0.13,-0.52,-0.33,-0.2,0.18,0.14,0.09,0.14,-0.05,0.05,0.23,0.17,0.06,0.11,-2.71,0.37,-2.53,0.48,-2.05,0.0,7859,3928,3931
1630623,Tyson Etienne,2025,-0.48,-0.4,-0.06,-0.34,-0.08,0.05,0.03,0.01,-0.49,-1.59,-1.44,-0.03,-1.41,-0.15,0.28,0.26,0.01,0.15,-0.43,-1.31,-0.92,-1.16,-2.08,-0.0,635,316,319
1642271,Kyle Filipowski,2025,-0.27,-0.21,0.15,-0.36,-0.06,-0.44,-0.26,-0.19,-0.2,-1.51,-1.6,-0.51,-1.09,0.09,-0.05,-0.03,-0.0,0.38,-0.71,-1.56,-0.91,-1.18,-2.09,0.0,6182,3086,3096
202687,Bismack Biyombo,2025,-1.21,-0.54,-1.07,0.53,-0.67,-0.1,-0.1,-0.0,-0.25,-0.22,-0.63,-0.14,-0.49,0.41,-0.24,-0.14,-0.1,-0.12,-1.31,-0.46,-1.56,-0.58,-2.13,0.01,2144,1074,1070
1642347,Jamal Shead,2025,-1.36,-1.01,-0.27,-0.74,-0.35,-0.06,-0.26,0.2,0.03,-0.6,-0.41,0.12,-0.53,-0.19,0.75,0.52,0.23,-0.9,-1.42,0.15,-1.39,-0.75,-2.14,0.0,6017,3004,3013
1631115,Orlando Robinson,2025,-3.35,-3.0,-0.86,-2.14,-0.35,-0.22,-0.21,-0.0,1.21,0.27,0.5,-0.01,0.51,-0.23,-0.03,-0.13,0.1,-0.02,-3.57,0.24,-2.36,0.22,-2.14,0.0,3167,1580,1587
1627749,Dejounte Murray,2025,-1.08,-1.4,-0.39,-1.01,0.32,-0.14,-0.02,-0.12,-0.36,-0.96,-0.74,0.06,-0.8,-0.22,0.58,0.31,0.27,-0.19,-1.22,-0.38,-1.58,-0.57,-2.15,0.0,4249,2133,2116
1642355,Bronny James,2025,-0.85,-0.62,-0.36,-0.26,-0.23,-0.42,-0.13,-0.29,-0.4,0.2,0.17,-0.11,0.28,0.03,-0.21,-0.08,-0.13,-0.49,-1.27,-0.01,-1.67,-0.5,-2.18,-0.01,722,361,361
1630224,Jalen Green,2025,-1.36,-1.2,-0.72,-0.48,-0.16,-0.03,0.2,-0.23,0.84,-1.09,-1.24,-0.07,-1.17,0.15,-0.08,0.14,-0.22,-0.46,-1.39,-1.17,-0.55,-1.63,-2.18,0.0,11761,5899,5862
1642403,Isaac Jones,2025,-0.34,-0.13,0.0,-0.13,-0.21,-0.55,-0.35,-0.2,-0.25,-1.57,-1.5,0.07,-1.57,-0.07,-0.06,-0.18,0.12,0.58,-0.89,-1.63,-1.14,-1.05,-2.2,-0.01,1238,616,622
1629611,Terance Mann,2025,-1.01,-0.83,-0.2,-0.63,-0.18,-0.0,0.12,-0.12,1.05,-1.9,-1.47,-0.42,-1.05,-0.43,-0.18,-0.38,0.2,-0.18,-1.01,-2.08,0.04,-2.26,-2.22,0.0,5705,2849,2856
202684,Tristan Thompson,2025,-1.98,-1.32,-0.14,-1.18,-0.66,-0.32,0.01,-0.34,-0.1,0.8,0.51,-0.16,0.67,0.29,-0.47,-0.31,-0.16,-0.16,-2.3,0.33,-2.4,0.17,-2.23,0.0,1432,712,720
1627752,Taurean Prince,2025,-0.15,0.13,0.34,-0.21,-0.28,-0.09,-0.07,-0.02,-0.65,-0.75,-1.07,-0.8,-0.27,0.32,-0.06,-0.07,0.02,-0.56,-0.24,-0.81,-0.89,-1.37,-2.25,0.01,9124,4570,4554
1629673,Jordan Poole,2025,-1.0,-1.18,0.66,-1.84,0.18,-0.17,-0.2,0.02,-0.4,-0.16,0.12,-0.44,0.56,-0.28,-0.02,0.07,-0.09,-0.55,-1.17,-0.18,-1.57,-0.73,-2.3,0.0,8318,4166,4152
1641783,Tristan da Silva,2025,-2.2,-2.32,-0.57,-1.75,0.12,0.02,-0.0,0.02,0.78,-1.29,-1.36,0.32,-1.68,0.07,-0.09,-0.12,0.02,0.48,-2.18,-1.38,-1.4,-0.9,-2.31,-0.01,6395,3199,3196
1630173,Precious Achiuwa,2025,-1.44,-1.08,-0.39,-0.69,-0.36,-0.49,0.03,-0.52,-0.36,-1.15,-1.44,0.06,-1.5,0.29,0.33,0.28,0.07,0.77,-1.93,-0.82,-2.29,-0.05,-2.34,0.0,4817,2403,2414
202685,Jonas Valanciunas,2025,-0.59,-0.68,-0.65,-0.03,0.09,-0.93,-0.3,-0.63,1.18,-1.86,-1.8,-0.18,-1.62,-0.06,-0.39,-0.31,-0.08,0.24,-1.52,-2.25,-0.34,-2.01,-2.35,0.0,6222,3111,3111
201959,Taj Gibson,2025,-2.27,-1.9,-0.66,-1.24,-0.37,-0.43,-0.06,-0.37,0.27,0.93,0.88,0.29,0.59,0.05,-0.74,-0.26,-0.48,-0.14,-2.7,0.19,-2.43,0.05,-2.37,0.01,1622,812,810
1630208,Nick Richards,2025,-0.26,-0.21,0.27,-0.48,-0.05,-0.95,-0.53,-0.42,1.05,-0.49,-0.8,-0.5,-0.3,0.31,-1.52,-0.67,-0.85,-0.21,-1.21,-2.01,-0.16,-2.22,-2.38,0.0,5034,2509,2525
1631093,Jaden Ivey,2025,-1.33,-0.9,-0.62,-0.28,-0.43,-0.37,-0.21,-0.16,0.8,-0.46,-0.61,-0.22,-0.39,0.15,-0.53,-0.4,-0.13,-0.53,-1.7,-0.99,-0.9,-1.52,-2.42,0.0,3595,1798,1797
1629640,Keldon Johnson,2025,-1.22,-1.24,-0.17,-1.07,0.02,0.02,0.34,-0.32,0.0,-0.53,-0.25,-0.41,0.16,-0.28,0.41,0.44,-0.02,-1.11,-1.2,-0.12,-1.2,-1.23,-2.43,0.0,7535,3769,3766
1641816,Hunter Tyson,2025,-1.96,-1.77,-0.17,-1.6,-0.19,-0.3,-0.0,-0.3,-0.41,-0.57,-0.54,0.19,-0.73,-0.03,-0.05,-0.03,-0.01,0.86,-2.26,-0.62,-2.67,0.24,-2.43,-0.0,1751,870,881
1631216,Caleb Houstan,2025,-1.33,-0.7,-0.43,-0.27,-0.63,0.03,0.27,-0.23,-0.28,-0.03,-0.23,-0.49,0.26,0.2,-0.29,-0.3,-0.0,-0.54,-1.3,-0.32,-1.58,-0.86,-2.44,0.0,3225,1611,1614
203952,Andrew Wiggins,2025,-1.72,-1.54,-0.22,-1.32,-0.18,-0.48,-0.39,-0.08,-0.21,-0.37,-0.42,0.39,-0.81,0.05,-0.48,-0.23,-0.25,0.82,-2.2,-0.85,-2.41,-0.03,-2.44,0.0,7925,3957,3968
1630283,Kylor Kelley,2025,-1.01,-1.0,-0.37,-0.63,-0.01,-0.06,0.02,-0.09,0.22,-0.76,-0.66,-0.31,-0.35,-0.1,-0.66,-0.25,-0.4,-0.18,-1.07,-1.42,-0.85,-1.6,-2.45,0.0,528,266,262
1641741,Ricky Council IV,2025,-1.1,-1.42,-0.62,-0.8,0.32,0.46,0.52,-0.05,-0.33,-0.58,-0.6,-0.76,0.16,0.02,-0.23,0.05,-0.28,-0.69,-0.64,-0.81,-0.97,-1.5,-2.47,0.0,4967,2475,2492
1630530,Trey Murphy III,2025,-1.38,-1.64,-0.17,-1.47,0.26,-0.48,-0.37,-0.09,0.05,-0.25,-0.28,-0.42,0.14,0.03,-0.14,-0.31,0.17,-0.28,-1.86,-0.39,-1.81,-0.67,-2.48,-0.0,7700,3868,3832
1628997,Caleb Martin,2025,-1.73,-1.61,-0.37,-1.24,-0.12,-0.13,0.21,-0.34,-0.43,-0.63,-0.76,0.16,-0.92,0.13,0.25,-0.05,0.31,0.16,-1.86,-0.38,-2.29,-0.22,-2.51,0.0,4691,2348,2343
1641711,Gradey Dick,2025,-0.29,-0.12,0.01,-0.13,-0.17,-0.17,-0.36,0.19,0.01,-1.3,-0.9,-0.65,-0.25,-0.4,-0.32,-0.31,-0.02,-0.45,-0.46,-1.62,-0.45,-2.07,-2.52,0.0,6554,3275,3279
1641720,Jalen Hood-Schifino,2025,-0.88,-0.89,-0.62,-0.27,0.01,-0.1,0.14,-0.24,0.34,-1.05,-0.9,-0.01,-0.89,-0.15,-0.17,-0.18,0.01,-0.68,-0.98,-1.22,-0.64,-1.9,-2.53,0.01,1277,641,636
203924,Jerami Grant,2025,-1.78,-2.05,-0.99,-1.06,0.27,-0.52,-0.08,-0.44,-0.23,0.5,0.75,-0.11,0.86,-0.25,-0.29,-0.15,-0.13,-0.3,-2.3,0.21,-2.53,-0.09,-2.62,-0.0,6407,3203,3204
1630550,JT Thor,2025,-1.6,-1.47,-0.65,-0.82,-0.13,0.27,-0.01,0.28,-0.55,0.19,0.31,0.05,0.26,-0.12,-0.25,-0.14,-0.12,-0.68,-1.33,-0.06,-1.88,-0.74,-2.62,0.0,981,492,489
1631223,David Roddy,2025,-0.76,-0.59,-0.26,-0.33,-0.17,-0.49,0.02,-0.51,-0.38,-1.51,-1.2,-0.13,-1.07,-0.31,0.1,-0.16,0.27,0.41,-1.25,-1.41,-1.63,-1.0,-2.63,-0.0,1722,859,863
1626204,Larry Nance Jr.,2025,-0.56,-0.54,0.07,-0.61,-0.02,-0.14,-0.24,0.09,-0.84,-1.38,-1.28,-0.12,-1.16,-0.1,0.09,-0.05,0.14,0.2,-0.7,-1.29,-1.54,-1.09,-2.64,-0.01,1958,975,983
1641774,Tristan Vukcevic,2025,-1.05,-1.27,-0.43,-0.84,0.22,0.03,-0.06,0.09,-0.43,-0.95,-0.89,-0.05,-0.84,-0.06,-0.13,-0.2,0.07,-0.12,-1.02,-1.08,-1.45,-1.2,-2.65,0.0,2106,1054,1052
1629656,Quentin Grimes,2025,-0.31,-0.58,0.28,-0.86,0.27,0.16,-0.12,0.27,0.26,-1.65,-1.8,-0.27,-1.53,0.15,-0.56,-0.4,-0.17,-0.56,-0.15,-2.21,0.11,-2.77,-2.66,-0.0,8392,4192,4200
1641736,Reece Beekman,2025,-2.37,-2.09,-0.76,-1.33,-0.28,-0.01,0.06,-0.07,-0.04,-1.27,-0.89,-0.33,-0.56,-0.38,0.59,0.23,0.36,0.44,-2.38,-0.68,-2.42,-0.24,-2.66,0.0,1854,923,931
1641729,Brice Sensabaugh,2025,0.28,0.47,0.56,-0.09,-0.19,-0.45,-0.53,0.08,-0.34,-0.9,-0.84,-0.69,-0.15,-0.06,-0.25,-0.22,-0.02,-1.02,-0.17,-1.15,-0.51,-2.17,-2.68,0.0,5809,2911,2898
1631288,Jamal Cain,2025,-0.63,-0.56,-0.46,-0.1,-0.07,-0.32,-0.45,0.14,0.0,-1.02,-0.89,-0.49,-0.4,-0.13,-0.23,-0.16,-0.08,-0.5,-0.95,-1.25,-0.95,-1.75,-2.7,0.0,2023,1013,1010
1629028,Deandre Ayton,2025,-1.26,-1.0,-0.53,-0.47,-0.26,-0.08,-0.13,0.05,-0.13,-1.21,-1.38,-0.03,-1.35,0.17,-0.18,0.07,-0.25,0.14,-1.34,-1.39,-1.47,-1.25,-2.72,0.0,5056,2528,2528
1629610,DaQuan Jeffries,2025,-0.09,-0.05,-0.56,0.51,-0.04,-0.15,-0.29,0.14,-0.39,-0.78,-0.43,0.45,-0.88,-0.35,-1.01,-0.41,-0.6,-0.31,-0.24,-1.79,-0.63,-2.1,-2.73,0.0,4434,2214,2220
1642263,Reed Sheppard,2025,-0.7,-0.51,-0.34,-0.17,-0.19,-0.2,-0.05,-0.15,-0.62,-0.37,-0.12,-0.27,0.15,-0.25,-0.36,-0.15,-0.21,-0.5,-0.9,-0.73,-1.52,-1.23,-2.75,0.0,2806,1403,1403
1641724,Jett Howard,2025,-1.12,-0.93,-0.5,-0.43,-0.19,-0.43,-0.15,-0.28,-0.15,-1.1,-0.76,-0.27,-0.49,-0.34,-0.25,-0.08,-0.17,0.3,-1.55,-1.35,-1.7,-1.05,-2.76,-0.01,2824,1412,1412
1629646,Charles Bassey,2025,-1.92,-1.89,0.02,-1.91,-0.03,-0.44,-0.17,-0.28,0.37,-0.49,-0.13,-0.49,0.36,-0.36,-0.4,-0.21,-0.2,0.11,-2.36,-0.89,-1.99,-0.78,-2.77,-0.0,1582,787,795
1641810,Antonio Reeves,2025,-0.7,-0.61,-0.47,-0.14,-0.09,-0.19,-0.53,0.35,-0.04,-1.7,-1.52,-0.41,-1.11,-0.18,-0.44,-0.03,-0.4,0.24,-0.89,-2.14,-0.93,-1.9,-2.83,0.0,2688,1349,1339
203915,Spencer Dinwiddie,2025,0.05,-0.18,-0.32,0.14,0.23,-0.24,-0.1,-0.13,-1.51,-0.26,-0.23,-0.07,-0.16,-0.03,-0.65,-0.33,-0.31,-0.22,-0.19,-0.91,-1.7,-1.13,-2.83,0.0,8928,4449,4479
1642258,Zaccharie Risacher,2025,-0.54,0.28,0.03,0.25,-0.82,-0.79,-0.45,-0.34,0.04,-1.73,-1.58,-0.45,-1.13,-0.15,0.08,-0.09,0.16,0.08,-1.33,-1.65,-1.29,-1.57,-2.85,0.01,7846,3920,3926
1642358,AJ Johnson,2025,-1.39,-1.26,-0.49,-0.77,-0.13,0.13,0.21,-0.07,-0.46,-0.12,-0.06,-0.55,0.49,-0.06,-0.31,-0.39,0.08,-0.7,-1.26,-0.43,-1.72,-1.13,-2.85,-0.0,2545,1271,1274
1642259,Alexandre Sarr,2025,-1.89,-1.32,-0.56,-0.76,-0.57,0.22,0.14,0.08,-1.31,1.14,0.86,-0.23,1.09,0.28,-0.16,0.32,-0.47,-0.87,-1.67,0.98,-2.98,0.11,-2.88,-0.01,7550,3771,3779
1641713,GG Jackson,2025,-0.36,-0.17,-0.46,0.29,-0.19,-0.09,0.41,-0.5,-0.05,-0.6,-0.54,0.15,-0.69,-0.06,-0.63,-0.16,-0.47,-1.22,-0.45,-1.23,-0.5,-2.45,-2.95,0.0,1880,939,941
1629599,Amir Coffey,2025,-1.13,-1.63,-0.31,-1.32,0.5,-1.09,-0.34,-0.75,0.46,-0.97,-0.58,-0.7,0.12,-0.39,-0.28,-0.36,0.08,0.03,-2.22,-1.25,-1.76,-1.22,-2.98,0.0,6971,3489,3482
1629022,Lonnie Walker IV,2025,-1.71,-1.53,-0.03,-1.5,-0.18,-0.61,-0.44,-0.17,0.37,-0.47,-0.41,0.0,-0.41,-0.06,-0.33,0.15,-0.47,-0.28,-2.32,-0.8,-1.95,-1.08,-3.02,0.01,1959,976,983
1641731,Bilal Coulibaly,2025,-1.05,-1.32,-0.65,-0.67,0.27,-0.66,-0.14,-0.52,-0.51,-0.25,-0.23,-0.01,-0.22,-0.02,-0.17,0.05,-0.22,-0.39,-1.71,-0.42,-2.22,-0.81,-3.03,0.0,8048,4021,4027
1631213,Tyrese Martin,2025,-1.37,-1.09,-0.74,-0.35,-0.28,-0.8,-0.24,-0.56,-0.07,-1.51,-1.22,-0.24,-0.98,-0.29,0.46,0.03,0.43,0.25,-2.17,-1.05,-2.24,-0.8,-3.04,0.0,5186,2586,2600
1630170,Devin Vassell,2025,-0.76,-0.71,-0.31,-0.4,-0.05,-0.1,-0.12,0.01,-0.27,-1.33,-1.45,-0.37,-1.08,0.12,-0.26,0.25,-0.52,-0.42,-0.86,-1.59,-1.13,-2.01,-3.14,-0.0,8111,4061,4050
203078,Bradley Beal,2025,0.1,0.11,0.5,-0.39,-0.01,-0.75,-0.49,-0.27,-1.29,-1.54,-1.23,-0.17,-1.06,-0.31,-0.48,-0.08,-0.39,0.81,-0.65,-2.02,-1.94,-1.21,-3.15,0.0,6876,3435,3441
1630556,Kessler Edwards,2025,-0.03,0.17,-0.18,0.35,-0.2,-0.0,0.28,-0.28,-0.39,-1.93,-1.79,-0.17,-1.62,-0.14,0.06,-0.13,0.18,-0.89,-0.03,-1.87,-0.42,-2.76,-3.18,0.0,2495,1244,1251
1630245,Ayo Dosunmu,2025,-0.97,-0.77,0.69,-1.46,-0.2,-0.07,0.31,-0.38,0.0,-0.84,-0.75,0.03,-0.78,-0.09,-0.61,-0.48,-0.13,-0.76,-1.04,-1.45,-1.04,-2.21,-3.24,0.01,5879,2932,2947
1631124,Julian Strawther,2025,-1.57,-1.71,-0.2,-1.51,0.14,-0.65,-0.09,-0.56,-0.23,-0.37,-0.4,0.35,-0.75,0.03,-0.09,-0.44,0.35,-0.35,-2.22,-0.46,-2.45,-0.81,-3.26,0.0,6079,3044,3035
1641712,Rayan Rupert,2025,-1.6,-1.68,-0.27,-1.41,0.08,-0.65,-0.05,-0.6,-0.24,-1.02,-0.97,-0.16,-0.81,-0.05,0.24,-0.02,0.28,0.01,-2.25,-0.78,-2.49,-0.77,-3.26,0.0,1916,960,956
1631232,Keion Brooks Jr.,2025,-1.49,-1.36,-0.33,-1.03,-0.13,-0.21,-0.3,0.09,0.14,-0.97,-0.73,0.05,-0.78,-0.24,-0.35,-0.14,-0.21,-0.38,-1.7,-1.32,-1.56,-1.7,-3.26,0.0,1362,677,685
1631207,Dalen Terry,2025,-2.17,-2.08,-0.13,-1.95,-0.09,-0.71,-0.1,-0.6,-0.09,-0.75,-0.54,0.5,-1.04,-0.21,0.03,-0.09,0.13,0.3,-2.88,-0.72,-2.97,-0.42,-3.39,0.0,4201,2101,2100
1642419,Jamison Battle,2025,-1.15,-0.49,0.07,-0.56,-0.66,-0.65,-0.27,-0.38,-0.28,-1.27,-1.11,-0.42,-0.69,-0.16,-0.24,-0.38,0.14,0.2,-1.8,-1.51,-2.08,-1.31,-3.4,-0.01,4281,2142,2139
1642367,Jonathan Mogbo,2025,-1.98,-1.74,-0.03,-1.71,-0.24,-0.6,-0.06,-0.55,-0.26,-0.64,-0.31,-0.54,0.23,-0.33,0.75,0.26,0.48,-0.71,-2.58,0.11,-2.84,-0.6,-3.44,0.0,5285,2644,2641
1628971,Bruce Brown,2025,-1.77,-1.74,-0.37,-1.37,-0.03,-0.06,0.1,-0.16,-0.11,-1.27,-1.13,-0.04,-1.09,-0.14,-0.32,-0.02,-0.3,0.08,-1.83,-1.59,-1.94,-1.51,-3.44,0.01,3717,1860,1857
1630553,Keon Johnson,2025,-1.72,-1.39,-1.03,-0.36,-0.33,-0.45,-0.1,-0.35,-0.58,-0.66,-0.38,-0.08,-0.3,-0.28,-0.15,-0.14,-0.0,0.07,-2.17,-0.81,-2.75,-0.74,-3.49,0.0,7880,3939,3941
2544,LeBron James,2025,0.56,0.77,0.89,-0.12,-0.21,-0.48,-0.7,0.23,-0.55,-1.86,-2.18,0.6,-2.78,0.32,-0.43,-0.26,-0.17,-0.77,0.08,-2.29,-0.47,-3.06,-3.53,0.0,10461,5228,5233
1631170,Jaime Jaquez Jr.,2025,-1.71,-1.72,-0.73,-0.99,0.01,-0.09,-0.16,0.07,0.03,-0.98,-1.12,0.09,-1.21,0.14,-0.56,-0.3,-0.27,-0.24,-1.8,-1.54,-1.77,-1.78,-3.54,0.01,5538,2762,2776
1631111,Wendell Moore Jr.,2025,-2.91,-2.64,-0.37,-2.27,-0.27,-0.21,-0.12,-0.09,0.21,-0.92,-0.92,0.11,-1.03,0.0,-0.08,-0.25,0.17,0.35,-3.12,-1.0,-2.91,-0.65,-3.56,0.0,2011,1005,1006
1642268,Isaiah Collier,2025,-0.15,0.04,0.04,0.0,-0.19,-0.44,0.14,-0.58,-0.53,-1.64,-1.42,-0.48,-0.94,-0.22,-0.74,-0.22,-0.51,-0.07,-0.59,-2.38,-1.12,-2.45,-3.57,0.0,7383,3694,3689
201566,Russell Westbrook,2025,-0.29,-0.13,0.29,-0.42,-0.16,-1.13,-1.06,-0.07,-0.15,-1.83,-1.67,-0.37,-1.3,-0.16,0.15,0.35,-0.2,-0.37,-1.42,-1.68,-1.57,-2.05,-3.62,0.0,9832,4896,4936
1641878,Damion Baugh,2025,-1.09,-1.12,-0.34,-0.78,0.03,-0.51,-0.31,-0.2,0.12,-1.61,-1.61,-0.04,-1.57,0.0,-0.05,-0.01,-0.03,-0.51,-1.6,-1.66,-1.48,-2.17,-3.64,0.01,1472,739,733
1630526,Jeremiah Robinson-Earl,2025,-2.05,-1.46,-0.64,-0.82,-0.59,-0.61,-0.48,-0.15,1.32,-1.86,-2.04,-0.2,-1.84,0.18,-0.83,-0.3,-0.54,0.38,-2.66,-2.69,-1.34,-2.31,-3.65,-0.0,5039,2517,2522
1641716,Jarace Walker,2025,-1.53,-1.2,-0.25,-0.95,-0.33,-0.68,-0.27,-0.42,-0.89,-2.42,-2.54,-0.34,-2.2,0.12,0.45,-0.43,0.88,1.39,-2.21,-1.97,-3.1,-0.58,-3.68,-0.0,5311,2657,2654
203083,Andre Drummond,2025,-3.07,-2.47,-0.75,-1.72,-0.6,-0.45,-0.19,-0.26,1.15,-2.11,-1.96,-0.78,-1.18,-0.15,0.28,0.03,0.23,0.52,-3.52,-1.83,-2.37,-1.31,-3.69,-0.01,2993,1485,1508
1641730,Noah Clowney,2025,-2.29,-2.38,-0.34,-2.04,0.09,-0.2,0.03,-0.23,-0.3,-0.35,0.03,-0.08,0.11,-0.38,0.05,-0.06,0.09,-0.7,-2.49,-0.3,-2.79,-1.0,-3.79,0.0,4116,2067,2049
1641798,Jaylen Martin,2025,-1.81,-1.8,-0.45,-1.35,-0.01,-0.38,-0.38,-0.0,-0.03,-1.46,-1.26,-0.32,-0.94,-0.2,-0.05,-0.14,0.09,-0.13,-2.19,-1.51,-2.22,-1.64,-3.86,-0.0,964,481,483
1629651,Nicolas Claxton,2025,-1.79,-1.31,-0.25,-1.06,-0.48,-0.87,-0.52,-0.35,-0.9,-0.49,-0.63,-0.06,-0.57,0.14,-0.14,0.31,-0.45,0.14,-2.66,-0.63,-3.56,-0.49,-4.05,0.0,7631,3805,3826
1631109,Mark Williams,2025,-1.27,-1.43,0.24,-1.67,0.16,-0.09,-0.39,0.3,-0.17,-1.19,-1.5,0.14,-1.64,0.31,-0.99,-0.4,-0.59,-0.38,-1.36,-2.18,-1.53,-2.56,-4.08,0.01,4796,2401,2395
203458,Alex Len,2025,-1.51,-1.13,-0.46,-0.67,-0.38,-0.14,-0.26,0.12,-0.4,-0.99,-0.83,0.09,-0.92,-0.16,-0.54,-0.39,-0.15,-0.59,-1.65,-1.53,-2.05,-2.12,-4.17,0.0,1533,762,771
1642354,KJ Simpson,2025,-2.12,-2.2,-0.6,-1.6,0.08,-0.63,-0.19,-0.44,0.19,-1.05,-1.17,-0.42,-0.75,0.12,0.12,0.21,-0.09,-0.69,-2.75,-0.93,-2.56,-1.62,-4.18,0.0,3367,1681,1686
1642348,Justin Edwards,2025,-0.65,-0.03,-0.07,0.04,-0.62,0.05,0.24,-0.2,0.0,-2.45,-2.25,-0.88,-1.37,-0.2,0.12,0.05,0.08,-1.48,-0.6,-2.33,-0.6,-3.81,-4.41,0.0,4638,2312,2326
1630548,Johnny Juzang,2025,-0.79,-0.62,0.15,-0.77,-0.17,-0.52,-0.31,-0.21,-0.5,-1.93,-1.78,0.12,-1.9,-0.15,-0.65,-0.26,-0.38,-0.05,-1.31,-2.58,-1.81,-2.63,-4.43,0.01,5171,2590,2581
1641722,Jordan Hawkins,2025,-2.96,-2.87,-0.31,-2.56,-0.09,0.16,0.46,-0.3,0.32,-0.16,-0.38,-0.41,0.03,0.22,-0.31,-0.07,-0.23,-1.55,-2.8,-0.47,-2.48,-2.02,-4.5,0.0,5405,2719,2686
1642275,Tidjane Salaün,2025,-3.4,-3.12,-0.97,-2.15,-0.28,-1.1,0.07,-1.18,0.28,-0.77,-0.81,-0.12,-0.69,0.04,-0.0,0.36,-0.36,0.49,-4.5,-0.77,-4.22,-0.28,-4.5,0.0,4904,2458,2446
1628398,Kyle Kuzma,2025,-2.21,-1.74,-0.48,-1.26,-0.47,-0.45,-0.22,-0.22,-0.46,-1.43,-1.45,0.16,-1.61,0.02,-0.62,-0.22,-0.4,0.56,-2.66,-2.05,-3.12,-1.49,-4.6,0.01,8458,4227,4231
1641718,Keyonte George,2025,-0.25,-0.61,0.02,-0.63,0.36,-0.7,-0.29,-0.41,0.23,-2.6,-2.67,-0.44,-2.23,0.07,-0.6,-0.24,-0.36,-0.92,-0.95,-3.2,-0.72,-4.12,-4.84,0.0,8531,4262,4269
1642262,Cody Williams,2025,-2.23,-2.17,-0.48,-1.69,-0.06,-0.49,-0.0,-0.49,-0.85,0.02,-0.02,0.23,-0.25,0.04,-0.71,-0.48,-0.23,-0.61,-2.72,-0.69,-3.57,-1.3,-4.86,0.01,4314,2153,2161
1642274,Yves Missi,2025,-2.93,-2.45,-1.11,-1.34,-0.48,-0.41,-0.37,-0.03,0.55,-2.2,-2.79,-0.65,-2.14,0.59,-0.14,0.09,-0.23,-0.34,-3.34,-2.34,-2.79,-2.68,-5.47,0.0,7978,4008,3970
1641733,Nick Smith Jr.,2025,-2.97,-2.58,-0.4,-2.18,-0.39,-0.42,-0.44,0.01,-0.57,-1.32,-1.18,-0.5,-0.68,-0.14,-0.88,-0.37,-0.52,0.23,-3.39,-2.2,-3.96,-1.97,-5.93,0.0,5512,2764,2748
1642267,Carlton Carrington,2025,-2.46,-1.76,-0.68,-1.08,-0.7,-0.26,0.03,-0.29,-1.04,-0.93,-1.06,-0.11,-0.95,0.13,-1.0,-0.33,-0.68,-0.37,-2.72,-1.93,-3.76,-2.3,-6.06,0.0,10043,5016,5027
