player_id,player_name,Latest_Year,oTS,oFT,oTOV,oTOV_bp,oTOV_sc,oREB,dTS,dFT,dTOV,dTOV_bp,dTOV_sc,dREB,off,def,net_rapm,RESID,o_sc,o_fc,d_sc,d_fc,o_pval,d_pval,possessions,off_poss,def_poss
708,Kevin Garnett,2004,4.3,0.54,0.95,0.71,0.23,0.37,2.87,0.53,-0.35,-0.04,-0.29,0.89,5.27,3.74,9.01,-0.02,0.03,5.24,0.42,3.32,1.32,0.54,40386,20298,20088
406,Shaquille O'Neal,2004,7.11,-0.96,-1.03,-0.85,-0.19,0.44,2.28,0.73,-1.64,-0.83,-0.82,0.7,6.35,2.08,8.43,0.57,-0.34,6.69,0.63,1.45,-0.59,-0.94,36215,18208,18007
1495,Tim Duncan,2004,2.91,0.16,-0.02,-0.37,0.35,-0.15,4.04,0.6,-0.51,-0.28,-0.23,0.84,2.71,4.4,7.12,0.01,0.65,2.06,0.42,3.98,-0.17,0.33,39585,19883,19702
1905,Andrei Kirilenko,2004,2.76,1.64,-0.39,-0.42,0.02,1.82,0.62,-1.19,1.45,0.4,1.03,0.22,4.04,2.28,6.32,-0.16,1.02,3.02,0.36,1.92,1.43,1.67,27394,13664,13730
1717,Dirk Nowitzki,2004,4.5,1.34,1.22,0.02,1.18,-0.33,0.48,0.39,-0.17,0.07,-0.23,0.05,4.85,0.83,5.67,-0.08,0.24,4.61,0.49,0.34,0.89,-0.12,39140,19639,19501
1884,Baron Davis,2004,1.28,0.15,0.8,0.07,0.73,0.87,0.82,-0.23,0.88,0.37,0.51,-0.17,3.85,1.71,5.56,1.08,0.27,3.58,-0.51,2.22,1.67,0.71,31673,15759,15914
739,Rasheed Wallace,2004,3.16,-0.42,-0.63,-1.05,0.42,0.04,1.5,0.46,0.41,-0.09,0.5,0.83,2.47,2.93,5.4,0.09,-0.54,3.01,0.6,2.33,-0.59,1.24,33091,16579,16512
1718,Paul Pierce,2004,3.23,1.32,0.93,0.56,0.37,-0.93,-0.32,-0.11,1.05,0.61,0.45,-0.14,2.39,1.74,4.13,0.31,-1.43,3.82,0.34,1.4,0.0,0.91,40816,20457,20359
1503,Tracy McGrady,2004,3.52,1.28,2.11,0.83,1.29,-0.48,-0.62,-0.11,-0.03,0.1,-0.14,-0.46,5.29,-1.22,4.08,0.04,0.13,5.16,-0.66,-0.56,1.63,-0.49,34216,17167,17049
224,Eddie Jones,2004,1.71,0.63,0.81,0.61,0.21,-0.57,0.68,-0.77,0.74,0.36,0.37,0.22,1.84,2.08,3.93,0.34,0.28,1.56,0.91,1.17,0.24,0.96,30260,15118,15142
1112,Ben Wallace,2004,-1.11,-1.11,0.05,-0.07,0.12,1.73,2.84,0.75,0.88,0.48,0.39,-0.17,-0.03,3.96,3.93,-0.29,1.04,-1.07,0.9,3.06,1.78,0.71,39144,19545,19599
467,Jason Kidd,2004,0.62,1.1,1.08,-0.08,1.15,1.26,1.1,0.09,0.93,0.5,0.42,-0.45,2.45,1.39,3.85,-0.69,1.16,1.29,0.31,1.08,2.34,0.48,40176,20219,19957
1938,Manu Ginobili,2004,1.38,0.6,-0.55,0.14,-0.7,1.0,0.24,-0.35,1.28,0.61,0.68,0.52,2.17,1.67,3.84,-0.03,0.83,1.34,0.3,1.37,0.45,1.8,17138,8581,8557
345,Terry Porter,2004,1.17,-0.07,0.7,0.19,0.51,-0.13,1.58,0.3,-0.2,0.02,-0.23,0.72,1.67,2.09,3.77,-0.07,-0.43,2.1,0.25,1.84,0.57,0.52,5197,2616,2581
1883,Steve Francis,2004,1.33,0.85,0.24,0.38,-0.15,-0.01,1.81,0.04,0.09,0.36,-0.27,0.16,2.05,1.71,3.76,0.14,0.7,1.35,-0.14,1.85,0.23,0.25,32941,16452,16489
1713,Vince Carter,2004,0.81,-0.61,1.61,0.9,0.71,0.23,1.35,0.02,-0.23,-0.0,-0.23,-0.34,2.65,0.97,3.62,0.19,0.9,1.75,-0.37,1.34,1.84,-0.57,24236,12119,12117
1897,Metta World Peace,2004,0.95,0.17,0.12,0.7,-0.59,-0.03,0.73,0.09,1.3,0.62,0.67,0.25,1.0,2.4,3.4,0.08,0.0,1.0,0.26,2.14,0.09,1.55,28262,14128,14134
1763,Ryan Bowen,2004,-2.16,-0.37,-0.44,-0.54,0.09,2.0,1.92,-0.3,1.48,0.68,0.8,0.32,-0.28,3.65,3.37,0.25,0.99,-1.27,0.53,3.12,1.56,1.8,11197,5574,5623
951,Ray Allen,2004,2.99,0.39,0.5,0.05,0.45,0.18,0.19,-0.15,-0.49,0.12,-0.62,-0.09,3.41,-0.06,3.35,0.07,0.11,3.3,0.17,-0.23,0.68,-0.58,27622,13848,13774
2059,Eduardo Najera,2004,0.17,0.1,0.37,-0.17,0.55,1.56,0.53,-0.31,0.59,0.4,0.2,-0.16,2.09,1.1,3.2,0.14,1.53,0.56,-0.39,1.49,1.93,0.43,14176,7078,7098
2073,Brian Cardinal,2004,1.19,1.06,0.87,0.56,0.31,0.38,-0.19,-0.4,0.02,-0.19,0.22,0.24,3.12,0.08,3.2,0.69,0.29,2.83,0.08,-0.0,1.25,0.26,6109,3055,3054
731,Greg Ostertag,2004,0.72,-1.18,-2.27,-1.18,-1.09,2.49,2.75,0.29,-0.09,-0.09,-0.01,-0.23,0.66,2.41,3.07,-0.3,0.86,-0.2,0.19,2.22,0.22,-0.32,19231,9553,9678
448,Bo Outlaw,2004,0.13,-0.39,-1.7,-0.65,-1.06,0.79,3.34,0.46,1.38,0.6,0.78,-0.65,-0.53,3.49,2.96,-0.33,0.24,-0.77,-0.85,4.34,-0.91,0.73,20003,10009,9994
979,Jermaine O'Neal,2004,0.96,0.23,0.07,-0.23,0.3,0.44,2.61,0.57,-0.73,-0.57,-0.16,-0.45,0.91,1.99,2.91,0.01,0.67,0.24,-0.83,2.82,0.51,-1.18,33665,16844,16821
2200,Pau Gasol,2004,3.5,0.44,-0.2,-0.3,0.1,-0.03,0.04,0.35,-0.6,-0.28,-0.32,-0.29,3.62,-0.74,2.88,0.46,1.24,2.38,-0.54,-0.2,-0.23,-0.89,32268,16148,16120
2403,Nene,2004,2.34,-0.31,-1.53,-0.23,-1.31,-0.17,0.38,0.16,1.62,0.61,1.01,0.36,-0.13,2.96,2.83,-0.17,-0.86,0.73,0.91,2.05,-1.7,1.98,18403,9207,9196
124,Vlade Divac,2004,1.13,-0.96,-0.33,-0.31,-0.01,-0.21,1.37,1.11,-0.0,-0.21,0.21,0.39,-0.04,2.85,2.81,0.46,-0.81,0.77,0.99,1.86,-0.54,0.39,31880,16014,15866
717,Arvydas Sabonis,2004,1.75,0.06,-0.08,-0.55,0.48,-0.5,0.55,-0.03,0.65,0.47,0.2,0.22,0.92,1.84,2.76,0.17,-0.79,1.71,0.0,1.84,-0.58,0.87,4733,2382,2351
57,Doug Christie,2004,2.09,0.3,0.92,0.23,0.69,-0.96,-0.23,0.38,1.37,0.85,0.51,0.12,1.75,0.98,2.72,-0.59,-0.49,2.24,-0.44,1.42,-0.04,1.49,38133,19128,19005
304,John Stockton,2004,1.0,0.4,0.15,0.08,0.07,0.67,-1.22,-0.31,1.55,0.36,1.2,-0.03,1.62,1.03,2.65,0.53,-0.02,1.64,0.78,0.25,0.82,1.52,18970,9458,9512
977,Kobe Bryant,2004,1.86,0.92,1.1,0.91,0.19,0.53,-0.7,-0.05,0.27,0.28,-0.01,-0.44,3.51,-0.88,2.63,0.01,0.86,2.65,-0.58,-0.3,1.63,-0.17,41860,20993,20867
2045,Hedo Turkoglu,2004,-0.24,0.14,0.8,0.64,0.16,-0.29,1.11,-0.18,0.05,-0.04,0.11,0.68,0.6,1.9,2.51,0.4,0.57,0.03,0.41,1.49,0.51,0.73,23068,11536,11532
2034,Mike Miller,2004,1.49,0.32,0.48,0.36,0.1,-0.15,-0.08,-0.21,0.34,0.12,0.21,-0.19,1.9,0.48,2.38,0.49,-0.91,2.81,-0.31,0.79,0.33,0.15,23781,11913,11868
677,Eric Williams,2004,0.29,0.77,0.0,0.5,-0.5,-0.75,1.83,-0.14,0.34,-0.04,0.37,0.46,-0.2,2.56,2.37,0.2,-0.31,0.11,1.01,1.55,-0.75,0.8,26298,13147,13151
1888,Richard Hamilton,2004,1.41,1.38,0.58,0.61,-0.02,-0.13,0.57,-0.07,-0.32,-0.41,0.1,0.13,1.75,0.53,2.28,0.04,-1.13,2.88,0.03,0.5,0.45,-0.19,33339,16735,16604
2030,Kenyon Martin,2004,0.85,-0.18,-0.27,-0.02,-0.26,0.1,1.19,0.0,-0.17,-0.15,-0.02,0.71,0.18,2.09,2.27,-0.14,-0.2,0.38,0.5,1.59,-0.17,0.54,34904,17549,17355
764,David Robinson,2004,0.99,0.02,-0.78,-0.44,-0.34,-0.9,1.78,0.8,0.75,0.46,0.28,-0.08,-0.68,2.93,2.26,0.5,-1.26,0.58,0.08,2.85,-1.68,0.67,16676,8366,8310
714,Michael Finley,2004,-0.21,-0.25,1.63,0.31,1.31,-0.48,0.5,0.01,-0.05,0.35,-0.39,0.12,1.7,0.45,2.15,0.64,0.37,1.33,0.25,0.2,1.15,0.07,36376,18241,18135
2248,Earl Watson,2004,0.19,-0.83,-0.09,0.43,-0.53,-0.34,0.36,-0.08,1.69,0.49,1.2,0.18,-0.39,2.44,2.05,0.06,-0.55,0.16,0.32,2.12,-0.43,1.87,14706,7369,7337
2215,Jason Collins,2004,-1.14,0.21,-0.19,0.22,-0.42,0.69,0.81,0.83,1.32,0.01,1.32,0.76,-1.56,3.59,2.03,-0.22,0.3,-1.86,1.07,2.52,0.5,2.08,24136,12107,12029
1889,Andre Miller,2004,1.7,1.18,1.01,0.52,0.49,-0.03,-0.54,0.17,-0.05,0.27,-0.33,0.03,2.79,-0.82,1.97,-0.15,-0.83,3.62,-0.18,-0.64,0.98,-0.02,33693,16842,16851
389,Toni Kukoc,2004,1.75,0.65,0.29,-0.3,0.59,-0.31,-0.27,-0.03,0.76,0.73,0.02,-0.43,2.16,-0.27,1.9,0.11,-0.41,2.57,-0.52,0.25,-0.02,0.33,18453,9259,9194
2554,Mickael Pietrus,2004,-0.14,-0.18,-0.24,-0.16,-0.09,-0.1,0.56,-0.22,0.16,-0.12,0.28,0.17,0.81,1.04,1.85,1.44,0.18,0.63,-0.07,1.11,-0.34,0.33,2786,1381,1405
1802,Brad Miller,2004,1.66,0.86,-0.93,-0.88,-0.05,0.98,0.03,0.67,-0.27,0.12,-0.39,0.3,1.4,0.36,1.76,-0.01,0.71,0.69,0.39,-0.03,0.05,0.03,30183,15101,15082
2408,Melvin Ely,2004,-0.08,-0.5,0.39,0.77,-0.37,0.28,0.69,0.3,-0.0,-0.21,0.2,0.16,0.87,0.89,1.76,0.32,0.33,0.54,0.35,0.54,0.67,0.16,4768,2383,2385
2046,Desmond Mason,2004,1.76,0.62,0.34,0.07,0.26,-0.31,-0.48,-0.25,0.33,-0.14,0.47,0.23,1.77,-0.03,1.74,-0.13,-0.52,2.29,-0.11,0.08,0.03,0.56,30899,15448,15451
2225,Tony Parker,2004,1.34,-0.09,0.81,0.41,0.41,-0.65,-0.18,-0.02,-0.13,0.05,-0.17,0.09,1.76,-0.04,1.72,0.44,-0.52,2.28,-0.33,0.29,0.16,-0.04,33690,16877,16813
109,Robert Horry,2004,-0.96,0.02,0.51,-0.35,0.86,-0.17,1.47,-0.43,0.41,0.19,0.23,0.38,-0.29,2.01,1.72,0.08,0.0,-0.29,0.22,1.79,0.34,0.79,26387,13244,13143
893,Michael Jordan,2004,0.36,0.26,2.44,1.36,1.09,0.3,0.03,0.29,-0.14,-0.39,0.26,-0.65,2.01,-0.29,1.72,-0.62,0.34,1.67,0.11,-0.4,2.74,-0.79,18529,9285,9244
2203,Shane Battier,2004,-1.53,0.3,0.55,0.51,0.03,0.53,1.75,-0.39,0.41,0.24,0.17,-0.37,0.2,1.52,1.71,0.37,1.14,-0.94,-0.16,1.68,1.08,0.04,28228,14160,14068
965,Derek Fisher,2004,0.24,0.72,0.89,0.28,0.62,-0.4,-0.45,-0.34,0.43,-0.05,0.49,0.4,1.75,-0.08,1.68,0.57,0.38,1.37,0.17,-0.25,0.49,0.83,30423,15268,15155
243,Aaron McKie,2004,-0.16,0.22,0.55,0.66,-0.13,-0.39,0.81,-0.11,0.75,0.36,0.39,0.23,0.15,1.51,1.66,-0.13,-0.46,0.61,-0.02,1.53,0.16,0.98,23488,11769,11719
1909,Scott Padgett,2004,-0.1,-0.34,-0.45,-0.99,0.55,0.26,1.13,-0.43,0.32,0.08,0.24,0.48,0.22,1.44,1.66,0.02,0.09,0.13,0.28,1.16,-0.19,0.8,11906,5968,5938
1711,Raef LaFrentz,2004,0.45,-1.56,0.76,0.22,0.55,-0.71,0.85,0.21,-0.24,0.04,-0.28,-0.19,0.85,0.81,1.66,0.74,0.2,0.65,-0.49,1.3,0.05,-0.43,19343,9649,9694
1744,Jerome James,2004,0.76,-1.23,-1.82,-0.27,-1.56,0.7,2.42,0.14,-0.34,-0.34,0.0,-0.05,-0.86,2.45,1.59,-0.08,0.61,-1.47,0.26,2.19,-1.12,-0.39,10063,5032,5031
1890,Shawn Marion,2004,0.26,-0.21,0.45,-0.14,0.6,-0.06,0.25,0.09,0.61,0.73,-0.12,-0.41,1.19,0.39,1.58,0.48,0.62,0.57,-0.32,0.71,0.39,0.2,37448,18741,18707
2499,Richie Frahm,2004,1.87,0.29,0.49,0.63,-0.14,-0.78,-0.19,-0.18,0.47,0.17,0.29,0.06,1.16,0.4,1.56,-0.36,-0.74,1.9,0.19,0.21,-0.29,0.53,1703,861,842
1882,Elton Brand,2004,2.0,0.63,-1.24,-0.62,-0.62,2.14,-0.38,0.21,-0.96,-0.49,-0.46,0.09,2.7,-1.2,1.5,-0.15,2.1,0.6,0.29,-1.49,0.9,-0.87,30292,15134,15158
1723,Matt Harpring,2004,0.6,0.39,0.1,-0.22,0.34,1.02,0.67,0.04,-0.38,-0.4,0.01,-0.0,1.91,-0.42,1.49,-0.52,1.49,0.42,-0.01,-0.41,1.12,-0.38,23643,11808,11835
1902,Jeff Foster,2004,-1.34,-0.93,-0.77,-0.15,-0.62,1.98,0.1,0.34,0.49,0.13,0.36,0.96,-0.08,1.55,1.47,0.05,2.34,-2.42,0.55,1.0,1.21,1.45,18373,9123,9250
1863,Earl Boykins,2004,0.95,0.64,1.32,0.99,0.35,0.79,-0.77,-0.21,0.61,-0.04,0.65,-1.42,3.26,-1.81,1.45,-0.03,1.16,2.1,-1.46,-0.35,2.11,-0.81,15166,7573,7593
692,Andrew DeClercq,2004,-1.27,-0.62,-0.93,-0.54,-0.38,1.67,0.5,-0.26,1.26,0.53,0.73,-0.43,-0.58,2.01,1.43,0.63,1.52,-2.1,-0.08,2.09,0.74,0.83,12109,6023,6086
1477,Bruce Bowen,2004,-0.16,-0.7,-0.65,-0.17,-0.48,-0.3,1.83,0.62,0.33,-0.32,0.65,0.1,-0.78,2.18,1.4,0.25,-0.1,-0.68,-0.19,2.37,-0.95,0.43,29899,14922,14977
1507,Derek Anderson,2004,1.32,0.34,0.51,0.22,0.3,-0.83,0.29,-0.09,0.71,0.46,0.24,0.17,0.84,0.54,1.38,-0.79,-0.38,1.22,-0.01,0.55,-0.32,0.88,22808,11408,11400
978,Peja Stojakovic,2004,1.83,0.61,1.35,0.83,0.52,-1.19,-0.09,0.08,-0.71,-0.14,-0.57,-0.04,2.7,-1.34,1.36,0.21,-1.78,4.48,-0.51,-0.83,0.16,-0.75,37456,18792,18664
947,Allen Iverson,2004,-0.5,0.98,1.02,0.35,0.66,-0.45,-0.13,-0.13,1.0,0.57,0.43,-0.09,0.72,0.61,1.33,0.48,0.05,0.67,-0.01,0.62,0.57,0.91,32483,16258,16225
2397,Yao Ming,2004,1.86,0.65,-1.06,-0.24,-0.82,-0.07,1.56,0.35,-0.63,-0.31,-0.33,0.21,-0.49,1.8,1.31,-0.56,0.21,-0.7,0.3,1.5,-1.13,-0.42,19091,9551,9540
2050,Morris Peterson,2004,0.53,-0.16,0.58,0.3,0.28,-0.18,0.18,-0.5,-0.24,-0.26,0.03,-0.1,1.21,0.09,1.3,0.53,-0.29,1.5,0.1,-0.01,0.4,-0.34,26261,13113,13148
136,P.J. Brown,2004,-0.53,-0.03,0.19,-0.16,0.34,1.76,-0.25,0.56,-0.34,0.04,-0.38,0.27,1.6,-0.32,1.28,0.18,0.48,1.12,0.17,-0.49,1.95,-0.07,31643,15727,15916
1710,Mike Bibby,2004,1.79,0.81,0.74,0.12,0.64,-1.04,0.81,0.11,-1.21,-0.82,-0.39,0.38,1.61,-0.34,1.27,-0.2,-0.56,2.17,0.32,-0.66,-0.3,-0.83,35468,17784,17684
2572,Josh Howard,2004,-0.08,-0.23,0.03,-0.16,0.2,1.73,-0.66,0.1,0.05,0.56,-0.49,0.1,2.16,-0.9,1.27,0.1,1.68,0.48,-0.39,-0.51,1.76,0.15,6383,3183,3200
1517,Bobby Jackson,2004,-1.13,0.61,0.48,0.21,0.28,1.3,0.38,-0.27,0.13,0.14,-0.01,-0.33,1.37,-0.18,1.2,0.37,1.35,0.02,-0.07,-0.11,1.78,-0.2,20449,10228,10221
1740,Rashard Lewis,2004,1.48,0.55,0.59,0.78,-0.19,0.56,-0.65,0.15,-0.16,0.05,-0.22,-0.31,2.42,-1.23,1.19,-0.32,0.04,2.38,0.0,-1.23,1.15,-0.47,31544,15791,15753
1904,Devean George,2004,-0.35,-0.21,-0.33,-0.12,-0.21,0.15,0.79,0.1,0.26,0.23,0.03,0.58,-0.32,1.49,1.17,0.07,0.35,-0.67,0.74,0.75,-0.18,0.84,24218,12143,12075
2060,Marko Jaric,2004,1.13,0.41,-0.52,-0.26,-0.27,0.78,-0.19,0.1,0.57,0.63,-0.07,-0.45,1.34,-0.19,1.15,-0.17,0.13,1.21,-0.28,0.09,0.26,0.12,11553,5776,5777
105,Dan Majerle,2004,0.33,-0.41,0.1,-0.0,0.12,0.28,0.45,-0.19,-0.14,-0.16,0.02,-0.03,1.01,0.06,1.07,0.08,1.63,-0.62,-0.39,0.45,0.38,-0.17,4400,2208,2192
2548,Dwyane Wade,2004,0.74,0.45,0.39,0.73,-0.34,0.35,-0.71,0.28,0.49,-0.09,0.58,-0.05,1.22,-0.17,1.06,-0.15,0.27,0.95,0.51,-0.68,0.74,0.44,9540,4775,4765
699,Brent Barry,2004,2.52,-0.35,0.26,-0.37,0.63,-0.51,-0.86,0.11,0.37,0.68,-0.3,-0.33,1.29,-0.25,1.04,-0.41,-0.56,1.85,0.14,-0.39,-0.25,0.04,27036,13538,13498
2210,Richard Jefferson,2004,1.62,0.05,-0.27,0.07,-0.35,-1.05,-0.15,-0.12,0.43,0.44,-0.0,0.34,0.24,0.79,1.03,0.11,-1.22,1.46,0.25,0.54,-1.32,0.77,35506,17824,17682
722,Corliss Williamson,2004,0.41,0.27,-1.1,-0.9,-0.2,1.66,0.49,-0.71,-0.14,-0.23,0.09,-0.12,0.58,0.46,1.03,-0.17,0.77,-0.19,-0.09,0.55,0.56,-0.26,21680,10891,10789
208,Sam Cassell,2004,1.14,0.39,1.67,1.08,0.58,-0.29,-0.05,-0.08,-0.34,-0.35,0.01,-0.38,1.5,-0.49,1.01,-0.74,-0.87,2.37,0.15,-0.64,1.38,-0.72,33075,16579,16496
2443,Darius Songaila,2004,0.04,-0.06,0.03,-0.42,0.46,0.82,-0.19,-0.19,0.27,-0.02,0.3,-0.23,1.11,-0.1,1.01,0.27,1.3,-0.19,-0.42,0.32,0.85,0.04,3974,1985,1989
56,Gary Payton,2004,-0.89,-0.77,1.81,1.49,0.33,-0.51,-0.04,0.01,0.05,0.21,-0.16,-0.26,1.49,-0.49,1.0,0.84,0.47,1.02,-0.25,-0.24,1.3,-0.21,38866,19469,19397
2202,Jason Richardson,2004,0.75,-0.1,0.38,0.12,0.27,0.51,0.22,0.03,-0.77,-0.52,-0.26,-0.51,2.06,-1.07,0.99,0.41,0.66,1.4,-0.79,-0.28,0.89,-1.28,31665,15792,15873
950,Stephon Marbury,2004,0.86,0.52,1.75,0.9,0.86,-0.28,-0.81,-0.2,-0.43,-0.21,-0.23,-0.17,2.45,-1.48,0.97,0.05,0.31,2.14,-0.14,-1.34,1.47,-0.6,37779,18922,18857
84,Latrell Sprewell,2004,0.94,0.53,1.1,0.16,0.93,-1.0,0.36,0.17,-0.17,-0.02,-0.15,-0.47,1.26,-0.32,0.94,0.18,-0.58,1.84,-0.21,-0.11,0.1,-0.64,36873,18466,18407
711,Jerry Stackhouse,2004,2.03,1.32,0.29,0.24,0.05,-0.77,-0.13,0.09,0.24,0.36,-0.12,-0.78,1.37,-0.45,0.92,0.04,-1.12,2.49,-0.88,0.43,-0.48,-0.54,24227,12117,12110
461,Popeye Jones,2004,-0.83,0.01,0.34,0.0,0.35,1.85,-0.32,0.0,-0.12,-0.26,0.14,-0.24,1.33,-0.41,0.92,0.24,1.54,-0.21,0.04,-0.45,2.19,-0.36,7776,3872,3904
2544,LeBron James,2004,0.31,0.21,0.56,0.51,0.03,0.22,0.03,-0.01,-0.18,0.31,-0.48,-0.16,1.72,-0.87,0.85,0.07,1.57,0.15,-0.74,-0.13,0.78,-0.34,11700,5851,5849
682,Bob Sura,2004,1.25,0.68,0.14,0.38,-0.23,0.07,-0.12,-0.32,0.25,-0.1,0.35,-0.58,1.44,-0.61,0.83,-0.18,-0.29,1.73,-1.03,0.42,0.21,-0.33,17183,8555,8628
934,Derrick Coleman,2004,0.17,0.08,-0.13,-0.21,0.08,0.4,0.78,0.67,-0.13,0.05,-0.17,0.34,-0.27,1.06,0.79,-0.64,0.35,-0.62,0.66,0.4,0.27,0.21,19238,9648,9590
468,Jon Barry,2004,1.21,0.49,0.42,-0.06,0.46,-0.67,-0.61,-0.35,1.11,0.27,0.84,-0.56,1.01,-0.23,0.78,-0.12,-0.75,1.76,-0.34,0.11,-0.25,0.55,18304,9183,9121
1739,Ruben Patterson,2004,-0.56,0.47,-0.79,-0.22,-0.57,1.82,-0.34,-0.07,0.29,0.29,-0.0,-0.17,1.54,-0.79,0.74,0.49,1.1,0.44,-0.93,0.14,1.03,0.12,18981,9438,9543
966,Jerome Williams,2004,-1.44,-0.42,0.0,-0.13,0.13,1.89,-0.53,0.61,0.62,0.24,0.37,-0.12,0.2,0.53,0.73,0.31,1.18,-0.98,-0.14,0.67,1.89,0.5,20443,10178,10265
2047,Quentin Richardson,2004,-1.27,-0.08,-0.09,0.68,-0.77,1.4,-0.25,-0.1,0.29,-0.1,0.39,-0.2,0.88,-0.21,0.67,0.79,1.68,-0.8,-0.34,0.13,1.31,0.09,21755,10873,10882
988,Randy Livingston,2004,-1.21,-0.03,0.49,0.55,-0.06,0.19,0.64,0.23,-0.26,-0.15,-0.11,0.21,-0.15,0.79,0.64,0.58,0.21,-0.36,0.11,0.68,0.68,-0.05,1088,541,547
1749,Cuttino Mobley,2004,1.27,0.34,0.43,-0.09,0.52,-0.36,-0.35,0.14,-0.87,-0.56,-0.32,0.25,1.54,-0.9,0.64,0.27,-1.22,2.76,-0.06,-0.84,0.07,-0.62,34726,17319,17407
757,Damon Stoudamire,2004,-0.22,-0.0,1.34,0.92,0.43,0.03,-0.33,0.31,-0.5,-0.19,-0.3,0.29,1.29,-0.65,0.64,0.03,0.97,0.32,0.1,-0.75,1.37,-0.21,26710,13332,13378
2049,Speedy Claxton,2004,-1.51,0.5,0.22,0.12,0.09,0.71,-0.34,-0.38,1.7,0.44,1.27,0.33,-0.68,1.32,0.63,-0.48,1.11,-1.79,-0.03,1.35,0.93,2.03,14543,7239,7304
278,Stacey Augmon,2004,-0.29,1.17,-1.36,-0.47,-0.88,0.62,0.77,-0.3,0.48,-0.04,0.52,0.33,-0.74,1.36,0.62,0.07,-0.66,-0.08,0.47,0.89,-0.74,0.81,14512,7195,7317
2306,Carlos Arroyo,2004,0.24,0.06,0.58,0.61,-0.03,0.9,-1.12,-0.63,0.1,0.26,-0.16,-0.1,1.77,-1.16,0.61,0.01,0.48,1.29,0.24,-1.4,1.48,0.0,9530,4750,4780
689,Theo Ratliff,2004,-0.15,-0.34,-0.85,-0.33,-0.53,-0.52,3.01,0.95,-0.25,-0.22,-0.02,-0.35,-2.1,2.7,0.6,-0.29,-0.23,-1.87,0.12,2.58,-1.37,-0.6,19385,9676,9709
1501,Tim Thomas,2004,0.49,-0.38,0.35,0.02,0.31,-0.15,-0.28,-0.07,0.03,-0.36,0.39,-0.27,0.9,-0.31,0.59,0.42,-0.01,0.91,-0.08,-0.23,0.2,-0.24,24787,12421,12366
2407,Jared Jeffries,2004,-1.54,-0.3,-1.71,-0.45,-1.25,2.05,0.43,0.07,0.43,0.28,0.15,0.17,-0.8,1.38,0.58,0.75,1.22,-2.02,0.69,0.69,0.34,0.6,8238,4118,4120
1838,Tyrone Nesby,2004,-1.07,-0.26,0.31,0.36,-0.03,0.95,-0.3,-0.19,0.1,0.25,-0.15,0.68,-0.17,0.75,0.58,-0.09,1.54,-1.71,0.48,0.27,1.26,0.78,5425,2699,2726
2406,Caron Butler,2004,-0.52,0.36,1.14,0.14,1.0,-0.2,-0.5,-0.3,0.26,0.34,-0.08,0.3,0.44,0.12,0.55,0.07,-0.6,1.04,0.41,-0.29,0.94,0.56,20303,10132,10171
970,Othella Harrington,2004,0.27,-0.17,-1.07,-0.23,-0.84,0.4,0.26,0.21,0.46,0.19,0.27,0.2,-0.56,1.09,0.54,0.02,0.53,-1.09,0.92,0.17,-0.67,0.66,15469,7759,7710
375,Isaiah Rider,2004,0.06,0.06,-0.12,0.01,-0.12,0.15,0.41,-0.1,-0.02,-0.11,0.1,0.1,0.03,0.49,0.53,-0.05,-0.19,0.22,0.06,0.43,0.03,0.08,620,308,312
397,Reggie Miller,2004,0.3,0.71,1.08,0.58,0.5,-0.99,-0.41,0.13,0.08,-0.01,0.08,0.17,0.62,-0.11,0.51,0.28,-1.12,1.74,0.26,-0.37,0.09,0.25,29974,15040,14934
727,Eric Snow,2004,-0.3,0.49,-0.22,-0.34,0.12,-0.19,-0.15,0.17,0.74,0.56,0.18,0.54,-0.84,1.33,0.5,0.08,-0.43,-0.41,0.25,1.08,-0.41,1.28,32412,16213,16199
2208,Kedrick Brown,2004,-0.3,-0.14,0.69,-0.03,0.72,-0.15,0.33,0.03,0.17,-0.02,0.2,-0.2,0.36,0.13,0.49,-0.05,-0.34,0.7,-0.84,0.97,0.54,-0.03,6970,3484,3486
297,Alonzo Mourning,2004,0.05,-0.27,-0.19,0.2,-0.37,-0.15,1.88,0.05,-0.4,-0.24,-0.16,-0.22,-1.09,1.58,0.48,-0.49,-0.74,-0.35,-0.16,1.74,-0.34,-0.62,9559,4794,4765
959,Steve Nash,2004,2.08,0.57,0.8,-0.07,0.87,-0.71,-0.65,0.13,0.03,0.22,-0.18,-0.25,1.79,-1.31,0.48,-0.82,-1.59,3.38,-0.54,-0.77,0.09,-0.22,35904,17987,17917
1721,Keon Clark,2004,0.33,-0.73,-1.16,-0.91,-0.26,0.06,1.23,0.13,0.07,-0.01,0.08,-0.41,-0.57,1.04,0.47,0.35,0.39,-0.96,-0.48,1.52,-1.1,-0.34,16061,8027,8034
2418,Casey Jacobsen,2004,-0.03,0.16,-0.33,0.05,-0.37,-0.77,0.54,-0.37,0.14,-0.16,0.3,0.44,-0.41,0.86,0.45,0.46,-0.26,-0.15,0.4,0.46,-1.1,0.58,11294,5678,5616
1497,Chauncey Billups,2004,-0.16,1.33,0.96,0.49,0.48,0.21,-0.76,-0.15,-0.36,-0.01,-0.35,0.45,1.02,-0.58,0.43,0.09,-0.11,1.13,0.35,-0.93,1.17,0.09,32451,16266,16185
2078,Jason Hart,2004,0.48,0.01,-0.55,0.01,-0.56,-0.43,1.1,-0.06,-0.0,0.2,-0.2,0.03,-0.67,1.1,0.43,-0.2,-0.98,0.31,0.26,0.84,-0.98,0.03,2932,1462,1470
693,Joe Smith,2004,-0.81,0.06,-0.19,0.16,-0.34,1.1,0.37,0.2,-0.22,-0.45,0.22,0.59,-0.43,0.82,0.4,-0.44,1.55,-1.98,1.09,-0.27,0.91,0.37,20715,10367,10348
915,Rodney Rogers,2004,-0.08,0.04,0.17,0.01,0.15,0.29,-0.2,-0.23,0.26,0.26,0.01,0.1,0.1,0.28,0.38,-0.16,0.18,-0.08,0.16,0.12,0.46,0.36,20791,10410,10381
937,Scottie Pippen,2004,-0.03,-0.06,-0.13,-0.03,-0.09,0.41,-0.83,-0.2,-0.17,0.15,-0.33,1.14,0.02,0.33,0.34,-0.05,-0.25,0.27,0.69,-0.36,0.28,0.97,16348,8174,8174
87,Dikembe Mutombo,2004,-1.21,-0.03,-1.6,0.12,-1.72,1.07,2.98,1.25,-1.36,-0.71,-0.65,0.78,-2.61,2.96,0.34,-0.32,-0.31,-2.3,1.17,1.79,-0.53,-0.58,19056,9527,9529
2080,Igor Rakocevic,2004,1.15,0.35,-0.53,-0.37,-0.15,-0.45,0.17,-0.2,0.27,0.14,0.13,0.15,0.06,0.27,0.33,-0.43,-0.97,1.03,0.28,-0.01,-0.98,0.42,899,459,440
697,Fred Hoiberg,2004,-0.16,0.32,0.13,0.17,-0.06,-0.76,0.21,-0.25,-0.0,-0.17,0.17,0.74,-0.52,0.84,0.32,0.16,-0.72,0.2,0.26,0.58,-0.63,0.74,16227,8116,8111
185,Chris Webber,2004,0.3,-0.72,-0.7,-0.79,0.1,-0.33,0.8,0.18,0.71,0.31,0.4,-0.55,-0.89,1.2,0.31,0.08,-0.18,-0.71,0.2,1.0,-1.03,0.16,26897,13495,13402
1506,Austin Croshere,2004,-0.32,0.07,-0.16,0.41,-0.56,-0.33,0.14,-0.07,-0.24,-0.52,0.28,0.69,-0.18,0.49,0.3,0.52,0.35,-0.53,0.06,0.43,-0.49,0.45,11826,5933,5893
1538,Cedric Henderson,2004,-0.3,0.16,0.03,0.17,-0.14,0.1,-0.04,-0.05,0.04,0.03,0.01,0.11,0.13,0.16,0.28,0.34,0.15,-0.02,0.05,0.11,0.13,0.15,264,133,131
2501,Reggie Evans,2004,-1.91,-0.64,-1.06,-0.14,-0.93,2.31,-0.63,-0.13,0.97,0.41,0.55,0.1,-0.64,0.92,0.28,0.5,1.36,-2.0,0.56,0.36,1.25,1.07,9499,4732,4767
1714,Robert Traylor,2004,-0.03,-1.03,-1.24,0.08,-1.31,1.14,-0.19,-0.6,-0.26,0.05,-0.33,0.36,0.49,-0.22,0.27,0.49,0.8,-0.31,-0.1,-0.12,-0.1,0.1,9785,4867,4918
1032,Darvin Ham,2004,-1.05,-0.44,-2.09,-0.52,-1.57,1.28,1.39,-0.52,0.18,-0.03,0.22,0.73,-1.77,2.01,0.24,-0.2,0.09,-1.86,0.75,1.26,-0.81,0.91,9891,4881,5010
1760,Derrick Dial,2004,-1.76,-0.16,0.45,0.48,-0.03,0.33,1.02,0.02,-0.04,-0.04,0.0,0.02,-0.83,1.06,0.23,0.21,0.06,-0.89,0.11,0.95,0.78,-0.02,1373,688,685
369,Charlie Ward,2004,-1.06,-0.66,-0.1,-0.66,0.56,-0.45,0.58,-0.46,0.88,0.02,0.87,0.31,-1.5,1.73,0.23,0.07,0.77,-2.27,0.53,1.2,-0.55,1.19,14002,7011,6991
2217,Brendan Haywood,2004,-2.2,-0.98,-0.27,0.07,-0.34,1.69,1.63,0.9,-0.55,0.01,-0.55,-0.05,-1.26,1.48,0.22,-0.03,1.69,-2.95,0.5,0.98,1.42,-0.6,16957,8455,8502
2552,Michael Sweetney,2004,0.03,0.49,0.13,0.22,-0.09,0.76,-0.49,-0.24,0.04,0.22,-0.17,-0.1,1.0,-0.82,0.18,-0.19,1.94,-0.94,-0.18,-0.64,0.89,-0.06,1947,970,977
1747,Rafer Alston,2004,-0.7,-0.63,0.72,0.24,0.48,-0.47,0.08,-0.15,0.0,-0.04,0.05,0.19,0.24,-0.06,0.18,0.36,-0.02,0.26,0.08,-0.14,0.25,0.19,16076,8008,8068
147,Jalen Rose,2004,1.38,0.22,0.53,0.51,0.01,-1.07,0.35,-0.33,-0.25,-0.09,-0.17,-0.88,0.65,-0.48,0.16,0.1,-0.98,1.63,-1.11,0.63,-0.54,-1.13,33976,17009,16967
1498,Antonio Daniels,2004,1.03,1.02,1.2,0.49,0.71,-0.48,-0.27,-0.08,-0.21,-0.13,-0.08,-0.55,1.77,-1.63,0.14,-0.58,0.38,1.39,-0.76,-0.87,0.72,-0.76,17720,8868,8852
2037,Jamal Crawford,2004,-1.0,-0.33,1.15,0.69,0.46,-0.15,-0.09,-0.02,-0.21,0.05,-0.25,0.21,0.52,-0.39,0.13,0.22,0.65,-0.13,0.37,-0.76,1.0,0.0,19876,9950,9926
15,Eric Piatkowski,2004,-0.19,-0.47,0.12,0.19,-0.06,-0.15,0.08,-0.13,-0.6,-0.23,-0.38,0.34,0.02,0.12,0.13,0.53,0.96,-0.94,0.29,-0.17,-0.03,-0.26,13915,6967,6948
1505,Tariq Abdul-Wahad,2004,-0.67,-0.21,0.39,0.09,0.3,0.32,-0.44,-0.28,0.37,0.46,-0.09,0.13,0.33,-0.2,0.13,0.03,-0.09,0.42,-0.01,-0.19,0.71,0.5,2702,1347,1355
2399,Mike Dunleavy,2004,0.07,-0.03,-1.35,-0.64,-0.72,0.41,-0.18,-0.07,-0.11,-0.19,0.09,0.51,-0.08,0.2,0.12,0.77,0.6,-0.68,0.74,-0.54,-0.94,0.4,13738,6868,6870
348,Mitchell Butler,2004,0.56,0.18,-0.39,-0.51,0.1,0.21,-0.03,-0.28,-0.12,-0.32,0.2,0.07,0.42,-0.31,0.11,-0.19,-0.15,0.57,0.05,-0.36,-0.18,-0.05,2569,1280,1289
2570,Kendrick Perkins,2004,0.18,-0.07,0.02,-0.02,0.05,0.26,-0.39,-0.14,-0.04,-0.01,-0.03,0.03,0.47,-0.37,0.1,0.04,0.35,0.12,0.12,-0.49,0.28,-0.01,138,70,68
248,George Lynch,2004,-2.18,-0.47,-0.89,-0.29,-0.59,0.87,0.69,-0.08,0.72,0.13,0.58,-0.04,-1.3,1.4,0.1,0.93,0.46,-1.76,0.5,0.9,-0.02,0.68,16957,8385,8572
2365,Chris Andersen,2004,-1.91,-0.67,-0.58,-0.62,0.03,0.78,1.49,0.21,0.26,0.29,-0.03,-0.39,-1.01,1.08,0.07,0.42,-0.06,-0.95,-0.58,1.66,0.2,-0.13,8353,4146,4207
1727,Pat Garrity,2004,2.54,0.11,0.49,0.37,0.12,-1.92,-0.98,0.08,-0.38,-0.04,-0.35,-0.03,1.61,-1.53,0.07,0.35,-1.15,2.76,0.2,-1.73,-1.43,-0.41,20072,10118,9954
1052,Ben Handlogten,2004,0.11,0.13,0.07,0.23,-0.16,0.17,-0.42,-0.23,-0.23,-0.07,-0.16,0.01,0.8,-0.75,0.05,0.34,0.72,0.08,0.01,-0.76,0.24,-0.22,603,301,302
209,Dell Curry,2004,-0.37,-0.02,0.6,0.16,0.45,-0.48,-0.41,-0.65,0.51,0.05,0.47,-0.06,0.0,0.05,0.05,0.26,-0.08,0.08,0.27,-0.22,0.12,0.45,3392,1703,1689
72,Kenny Anderson,2004,-1.82,-0.69,0.39,0.22,0.16,0.33,1.03,-0.0,0.37,0.46,-0.1,0.4,-1.89,1.94,0.05,-0.65,0.61,-2.5,-0.04,1.98,0.72,0.77,18865,9437,9428
2072,Michael Redd,2004,1.61,0.77,1.23,0.38,0.85,0.04,-1.78,-0.15,-0.72,-0.03,-0.68,-0.28,3.6,-3.56,0.04,-0.06,0.34,3.26,-0.67,-2.89,1.27,-1.0,26353,13201,13152
2581,Steve Blake,2004,0.32,-0.23,0.52,0.56,-0.05,-0.51,-0.59,-0.08,0.38,0.17,0.2,-0.11,-0.06,0.09,0.04,0.03,0.06,-0.12,0.69,-0.6,0.01,0.27,5261,2640,2621
1885,Lamar Odom,2004,-0.19,-0.05,-0.35,-0.03,-0.33,-0.08,1.17,0.06,-0.7,-0.35,-0.35,0.08,-0.47,0.49,0.03,0.1,-0.12,-0.35,-0.64,1.13,-0.43,-0.62,22600,11298,11302
2250,Bobby Simmons,2004,-1.54,0.94,0.49,0.47,0.02,1.25,-1.08,-0.52,0.16,0.02,0.14,0.57,0.37,-0.35,0.02,0.17,1.86,-1.49,0.72,-1.07,1.74,0.73,7748,3859,3889
1038,Juaquin Hawkins,2004,0.39,-0.14,-0.24,-0.12,-0.13,0.04,0.23,-0.06,-0.38,-0.34,-0.04,0.26,0.06,-0.05,0.0,-0.3,-0.16,0.22,0.62,-0.67,-0.2,-0.12,2418,1200,1218
2405,Amar'e Stoudemire,2004,1.59,0.59,-1.49,-0.09,-1.39,0.45,-0.28,0.3,-0.36,-0.09,-0.27,-0.39,0.8,-0.83,-0.02,0.46,0.4,0.4,-0.64,-0.19,-1.04,-0.75,18025,9034,8991
2032,Darius Miles,2004,-0.51,-0.62,-0.81,-0.31,-0.5,0.13,1.77,0.45,-0.16,0.21,-0.37,-0.43,-1.25,1.22,-0.03,-0.02,-0.08,-1.17,-0.77,1.99,-0.68,-0.59,23461,11698,11763
1074,Matt Maloney,2004,0.03,0.08,0.03,0.19,-0.14,0.15,-0.2,-0.06,0.01,0.09,-0.08,-0.01,0.15,-0.18,-0.03,-0.04,0.38,-0.23,0.13,-0.31,0.18,0.0,365,185,180
1917,Wang Zhi-zhi,2004,0.55,-0.16,-0.24,-0.5,0.26,-0.2,-0.36,-0.2,0.09,0.15,-0.07,0.04,0.23,-0.26,-0.03,0.09,-0.21,0.44,-0.53,0.27,-0.44,0.13,4382,2198,2184
393,Rod Strickland,2004,0.19,-0.15,0.76,0.03,0.71,0.09,-0.36,0.03,-0.29,-0.13,-0.16,-0.1,0.68,-0.73,-0.05,-0.34,-0.01,0.69,-0.17,-0.56,0.85,-0.39,16458,8240,8218
361,Clifford Robinson,2004,1.38,-0.23,1.01,0.43,0.57,-1.94,-0.53,0.24,-0.03,-0.31,0.27,-0.1,0.11,-0.17,-0.05,0.16,-1.24,1.35,-0.03,-0.14,-0.93,-0.13,34480,17245,17235
2071,Olumide Oyedeji,2004,-0.92,-0.43,-0.17,-0.19,0.02,0.91,0.24,-0.0,-0.32,-0.02,-0.29,0.04,0.2,-0.27,-0.06,0.16,0.09,0.11,0.09,-0.36,0.74,-0.28,1389,684,705
2667,Desmond Penigar,2004,-0.24,-0.16,-0.05,0.02,-0.07,0.09,-0.03,-0.06,0.01,0.0,0.02,0.07,-0.21,0.14,-0.07,0.08,-0.06,-0.15,0.06,0.08,0.04,0.08,322,165,157
2410,Fred Jones,2004,0.57,0.21,-0.64,-0.05,-0.59,-0.0,0.0,-0.26,0.04,0.54,-0.49,0.45,-0.21,0.13,-0.08,-0.5,-1.11,0.9,0.2,-0.07,-0.64,0.49,6726,3342,3384
445,Wesley Person,2004,2.05,-0.15,1.38,1.09,0.3,-1.54,-0.68,0.34,-0.93,-0.52,-0.41,0.1,1.99,-2.07,-0.08,-0.46,-1.15,3.14,-0.53,-1.54,-0.16,-0.83,21447,10751,10696
1891,Jason Terry,2004,1.26,0.33,0.65,0.37,0.27,-0.68,-0.96,-0.06,-0.32,0.41,-0.73,0.02,1.36,-1.45,-0.09,-0.06,-0.67,2.03,-0.15,-1.3,-0.03,-0.3,34234,17158,17076
948,Marcus Camby,2004,-1.91,-0.63,-0.41,0.15,-0.56,1.32,0.53,0.1,0.01,-0.14,0.15,0.02,-0.78,0.69,-0.09,0.35,1.14,-1.92,0.21,0.48,0.91,0.03,14853,7394,7459
2204,Eddie Griffin,2004,-1.64,-0.83,0.71,-0.01,0.72,-0.27,1.81,0.77,-0.73,-0.33,-0.39,-0.3,-0.98,0.88,-0.09,0.33,-0.21,-0.77,-0.07,0.95,0.44,-1.03,13717,6834,6883
2246,Mehmet Okur,2004,-1.02,-0.07,-0.33,0.01,-0.34,1.07,-0.44,-0.04,0.3,-0.1,0.41,0.52,-0.63,0.53,-0.1,-0.2,0.88,-1.51,0.69,-0.16,0.74,0.82,12614,6310,6304
1899,James Posey,2004,-1.12,0.34,-0.01,0.08,-0.09,0.74,-1.08,-0.24,1.1,0.69,0.41,0.1,-0.23,0.11,-0.11,0.16,0.7,-0.93,0.0,0.11,0.73,1.2,27070,13511,13559
1887,Wally Szczerbiak,2004,0.89,0.48,0.12,0.38,-0.26,0.21,-0.22,0.17,-0.73,-0.12,-0.61,0.17,1.15,-1.26,-0.11,-0.55,0.88,0.27,-0.35,-0.91,0.33,-0.56,23354,11724,11630
2366,Mike Wilks,2004,-0.23,0.2,-0.08,0.08,-0.16,-0.15,0.5,-0.4,-0.05,-0.11,0.05,0.1,-0.45,0.33,-0.12,-0.21,-0.94,0.49,-0.08,0.41,-0.23,0.05,2890,1435,1455
165,Hakeem Olajuwon,2004,-0.47,-1.22,-0.58,-0.5,-0.07,0.64,-0.09,0.24,0.46,0.01,0.45,-0.24,-0.58,0.43,-0.15,0.13,-0.18,-0.4,0.34,0.09,0.06,0.22,5320,2652,2668
2240,Gilbert Arenas,2004,1.03,0.75,0.2,0.14,0.05,0.87,-0.75,0.01,-0.21,-0.09,-0.13,-0.97,1.59,-1.76,-0.16,-0.33,1.05,0.54,-0.41,-1.35,1.07,-1.18,23738,11863,11875
2550,Kirk Hinrich,2004,0.19,-0.3,-0.01,-0.15,0.14,-0.63,0.87,-0.51,0.11,-0.09,0.21,-0.18,-0.89,0.72,-0.17,-0.52,-0.46,-0.43,0.33,0.39,-0.64,-0.07,9988,4982,5006
2249,Jamison Brewer,2004,-0.67,-0.5,-0.66,-0.38,-0.27,0.24,0.02,-0.24,0.14,0.07,0.08,0.3,-0.74,0.55,-0.19,0.44,-0.29,-0.45,0.54,0.01,-0.42,0.44,1022,503,519
2580,Travis Hansen,2004,-0.14,0.21,0.28,0.24,0.02,0.28,-0.86,-0.58,0.05,-0.09,0.14,0.24,0.43,-0.64,-0.2,-0.05,-0.34,0.77,0.11,-0.75,0.56,0.29,1875,933,942
1572,Nate Huffman,2004,0.1,0.19,-0.09,-0.1,0.02,-0.03,-0.62,-0.25,0.1,0.01,0.1,0.03,0.21,-0.42,-0.21,0.3,0.11,0.1,0.09,-0.51,-0.12,0.13,283,139,144
2558,Reece Gaines,2004,-0.25,-0.17,0.44,0.44,-0.01,-0.41,0.19,0.14,-0.18,-0.05,-0.13,0.1,-0.22,0.0,-0.22,-0.11,0.35,-0.57,-0.15,0.15,0.03,-0.08,1274,641,633
1765,Torraye Braggs,2004,-0.33,0.06,-0.29,-0.15,-0.13,0.26,-0.08,-0.22,0.35,0.05,0.3,-0.1,-0.32,0.07,-0.25,-0.06,0.29,-0.61,-0.2,0.27,-0.03,0.25,531,266,265
2062,A.J. Guyton,2004,-1.26,-0.34,0.49,0.37,0.1,0.29,-0.61,0.09,0.24,0.08,0.17,0.06,0.03,-0.29,-0.25,0.54,0.11,-0.08,0.37,-0.66,0.78,0.3,2228,1113,1115
922,Elden Campbell,2004,-0.25,0.37,0.19,0.43,-0.23,-0.66,0.56,0.38,-0.39,0.11,-0.51,-0.04,-0.29,0.0,-0.28,0.31,-0.58,0.29,-0.64,0.64,-0.47,-0.43,15201,7538,7663
2253,Sean Lampley,2004,-0.3,-0.01,-0.34,-0.16,-0.16,0.16,0.4,0.15,-0.05,-0.07,0.01,0.14,-0.62,0.29,-0.33,-0.34,-0.27,-0.35,0.51,-0.22,-0.18,0.09,1955,983,972
2421,Frank Williams,2004,0.37,-0.26,-0.3,-0.21,-0.09,-0.47,0.41,-0.13,-0.13,-0.09,-0.04,-0.23,-0.59,0.26,-0.33,0.02,-0.13,-0.46,-0.43,0.69,-0.77,-0.36,3411,1706,1705
2446,Rasual Butler,2004,-0.1,-0.1,0.26,0.02,0.24,-0.61,1.03,-0.24,-0.59,-0.41,-0.17,-0.16,-0.29,-0.07,-0.36,-0.19,-0.37,0.08,-0.62,0.55,-0.35,-0.75,8026,4006,4020
252,Karl Malone,2004,1.8,1.95,-1.0,-1.3,0.3,-0.23,-0.56,-0.39,0.24,-0.15,0.39,0.14,0.23,-0.6,-0.37,-0.76,-1.03,1.26,0.27,-0.87,-1.23,0.38,31565,15761,15804
2224,Jamaal Tinsley,2004,0.26,0.18,0.22,-0.48,0.7,-0.36,-0.68,-0.51,0.6,0.03,0.57,-0.02,-0.19,-0.18,-0.37,-0.39,-0.27,0.08,-0.06,-0.12,-0.14,0.58,25395,12698,12697
1499,Tony Battie,2004,-1.88,-0.72,-0.12,0.16,-0.28,-0.15,2.28,0.35,-0.42,-0.28,-0.14,0.22,-2.61,2.23,-0.38,-0.31,0.18,-2.79,-0.18,2.41,-0.27,-0.2,20936,10463,10473
1049,Shane Heal,2004,-0.78,-0.05,-0.14,-0.14,-0.0,0.21,0.18,-0.13,0.08,0.1,-0.02,-0.08,-0.44,0.05,-0.39,0.14,0.13,-0.57,-0.17,0.22,0.07,0.0,246,125,121
2048,Jamaal Magloire,2004,0.86,0.17,-0.37,0.28,-0.65,0.27,0.37,0.46,-0.75,-0.5,-0.25,0.06,-0.27,-0.12,-0.39,-0.83,0.74,-1.01,-0.29,0.17,-0.1,-0.69,26871,13411,13460
754,Jim Jackson,2004,-0.72,-0.63,-0.91,-0.24,-0.65,0.04,1.76,-0.49,-0.48,-0.35,-0.13,0.35,-1.44,1.05,-0.39,-0.43,-0.32,-1.12,0.26,0.79,-0.87,-0.13,24656,12315,12341
255,Grant Hill,2004,-0.62,0.43,0.06,-0.07,0.13,0.06,0.29,-0.03,-0.04,-0.05,0.01,-0.36,-0.5,0.11,-0.39,0.22,0.17,-0.67,-0.07,0.18,0.12,-0.4,5194,2608,2586
2617,Udonis Haslem,2004,-1.0,0.1,-1.13,-0.49,-0.65,0.89,-0.28,-0.46,0.3,0.1,0.21,0.07,-0.8,0.4,-0.4,0.75,0.95,-1.75,-0.39,0.79,-0.24,0.37,6903,3415,3488
2209,Vladimir Radmanovic,2004,0.62,-0.35,-0.02,0.33,-0.35,-0.58,-0.23,-0.2,0.83,0.64,0.18,-0.56,0.0,-0.41,-0.4,-0.46,-0.99,0.99,-0.34,-0.07,-0.6,0.27,20430,10235,10195
2430,Carlos Boozer,2004,-0.27,-0.12,0.33,-0.12,0.44,0.32,-1.21,0.11,-0.72,-0.09,-0.63,0.51,0.77,-1.18,-0.41,0.63,0.38,0.39,0.59,-1.77,0.65,-0.21,17650,8811,8839
1051,Dean Garrett,2004,-0.87,-0.35,0.31,0.08,0.23,-0.02,0.07,-0.04,0.01,-0.11,0.13,-0.24,-0.24,-0.18,-0.42,0.32,0.48,-0.72,-0.22,0.04,0.29,-0.23,687,341,346
2229,Mike James,2004,-0.83,-0.59,0.6,0.19,0.42,0.15,-0.43,-0.26,0.7,0.59,0.11,-0.1,-0.08,-0.35,-0.43,-0.52,0.38,-0.46,0.33,-0.68,0.75,0.6,15427,7708,7719
2724,Desmond Ferguson,2004,-0.3,-0.15,-0.19,-0.05,-0.13,0.01,0.13,-0.13,-0.07,-0.03,-0.03,0.02,-0.55,0.11,-0.44,-0.04,-0.11,-0.44,0.07,0.04,-0.18,-0.05,97,51,46
2411,Bostjan Nachbar,2004,0.54,0.04,-1.51,-0.74,-0.77,0.24,0.08,-0.3,0.05,-0.19,0.25,0.22,-0.65,0.2,-0.44,-0.06,-0.77,0.12,-0.19,0.39,-1.27,0.27,2245,1117,1128
2223,Samuel Dalembert,2004,-0.99,-0.82,-0.48,-0.55,0.08,0.57,1.43,0.14,0.12,-0.23,0.35,-0.78,-1.15,0.69,-0.46,-0.33,-0.5,-0.65,-0.78,1.47,0.09,-0.66,8559,4269,4290
949,Shareef Abdur-Rahim,2004,-0.46,0.65,0.01,0.2,-0.2,-0.75,0.49,0.17,-0.04,0.27,-0.32,-0.16,-0.68,0.22,-0.46,0.45,-0.16,-0.52,-0.21,0.43,-0.74,-0.2,32155,16075,16080
1563,Kevin Ollie,2004,-0.22,0.94,0.07,-0.02,0.09,-0.8,0.52,0.02,0.27,0.31,-0.03,0.31,-0.87,0.41,-0.46,-0.61,0.22,-1.09,-0.33,0.74,-0.73,0.58,18518,9239,9279
990,Malik Rose,2004,0.1,0.75,-1.63,-0.4,-1.22,0.21,0.19,0.31,0.6,0.14,0.45,0.2,-1.14,0.68,-0.46,-0.13,-0.77,-0.37,-0.34,1.02,-1.42,0.8,21037,10515,10522
1761,Greg Buckner,2004,0.08,-0.03,0.51,0.02,0.49,-0.09,-1.27,-0.95,0.18,-0.2,0.38,0.07,0.79,-1.25,-0.46,0.06,0.61,0.18,0.33,-1.58,0.42,0.25,12529,6237,6292
384,Calbert Cheaney,2004,0.89,-0.69,0.29,0.05,0.24,-1.23,-0.44,0.18,0.13,0.05,0.08,0.01,-0.13,-0.34,-0.47,-0.12,-1.06,0.93,-0.08,-0.26,-0.94,0.14,22404,11169,11235
2035,DerMarr Johnson,2004,-0.73,0.21,-0.05,-0.33,0.29,-0.14,-0.41,-0.12,0.14,0.31,-0.16,0.3,-0.72,0.24,-0.47,0.42,-0.33,-0.39,0.76,-0.52,-0.19,0.44,7614,3795,3819
1892,Trajan Langdon,2004,-1.16,0.31,0.09,0.07,0.02,-0.39,0.28,-0.22,0.25,0.03,0.22,0.29,-1.56,1.06,-0.5,0.14,-0.4,-1.16,0.19,0.87,-0.3,0.54,1826,919,907
2575,Luke Walton,2004,0.28,-0.28,-0.23,-0.2,-0.03,-0.32,-0.62,-0.29,0.15,-0.1,0.25,0.01,-0.26,-0.24,-0.5,0.23,-0.19,-0.07,0.2,-0.44,-0.55,0.16,3129,1571,1558
2604,Theron Smith,2004,-0.36,-0.14,-0.5,0.03,-0.52,0.21,-0.13,-0.32,-0.17,-0.03,-0.14,0.05,-0.23,-0.27,-0.5,0.4,0.3,-0.53,-0.14,-0.13,-0.29,-0.12,623,311,312
1073,Reggie Slater,2004,-1.07,0.03,0.26,0.01,0.24,0.57,-0.43,-0.05,-0.08,-0.01,-0.07,0.1,-0.12,-0.42,-0.53,0.12,-0.08,-0.04,0.04,-0.46,0.83,0.02,719,360,359
1683,Larry Robinson,2004,-0.34,-0.05,0.02,0.03,-0.0,-0.03,-0.24,-0.11,0.01,0.02,0.0,0.01,-0.32,-0.22,-0.54,0.03,-0.01,-0.31,0.01,-0.23,-0.01,0.02,35,17,18
694,Sam Mack,2004,0.0,-0.04,-0.56,-0.13,-0.43,-0.23,0.13,-0.16,0.23,0.15,0.08,-0.19,-0.72,0.17,-0.55,0.07,-0.43,-0.29,-0.04,0.21,-0.79,0.04,586,297,289
1513,Scot Pollard,2004,-2.09,-0.9,-0.82,-0.09,-0.73,1.2,0.6,0.24,-0.13,-0.19,0.07,0.24,-1.26,0.71,-0.55,0.45,1.82,-3.08,0.25,0.46,0.38,0.11,11894,5947,5947
703,Kurt Thomas,2004,-0.63,-0.6,1.08,0.26,0.82,-0.74,-0.15,0.19,-0.38,-0.53,0.15,0.09,-0.4,-0.15,-0.55,0.18,-0.24,-0.16,-0.39,0.24,0.34,-0.29,29928,14984,14944
1724,Bryce Drew,2004,-0.03,-0.51,0.63,0.21,0.43,-0.69,0.32,0.1,-0.24,-0.16,-0.08,0.24,-0.75,0.19,-0.56,-0.79,-0.52,-0.23,0.47,-0.28,-0.06,0.0,3423,1715,1708
1908,Jumaine Jones,2004,0.3,-0.59,0.17,-0.16,0.34,0.09,-0.9,-0.28,0.48,0.21,0.27,-0.72,0.86,-1.44,-0.58,0.0,0.26,0.6,-0.08,-1.36,0.26,-0.24,17770,8879,8891
779,Glen Rice,2004,-0.68,0.29,-0.03,-0.09,0.07,-0.17,0.32,-0.13,-0.58,-0.42,-0.15,0.19,-0.51,-0.07,-0.58,0.37,0.21,-0.72,0.34,-0.41,-0.2,-0.39,8601,4296,4305
2404,Chris Wilcox,2004,-0.26,-0.48,0.0,-0.45,0.46,0.03,-0.24,-0.43,-0.24,0.2,-0.43,0.08,0.01,-0.59,-0.58,0.05,1.55,-1.54,-0.1,-0.49,0.03,-0.16,6783,3387,3396
353,Darrell Armstrong,2004,-0.6,0.13,0.08,-0.2,0.27,-0.06,-0.35,-0.32,1.45,0.72,0.73,-0.59,-0.64,0.05,-0.58,-0.51,0.44,-1.08,-0.16,0.21,0.02,0.86,29546,14853,14693
1559,Adrian Griffin,2004,-0.34,-0.16,0.81,0.27,0.55,-0.3,-1.3,-0.35,0.29,0.6,-0.29,0.1,0.17,-0.76,-0.59,0.15,-0.14,0.31,0.03,-0.79,0.51,0.39,11613,5786,5827
1712,Antawn Jamison,2004,-0.17,0.11,0.48,0.19,0.3,1.63,-1.91,-0.38,-0.36,0.13,-0.49,-0.41,2.4,-2.99,-0.6,0.14,1.38,1.02,-0.31,-2.68,2.11,-0.77,33969,16968,17001
1509,Kelvin Cato,2004,-0.86,-0.98,-1.0,-0.85,-0.15,0.75,0.63,0.64,-0.36,-0.04,-0.32,0.69,-1.76,1.15,-0.61,-0.46,-0.41,-1.35,0.19,0.96,-0.25,0.33,18248,9087,9161
983,Moochie Norris,2004,-0.68,-0.1,-0.0,0.34,-0.34,1.0,-0.38,-0.02,-0.03,-0.1,0.07,-0.48,0.38,-1.0,-0.62,-0.05,0.93,-0.55,-0.39,-0.61,1.0,-0.51,15757,7869,7888
423,Chris Gatling,2004,-1.13,-0.03,-0.12,0.07,-0.17,0.41,-0.27,-0.33,0.02,-0.16,0.18,-0.01,-0.61,-0.01,-0.62,0.48,0.16,-0.77,-0.1,0.09,0.29,0.01,2828,1408,1420
1910,Leon Smith,2004,-0.51,0.01,-0.13,0.01,-0.14,0.15,-0.38,-0.16,0.15,0.04,0.12,0.1,-0.51,-0.11,-0.62,0.0,0.09,-0.6,0.1,-0.21,0.02,0.25,387,194,193
2442,Chris Owens,2004,-0.27,-0.07,-0.13,-0.05,-0.07,-0.01,-0.23,-0.1,-0.09,-0.04,-0.03,0.03,-0.38,-0.24,-0.63,0.07,0.06,-0.44,0.04,-0.28,-0.14,-0.06,23,12,11
954,Kerry Kittles,2004,-0.31,-0.48,-0.03,-0.37,0.34,-0.3,-0.38,0.25,-0.32,-0.17,-0.14,0.24,-0.23,-0.41,-0.64,0.46,-0.54,0.31,-0.04,-0.37,-0.33,-0.08,33728,16945,16783
1496,Keith Van Horn,2004,1.0,-0.01,-0.51,-0.01,-0.5,0.1,-0.64,-0.09,0.09,-0.45,0.53,-0.05,0.04,-0.69,-0.65,-0.64,0.23,-0.19,0.36,-1.05,-0.41,0.04,31353,15761,15592
2347,Tang Hamilton,2004,-0.76,-0.08,-0.19,-0.06,-0.12,-0.03,0.09,-0.25,0.24,0.01,0.23,-0.12,-0.84,0.19,-0.65,0.12,-0.27,-0.57,-0.13,0.32,-0.22,0.12,347,171,176
2559,Troy Bell,2004,-0.35,0.15,-0.3,-0.0,-0.29,0.1,-0.23,-0.23,-0.02,-0.07,0.05,0.16,-0.56,-0.1,-0.66,-0.02,-0.1,-0.46,0.21,-0.31,-0.2,0.14,141,70,71
1719,Bonzi Wells,2004,0.3,0.58,-1.01,-0.56,-0.46,0.66,-1.25,-0.31,0.51,0.13,0.38,0.24,0.06,-0.73,-0.68,-0.13,0.25,-0.19,0.2,-0.93,-0.35,0.75,26053,13036,13017
2068,Lavor Postell,2004,-0.75,0.39,-0.09,-0.06,-0.03,-0.21,0.22,0.08,0.05,0.04,0.01,0.14,-1.27,0.6,-0.68,-0.04,-0.51,-0.76,0.13,0.47,-0.3,0.19,1032,519,513
1502,Adonal Foyle,2004,-1.71,-0.42,-1.0,-0.17,-0.82,0.41,2.3,0.75,-0.25,-0.24,-0.01,-0.6,-2.38,1.67,-0.71,0.14,-0.22,-2.16,-1.29,2.96,-0.59,-0.85,14622,7251,7371
180,John Crotty,2004,-1.17,0.19,0.82,0.28,0.56,-0.3,0.48,-0.11,-0.27,-0.05,-0.22,-0.15,-0.18,-0.55,-0.73,-0.14,0.62,-0.8,-0.63,0.08,0.52,-0.42,3558,1772,1786
1733,Al Harrington,2004,-0.59,0.24,0.02,0.49,-0.46,0.11,-1.09,-0.63,0.57,-0.23,0.79,0.08,-0.1,-0.63,-0.73,0.17,0.53,-0.63,0.83,-1.46,0.13,0.65,24717,12325,12392
219,Vinny Del Negro,2004,-0.39,-0.06,-0.06,-0.01,-0.05,-0.01,-0.22,-0.11,-0.07,-0.04,-0.02,0.02,-0.47,-0.27,-0.74,-0.01,-0.09,-0.38,-0.02,-0.25,-0.07,-0.05,17,8,9
469,Jamal Mashburn,2004,0.04,-0.04,0.62,0.37,0.23,-0.08,0.6,0.24,-0.36,-0.1,-0.26,-0.03,-0.9,0.16,-0.74,-1.53,0.67,-1.57,-0.04,0.2,0.54,-0.39,21252,10621,10631
1942,Harold Jamison,2004,-0.81,-0.16,-0.09,0.03,-0.12,0.87,-0.58,-0.09,0.02,-0.01,0.04,-0.17,0.06,-0.8,-0.74,0.02,0.52,-0.46,-0.55,-0.25,0.78,-0.15,651,329,322
2419,Tayshaun Prince,2004,-1.21,-0.42,0.29,0.62,-0.33,-0.36,1.52,0.79,-0.29,0.14,-0.43,-0.32,-2.19,1.43,-0.76,-0.39,-0.69,-1.5,-0.25,1.68,-0.07,-0.61,15463,7750,7713
2058,Mark Madsen,2004,-2.92,-0.97,0.41,0.24,0.17,2.36,-1.2,-0.37,-0.29,-0.42,0.13,1.09,-0.12,-0.65,-0.77,-0.22,2.71,-2.83,0.51,-1.16,2.77,0.8,11301,5631,5670
2428,Vincent Yarbrough,2004,-0.86,0.11,0.67,-0.1,0.78,-0.11,-1.01,-0.7,0.48,0.69,-0.2,0.13,-0.43,-0.36,-0.8,-0.1,0.5,-0.93,-0.09,-0.27,0.56,0.61,5151,2562,2589
2207,Joe Johnson,2004,-0.67,-0.32,0.8,0.31,0.49,-0.82,0.65,0.02,-0.38,-0.16,-0.22,-0.34,-0.59,-0.21,-0.8,-0.04,-0.67,0.08,-0.75,0.54,-0.02,-0.72,28730,14389,14341
2040,Jerome Moiso,2004,-2.28,-0.95,-0.7,-0.23,-0.46,0.37,1.62,0.0,0.45,0.31,0.14,-0.08,-2.89,2.09,-0.8,-0.18,0.36,-3.25,-0.05,2.14,-0.33,0.37,4196,2096,2100
2569,Ndudi Ebi,2004,-0.39,-0.09,0.01,0.03,-0.02,-0.03,-0.23,-0.1,-0.08,0.01,-0.09,-0.09,-0.33,-0.48,-0.8,0.01,-0.08,-0.25,-0.21,-0.27,-0.02,-0.17,98,47,51
344,Dana Barros,2004,-0.38,-0.18,0.14,0.01,0.12,-0.52,-0.38,-0.23,-0.13,0.07,-0.2,0.17,-0.53,-0.27,-0.8,0.3,-0.03,-0.5,0.24,-0.51,-0.38,0.04,2240,1116,1124
762,Shawn Bradley,2004,-2.1,0.02,0.42,-0.38,0.8,-1.22,1.26,0.33,0.86,0.73,0.14,-0.12,-2.85,2.05,-0.81,0.09,0.6,-3.45,-0.12,2.17,-0.8,0.74,13089,6525,6564
952,Antoine Walker,2004,-0.46,-0.88,0.39,-0.17,0.57,-0.18,-1.13,0.08,-0.13,0.32,-0.46,0.1,0.16,-0.98,-0.81,0.6,0.13,0.03,0.31,-1.29,0.21,-0.03,40606,20363,20243
2091,Daniel Santiago,2004,0.3,-0.38,-0.02,-0.2,0.17,-0.88,-0.08,0.13,0.47,0.08,0.39,0.04,-1.19,0.37,-0.82,-0.65,-1.34,0.15,0.13,0.24,-0.9,0.51,2764,1388,1376
935,Bryon Russell,2004,-1.74,0.16,0.64,-0.15,0.8,-0.1,-1.03,-0.35,0.66,-0.26,0.91,0.62,-1.18,0.37,-0.82,0.13,-0.21,-0.97,0.29,0.08,0.54,1.28,16224,8089,8135
1918,Obinna Ekezie,2004,-0.95,-0.16,-0.13,0.09,-0.22,0.25,0.05,-0.05,-0.01,-0.07,0.05,-0.06,-0.85,0.02,-0.83,0.02,-0.23,-0.62,-0.14,0.16,0.12,-0.07,537,270,267
2673,Hiram Fuller,2004,-1.11,-0.21,-0.16,-0.13,-0.03,0.21,0.17,-0.1,0.05,0.03,0.02,-0.1,-1.02,0.19,-0.83,0.11,0.15,-1.17,-0.12,0.31,0.05,-0.05,156,77,79
2602,Jerome Beasley,2004,-0.51,-0.04,-0.08,-0.0,-0.07,-0.05,-0.12,-0.12,-0.03,-0.02,-0.0,0.02,-0.7,-0.12,-0.83,-0.06,-0.12,-0.58,0.04,-0.16,-0.13,-0.01,22,11,11
358,Anfernee Hardaway,2004,-0.98,-0.2,-0.95,-0.68,-0.27,0.22,-0.02,-0.49,0.85,0.24,0.61,-0.05,-1.65,0.8,-0.84,0.09,-0.31,-1.34,-0.06,0.86,-0.73,0.8,25157,12601,12556
2432,Tito Maddox,2004,-0.46,-0.06,-0.06,0.1,-0.16,-0.02,-0.28,-0.16,-0.04,-0.01,-0.02,0.03,-0.5,-0.34,-0.84,-0.01,0.23,-0.73,0.0,-0.34,-0.08,-0.01,132,64,68
782,Mitch Richmond,2004,-1.37,-0.34,0.38,0.45,-0.07,-0.58,1.43,0.03,-0.33,-0.34,0.01,0.16,-1.87,1.02,-0.85,-0.54,-1.13,-0.74,-0.22,1.24,-0.2,-0.17,2661,1334,1327
2682,Alex Garcia,2004,-0.62,-0.07,-0.19,-0.08,-0.1,0.12,-0.24,-0.12,-0.05,-0.03,-0.02,0.04,-0.62,-0.24,-0.86,0.08,0.15,-0.77,0.02,-0.26,-0.07,-0.01,32,14,18
275,Allan Houston,2004,1.51,0.6,0.37,0.26,0.12,-1.11,-1.23,-0.24,-0.61,-0.34,-0.27,0.17,0.84,-1.71,-0.87,0.03,-1.07,1.91,0.23,-1.94,-0.74,-0.44,29081,14579,14502
1898,Cal Bowdler,2004,-0.51,0.2,-0.23,0.09,-0.31,0.08,-0.21,-0.09,0.32,0.11,0.21,-0.1,-0.7,-0.18,-0.87,-0.22,-0.32,-0.38,-0.1,-0.08,-0.15,0.22,2190,1104,1086
2130,Mike Penberthy,2004,-0.5,-0.05,-0.1,-0.09,-0.0,-0.03,-0.19,-0.09,-0.04,0.02,-0.05,0.03,-0.63,-0.24,-0.87,-0.04,-0.11,-0.52,-0.11,-0.13,-0.13,-0.01,50,24,26
2551,T.J. Ford,2004,-1.86,0.2,-0.12,-0.02,-0.09,0.09,0.68,0.26,-0.1,-0.24,0.15,0.24,-2.01,1.14,-0.87,0.2,0.14,-2.15,0.36,0.78,-0.03,0.14,5534,2767,2767
1654,ID_1654,2004,-0.5,-0.05,-0.12,-0.03,-0.07,-0.02,-0.24,-0.14,-0.02,-0.02,0.01,0.01,-0.64,-0.24,-0.88,0.01,-0.05,-0.59,0.01,-0.25,-0.14,-0.01,4,2,2
1736,Corey Benjamin,2004,-1.52,0.02,0.02,0.09,-0.08,0.32,-0.0,-0.18,0.05,0.1,-0.04,-0.1,-0.9,0.02,-0.89,0.34,0.13,-1.03,-0.08,0.1,0.34,-0.05,530,261,269
2422,John Salmons,2004,-0.83,0.32,0.02,0.17,-0.15,-0.31,-0.02,0.17,-0.11,0.16,-0.26,0.52,-1.05,0.16,-0.89,-0.16,-0.22,-0.83,0.11,0.05,-0.29,0.41,7477,3732,3745
2582,Slavko Vranes,2004,-0.52,-0.06,-0.14,-0.08,-0.06,0.09,-0.23,-0.09,-0.04,-0.02,-0.01,0.01,-0.59,-0.3,-0.89,-0.06,0.07,-0.66,-0.03,-0.27,-0.05,-0.03,7,4,3
2167,ID_2167,2004,-0.46,0.02,-0.15,-0.08,-0.06,0.01,-0.22,-0.11,-0.03,-0.02,-0.01,-0.01,-0.63,-0.27,-0.9,-0.04,-0.0,-0.63,0.0,-0.27,-0.14,-0.04,3,2,1
2571,Leandro Barbosa,2004,1.48,-0.16,-0.42,-0.26,-0.17,-0.42,-1.63,-0.43,0.47,0.63,-0.16,-0.23,0.43,-1.33,-0.9,-0.15,-1.4,1.83,0.15,-1.48,-0.84,0.24,5774,2889,2885
2079,Kaniel Dickens,2004,-0.57,-0.08,-0.08,-0.0,-0.07,0.12,-0.25,-0.08,-0.08,-0.07,-0.0,0.01,-0.57,-0.34,-0.91,-0.06,0.03,-0.6,0.05,-0.39,0.04,-0.07,48,23,25
960,Tony Delk,2004,-1.28,-0.25,0.7,0.29,0.41,-0.14,-0.34,-0.14,0.7,0.23,0.47,-0.47,-0.73,-0.19,-0.92,-0.09,0.4,-1.13,-0.24,0.05,0.56,0.23,16635,8313,8322
2237,Ratko Varda,2004,-0.47,-0.02,-0.13,-0.09,-0.02,0.02,-0.31,-0.12,-0.03,-0.02,-0.01,0.03,-0.61,-0.31,-0.92,-0.03,0.11,-0.72,0.04,-0.35,-0.11,0.0,23,12,11
686,Antonio McDyess,2004,-0.21,-0.3,-1.15,-1.05,-0.1,0.15,-0.34,0.2,0.13,0.31,-0.17,0.66,-1.56,0.64,-0.92,-0.16,-0.91,-0.65,0.45,0.19,-1.0,0.79,4361,2172,2189
2632,Kirk Penney,2004,-0.53,-0.13,-0.22,-0.16,-0.05,-0.07,-0.09,-0.07,-0.04,0.0,-0.04,0.08,-0.92,-0.0,-0.92,-0.05,-0.05,-0.87,0.06,-0.06,-0.29,0.04,59,30,29
2599,Brandon Hunter,2004,-1.01,-0.44,-0.09,0.23,-0.33,0.57,-0.54,-0.19,0.18,0.24,-0.05,0.12,-0.85,-0.08,-0.93,-0.16,0.72,-1.57,0.41,-0.49,0.48,0.3,1587,788,799
417,Sam Mitchell,2004,-0.78,-0.18,0.17,-0.33,0.5,-0.21,-0.48,-0.09,0.14,0.09,0.05,0.19,-0.69,-0.25,-0.94,0.03,-0.94,0.25,0.31,-0.56,-0.04,0.33,2815,1408,1407
2462,Guy Rucker,2004,-0.51,-0.07,-0.22,-0.12,-0.09,-0.01,-0.19,-0.12,-0.05,-0.03,-0.02,0.03,-0.76,-0.21,-0.96,-0.01,0.01,-0.77,0.02,-0.23,-0.23,-0.02,11,6,5
1641,ID_1641,2004,-0.46,0.0,-0.1,-0.03,-0.06,-0.02,-0.28,-0.12,0.02,0.05,-0.03,0.01,-0.68,-0.28,-0.96,-0.13,-0.05,-0.63,0.03,-0.31,-0.12,0.03,12,3,9
1088,Chucky Atkins,2004,-0.67,-0.27,-0.09,-0.23,0.15,-0.45,-0.28,-0.05,-0.27,-0.23,-0.04,-0.45,-0.54,-0.43,-0.97,1.24,-0.11,-0.43,-0.24,-0.19,-0.54,-0.72,21775,10914,10861
244,Dee Brown,2004,-0.4,-0.12,-0.16,-0.1,-0.06,-0.28,-0.13,-0.12,-0.11,0.04,-0.15,0.05,-0.78,-0.19,-0.97,0.06,-0.56,-0.22,0.12,-0.31,-0.44,-0.06,255,127,128
2143,Pepe Sanchez,2004,-0.75,0.03,0.14,0.05,0.09,-0.05,-0.39,-0.04,0.09,0.08,0.02,0.01,-0.7,-0.29,-0.99,-0.04,0.17,-0.87,-0.01,-0.28,0.09,0.1,136,70,66
178,Olden Polynice,2004,-0.48,-0.01,-0.26,-0.1,-0.14,-0.06,-0.17,-0.12,-0.0,-0.04,0.04,0.03,-0.88,-0.12,-1.0,-0.06,-0.19,-0.69,0.09,-0.21,-0.32,0.03,45,22,23
1716,Larry Hughes,2004,-1.22,0.46,-0.65,-0.29,-0.37,1.4,-0.38,-0.16,0.15,0.16,-0.01,-0.33,-0.82,-0.18,-1.01,0.02,0.56,-1.38,0.26,-0.44,0.75,-0.18,23742,11863,11879
905,Dale Davis,2004,-1.87,-0.74,0.07,0.38,-0.33,1.01,0.83,0.87,-0.45,-0.05,-0.39,-0.26,-0.81,-0.2,-1.01,-0.34,1.0,-1.81,-0.62,0.42,1.08,-0.71,23622,11793,11829
1279,ID_1279,2004,-0.48,-0.04,-0.13,-0.07,-0.05,-0.04,-0.29,-0.13,0.07,0.05,0.01,0.01,-0.76,-0.25,-1.02,-0.16,-0.06,-0.7,0.04,-0.29,-0.17,0.08,16,4,12
2592,James Jones,2004,-0.47,0.07,-0.08,-0.13,0.05,-0.15,-0.29,-0.13,0.07,0.01,0.07,0.02,-0.81,-0.23,-1.03,-0.13,-0.17,-0.64,-0.01,-0.22,-0.23,0.09,93,46,47
2668,Josh Davis,2004,-0.44,0.05,-0.49,-0.34,-0.14,0.03,-0.29,-0.14,-0.08,-0.02,-0.04,0.07,-0.81,-0.23,-1.04,0.16,-0.09,-0.72,0.03,-0.26,-0.46,-0.01,91,45,46
446,Lucious Harris,2004,-1.21,0.43,0.48,0.3,0.17,0.09,0.13,-0.36,-0.03,-0.39,0.36,-0.43,-0.33,-0.73,-1.05,-0.08,-0.07,-0.26,-0.47,-0.26,0.57,-0.46,22211,11127,11084
359,Chucky Brown,2004,-0.65,-0.27,-0.02,-0.13,0.1,-0.15,0.01,-0.04,-0.29,-0.16,-0.14,0.11,-0.9,-0.15,-1.05,-0.06,-0.52,-0.38,-0.31,0.16,-0.17,-0.18,347,171,176
2414,Curtis Borchardt,2004,0.24,0.1,-0.85,-0.26,-0.58,0.01,-0.74,-0.24,0.1,-0.25,0.35,0.17,-0.54,-0.51,-1.05,0.02,-0.12,-0.42,0.05,-0.56,-0.84,0.27,931,459,472
962,Walter McCarty,2004,1.74,0.46,0.2,0.54,-0.34,-2.6,-0.54,-0.66,0.43,0.22,0.22,-0.65,-0.22,-0.83,-1.05,0.37,-2.41,2.19,-0.77,-0.06,-2.4,-0.22,19110,9556,9554
283,Lindsey Hunter,2004,-1.76,-0.62,-0.44,-0.24,-0.2,-0.87,0.83,-0.15,0.93,-0.04,0.98,-0.17,-2.33,1.27,-1.06,0.42,-0.87,-1.46,-0.44,1.71,-1.31,0.76,12382,6198,6184
1483,ID_1483,2004,-0.5,-0.05,-0.12,-0.05,-0.07,-0.01,-0.3,-0.15,-0.05,-0.03,-0.02,-0.02,-0.65,-0.41,-1.06,-0.06,-0.04,-0.61,-0.07,-0.34,-0.13,-0.07,6,0,6
2349,Victor Alexander,2004,-0.84,-0.38,0.03,-0.09,0.13,0.14,-0.09,-0.05,-0.24,-0.03,-0.2,0.04,-0.81,-0.25,-1.06,-0.1,0.31,-1.12,-0.0,-0.25,0.17,-0.2,365,182,183
2137,Ime Udoka,2004,-0.61,-0.09,-0.14,-0.09,-0.03,-0.06,-0.16,-0.07,-0.13,-0.05,-0.07,0.07,-0.85,-0.22,-1.07,-0.04,0.02,-0.87,0.02,-0.24,-0.2,-0.06,94,48,46
2057,Erick Barkley,2004,-1.2,-0.14,0.02,-0.1,0.13,-0.03,-0.13,-0.18,0.13,-0.09,0.23,-0.06,-0.82,-0.24,-1.07,0.2,0.45,-1.27,-0.06,-0.18,-0.01,0.07,797,400,397
1350,ID_1350,2004,-0.5,-0.05,-0.1,-0.03,-0.06,-0.03,-0.26,-0.1,-0.03,-0.01,-0.02,-0.0,-0.75,-0.33,-1.08,-0.16,-0.05,-0.7,-0.01,-0.32,-0.13,-0.03,9,2,7
1725,Rasho Nesterovic,2004,-1.58,-2.07,-0.05,-0.16,0.13,-0.15,0.32,0.71,-0.72,-0.14,-0.57,0.84,-1.86,0.79,-1.08,0.26,0.07,-1.93,0.95,-0.16,-0.2,0.12,27493,13776,13717
1722,Michael Dickerson,2004,0.11,0.11,-0.51,-0.28,-0.22,-0.35,-0.57,-0.11,0.01,-0.01,0.02,0.2,-0.94,-0.15,-1.09,0.02,-0.57,-0.37,0.18,-0.33,-0.86,0.21,838,420,418
441,Lamond Murray,2004,-1.07,-0.21,-0.37,0.45,-0.82,-0.13,0.38,0.02,-0.57,-0.15,-0.42,0.39,-1.44,0.35,-1.09,0.28,0.28,-1.72,0.76,-0.41,-0.5,-0.18,10314,5151,5163
695,Eldridge Recasner,2004,-0.67,-0.01,-0.1,0.01,-0.1,-0.03,-0.15,-0.07,-0.01,-0.07,0.05,0.0,-0.91,-0.18,-1.1,-0.14,-0.18,-0.73,0.03,-0.21,-0.13,-0.01,111,56,55
213,Antonio Davis,2004,-1.78,0.21,-0.1,-0.35,0.26,1.08,0.96,0.21,-0.26,-0.13,-0.13,-0.21,-1.45,0.35,-1.1,-0.79,0.49,-1.94,-0.32,0.67,0.98,-0.47,27797,13882,13915
2466,Maurice Carter,2004,-0.62,0.31,-0.42,-0.0,-0.39,0.17,-0.06,-0.07,-0.08,-0.14,0.08,0.05,-1.09,-0.01,-1.1,-0.14,-0.03,-1.06,0.31,-0.32,-0.25,-0.03,400,203,197
2429,Dan Gadzuric,2004,-1.58,-0.78,-0.3,-0.37,0.07,0.28,-0.53,0.06,-0.01,0.19,-0.2,0.15,-1.22,0.11,-1.11,0.88,0.07,-1.29,0.19,-0.08,-0.02,0.14,7616,3801,3815
2585,Zaza Pachulia,2004,-1.77,-0.28,-0.12,0.22,-0.33,1.1,-0.08,0.12,0.23,0.03,0.2,-0.19,-0.8,-0.32,-1.12,-0.29,0.05,-0.85,-0.3,-0.02,0.98,0.04,2413,1210,1203
1337,ID_1337,2004,-0.5,-0.05,-0.09,-0.03,-0.06,-0.03,-0.18,-0.12,-0.03,-0.03,0.01,-0.02,-0.79,-0.33,-1.12,-0.27,-0.06,-0.73,-0.02,-0.31,-0.12,-0.05,9,3,6
2584,Willie Green,2004,-0.95,0.09,-0.28,0.28,-0.56,0.09,-0.03,-0.44,-0.03,-0.1,0.07,-0.31,-0.56,-0.56,-1.12,0.39,0.21,-0.77,-0.33,-0.23,-0.19,-0.34,2809,1400,1409
201,Chris Dudley,2004,-1.43,-0.47,-0.34,-0.56,0.23,0.79,-0.26,-0.0,-0.38,-0.17,-0.22,0.24,-0.66,-0.46,-1.12,0.26,0.87,-1.53,0.16,-0.62,0.45,-0.14,1188,588,600
2221,Raul Lopez,2004,-0.41,0.33,-0.91,-0.58,-0.33,-0.45,-0.19,-0.51,0.54,-0.24,0.78,0.31,-1.8,0.68,-1.12,-0.01,-0.95,-0.85,0.48,0.2,-1.36,0.85,5787,2883,2904
1731,Tyronn Lue,2004,-0.03,-0.35,1.1,0.88,0.22,-0.87,-0.32,0.01,-0.73,-0.65,-0.07,-0.32,0.56,-1.68,-1.12,0.05,-0.45,1.01,-1.01,-0.67,0.23,-1.05,21029,10504,10525
1800,Damon Jones,2004,0.05,-0.49,1.18,0.68,0.51,-0.59,-0.43,0.45,-1.05,-0.31,-0.75,0.11,0.2,-1.32,-1.12,-0.39,-0.24,0.44,0.07,-1.39,0.59,-0.94,15582,7788,7794
2256,Ken Johnson,2004,-0.28,-0.28,0.08,-0.02,0.1,-0.32,-0.34,0.02,-0.08,-0.08,0.01,-0.1,-0.59,-0.53,-1.13,-0.09,-0.31,-0.28,0.21,-0.74,-0.24,-0.18,568,282,286
1735,Vladimir Stepania,2004,-3.57,-0.69,-0.7,-0.28,-0.41,1.64,0.7,0.39,0.16,-0.33,0.49,0.42,-2.27,1.13,-1.13,0.22,1.29,-3.56,0.06,1.07,0.94,0.58,10224,5089,5135
923,Donyell Marshall,2004,-0.42,-0.26,-0.85,-0.92,0.07,0.33,0.03,-0.14,0.04,0.13,-0.09,-0.88,-0.82,-0.32,-1.14,0.61,1.09,-1.91,-0.53,0.21,-0.52,-0.84,26751,13345,13406
1005,Walt Williams,2004,-0.09,-0.22,0.28,0.26,0.02,-0.62,-0.29,-0.15,-0.27,0.09,-0.36,-0.08,-0.13,-1.01,-1.14,-0.07,-0.96,0.83,-0.3,-0.71,-0.34,-0.35,9351,4693,4658
2198,Kwame Brown,2004,0.71,-0.05,-1.21,-0.69,-0.52,0.1,-0.34,0.32,0.32,0.05,0.26,-0.57,-0.99,-0.15,-1.14,-0.15,-0.05,-0.94,-0.32,0.17,-1.11,-0.25,17924,8926,8998
1762,Tremaine Fowlkes,2004,-1.12,-0.1,-0.76,-0.7,-0.06,0.64,-0.52,-0.19,0.4,-0.02,0.43,0.12,-1.37,0.23,-1.14,0.1,0.04,-1.41,0.3,-0.07,-0.12,0.52,4243,2103,2140
2264,Alvin Jones,2004,-0.2,-0.31,-0.69,-0.35,-0.31,0.32,-0.54,-0.2,0.02,-0.1,0.13,-0.22,-0.42,-0.73,-1.15,0.16,0.26,-0.68,-0.22,-0.51,-0.37,-0.2,499,245,254
1065,Erick Strickland,2004,0.4,0.27,-0.09,-0.24,0.15,-0.9,-0.45,-0.6,-0.13,-0.39,0.26,-0.13,-0.33,-0.83,-1.16,0.14,-1.13,0.8,-0.22,-0.61,-0.99,-0.26,13927,6943,6984
1110,Mark Strickland,2004,-1.83,-0.35,0.3,-0.26,0.57,0.35,-0.88,-0.11,0.72,0.21,0.51,0.12,-1.21,0.04,-1.17,0.05,-0.42,-0.79,0.61,-0.57,0.65,0.84,2508,1247,1261
1715,Jason Williams,2004,1.42,-0.45,1.21,0.48,0.73,-1.4,-1.18,0.31,-0.47,-0.15,-0.32,-0.52,0.79,-1.96,-1.17,-0.23,-1.65,2.44,-0.6,-1.36,-0.19,-0.99,26318,13158,13160
2244,Jeff Trepagnier,2004,-0.67,-0.05,-0.42,-0.41,-0.01,-0.3,-0.09,0.05,0.18,0.07,0.12,-0.08,-1.16,-0.0,-1.17,0.21,-0.29,-0.87,-0.08,0.08,-0.72,0.1,983,491,492
2056,Primoz Brezec,2004,-0.9,0.09,-0.57,-0.33,-0.23,0.3,0.03,-0.11,-0.12,-0.27,0.15,-0.01,-0.85,-0.33,-1.18,0.09,0.75,-1.6,-0.39,0.06,-0.27,-0.13,1207,600,607
1864,Steve Goodrich,2004,-0.72,-0.12,-0.01,0.03,-0.03,-0.13,-0.13,-0.1,-0.07,-0.01,-0.05,-0.12,-0.86,-0.32,-1.18,0.0,-0.36,-0.5,-0.21,-0.11,-0.14,-0.19,148,76,72
1514,Paul Grant,2004,-0.64,-0.06,-0.13,-0.14,0.02,-0.14,-0.14,-0.1,0.03,-0.04,0.08,0.03,-1.07,-0.11,-1.19,-0.2,-0.46,-0.61,0.11,-0.22,-0.27,0.06,345,172,173
1585,Brandon Williams,2004,-0.98,-0.11,-0.15,-0.05,-0.09,0.05,-0.16,-0.08,0.01,-0.01,0.03,0.05,-1.12,-0.06,-1.19,-0.01,-0.16,-0.96,0.06,-0.12,-0.1,0.06,74,37,37
270,Horace Grant,2004,-0.98,-0.71,1.1,0.43,0.67,-0.58,-0.15,0.79,0.54,0.25,0.29,0.15,-1.06,-0.15,-1.2,-1.28,-0.63,-0.43,-0.27,0.12,0.52,0.69,13100,6592,6508
1085,Ira Bowman,2004,-0.56,-0.14,-0.38,-0.31,-0.06,-0.05,-0.14,-0.21,0.01,-0.01,0.02,-0.01,-1.05,-0.15,-1.2,-0.07,-0.16,-0.89,-0.03,-0.12,-0.43,0.0,106,53,53
1738,Ansu Sesay,2004,-2.14,-0.69,-0.49,-0.22,-0.27,0.1,0.83,-0.52,0.49,0.16,0.33,-0.16,-2.28,1.08,-1.21,0.16,-0.05,-2.23,-0.08,1.16,-0.39,0.33,4545,2240,2305
2412,Jiri Welsch,2004,0.63,0.27,-0.71,-0.02,-0.69,0.02,-0.74,-0.22,0.32,0.26,0.07,-0.67,-0.4,-0.81,-1.21,-0.06,0.36,-0.76,-0.42,-0.39,-0.69,-0.35,9564,4795,4769
956,Erick Dampier,2004,-1.24,-0.65,-1.96,-0.8,-1.17,0.97,1.71,0.59,-1.08,-0.49,-0.59,0.17,-2.42,1.21,-1.21,0.22,0.76,-3.18,0.6,0.61,-0.99,-0.91,22886,11409,11477
976,Jeff McInnis,2004,-0.29,0.1,1.35,0.9,0.45,0.09,-1.24,-0.14,-0.32,-0.0,-0.32,-0.38,1.22,-2.43,-1.21,-0.42,-0.31,1.53,-0.77,-1.66,1.44,-0.7,24677,12337,12340
2294,Charlie Bell,2004,-0.36,0.14,-0.13,-0.05,-0.08,0.03,-0.39,-0.12,-0.14,-0.07,-0.08,0.0,-0.57,-0.65,-1.22,-0.23,-0.17,-0.4,-0.13,-0.52,-0.1,-0.14,153,76,77
317,John Starks,2004,-1.24,0.25,0.0,0.28,-0.27,0.59,-0.78,-0.57,0.46,0.23,0.23,0.06,-0.29,-0.94,-1.23,-0.32,1.04,-1.33,-0.43,-0.51,0.59,0.52,3431,1703,1728
435,Carlos Rogers,2004,-0.38,-0.08,0.16,-0.17,0.34,-0.29,-0.38,0.09,0.07,-0.09,0.15,-0.1,-0.62,-0.63,-1.25,-0.33,0.06,-0.68,-0.43,-0.2,-0.13,-0.03,627,309,318
1906,Tim James,2004,-0.93,-0.12,-0.21,-0.09,-0.1,0.25,-0.37,-0.17,-0.14,-0.05,-0.09,0.03,-0.8,-0.47,-1.27,0.1,0.42,-1.22,0.04,-0.51,0.04,-0.11,137,68,69
1035,Shawnelle Scott,2004,-2.38,-0.42,-0.23,0.06,-0.28,0.74,0.02,-0.25,-0.15,0.02,-0.16,0.14,-1.25,-0.03,-1.28,0.58,1.14,-2.39,0.26,-0.29,0.51,-0.01,915,455,460
1766,Maceo Baston,2004,-0.38,0.16,-0.16,-0.2,0.05,-0.38,-0.17,-0.24,-0.17,-0.1,-0.09,-0.03,-0.94,-0.35,-1.29,0.0,-1.01,0.07,-0.17,-0.18,-0.54,-0.2,395,199,196
2553,Jarvis Hayes,2004,-0.26,-0.48,0.37,0.15,0.23,-0.76,-0.46,-0.01,0.1,0.07,0.03,-0.3,-0.81,-0.48,-1.29,0.02,-0.15,-0.66,0.03,-0.51,-0.39,-0.2,7753,3875,3878
210,Terrell Brandon,2004,-1.41,0.07,0.01,-0.01,0.02,0.75,-0.43,-0.37,0.49,0.33,0.16,-0.14,-0.86,-0.44,-1.3,-0.57,0.98,-1.84,-0.67,0.23,0.76,0.35,3712,1865,1847
1504,Danny Fortson,2004,-1.8,-0.19,-1.03,-0.23,-0.79,1.88,-0.8,-0.12,-0.24,0.02,-0.26,0.63,-1.19,-0.12,-1.31,0.05,1.3,-2.49,1.12,-1.24,0.85,0.39,11861,5914,5947
1921,Gordan Giricek,2004,0.39,0.4,-0.14,0.01,-0.15,-0.57,-0.03,0.12,-0.45,-0.51,0.07,-0.28,-0.63,-0.69,-1.32,-0.24,-0.65,0.02,-0.3,-0.39,-0.71,-0.73,16654,8334,8320
296,Rick Fox,2004,0.08,0.03,0.58,-0.02,0.6,-1.29,0.21,0.22,-0.49,-0.34,-0.15,0.22,-1.1,-0.22,-1.32,-0.63,-0.62,-0.48,0.13,-0.35,-0.71,-0.27,23450,11731,11719
1594,Rick Brunson,2004,0.62,0.32,-0.35,-0.08,-0.27,0.09,-1.59,-0.31,0.2,0.23,-0.03,-0.11,0.54,-1.86,-1.32,-0.18,-0.3,0.84,-0.27,-1.59,-0.26,0.09,4065,2030,2035
1000,Shandon Anderson,2004,-0.03,0.39,-1.95,-0.93,-1.02,0.39,0.49,-0.91,0.11,0.01,0.1,-0.12,-1.86,0.54,-1.33,-0.22,-0.35,-1.51,-0.49,1.03,-1.56,-0.01,19921,9919,10002
77,Doug Overton,2004,0.69,0.02,-1.06,-0.15,-0.92,0.11,-0.08,-0.16,-0.59,-0.16,-0.41,0.09,-0.49,-0.86,-1.35,-0.51,0.86,-1.35,-0.23,-0.63,-0.95,-0.5,4251,2117,2134
2230,Maurice Evans,2004,-0.78,-0.08,-0.26,-0.06,-0.19,0.09,-0.38,-0.16,0.09,0.03,0.07,-0.07,-1.01,-0.35,-1.36,-0.05,-0.24,-0.77,0.19,-0.54,-0.17,0.02,177,90,87
2031,Stromile Swift,2004,-0.41,-0.05,-1.51,-1.06,-0.45,0.43,0.65,-0.06,0.48,0.25,0.22,-1.46,-0.88,-0.48,-1.37,0.45,0.15,-1.03,-0.88,0.4,-1.08,-0.98,18323,9157,9166
2343,Joe Crispin,2004,-0.72,-0.31,-0.14,-0.33,0.19,-0.09,-0.41,-0.19,-0.11,0.01,-0.12,0.01,-0.89,-0.48,-1.38,0.08,-0.68,-0.21,0.01,-0.49,-0.23,-0.1,582,291,291
1901,Dion Glover,2004,0.36,0.05,0.21,-0.08,0.28,-1.11,-0.24,0.22,-0.36,-0.33,-0.03,0.0,-0.41,-0.97,-1.38,-0.24,-0.52,0.11,-0.59,-0.38,-0.9,-0.36,17573,8781,8792
696,Travis Best,2004,-1.43,-0.04,0.89,0.62,0.28,-0.06,-0.26,-0.28,-0.04,-0.36,0.33,0.13,-0.95,-0.45,-1.4,-0.63,-0.24,-0.71,0.47,-0.92,0.83,0.09,15653,7837,7816
2562,Sasha Pavlovic,2004,-0.24,0.21,-0.87,-0.33,-0.55,-0.15,-0.62,-0.65,0.38,0.17,0.21,0.14,-1.02,-0.37,-1.4,-0.04,-0.55,-0.47,0.18,-0.55,-1.02,0.52,4014,2000,2014
2351,Oscar Torres,2004,-0.87,0.14,-0.12,-0.05,-0.07,0.56,-0.58,0.15,-0.28,-0.04,-0.24,-0.06,-0.45,-0.95,-1.4,-0.05,0.29,-0.74,-0.02,-0.93,0.44,-0.34,4224,2113,2111
70,Steve Kerr,2004,-0.24,0.15,0.37,0.28,0.1,-1.61,0.37,-0.28,-0.02,-0.1,0.08,0.1,-1.45,0.03,-1.41,-0.38,-2.01,0.56,0.12,-0.09,-1.24,0.08,6610,3328,3282
2594,Kyle Korver,2004,0.06,-0.17,-0.62,-0.48,-0.14,-0.68,0.02,-0.7,-0.03,-0.1,0.07,0.18,-1.34,-0.07,-1.41,-0.34,-0.45,-0.89,-0.28,0.21,-1.3,0.15,3145,1596,1549
198,Danny Ferry,2004,-0.68,-0.32,0.19,0.2,-0.0,-0.77,-0.11,-0.51,-0.52,-0.24,-0.28,0.4,-1.04,-0.37,-1.41,0.08,-0.76,-0.28,0.28,-0.65,-0.58,-0.12,6029,3026,3003
916,Corie Blount,2004,-0.85,-0.82,-0.79,-0.2,-0.59,0.39,-0.52,-0.76,0.46,0.37,0.09,0.1,-1.23,-0.19,-1.42,-0.21,0.36,-1.59,-0.02,-0.17,-0.4,0.56,12435,6212,6223
2679,Matt Carroll,2004,-0.7,-0.09,-0.3,-0.22,-0.07,-0.05,-0.35,-0.16,0.09,0.1,-0.0,-0.08,-1.03,-0.39,-1.42,-0.03,-0.11,-0.92,-0.13,-0.26,-0.35,0.01,240,124,116
1729,Ricky Davis,2004,1.51,0.54,-1.5,-0.8,-0.71,0.23,-1.29,-0.49,-0.02,0.27,-0.29,-0.17,0.41,-1.83,-1.43,-0.19,0.2,0.21,-0.04,-1.79,-1.27,-0.19,29422,14697,14725
2423,Chris Jefferies,2004,-0.19,-0.43,-0.22,0.1,-0.33,-0.76,-0.66,-0.33,0.3,0.17,0.12,-0.03,-1.27,-0.16,-1.43,0.13,-0.48,-0.79,0.2,-0.36,-0.98,0.27,3248,1617,1631
1709,Michael Olowokandi,2004,-1.97,-1.09,-0.79,-0.0,-0.79,-0.75,2.64,0.93,-0.8,-0.64,-0.16,0.34,-4.1,2.67,-1.43,-0.1,-1.16,-2.94,-0.37,3.04,-1.54,-0.46,18650,9317,9333
2243,Brian Scalabrine,2004,-1.05,-0.26,0.22,-0.03,0.27,-0.1,-0.91,-0.15,0.45,0.04,0.4,-0.17,-0.97,-0.48,-1.45,0.11,-0.06,-0.91,0.19,-0.67,0.12,0.28,7346,3662,3684
2648,Ronald Dupree,2004,-1.39,-0.34,-0.46,-0.13,-0.34,0.38,-0.33,-0.88,0.5,0.11,0.39,-0.18,-1.37,-0.09,-1.46,0.02,0.73,-2.1,-0.12,0.03,-0.08,0.32,3445,1721,1724
2066,Soumaila Samake,2004,-0.96,-0.12,-0.51,-0.38,-0.12,0.22,-0.24,-0.18,0.07,-0.07,0.13,-0.01,-1.3,-0.16,-1.46,-0.03,-0.06,-1.24,0.03,-0.19,-0.29,0.06,295,147,148
2566,Travis Outlaw,2004,-0.74,-0.14,-0.15,-0.03,-0.1,-0.11,-0.35,-0.07,-0.11,-0.05,-0.04,-0.02,-1.02,-0.45,-1.47,0.01,-0.06,-0.96,0.02,-0.47,-0.26,-0.13,60,29,31
168,Chris Mills,2004,-1.23,-0.44,-0.33,0.44,-0.76,0.77,-1.18,-0.39,0.43,0.23,0.21,0.03,-0.66,-0.83,-1.49,0.02,0.8,-1.46,0.15,-0.98,0.44,0.46,5584,2792,2792
2063,Jake Voskuhl,2004,-1.26,-0.33,-0.05,0.01,-0.05,-0.06,-0.88,-0.03,0.63,0.47,0.16,-0.23,-1.26,-0.23,-1.49,0.36,0.01,-1.27,0.23,-0.46,-0.11,0.4,13314,6659,6655
1533,Anthony Johnson,2004,-1.37,0.19,0.55,0.1,0.44,-0.59,-0.28,-0.32,0.35,-0.09,0.43,0.03,-1.28,-0.21,-1.49,-0.18,-0.76,-0.52,0.29,-0.5,-0.04,0.38,12033,6004,6029
1730,Brian Skinner,2004,-0.83,-0.18,-0.78,-0.08,-0.7,1.07,-0.48,0.15,-0.33,-0.09,-0.24,0.43,-0.97,-0.53,-1.5,-0.58,0.35,-1.32,0.25,-0.78,0.29,0.1,15625,7786,7839
2573,Maciej Lampe,2004,0.06,-0.2,-0.56,-0.56,0.0,-0.03,-0.68,-0.19,-0.33,-0.15,-0.17,-0.07,-0.39,-1.1,-1.5,0.11,0.02,-0.41,-0.52,-0.58,-0.59,-0.4,851,425,426
1536,Stephen Jackson,2004,0.15,-0.09,-0.29,-0.21,-0.09,0.0,-0.62,-0.15,-0.55,-0.41,-0.14,-0.17,-0.0,-1.52,-1.52,-0.04,0.21,-0.21,-0.3,-1.22,-0.29,-0.72,23230,11611,11619
2055,Mamadou N'diaye,2004,-1.89,0.14,0.15,0.15,0.01,0.78,-0.19,0.01,-0.22,-0.01,-0.21,-0.46,-0.71,-0.83,-1.53,0.3,0.75,-1.46,-0.33,-0.5,0.93,-0.68,2947,1468,1479
2369,Norman Richardson,2004,-0.68,-0.13,-0.28,-0.2,-0.07,-0.09,-0.22,0.02,-0.16,-0.05,-0.11,0.03,-1.11,-0.42,-1.53,-0.13,-0.06,-1.05,-0.11,-0.31,-0.37,-0.13,251,125,126
133,David Wesley,2004,-0.89,0.21,0.39,0.34,0.06,-0.76,-0.74,-0.63,-0.46,-0.12,-0.33,0.15,-0.4,-1.13,-1.53,0.78,0.11,-0.51,0.23,-1.36,-0.37,-0.31,29239,14536,14703
1928,Todd MacCulloch,2004,-1.09,-2.16,-0.34,-0.29,-0.05,0.43,0.28,0.66,0.15,-0.14,0.29,-0.32,-1.52,-0.02,-1.54,-0.65,0.5,-2.02,-0.29,0.27,0.09,-0.17,10288,5190,5098
980,Zydrunas Ilgauskas,2004,-0.89,0.1,-0.5,-0.37,-0.14,0.54,-0.44,0.51,-1.16,-0.48,-0.68,0.56,-0.9,-0.66,-1.56,0.33,0.32,-1.22,0.46,-1.12,0.04,-0.6,23423,11725,11698
998,Mark Pope,2004,-0.34,-0.67,-0.03,0.06,-0.09,-0.92,-0.34,0.18,-0.12,-0.21,0.09,0.03,-1.17,-0.39,-1.56,0.16,-1.14,-0.03,0.18,-0.57,-0.95,-0.09,1657,825,832
2605,Marquis Daniels,2004,-0.49,-0.73,0.27,-0.21,0.48,0.47,-1.9,-0.04,-0.34,0.05,-0.38,0.05,0.64,-2.23,-1.59,0.35,1.55,-0.91,0.71,-2.94,0.74,-0.29,4709,2343,2366
280,Felton Spencer,2004,-0.93,-0.32,-0.78,-0.41,-0.36,-0.08,-0.08,-0.31,0.04,0.24,-0.2,0.24,-1.89,0.29,-1.6,-0.01,-0.27,-1.62,0.28,0.01,-0.86,0.28,935,468,467
761,Matt Geiger,2004,-0.99,-0.15,-0.2,-0.02,-0.16,-0.09,-0.35,-0.06,-0.02,-0.0,-0.01,0.04,-1.24,-0.38,-1.62,-0.01,0.09,-1.33,0.04,-0.42,-0.29,0.02,123,60,63
2241,Omar Cook,2004,-1.11,-0.38,-0.26,0.13,-0.38,0.15,-0.53,-0.17,0.17,0.05,0.13,-0.09,-1.12,-0.53,-1.64,0.03,-0.05,-1.07,-0.39,-0.14,-0.11,0.08,480,240,240
2441,Jamal Sampson,2004,-1.75,-0.34,-0.12,-0.08,-0.03,0.09,0.02,-0.11,-0.11,-0.05,-0.05,0.11,-1.76,0.11,-1.65,0.11,0.34,-2.1,0.33,-0.22,-0.03,0.0,498,246,252
164,Chris Childs,2004,-2.15,0.02,-0.48,-0.33,-0.15,0.11,-0.46,-0.67,1.0,0.13,0.87,0.45,-3.03,1.38,-1.65,-0.12,-0.5,-2.53,1.14,0.24,-0.37,1.45,6533,3260,3273
1630,Mikki Moore,2004,-1.4,0.0,-0.62,-0.58,-0.02,0.47,-0.53,-0.49,0.2,0.13,0.08,0.3,-1.67,0.0,-1.66,-0.08,1.09,-2.76,0.71,-0.71,-0.15,0.5,2351,1178,1173
2069,Hanno Mottola,2004,-0.32,-0.41,-0.13,-0.48,0.35,-0.09,-1.18,-0.04,0.11,0.05,0.04,0.24,-0.74,-0.91,-1.66,-0.29,-0.39,-0.35,0.1,-1.01,-0.22,0.35,5123,2556,2567
924,Anthony Goldwire,2004,-1.11,-0.18,-0.19,0.08,-0.26,-0.09,-0.24,-0.22,-0.12,-0.08,-0.04,-0.03,-1.23,-0.44,-1.68,0.1,-0.07,-1.16,-0.18,-0.26,-0.28,-0.15,606,298,308
2492,Adam Harrington,2004,-0.94,-0.12,-0.02,-0.24,0.22,-0.17,-0.53,-0.14,-0.12,0.03,-0.15,0.06,-1.08,-0.61,-1.69,0.03,0.15,-1.23,0.11,-0.72,-0.19,-0.06,253,126,127
176,Antonio Harvey,2004,-0.91,-0.18,-0.42,-0.12,-0.29,0.06,-0.19,-0.1,-0.01,0.04,-0.04,-0.26,-1.18,-0.51,-1.69,0.04,-0.25,-0.93,-0.12,-0.39,-0.36,-0.27,352,173,179
2546,Carmelo Anthony,2004,-0.51,0.82,0.03,0.08,-0.05,0.08,-1.36,0.18,0.32,0.39,-0.07,-0.31,-0.3,-1.39,-1.69,0.06,-0.28,-0.02,-0.28,-1.11,0.11,0.01,12009,5997,6012
1751,Jahidi White,2004,-0.84,-1.84,-0.6,-0.51,-0.09,0.88,-0.58,0.09,-0.64,-0.19,-0.46,-0.1,-0.77,-0.92,-1.69,0.19,1.28,-2.05,0.1,-1.02,0.28,-0.74,8996,4472,4524
93,Hubert Davis,2004,-0.75,-0.13,-0.2,0.28,-0.46,0.25,0.25,0.08,-0.5,0.1,-0.6,-0.43,-0.88,-0.81,-1.69,-0.31,-0.56,-0.32,-0.16,-0.65,0.05,-0.93,5765,2867,2898
2590,Mo Williams,2004,-1.95,-0.18,-0.07,-0.24,0.16,0.09,-0.56,-0.75,0.27,0.19,0.09,0.21,-1.35,-0.35,-1.7,0.31,1.04,-2.39,0.22,-0.57,0.02,0.48,2737,1358,1379
2564,Boris Diaw,2004,-0.49,0.14,-2.16,-0.79,-1.38,0.96,0.29,-0.18,-0.26,-0.1,-0.16,0.22,-1.97,0.26,-1.71,-0.27,0.69,-2.66,0.21,0.05,-1.2,-0.04,7021,3506,3515
2436,Flip Murray,2004,0.91,-0.4,0.05,0.12,-0.07,-1.11,-0.93,-0.15,-0.36,-0.29,-0.07,-0.47,0.4,-2.12,-1.72,0.19,-0.09,0.49,-1.02,-1.1,-1.06,-0.83,7734,3891,3843
2415,Ryan Humphrey,2004,-2.59,-0.38,-0.96,0.02,-0.98,0.46,0.56,-0.2,0.14,-0.05,0.2,0.16,-2.57,0.84,-1.73,0.5,0.65,-3.22,-0.01,0.85,-0.5,0.3,1724,858,866
2051,Donnell Harvey,2004,-1.63,-0.04,-2.06,-0.63,-1.43,0.25,0.43,-0.36,0.6,0.17,0.41,0.28,-2.71,0.97,-1.73,0.4,0.37,-3.08,0.31,0.66,-1.81,0.88,11974,5948,6026
2321,Paul Shirley,2004,-1.16,-0.3,-0.64,-0.56,-0.07,0.27,-0.28,-0.07,0.08,0.09,-0.0,0.09,-1.65,-0.07,-1.73,-0.09,0.12,-1.77,0.07,-0.14,-0.37,0.17,323,161,162
753,Randy Brown,2004,-1.31,-0.02,-0.23,0.08,-0.31,-0.12,-0.43,-0.12,0.3,-0.21,0.51,0.01,-1.56,-0.17,-1.73,0.05,-0.38,-1.18,-0.31,0.14,-0.35,0.31,931,462,469
85,Brent Price,2004,-0.84,-0.24,-0.62,-0.1,-0.5,0.07,-0.18,-0.22,-0.05,-0.09,0.04,-0.17,-1.35,-0.4,-1.74,0.05,-0.25,-1.1,-0.22,-0.18,-0.55,-0.22,356,177,179
2033,Marcus Fizer,2004,-0.79,-0.08,0.41,0.08,0.33,-0.49,-1.88,-0.89,0.51,0.08,0.43,-0.21,-0.21,-1.54,-1.74,0.71,-0.63,0.42,-0.24,-1.3,-0.08,0.3,13113,6557,6556
302,Mookie Blaylock,2004,-1.72,-0.14,-1.1,-0.02,-1.07,0.34,-0.06,-0.07,0.2,-0.21,0.4,0.16,-2.12,0.36,-1.75,0.43,-0.38,-1.74,0.16,0.2,-0.76,0.36,2206,1096,1110
1895,William Avery,2004,-1.27,-0.27,-0.65,-0.33,-0.31,0.21,-0.13,-0.07,-0.15,-0.03,-0.11,0.27,-1.61,-0.15,-1.76,-0.04,0.42,-2.03,-0.04,-0.11,-0.44,0.12,946,473,473
2574,Jason Kapono,2004,-1.15,-0.16,-0.66,-0.01,-0.65,-0.42,0.03,-0.35,-0.18,-0.23,0.04,0.21,-2.02,0.25,-1.77,0.4,-1.35,-0.67,0.52,-0.27,-1.08,0.03,1574,790,784
1607,Troy Hudson,2004,1.05,0.42,0.36,0.02,0.35,-0.8,-0.73,-0.11,-0.75,-0.47,-0.27,-0.45,0.79,-2.55,-1.77,-0.45,-0.32,1.11,-0.35,-2.2,-0.44,-1.2,20003,10066,9937
2226,Will Solomon,2004,-1.97,-0.15,-0.09,-0.38,0.29,0.25,-0.04,-0.02,0.03,-0.13,0.16,-0.18,-1.4,-0.38,-1.78,0.22,0.43,-1.83,-0.02,-0.36,0.16,-0.15,3269,1641,1628
1944,Eddie Robinson,2004,-0.19,-0.23,-0.15,0.09,-0.24,-0.34,-1.58,-0.78,0.78,0.45,0.34,-0.29,-0.21,-1.57,-1.78,-0.01,-0.24,0.03,-0.54,-1.03,-0.49,0.49,11450,5742,5708
2081,Ernest Brown,2004,-0.91,-0.16,-0.45,-0.22,-0.22,0.01,-0.33,-0.08,-0.09,-0.02,-0.05,-0.01,-1.38,-0.41,-1.79,-0.01,-0.28,-1.1,-0.05,-0.36,-0.44,-0.1,75,39,36
365,Derrick McKey,2004,-1.22,0.01,0.29,0.24,0.06,0.41,-0.89,-0.4,0.34,-0.24,0.58,-0.24,-0.78,-1.03,-1.81,-0.5,-0.32,-0.46,0.23,-1.26,0.7,0.1,2921,1446,1475
2457,Jannero Pargo,2004,-0.32,-0.13,-0.13,-0.84,0.7,-0.17,-1.6,-0.71,0.38,0.1,0.29,0.09,-0.73,-1.08,-1.81,-0.06,0.31,-1.04,0.32,-1.4,-0.3,0.47,3589,1792,1797
2586,Keith Bogans,2004,-0.37,-0.11,0.14,0.23,-0.09,0.5,-1.28,0.38,-0.41,-0.16,-0.25,-0.16,0.47,-2.28,-1.82,-0.24,0.42,0.05,-0.99,-1.29,0.64,-0.57,6588,3293,3295
2453,Predrag Savovic,2004,-1.62,-0.18,-1.78,-0.92,-0.84,0.8,-0.33,-0.35,0.49,0.28,0.21,0.03,-2.09,0.26,-1.82,0.59,-0.38,-1.71,0.53,-0.27,-0.98,0.52,966,482,484
2054,Jake Tsakalidis,2004,-1.73,-0.99,-0.94,-0.74,-0.19,0.11,0.53,0.46,-0.6,0.14,-0.74,1.0,-3.21,1.39,-1.82,-0.19,-0.57,-2.64,1.37,0.02,-0.83,0.4,9990,4993,4997
2201,Eddy Curry,2004,1.9,-0.19,-1.8,-0.68,-1.12,-0.39,-0.47,0.12,-1.53,-0.65,-0.88,0.1,-0.1,-1.75,-1.84,0.35,-0.39,0.29,-0.0,-1.75,-2.19,-1.43,18474,9235,9239
2456,Cezary Trybanski,2004,-1.34,-0.14,-0.57,0.01,-0.56,0.1,-0.13,-0.17,-0.12,-0.03,-0.08,0.08,-1.6,-0.24,-1.85,0.13,0.35,-1.95,0.12,-0.36,-0.47,-0.04,339,173,166
458,Howard Eisley,2004,-0.56,-0.43,-0.24,-0.45,0.21,-0.43,-0.5,-0.48,-0.12,-0.12,0.0,0.31,-1.29,-0.56,-1.85,-0.31,-0.76,-0.53,0.37,-0.93,-0.67,0.19,15947,7977,7970
2106,Ruben Wolkowyski,2004,-0.83,-0.17,-0.26,-0.07,-0.17,-0.16,-0.43,-0.12,-0.09,-0.04,-0.03,-0.01,-1.33,-0.54,-1.86,-0.08,-0.15,-1.18,-0.01,-0.53,-0.42,-0.1,70,36,34
2470,Smush Parker,2004,-0.13,0.45,-1.06,-0.86,-0.21,0.08,-1.38,-0.33,0.2,0.02,0.17,0.43,-0.99,-0.87,-1.86,-0.0,-0.71,-0.28,0.45,-1.32,-0.98,0.63,4313,2151,2162
1956,Ira Newble,2004,-0.64,-0.1,-0.84,-0.91,0.07,0.5,0.03,0.24,-0.74,0.32,-1.07,-0.03,-0.96,-0.9,-1.87,-0.15,0.05,-1.01,-0.32,-0.58,-0.34,-0.77,16545,8249,8296
2425,Robert Archibald,2004,-1.95,-0.38,-0.63,-0.13,-0.49,-0.01,-0.15,-0.4,0.38,0.22,0.17,0.18,-2.4,0.52,-1.88,0.3,-0.4,-2.0,0.23,0.29,-0.64,0.56,1210,601,609
681,Donny Marshall,2004,-1.6,-0.18,0.3,-0.01,0.3,0.02,-0.23,-0.08,0.01,0.04,-0.03,-0.25,-1.31,-0.58,-1.89,-0.14,0.0,-1.31,0.18,-0.76,0.32,-0.24,490,244,246
1442,Zeljko Rebraca,2004,2.19,-0.05,-2.39,-0.88,-1.51,-0.21,-0.39,0.3,-0.4,-0.1,-0.3,-0.23,-0.75,-1.14,-1.89,-0.46,-0.37,-0.38,-0.62,-0.52,-2.6,-0.63,7296,3654,3642
673,Alan Henderson,2004,-1.35,-0.36,-0.84,-0.09,-0.73,0.83,0.33,-0.26,-0.97,-0.47,-0.5,0.17,-1.22,-0.67,-1.9,-0.07,0.8,-2.02,-0.45,-0.22,-0.01,-0.8,7351,3670,3681
216,Brian Shaw,2004,-1.28,-0.49,0.62,0.27,0.35,-0.8,-0.92,-0.2,-0.09,-0.28,0.2,0.33,-1.23,-0.67,-1.9,0.24,-0.08,-1.15,0.44,-1.11,-0.18,0.24,7504,3768,3736
324,Anthony Peeler,2004,-0.49,0.09,0.7,0.47,0.23,-0.57,-0.7,-0.59,0.29,-0.15,0.45,-0.31,-0.54,-1.37,-1.91,-0.83,-0.61,0.07,-0.92,-0.45,0.13,-0.02,23018,11549,11469
1903,Kenny Thomas,2004,-0.0,-0.12,-0.69,-0.27,-0.42,0.83,-1.18,0.15,-0.41,-0.04,-0.37,0.21,-0.54,-1.36,-1.91,-0.67,-0.72,0.18,0.27,-1.63,0.14,-0.2,27298,13631,13667
702,Voshon Lenard,2004,0.4,-0.03,0.07,0.15,-0.07,-0.06,-1.65,-0.39,-0.35,-0.22,-0.14,-0.33,0.71,-2.64,-1.93,-0.01,0.47,0.24,-0.12,-2.52,0.01,-0.68,22296,11143,11153
2238,Antonis Fotsis,2004,-0.85,-0.02,-0.84,-0.12,-0.7,-0.03,-0.01,-0.1,0.03,0.23,-0.2,-0.02,-1.87,-0.07,-1.94,-0.22,-0.1,-1.77,-0.12,0.05,-0.87,0.01,1177,590,587
111,LaPhonso Ellis,2004,-1.54,-0.51,-0.99,-0.03,-0.95,-0.26,0.89,-0.59,0.05,-0.0,0.07,-0.12,-2.73,0.79,-1.94,0.03,-0.68,-2.05,-0.35,1.14,-1.25,-0.07,8829,4395,4434
2074,Jabari Smith,2004,-0.88,-0.1,-0.94,-0.77,-0.16,-0.11,0.35,-0.18,0.12,0.14,-0.02,-0.27,-2.23,0.28,-1.95,-0.22,-0.49,-1.74,-0.03,0.31,-1.05,-0.15,1411,705,706
2563,Dahntay Jones,2004,-0.96,-0.28,-0.31,-0.14,-0.16,-0.1,-0.43,-0.16,-0.2,-0.11,-0.09,0.1,-1.38,-0.6,-1.98,-0.08,-0.06,-1.32,-0.12,-0.48,-0.41,-0.1,564,279,285
2222,Gerald Wallace,2004,-2.16,-1.05,-0.86,-0.77,-0.1,0.66,0.62,-0.02,-0.4,-0.42,0.03,-0.26,-2.01,0.01,-2.0,0.4,0.47,-2.48,-0.44,0.45,-0.2,-0.66,5331,2662,2669
2565,Zoran Planinic,2004,-0.78,-0.44,-0.71,0.12,-0.81,0.08,-0.8,-0.53,-0.18,-0.25,0.07,0.15,-1.34,-0.67,-2.0,0.24,-0.39,-0.95,0.35,-1.02,-0.63,-0.03,1683,833,850
981,Efthimios Rentzias,2004,-1.4,-0.11,0.22,-0.08,0.3,0.08,-0.85,-0.19,0.12,0.09,0.03,0.04,-1.18,-0.82,-2.01,-0.22,-0.27,-0.91,0.03,-0.85,0.3,0.16,539,273,266
896,Tim Hardaway,2004,-0.64,0.48,0.44,-0.43,0.87,-0.7,-0.98,-0.27,-0.12,-0.14,0.02,-0.35,-0.27,-1.74,-2.01,0.34,-0.74,0.47,-0.33,-1.41,-0.26,-0.47,6676,3341,3335
1544,Chris Crawford,2004,-0.6,0.27,0.02,-0.12,0.14,0.02,-1.94,-0.14,-0.12,0.15,-0.26,0.26,-0.31,-1.71,-2.02,0.34,-0.08,-0.23,0.13,-1.84,0.04,0.14,5227,2616,2611
2216,Zach Randolph,2004,0.16,-0.74,-1.32,-0.48,-0.85,0.23,-1.5,0.31,-0.43,-0.42,-0.01,0.24,-0.18,-1.87,-2.05,0.57,1.38,-1.56,0.7,-2.57,-1.09,-0.19,17166,8569,8597
2427,Roger Mason Jr.,2004,-1.7,-0.36,0.59,0.37,0.22,-0.78,-0.13,-0.28,0.22,0.07,0.16,0.05,-2.08,0.03,-2.05,-0.3,-1.42,-0.66,0.65,-0.62,-0.19,0.27,1577,791,786
1541,Alvin Williams,2004,-0.59,-0.0,0.36,0.24,0.12,-0.15,-1.07,0.21,0.08,-0.16,0.24,-0.56,-1.11,-0.94,-2.05,-0.12,0.01,-1.12,0.07,-1.01,0.21,-0.48,27805,13884,13921
2043,Mateen Cleaves,2004,-0.14,-0.57,-0.55,-0.35,-0.19,-0.2,-0.57,-0.06,-0.08,-0.13,0.07,-0.24,-1.05,-1.01,-2.06,-0.28,-0.04,-1.01,-0.83,-0.18,-0.75,-0.32,1176,588,588
2061,Dan Langhi,2004,-2.08,-0.92,0.52,0.37,0.15,-0.17,-0.53,0.14,0.03,0.08,-0.04,0.18,-1.69,-0.37,-2.07,-0.02,0.36,-2.05,0.31,-0.68,0.35,0.21,3651,1844,1807
1444,Lawrence Funderburke,2004,-0.42,-0.45,-1.1,-0.5,-0.59,0.24,-0.13,-0.22,-0.63,-0.21,-0.42,-0.1,-1.04,-1.05,-2.09,0.05,0.85,-1.89,-0.52,-0.53,-0.86,-0.73,3780,1887,1893
1916,Calvin Booth,2004,-1.85,-0.55,-0.39,0.01,-0.41,0.03,1.08,0.58,-0.09,-0.23,0.14,-1.08,-1.78,-0.31,-2.1,0.2,-0.5,-1.28,-1.73,1.42,-0.36,-1.17,7542,3778,3764
98,Nick Anderson,2004,-1.52,-0.26,-0.86,-0.42,-0.43,-0.12,-0.04,-0.22,-0.05,-0.13,0.08,0.09,-2.28,0.17,-2.11,0.39,-0.04,-2.24,0.18,-0.01,-0.98,0.04,787,392,395
1922,Francisco Elson,2004,-2.01,-0.47,-0.62,-0.63,0.01,-0.25,0.08,-0.41,0.53,0.39,0.14,0.04,-2.77,0.65,-2.12,0.11,-0.13,-2.64,0.46,0.19,-0.87,0.57,3489,1729,1760
2044,Jason Collier,2004,-1.91,-0.26,0.76,0.19,0.58,0.39,-1.14,0.08,-0.18,0.24,-0.42,0.06,-0.74,-1.39,-2.13,-0.11,-0.09,-0.65,0.03,-1.42,1.15,-0.12,3722,1862,1860
89,Nick Van Exel,2004,0.16,0.27,1.34,0.27,1.06,-0.91,-1.77,-0.23,-1.0,-0.38,-0.62,0.05,1.38,-3.5,-2.13,0.0,0.07,1.31,-0.74,-2.76,0.43,-0.95,24853,12431,12422
1114,Jaren Jackson,2004,-0.37,-0.08,-0.66,-0.27,-0.38,-0.18,-0.83,-0.16,-0.21,0.05,-0.26,0.16,-1.16,-0.98,-2.14,-0.05,-0.09,-1.07,-0.01,-0.97,-0.84,-0.05,583,291,292
2484,Devin Brown,2004,-1.78,-0.13,-0.27,-0.08,-0.19,0.36,-0.78,-0.08,-0.34,0.13,-0.47,0.29,-1.13,-1.01,-2.14,0.38,0.11,-1.24,0.11,-1.12,0.09,-0.05,3095,1547,1548
2639,Britton Johnsen,2004,-2.38,-0.5,0.08,0.09,-0.01,0.16,-0.36,-0.06,0.21,0.15,0.07,-0.2,-1.77,-0.39,-2.16,0.33,0.88,-2.65,-0.34,-0.05,0.24,0.01,1029,513,516
2447,Tamar Slay,2004,-0.84,-0.63,-0.56,-0.36,-0.19,0.33,-1.14,-0.27,0.02,-0.05,0.09,0.04,-1.26,-0.91,-2.17,-0.02,0.16,-1.42,0.25,-1.16,-0.23,0.06,1654,819,835
299,Glenn Robinson,2004,1.36,0.56,-0.82,-0.63,-0.2,-0.69,-0.94,-0.18,-0.8,-0.38,-0.42,0.07,-0.44,-1.75,-2.18,-0.36,-0.18,-0.26,0.04,-1.79,-1.51,-0.73,23611,11823,11788
42,Monty Williams,2004,-0.13,-0.05,-1.68,-0.8,-0.89,0.54,-0.88,-0.34,0.24,0.34,-0.11,-0.25,-0.72,-1.48,-2.19,-0.03,0.11,-0.83,0.09,-1.57,-1.14,-0.01,6544,3279,3265
238,Tyrone Hill,2004,-1.75,0.34,-0.76,-0.26,-0.49,1.12,-1.18,-0.54,-0.26,0.36,-0.62,0.72,-1.7,-0.51,-2.2,-0.09,0.9,-2.6,1.29,-1.8,0.36,0.46,8759,4377,4382
2556,Marcus Banks,2004,-0.24,0.1,-1.25,-0.2,-1.07,0.24,-1.01,-0.15,0.55,0.05,0.5,-0.32,-1.13,-1.08,-2.21,-0.18,-0.24,-0.89,-0.36,-0.72,-1.01,0.23,5467,2732,2735
2437,Lonny Baxter,2004,-1.55,-0.11,-1.37,-0.54,-0.84,0.37,0.17,0.1,0.25,-0.01,0.27,-0.18,-2.01,-0.2,-2.21,0.1,0.56,-2.57,-0.4,0.2,-1.0,0.07,5411,2707,2704
2547,Chris Bosh,2004,-0.9,-0.28,-0.19,-0.45,0.28,-1.4,-0.06,0.23,-0.12,-0.16,0.04,0.19,-2.62,0.4,-2.22,0.26,-1.64,-0.98,0.47,-0.07,-1.59,0.07,9022,4513,4509
2454,Junior Harrington,2004,-2.67,-0.52,-1.38,-0.71,-0.67,0.46,-0.52,-0.8,0.88,0.68,0.22,0.73,-3.44,1.2,-2.23,0.27,-0.23,-3.21,0.94,0.26,-0.92,1.61,7526,3754,3772
1510,Brevin Knight,2004,-0.89,0.15,-0.6,-0.31,-0.29,-1.07,-0.71,-0.01,1.66,0.42,1.24,-0.36,-2.91,0.68,-2.23,-0.26,-1.84,-1.07,0.2,0.48,-1.67,1.3,11962,5969,5993
21,Greg Anthony,2004,-0.98,-0.81,0.17,0.28,-0.1,-0.29,-0.98,-0.02,0.32,-0.1,0.41,-0.05,-1.3,-0.93,-2.23,-0.42,-0.33,-0.97,-0.25,-0.68,-0.12,0.27,5643,2819,2824
221,Clar. Weatherspoon,2004,-1.39,0.11,0.31,0.34,-0.03,0.48,-1.14,-0.0,-0.01,0.14,-0.15,-0.24,-0.72,-1.54,-2.26,-0.27,0.48,-1.2,0.15,-1.69,0.79,-0.25,16995,8509,8486
1752,Sean Marks,2004,-0.58,-0.19,-1.25,-0.42,-0.82,-0.14,-0.27,-0.41,0.57,0.07,0.51,-0.02,-2.48,0.21,-2.27,-0.58,-0.53,-1.95,0.32,-0.11,-1.39,0.55,1965,982,983
330,Danny Manning,2004,-0.66,-0.29,-0.01,-0.36,0.36,-1.23,-0.25,-0.16,0.02,-0.01,0.03,-0.38,-1.63,-0.63,-2.27,0.24,-0.58,-1.05,-0.32,-0.31,-1.24,-0.36,2521,1263,1258
932,Oliver Miller,2004,-1.19,0.13,-0.43,-0.51,0.08,-0.94,-0.04,-0.2,0.03,0.14,-0.1,-0.06,-2.42,0.15,-2.27,0.36,-0.11,-2.31,0.31,-0.16,-1.37,-0.03,1978,978,1000
386,Elliot Perry,2004,-0.94,-0.15,-0.69,-0.42,-0.26,-0.09,-0.43,-0.07,0.04,0.09,-0.04,0.03,-1.95,-0.34,-2.29,-0.21,-0.21,-1.74,0.16,-0.5,-0.78,0.07,170,85,85
2041,Etan Thomas,2004,-1.54,-0.59,-1.51,-0.92,-0.58,1.03,0.25,0.12,-0.2,-0.26,0.07,-0.17,-2.56,0.25,-2.31,-0.17,-0.26,-2.3,-0.32,0.57,-0.48,-0.37,11464,5731,5733
2545,Darko Milicic,2004,-1.05,-0.05,-0.41,-0.31,-0.08,-0.18,-0.23,-0.27,-0.12,0.04,-0.15,-0.12,-1.8,-0.51,-2.31,-0.2,-0.39,-1.41,-0.26,-0.25,-0.59,-0.24,614,300,314
1829,Ike Fontaine,2004,-1.03,0.01,-0.33,-0.06,-0.26,-0.16,-0.69,-0.08,-0.04,-0.14,0.1,0.02,-1.5,-0.81,-2.31,-0.08,-0.04,-1.46,0.07,-0.88,-0.49,-0.02,278,141,137
1732,Felipe Lopez,2004,-0.89,-0.01,-0.36,-0.47,0.1,-0.37,-0.98,-0.27,-0.03,-0.23,0.2,-0.06,-1.02,-1.29,-2.31,0.38,-0.34,-0.68,-0.55,-0.74,-0.73,-0.09,2206,1092,1114
1913,Michael Ruffin,2004,-2.56,-0.68,-1.39,-0.41,-0.98,1.66,-0.58,-0.66,-0.33,-0.45,0.12,0.25,-1.69,-0.64,-2.33,0.62,1.35,-3.04,0.66,-1.3,0.27,-0.08,3076,1523,1553
2218,Joseph Forte,2004,-1.46,-0.25,-0.31,-0.05,-0.26,-0.05,-0.29,0.01,-0.12,-0.05,-0.07,0.03,-1.97,-0.38,-2.35,-0.15,-0.15,-1.82,-0.03,-0.35,-0.36,-0.09,432,218,214
911,Ervin Johnson,2004,-1.75,-1.37,-0.95,-0.12,-0.84,-0.24,1.36,0.43,0.11,-0.04,0.15,-0.95,-2.92,0.57,-2.35,0.07,-0.49,-2.43,-1.04,1.61,-1.19,-0.84,15092,7518,7574
2567,Brian Cook,2004,-2.17,-0.1,0.27,0.22,0.05,-0.42,-0.62,-0.12,0.36,0.11,0.25,0.15,-2.43,0.08,-2.35,0.08,-0.44,-1.99,0.14,-0.06,-0.15,0.51,1916,956,960
2413,Juan Dixon,2004,-1.04,-0.07,-0.27,-0.05,-0.22,0.45,-1.36,-0.32,0.59,0.21,0.39,-0.78,-0.78,-1.62,-2.4,0.01,-0.39,-0.39,-0.16,-1.46,0.18,-0.19,7910,3948,3962
193,Anthony Mason,2004,1.15,-0.23,0.3,0.57,-0.27,-1.46,-1.65,0.02,-1.16,-0.51,-0.65,0.28,0.31,-2.73,-2.42,0.12,-1.0,1.31,0.1,-2.83,-1.16,-0.88,20112,10059,10053
1531,Marc Jackson,2004,-1.05,0.35,-0.84,0.0,-0.84,0.28,-0.93,0.35,0.03,0.04,-0.01,0.17,-1.45,-1.0,-2.45,-0.11,0.25,-1.7,0.49,-1.49,-0.56,0.2,8269,4146,4123
431,Shawn Kemp,2004,-1.84,-0.14,0.13,0.76,-0.63,-0.2,-1.12,0.06,0.09,0.54,-0.45,0.73,-2.24,-0.21,-2.45,-0.24,-0.44,-1.8,0.8,-1.01,-0.07,0.82,11103,5553,5550
2260,Jarron Collins,2004,-2.36,0.11,-0.98,-0.45,-0.52,0.68,-1.3,-0.53,1.05,-0.31,1.36,0.58,-2.96,0.48,-2.48,-0.15,0.28,-3.24,0.81,-0.33,-0.3,1.63,13158,6558,6600
1601,Rusty LaRue,2004,-1.21,-0.32,-0.94,-0.74,-0.2,0.73,-0.48,-0.55,-0.46,-0.35,-0.11,0.07,-1.49,-0.99,-2.48,-0.19,0.69,-2.18,-0.12,-0.87,-0.21,-0.39,2258,1120,1138
376,Eric Montross,2004,-1.3,-0.9,-0.78,-0.33,-0.44,0.13,-0.48,0.04,-0.03,-0.13,0.09,-0.21,-2.01,-0.5,-2.51,0.16,-0.5,-1.51,-0.07,-0.43,-0.65,-0.24,2309,1149,1160
2245,Damone Brown,2004,-1.12,-0.05,-1.1,-0.55,-0.55,0.01,0.04,-0.05,-0.28,-0.1,-0.18,0.17,-2.46,-0.07,-2.53,-0.25,-0.78,-1.68,0.2,-0.27,-1.09,-0.11,721,357,364
2261,Kenny Satterfield,2004,-2.94,-0.08,0.16,0.05,0.12,0.82,-1.07,-0.01,1.01,0.42,0.59,-0.03,-2.2,-0.34,-2.54,-0.49,0.53,-2.73,0.41,-0.75,0.98,0.98,3824,1917,1907
258,Brian Grant,2004,-1.23,-0.21,-0.44,-0.06,-0.38,0.25,-1.14,0.07,-0.36,-0.15,-0.21,0.79,-2.38,-0.17,-2.55,-0.42,0.39,-2.77,0.77,-0.94,-0.19,0.43,27037,13505,13532
2206,Rodney White,2004,-1.82,-0.62,-1.57,-0.93,-0.65,-0.07,0.58,-0.29,-0.07,-0.15,0.09,-0.02,-2.93,0.38,-2.55,0.42,0.38,-3.31,-0.01,0.39,-1.64,-0.09,10204,5109,5095
2239,Trenton Hassell,2004,-1.28,-0.44,-0.22,-0.12,-0.12,-0.49,-0.08,-0.23,-0.49,0.17,-0.66,-0.24,-1.72,-0.85,-2.57,0.23,0.31,-2.03,0.67,-1.52,-0.71,-0.73,25847,12904,12943
1737,Nazr Mohammed,2004,-1.86,-0.96,-1.31,-0.29,-1.02,0.37,-0.76,-0.03,-0.04,0.0,-0.04,0.54,-2.42,-0.16,-2.57,0.49,0.05,-2.47,0.23,-0.39,-0.94,0.5,16160,8036,8124
672,Matt Bullard,2004,-1.82,-0.36,0.67,0.57,0.1,-0.6,-0.06,-0.23,-0.18,-0.23,0.04,-0.02,-2.02,-0.59,-2.6,-0.59,-1.09,-0.93,-0.42,-0.17,0.07,-0.2,1273,639,634
146,Jud Buechler,2004,-1.6,-0.71,-0.35,-0.02,-0.31,0.16,-0.84,-0.08,0.04,-0.1,0.14,-0.02,-1.62,-1.0,-2.62,-0.01,0.6,-2.22,-0.02,-0.98,-0.19,0.02,2568,1287,1281
1952,Raja Bell,2004,-1.63,0.18,-0.3,0.38,-0.69,-0.37,-0.3,-0.92,0.3,-0.04,0.35,0.19,-2.62,0.0,-2.62,-0.51,-0.74,-1.88,0.15,-0.15,-0.67,0.49,16351,8112,8239
2067,Eddie House,2004,-2.39,-0.49,0.77,0.09,0.69,-0.27,-1.0,-0.47,-0.02,0.16,-0.18,0.31,-1.65,-0.97,-2.62,-0.02,0.41,-2.06,0.3,-1.27,0.5,0.29,12457,6227,6230
2205,DeSagana Diop,2004,-2.28,-1.12,-0.73,-0.54,-0.21,0.15,0.28,-0.02,-0.27,0.14,-0.41,0.26,-3.03,0.4,-2.63,-0.04,-0.69,-2.34,0.94,-0.54,-0.58,-0.01,6614,3301,3313
120,Steven Smith,2004,-0.86,0.34,0.36,0.54,-0.17,-0.53,-1.54,0.04,-0.38,-0.31,-0.09,0.17,-0.73,-1.9,-2.63,0.15,-0.17,-0.56,0.05,-1.95,-0.17,-0.21,17604,8852,8752
2424,Dan Dickau,2004,-1.64,-0.05,0.24,0.28,-0.05,0.6,-1.58,-0.48,-0.36,0.1,-0.45,0.03,-0.81,-1.83,-2.64,0.07,0.28,-1.09,0.2,-2.03,0.84,-0.33,2959,1477,1482
2039,Keyon Dooling,2004,-0.58,0.32,0.19,0.5,-0.31,-1.27,-0.6,-0.27,-0.08,-0.2,0.13,-0.07,-1.56,-1.09,-2.65,-0.24,-0.78,-0.78,-0.35,-0.74,-1.08,-0.15,8384,4194,4190
2098,Slava Medvedenko,2004,-2.89,-1.05,-0.44,0.01,-0.45,0.5,0.07,-0.04,0.23,0.26,-0.03,-0.12,-2.62,-0.04,-2.66,-0.01,0.58,-3.2,-1.37,1.33,0.06,0.11,11624,5801,5823
239,Darrick Martin,2004,-2.04,0.25,-0.51,-0.09,-0.42,-0.22,0.16,0.01,-0.05,-0.14,0.09,-0.2,-2.4,-0.25,-2.66,0.2,0.36,-2.76,-0.03,-0.22,-0.73,-0.25,1356,680,676
1894,Corey Maggette,2004,0.35,1.51,-0.13,0.09,-0.21,-0.64,-1.33,-0.42,-0.21,0.05,-0.26,-0.47,-0.74,-1.93,-2.67,-0.24,-0.82,0.08,-0.17,-1.76,-0.77,-0.68,23530,11783,11747
2038,Joel Przybilla,2004,-2.4,-1.55,-0.0,-0.12,0.12,-0.37,0.5,0.28,-0.0,0.24,-0.24,-0.17,-3.09,0.4,-2.69,-0.25,-0.69,-2.4,-0.13,0.53,-0.37,-0.17,7637,3824,3813
2212,Steven Hunter,2004,-2.25,-1.35,0.03,-0.23,0.28,0.01,1.07,0.35,-1.09,-0.62,-0.47,-0.88,-1.91,-0.79,-2.69,0.42,-0.36,-1.55,-0.7,-0.09,0.04,-1.97,6641,3305,3336
2109,Eddie Gill,2004,-0.84,0.83,-0.53,-0.35,-0.19,-0.32,-0.83,-0.02,0.02,0.19,-0.15,-0.1,-1.94,-0.76,-2.7,-0.1,-1.21,-0.73,-0.17,-0.59,-0.85,-0.08,1770,886,884
281,Scott Williams,2004,-2.88,-1.13,0.22,-0.27,0.49,-0.09,-0.21,0.2,0.15,-0.26,0.41,0.23,-3.1,0.38,-2.72,-0.14,-0.6,-2.5,0.12,0.26,0.13,0.38,8284,4130,4154
2042,Courtney Alexander,2004,-2.25,0.07,0.19,-0.36,0.56,0.33,-0.44,-0.42,0.55,0.12,0.43,-0.45,-2.53,-0.2,-2.72,-0.65,0.24,-2.77,-0.36,0.16,0.52,0.1,9999,4974,5025
2211,Troy Murphy,2004,-0.92,0.56,-0.42,0.5,-0.92,-0.05,-0.98,-0.15,-0.22,-0.27,0.05,-0.23,-1.59,-1.13,-2.72,0.1,-0.66,-0.93,0.83,-1.96,-0.47,-0.45,17597,8778,8819
271,Johnny Newman,2004,-1.0,-0.02,-0.2,-0.06,-0.14,-0.94,-0.24,-0.15,0.4,0.23,0.17,-0.2,-2.58,-0.15,-2.73,-0.55,-1.71,-0.87,-0.14,-0.01,-1.14,0.2,2895,1440,1455
2053,Dalibor Bagaric,2004,-0.26,-0.59,-0.23,-0.19,-0.05,-0.75,-0.97,0.29,-0.47,-0.03,-0.43,0.1,-1.23,-1.51,-2.74,-0.16,-0.32,-0.91,-0.19,-1.32,-0.98,-0.37,2672,1340,1332
2452,J.R. Bremer,2004,-1.48,-0.83,0.62,0.48,0.14,-0.21,-1.52,0.12,-0.33,-0.12,-0.21,-0.05,-0.59,-2.16,-2.74,0.23,0.98,-1.57,-0.11,-2.05,0.41,-0.38,7611,3816,3795
95,Mark Bryant,2004,-1.81,-0.33,-0.52,0.14,-0.64,-0.03,-0.33,-0.01,0.13,0.11,0.03,0.12,-2.68,-0.07,-2.75,-0.31,-0.02,-2.66,0.14,-0.21,-0.55,0.25,1241,617,624
1043,Amal McCaskill,2004,-1.27,-0.7,-0.44,-0.7,0.26,-0.27,-0.22,-0.06,-0.34,-0.08,-0.25,-0.1,-1.92,-0.82,-2.75,-0.11,0.37,-2.29,-0.07,-0.75,-0.71,-0.44,3061,1513,1548
1924,Lee Nailon,2004,-0.9,0.11,-0.91,-0.15,-0.77,0.57,-1.8,-0.8,-0.42,-0.21,-0.22,0.32,-0.48,-2.28,-2.77,0.37,0.18,-0.66,0.17,-2.45,-0.34,-0.1,11974,5948,6026
1900,Quincy Lewis,2004,-0.59,-0.41,-1.58,-1.06,-0.52,0.05,-0.13,-0.16,0.13,-0.08,0.21,-0.24,-2.43,-0.35,-2.78,-0.42,-0.84,-1.59,-0.57,0.22,-1.53,-0.11,2241,1117,1124
2471,Mike Batiste,2004,-1.17,-0.28,-0.65,-0.44,-0.21,-0.33,-1.31,0.28,0.39,-0.03,0.43,0.02,-1.98,-0.83,-2.81,0.24,0.01,-1.99,-0.02,-0.81,-0.98,0.41,4668,2328,2340
1915,Evan Eschmeyer,2004,-2.2,-0.43,-1.2,-1.21,0.02,0.26,0.29,-0.18,-0.07,0.4,-0.47,0.07,-3.23,0.42,-2.81,0.04,-0.08,-3.15,0.18,0.24,-0.94,0.0,1800,901,899
2213,Kirk Haston,2004,-1.55,-0.29,-0.42,0.05,-0.45,-0.19,-0.38,-0.12,-0.26,-0.0,-0.25,0.21,-2.43,-0.38,-2.81,-0.22,-0.85,-1.58,0.5,-0.88,-0.61,-0.05,549,270,279
145,Tracy Murray,2004,-0.45,-0.34,-0.51,-0.65,0.15,0.03,-1.68,-0.59,-0.39,-0.17,-0.21,-0.07,-0.57,-2.27,-2.84,0.23,-0.57,0.0,0.27,-2.54,-0.48,-0.46,2699,1362,1337
1609,Art Long,2004,-1.64,-0.69,-1.7,-0.99,-0.7,0.69,-0.12,-0.13,0.38,0.52,-0.14,-0.17,-2.84,-0.03,-2.87,-0.31,0.13,-2.97,-0.26,0.23,-1.01,0.21,4404,2194,2210
2409,Marcus Haislip,2004,-1.29,-0.35,-0.0,-0.16,0.16,-0.33,-0.97,-0.09,0.23,0.12,0.11,-0.3,-1.73,-1.19,-2.92,-0.26,-0.09,-1.64,-0.45,-0.74,-0.33,-0.07,2714,1366,1348
2352,Dean Oliver,2004,-1.11,0.03,-0.45,-0.36,-0.09,-0.43,-0.63,-0.32,0.35,0.17,0.18,-0.12,-2.33,-0.6,-2.92,-0.53,-1.51,-0.82,-0.09,-0.51,-0.88,0.23,921,462,459
43,Chris Whitney,2004,-1.17,0.18,0.12,0.12,0.0,-0.09,-1.68,-0.24,0.34,-0.02,0.36,-0.26,-1.5,-1.43,-2.93,-0.19,-0.21,-1.29,0.26,-1.69,0.03,0.08,12901,6452,6449
2199,Tyson Chandler,2004,-0.8,-0.47,-1.95,-1.21,-0.74,-0.53,0.01,0.5,-0.04,-0.04,-0.0,-0.14,-2.7,-0.24,-2.94,0.51,0.01,-2.71,0.83,-1.07,-2.48,-0.18,15289,7647,7642
1742,Shammond Williams,2004,-1.26,-0.29,0.37,-0.01,0.38,-1.4,-0.85,-0.73,0.25,0.1,0.15,-0.09,-1.77,-1.17,-2.94,0.04,-0.46,-1.31,-0.39,-0.78,-1.03,0.16,12164,6091,6073
1548,Mark Blount,2004,-1.19,-0.32,-1.5,-0.36,-1.14,-0.15,0.28,0.78,0.08,-0.0,0.08,-0.78,-2.99,0.01,-2.98,0.28,-0.05,-2.94,-0.24,0.25,-1.65,-0.7,17145,8567,8578
953,Lorenzen Wright,2004,-2.13,-0.95,-0.53,-0.49,-0.05,0.08,-1.23,-0.04,-0.16,-0.16,0.01,-0.09,-2.34,-0.65,-2.99,1.07,0.47,-2.81,1.12,-1.77,-0.45,-0.25,18548,9284,9264
1983,Jermaine Jackson,2004,-1.22,-0.09,0.3,-0.42,0.71,-0.98,-0.88,-0.3,0.1,-0.02,0.12,-0.09,-1.99,-1.04,-3.03,-0.26,-0.88,-1.11,-0.05,-0.99,-0.68,0.01,3093,1535,1558
2370,Mengke Bateer,2004,-1.12,-0.13,-0.98,-0.56,-0.41,-0.43,-0.37,-0.25,-0.05,0.14,-0.2,0.15,-2.85,-0.18,-3.03,-0.23,-0.86,-1.99,0.01,-0.19,-1.41,0.1,1821,900,921
2228,Alton Ford,2004,-1.35,0.28,-0.95,-0.48,-0.46,0.33,-0.83,-0.29,-0.61,-0.49,-0.12,0.13,-2.04,-1.03,-3.06,0.22,0.42,-2.46,0.14,-1.17,-0.62,-0.48,1919,952,967
2214,Michael Bradley,2004,0.33,-1.01,-1.14,-0.68,-0.45,0.75,-3.01,-0.13,-0.27,0.02,-0.28,-0.13,0.4,-3.47,-3.07,0.4,2.23,-1.83,0.11,-3.58,-0.39,-0.4,5523,2749,2774
2398,Jay Williams,2004,-0.62,-0.39,-0.57,-0.07,-0.51,0.01,-1.19,-0.46,-0.04,0.09,-0.13,-0.14,-1.43,-1.67,-3.09,-0.54,-1.58,0.15,0.5,-2.17,-0.56,-0.18,7549,3776,3773
2549,Chris Kaman,2004,-0.42,0.18,-1.44,-0.76,-0.69,0.59,-0.13,0.53,-0.54,-0.32,-0.23,-0.42,-1.94,-1.14,-3.09,-0.73,-0.93,-1.01,-1.29,0.15,-0.85,-0.96,6772,3382,3390
1023,Emanual Davis,2004,-1.37,-0.01,-1.1,-0.27,-0.84,-0.38,0.06,-0.32,0.02,0.09,-0.05,-0.11,-2.91,-0.18,-3.09,-0.21,-0.58,-2.33,-0.29,0.11,-1.48,-0.09,4240,2108,2132
2541,Antoine Rigaudeau,2004,-1.73,-0.45,-0.46,-0.0,-0.45,-0.03,-0.53,-0.12,-0.05,-0.02,-0.03,-0.06,-2.41,-0.68,-3.09,-0.23,0.08,-2.49,0.17,-0.85,-0.49,-0.11,330,164,166
1985,Zendon Hamilton,2004,-1.16,0.48,-1.6,-0.71,-0.88,1.29,-1.88,-0.15,-0.15,-0.12,-0.03,-0.07,-1.15,-2.0,-3.15,0.42,0.71,-1.86,-0.4,-1.6,-0.31,-0.22,5023,2495,2528
2560,Zarko Cabarkapa,2004,-1.0,-0.18,-1.48,-0.37,-1.09,0.09,-0.68,-0.09,-0.34,-0.12,-0.22,-0.09,-1.97,-1.19,-3.16,0.34,0.47,-2.44,-0.22,-0.97,-1.39,-0.43,2148,1078,1070
2417,Qyntel Woods,2004,-1.19,-0.64,-0.88,-0.51,-0.37,-0.33,-1.13,-0.32,0.42,0.04,0.39,-0.25,-2.07,-1.11,-3.17,0.19,-0.47,-1.6,-0.28,-0.83,-1.21,0.17,3606,1785,1821
2401,Nikoloz Tskitishvili,2004,-2.35,-0.64,-0.63,-0.02,-0.6,0.17,-0.48,-0.43,-0.02,0.19,-0.21,0.03,-2.3,-0.88,-3.18,0.1,-0.22,-2.08,0.41,-1.29,-0.46,0.01,6074,3037,3037
1508,Maurice Taylor,2004,-0.71,0.05,-1.03,-0.44,-0.59,-0.45,-1.13,-0.38,0.07,-0.24,0.32,0.68,-2.39,-0.79,-3.18,-0.61,-0.25,-2.14,0.22,-1.01,-1.48,0.75,12686,6336,6350
679,Jason Caffey,2004,-1.11,-0.83,-1.45,-0.45,-1.0,0.21,0.26,0.16,-0.5,-0.07,-0.43,-0.11,-2.63,-0.57,-3.19,-0.49,0.3,-2.93,-0.4,-0.17,-1.24,-0.61,4296,2154,2142
2561,David West,2004,-2.05,-0.34,-1.13,-0.24,-0.88,1.12,-1.23,0.12,0.29,-0.08,0.38,0.15,-2.44,-0.75,-3.2,-0.35,1.16,-3.6,0.14,-0.89,-0.01,0.44,3733,1858,1875
121,Patrick Ewing,2004,-1.63,-0.39,-0.96,-0.21,-0.76,0.39,-0.32,-0.51,-0.25,0.22,-0.48,-0.21,-2.01,-1.19,-3.2,-0.22,0.67,-2.68,0.08,-1.27,-0.57,-0.46,3605,1822,1783
1720,Michael Doleac,2004,-1.28,-0.43,0.13,-0.3,0.43,-0.57,-0.98,-0.65,-0.63,-0.4,-0.24,0.46,-1.83,-1.39,-3.22,-0.35,-1.41,-0.42,-0.17,-1.22,-0.44,-0.17,10443,5225,5218
2693,Keith McLeod,2004,-1.83,0.02,-0.85,-0.45,-0.38,-0.42,0.01,-0.12,-0.13,-0.16,0.04,-0.05,-2.78,-0.45,-3.23,0.04,-0.46,-2.32,-0.16,-0.29,-1.27,-0.18,1341,658,683
2402,Dajuan Wagner,2004,-2.04,-0.08,0.29,0.26,0.03,0.24,-0.63,-0.61,-0.97,-0.37,-0.6,-0.36,-1.14,-2.1,-3.24,0.23,1.99,-3.13,-0.64,-1.46,0.53,-1.33,7900,3962,3938
383,Kendall Gill,2004,-2.8,-0.01,-0.33,-0.09,-0.23,-0.33,0.33,0.29,0.23,0.19,0.04,0.31,-3.6,0.36,-3.24,-0.65,-0.78,-2.82,0.02,0.34,-0.66,0.54,18593,9297,9296
2257,Ruben Boumtje-Boumtje,2004,-1.62,-0.37,-0.5,-0.05,-0.44,-0.09,-0.85,0.08,-0.16,-0.12,-0.04,-0.12,-1.92,-1.35,-3.26,0.08,-0.13,-1.79,-0.13,-1.22,-0.59,-0.28,1045,517,528
179,Bryant Stith,2004,-1.82,0.33,-0.42,-0.16,-0.24,-0.63,-0.43,0.05,0.34,0.13,0.22,-0.22,-2.96,-0.34,-3.29,-0.11,-0.32,-2.64,-0.73,0.39,-1.05,0.12,2431,1215,1216
363,Christian Laettner,2004,-0.56,-0.02,-0.33,-0.66,0.34,-1.68,-0.33,0.24,-0.28,0.14,-0.42,0.25,-3.05,-0.26,-3.3,-0.37,-1.4,-1.65,-0.15,-0.11,-2.01,-0.03,17071,8553,8518
1743,Bruno Sundov,2004,-1.71,-0.82,-0.29,-0.48,0.2,-0.44,-0.73,-0.35,-0.02,-0.02,0.0,-0.0,-2.44,-0.87,-3.31,-0.12,-0.56,-1.88,-0.02,-0.85,-0.73,-0.02,993,499,494
45,George McCloud,2004,-2.64,0.19,-0.67,-0.36,-0.31,0.8,-0.45,-0.48,-0.24,0.13,-0.37,-0.05,-2.33,-0.98,-3.31,-0.06,0.67,-3.0,-0.26,-0.72,0.13,-0.29,6805,3393,3412
339,Tom Gugliotta,2004,-2.67,-0.86,-0.98,-0.62,-0.36,-0.09,-0.06,0.31,0.33,0.15,0.18,-0.07,-3.82,0.51,-3.32,0.22,-1.21,-2.61,-0.6,1.11,-1.07,0.26,8833,4406,4427
1886,Jonathan Bender,2004,-0.14,0.34,-1.18,0.16,-1.34,-1.08,0.38,-0.44,-1.41,-0.65,-0.77,0.26,-2.34,-1.0,-3.33,-0.16,-0.93,-1.41,0.04,-1.04,-2.26,-1.15,11198,5612,5586
1542,Predrag Drobnjak,2004,-2.75,-0.2,0.66,0.77,-0.12,0.48,-1.36,0.86,-0.99,0.15,-1.14,0.69,-1.87,-1.48,-3.34,-0.07,0.6,-2.47,-0.3,-1.18,1.14,-0.3,15071,7546,7525
436,Juwan Howard,2004,-0.75,-0.1,-0.34,-0.08,-0.27,-0.07,-2.08,-0.45,-0.6,-0.25,-0.35,0.38,-1.25,-2.1,-3.35,0.11,-0.16,-1.09,0.75,-2.85,-0.41,-0.22,30614,15276,15338
2440,Matt Barnes,2004,-1.3,0.53,-1.32,-0.68,-0.64,0.33,-1.01,-0.36,-0.34,-0.22,-0.12,-0.07,-1.81,-1.55,-3.36,0.35,1.08,-2.89,-0.35,-1.2,-0.99,-0.41,2738,1358,1380
2557,Luke Ridnour,2004,-2.24,0.01,-0.16,-0.1,-0.06,0.09,-1.53,-0.14,0.25,-0.15,0.4,-0.03,-2.39,-1.03,-3.41,0.21,-1.2,-1.19,0.1,-1.13,-0.07,0.22,4038,2013,2025
1425,Aaron Williams,2004,-1.53,-0.65,-1.63,-1.15,-0.48,-0.47,0.59,-0.23,0.25,-0.35,0.6,-0.48,-3.98,0.55,-3.44,-0.17,-0.76,-3.22,0.27,0.28,-2.1,-0.23,19961,10010,9951
2416,Kareem Rush,2004,-0.83,-0.77,-0.2,-0.69,0.49,-0.74,-1.55,-0.41,-0.45,-0.25,-0.2,0.41,-1.54,-1.93,-3.47,-0.11,0.01,-1.55,-0.4,-1.53,-0.94,-0.04,9251,4627,4624
1521,Jacque Vaughn,2004,-1.16,-0.46,-0.41,-0.2,-0.21,-0.43,-1.59,-0.32,0.22,-0.21,0.42,0.27,-2.07,-1.41,-3.47,-0.37,-0.7,-1.37,0.42,-1.83,-0.84,0.49,18295,9145,9150
452,Vin Baker,2004,-0.28,-0.45,-1.52,0.07,-1.58,0.51,-1.18,-0.26,-0.23,-0.28,0.05,-0.99,-1.0,-2.5,-3.5,0.19,0.08,-1.08,-0.55,-1.95,-1.01,-1.22,15348,7673,7675
958,Vitaly Potapenko,2004,-1.92,-0.68,-0.44,0.2,-0.64,0.21,-1.22,-0.14,-0.63,-0.25,-0.38,0.3,-2.05,-1.45,-3.5,0.2,-0.19,-1.86,-0.39,-1.06,-0.23,-0.33,11605,5802,5803
1565,Michael Stewart,2004,-2.51,0.03,-1.06,-0.66,-0.38,-0.31,-0.15,-0.15,0.16,-0.01,0.17,0.1,-3.85,0.32,-3.52,0.25,-0.43,-3.42,-0.03,0.35,-1.37,0.26,1836,911,925
961,John Wallace,2004,-0.45,0.12,-0.58,-0.5,-0.08,0.02,-1.78,-0.12,-0.38,-0.24,-0.14,0.16,-1.25,-2.29,-3.54,-0.53,-0.4,-0.85,0.4,-2.69,-0.56,-0.22,3096,1543,1553
1134,Ike Austin,2004,-1.75,-0.39,-0.21,0.12,-0.3,-0.66,-0.53,-0.03,-0.04,-0.12,0.08,0.09,-3.33,-0.25,-3.57,-0.47,-1.55,-1.78,0.51,-0.76,-0.87,0.05,1186,592,594
690,Don Reid,2004,-2.78,-0.74,-1.01,-0.84,-0.17,-0.14,-0.3,-0.69,0.39,0.38,0.01,0.31,-3.71,0.13,-3.58,-0.05,0.33,-4.04,0.47,-0.34,-1.15,0.7,3036,1511,1525
1907,Vonteego Cummings,2004,-0.97,-0.02,-0.77,-0.12,-0.65,-0.04,-1.48,-0.47,-0.17,-0.12,-0.05,0.3,-2.05,-1.54,-3.59,-0.46,-0.19,-1.86,0.61,-2.15,-0.81,0.13,1801,903,898
969,Travis Knight,2004,-3.41,-0.34,-0.09,-0.14,0.05,0.29,-0.13,-0.14,0.09,0.13,-0.03,-0.13,-3.36,-0.25,-3.6,-0.22,0.18,-3.54,-0.06,-0.19,0.2,-0.04,2577,1293,1284
2036,Chris Mihm,2004,-2.99,-0.73,-1.34,-0.71,-0.62,0.7,0.22,-0.04,-0.34,-0.1,-0.24,0.28,-3.82,0.22,-3.6,-0.13,0.55,-4.37,0.56,-0.34,-0.64,-0.06,14488,7235,7253
1934,Rodney Buford,2004,-1.06,-0.71,-0.5,-0.61,0.12,-0.59,-0.8,0.23,-0.71,-0.39,-0.33,-0.13,-1.9,-1.72,-3.61,0.18,-0.54,-1.36,0.44,-2.16,-1.09,-0.84,7207,3600,3607
2254,Loren Woods,2004,-2.45,-0.91,-0.87,-0.31,-0.56,0.54,-0.43,0.13,0.04,0.51,-0.48,-0.25,-2.59,-1.03,-3.62,-0.2,1.03,-3.62,-0.52,-0.51,-0.33,-0.21,5041,2525,2516
323,Greg Foster,2004,-2.51,-0.21,-0.33,0.22,-0.53,-0.32,-0.62,-0.12,0.01,-0.27,0.28,0.2,-3.42,-0.25,-3.67,-0.1,-1.0,-2.42,-0.19,-0.06,-0.65,0.21,2049,1019,1030
2669,Linton Johnson,2004,-3.91,-0.54,-0.05,0.02,-0.06,-0.26,-0.12,-0.5,0.18,0.15,0.03,0.12,-4.02,0.26,-3.76,0.28,-0.36,-3.66,0.48,-0.22,-0.31,0.3,2778,1387,1391
349,Mark Jackson,2004,-1.06,-0.33,-1.1,-1.0,-0.1,-0.14,-0.73,0.16,-0.63,-0.07,-0.58,0.44,-2.41,-1.35,-3.77,-0.55,-0.69,-1.72,0.38,-1.73,-1.24,-0.19,16464,8225,8239
1520,Charles Smith,2004,-2.24,-0.7,-0.5,-0.65,0.15,-0.29,-1.07,0.04,0.23,0.62,-0.39,0.29,-2.95,-0.9,-3.86,-0.28,-0.43,-2.52,0.36,-1.26,-0.79,0.52,4515,2259,2256
2242,Terence Morris,2004,-2.22,-0.56,0.24,-0.1,0.35,0.81,-0.93,0.53,-0.61,-0.35,-0.26,-0.63,-1.39,-2.48,-3.87,-0.53,0.25,-1.64,-1.08,-1.4,1.05,-1.24,6279,3134,3145
2357,Tierre Brown,2004,-2.55,-0.39,-0.71,-0.43,-0.28,-0.15,-0.55,0.18,-0.03,0.12,-0.15,0.35,-3.78,-0.27,-4.04,-0.4,-0.45,-3.33,0.6,-0.87,-0.86,0.32,2167,1086,1081
718,Gary Trent,2004,-1.93,-1.39,-0.21,0.19,-0.39,0.43,-1.23,-0.29,-0.89,-0.54,-0.34,-0.16,-1.79,-2.3,-4.08,-0.09,1.3,-3.09,-0.62,-1.68,0.22,-1.05,12899,6438,6461
2400,Drew Gooden,2004,-1.27,-0.57,-1.22,-0.5,-0.72,0.84,-1.38,0.42,-0.54,-0.11,-0.43,-0.9,-1.29,-2.79,-4.08,0.39,1.0,-2.29,-0.15,-2.64,-0.38,-1.44,15828,7925,7903
1853,Anthony Carter,2004,-1.06,-0.72,-1.3,-1.08,-0.22,-1.22,-0.54,-0.1,0.26,0.28,-0.02,0.07,-3.89,-0.21,-4.1,-0.31,-1.14,-2.75,0.36,-0.57,-2.52,0.33,7467,3726,3741
1500,Ron Mercer,2004,-3.69,-0.13,0.09,0.08,0.01,-0.29,0.38,-0.04,0.01,0.09,-0.08,-0.21,-4.17,-0.06,-4.23,-0.52,-0.77,-3.4,-0.4,0.34,-0.2,-0.2,15354,7661,7693
422,Avery Johnson,2004,0.03,-0.28,0.01,0.05,-0.03,-1.26,-0.96,-0.22,-0.62,-0.09,-0.53,-1.13,-0.94,-3.39,-4.32,-0.39,-1.52,0.58,-1.28,-2.11,-1.25,-1.75,8679,4332,4347
891,Charles Oakley,2004,-3.49,-0.48,-0.03,-0.86,0.82,0.03,-1.38,-0.45,0.59,-0.03,0.62,0.47,-4.38,-0.01,-4.39,-0.58,-1.06,-3.32,0.8,-0.81,0.0,1.06,6917,3451,3466
2220,Brandon Armstrong,2004,-2.62,-0.78,-0.01,-0.35,0.33,0.19,-0.98,-0.11,-0.29,-0.13,-0.16,-0.34,-2.48,-1.91,-4.39,-0.34,-0.07,-2.41,-0.46,-1.45,0.18,-0.63,2508,1249,1259
2124,Malik Allen,2004,-1.6,-0.86,-0.45,-0.03,-0.42,-0.93,-0.68,-0.17,-0.87,0.02,-0.89,0.45,-2.98,-1.42,-4.4,-0.32,-0.79,-2.19,-0.49,-0.93,-1.38,-0.42,11617,5788,5829
3,Grant Long,2004,-2.67,-0.61,-1.8,-0.87,-0.94,-0.53,0.05,0.38,0.21,-0.26,0.46,0.37,-5.18,0.69,-4.5,-0.13,-0.57,-4.61,0.47,0.22,-2.33,0.58,8832,4394,4438
788,Kevin Willis,2004,-2.86,-1.04,-0.84,-0.12,-0.72,0.43,-1.48,-0.03,-0.01,0.16,-0.17,0.05,-3.12,-1.48,-4.61,0.1,-0.28,-2.84,0.26,-1.74,-0.41,0.04,7953,3950,4003
399,Sean Rooks,2004,-2.41,-0.62,-0.05,-0.47,0.42,-0.86,-0.45,-0.23,0.42,0.4,0.03,-0.68,-3.91,-0.73,-4.65,-0.62,0.2,-4.11,-0.17,-0.56,-0.91,-0.26,9880,4963,4917
688,Michael Curry,2004,-3.23,-0.16,-0.63,0.21,-0.85,-2.49,0.53,0.51,0.27,-0.26,0.53,0.52,-6.6,1.86,-4.74,0.29,-1.78,-4.82,0.64,1.22,-3.12,0.79,18340,9088,9252
685,Cherokee Parks,2004,-1.91,-0.91,-0.19,-0.05,-0.14,-0.02,-2.39,0.21,-0.63,-0.2,-0.43,0.24,-1.99,-2.79,-4.78,0.12,-0.99,-1.0,-0.15,-2.64,-0.21,-0.39,3512,1749,1763
1960,Milt Palacio,2004,-3.48,-0.33,-0.49,0.31,-0.8,-1.09,-0.24,-0.34,0.52,-0.02,0.54,-0.1,-4.81,-0.08,-4.9,-0.02,-0.96,-3.85,-0.3,0.22,-1.58,0.42,14664,7297,7367
2219,Jeryl Sasser,2004,-4.38,-0.68,-0.6,-0.19,-0.43,0.74,-0.85,-0.12,-0.07,0.1,-0.16,-0.1,-3.69,-1.3,-4.98,0.28,0.28,-3.97,0.14,-1.44,0.14,-0.17,3935,1945,1990
955,Samaki Walker,2004,-3.7,-1.27,-0.22,0.09,-0.31,-0.21,1.1,0.31,-0.9,-0.48,-0.42,-0.46,-4.61,-0.41,-5.02,-0.63,0.15,-4.76,-0.87,0.46,-0.43,-1.36,13275,6621,6654
2052,DeShawn Stevenson,2004,-1.89,-0.31,0.26,-0.33,0.58,-0.21,-2.05,0.03,-0.71,-0.57,-0.14,-0.03,-1.74,-3.37,-5.11,-0.48,-0.19,-1.55,-0.27,-3.1,0.05,-0.74,15910,7924,7986
902,Bimbo Coles,2004,-4.17,0.08,0.5,0.34,0.16,-0.57,-0.5,0.27,-0.16,-0.14,-0.01,-0.05,-4.17,-0.97,-5.13,-0.18,-0.61,-3.56,0.21,-1.18,-0.07,-0.21,5539,2757,2782
123,Robert Pack,2004,-2.8,-0.01,-0.6,-0.09,-0.51,-0.07,-1.16,-0.09,-0.29,0.12,-0.41,0.04,-3.79,-1.44,-5.23,-0.35,-0.35,-3.44,-0.37,-1.07,-0.67,-0.25,3471,1726,1745
680,John Amaechi,2004,-2.24,-0.14,-1.99,-1.49,-0.49,-0.2,-0.88,0.02,0.68,0.23,0.46,0.0,-4.63,-0.6,-5.23,-0.6,-0.98,-3.65,0.21,-0.81,-2.19,0.68,3924,1971,1953
2469,Pat Burke,2004,-4.05,-0.43,-0.91,-0.42,-0.49,-0.21,-0.63,-0.24,0.34,0.36,-0.01,-0.09,-5.35,-0.19,-5.54,0.01,0.12,-5.47,-0.43,0.24,-1.12,0.25,3113,1546,1567
1741,Jelani McCoy,2004,-1.54,-0.99,-1.14,-0.13,-1.0,-0.89,-0.58,0.23,-1.37,-0.45,-0.92,-0.02,-3.89,-2.01,-5.89,-0.35,-1.28,-2.61,0.08,-2.09,-2.03,-1.39,5465,2729,2736
763,Tony Massenburg,2004,-2.74,-0.95,-1.38,-0.71,-0.66,-0.21,-2.53,-0.32,-0.27,-0.24,-0.03,-0.27,-4.45,-2.78,-7.23,0.17,0.15,-4.6,-0.74,-2.04,-1.59,-0.54,10631,5302,5329
