player_id,player_name,Latest_Year,oALT_TS,oALT_EFG,oALT_FT,oALT_TOV,oALT_TOV_bp,oALT_TOV_sc,oSC,dALT_TS,dALT_EFG,dALT_FT,dALT_TOV,dALT_TOV_bp,dALT_TOV_sc,dSC,oFC,dFC,off,def,net_rapm,RESID,possessions,off_poss,def_poss
2544,LeBron James,2013,5.16,4.27,0.89,1.02,0.42,0.61,-0.23,-0.14,0.06,-0.2,0.71,0.95,-0.24,-0.16,6.18,0.57,5.95,0.41,6.36,0.0,26436,13268,13168
101108,Chris Paul,2013,3.28,2.72,0.56,0.99,0.59,0.41,0.46,-1.57,-0.61,-0.96,1.08,0.53,0.56,0.68,4.27,-0.49,4.73,0.19,4.92,0.0,18846,9428,9418
2225,Tony Parker,2013,2.89,2.56,0.33,0.82,0.35,0.47,-1.19,1.93,1.49,0.44,0.08,0.13,-0.05,0.36,3.71,2.01,2.52,2.37,4.89,-0.0,20059,10096,9963
201933,Blake Griffin,2013,1.92,2.06,-0.14,0.47,0.26,0.21,1.86,-0.86,-0.71,-0.15,0.66,0.28,0.38,0.51,2.39,-0.2,4.25,0.31,4.56,0.0,20254,10126,10128
1713,Vince Carter,2013,2.31,1.95,0.36,0.65,0.21,0.45,-0.58,1.33,2.0,-0.67,0.02,-0.28,0.3,0.58,2.96,1.35,2.38,1.93,4.31,0.0,14292,7175,7117
708,Kevin Garnett,2013,0.38,0.39,-0.01,-0.05,-0.03,-0.02,-1.59,4.39,3.82,0.57,0.72,0.27,0.45,0.36,0.33,5.11,-1.26,5.47,4.21,0.0,17404,8731,8673
201568,Danilo Gallinari,2013,1.3,0.5,0.8,0.09,0.14,-0.06,0.38,1.17,0.62,0.55,0.19,0.16,0.01,0.98,1.39,1.36,1.77,2.34,4.11,0.0,14887,7463,7424
201144,Mike Conley,2013,0.89,0.59,0.3,0.94,0.43,0.51,0.0,1.63,1.57,0.06,0.76,0.35,0.41,-0.14,1.83,2.39,1.83,2.25,4.09,0.01,20960,10501,10459
101161,Amir Johnson,2013,0.79,0.4,0.39,0.48,0.66,-0.18,0.16,2.49,2.31,0.18,-0.36,-0.36,0.0,0.52,1.27,2.13,1.43,2.65,4.08,0.0,14569,7314,7255
1495,Tim Duncan,2013,-0.46,-0.76,0.3,0.57,0.02,0.55,0.08,3.71,2.87,0.84,-0.56,-0.17,-0.4,0.68,0.11,3.15,0.19,3.83,4.02,0.0,18548,9356,9192
201939,Stephen Curry,2013,2.08,2.19,-0.11,0.21,-0.01,0.22,-0.03,1.34,1.19,0.15,0.57,0.12,0.45,-0.22,2.29,1.91,2.26,1.69,3.95,-0.0,16373,8212,8161
201566,Russell Westbrook,2013,2.84,2.02,0.82,0.08,0.13,-0.05,-0.24,0.77,0.96,-0.19,0.55,0.15,0.4,-0.18,2.92,1.32,2.68,1.14,3.81,-0.01,23264,11691,11573
201188,Marc Gasol,2013,0.49,0.17,0.32,0.4,0.08,0.32,-0.89,2.29,2.01,0.28,0.79,0.13,0.65,0.62,0.89,3.08,0.0,3.7,3.71,0.01,21870,10962,10908
2730,Dwight Howard,2013,0.84,1.56,-0.72,-1.47,-0.4,-1.07,1.69,1.79,1.55,0.24,-0.33,0.19,-0.51,1.16,-0.63,1.46,1.06,2.62,3.68,0.0,18262,9159,9103
2738,Andre Iguodala,2013,0.1,0.32,-0.22,0.36,0.36,-0.0,0.47,1.97,1.98,-0.01,0.48,0.48,0.01,0.25,0.46,2.45,0.93,2.7,3.63,0.0,21236,10640,10596
201959,Taj Gibson,2013,-0.72,-0.7,-0.02,-0.12,0.29,-0.42,2.0,2.47,3.09,-0.62,0.27,0.35,-0.08,-0.27,-0.84,2.74,1.16,2.47,3.63,-0.0,11062,5486,5576
2548,Dwyane Wade,2013,1.55,1.28,0.27,0.46,-0.09,0.56,0.18,1.52,1.23,0.29,0.71,0.4,0.31,-0.87,2.01,2.23,2.19,1.36,3.55,0.0,21084,10578,10506
201600,Omer Asik,2013,0.29,0.97,-0.68,-1.06,-0.2,-0.85,0.45,3.55,2.63,0.92,-0.34,-0.03,-0.3,0.64,-0.77,3.21,-0.32,3.85,3.53,-0.0,14228,7101,7127
2207,Joe Johnson,2013,1.45,1.74,-0.29,0.8,0.2,0.61,0.51,0.89,0.6,0.29,-0.52,-0.23,-0.29,0.11,2.25,0.37,2.76,0.48,3.24,0.0,19688,9872,9816
201565,Derrick Rose,2013,1.84,1.47,0.37,0.4,0.39,0.01,0.78,0.75,0.39,0.36,-0.58,-0.13,-0.45,-0.05,2.24,0.17,3.02,0.12,3.15,0.01,5185,2599,2586
202336,Larry Sanders,2013,-1.74,-1.02,-0.72,-0.1,-0.19,0.09,0.67,3.74,3.79,-0.05,0.3,0.26,0.05,0.26,-1.84,4.04,-1.17,4.3,3.13,0.0,10258,5142,5116
202331,Paul George,2013,1.19,0.68,0.51,-0.68,-0.63,-0.05,-0.64,2.47,2.48,-0.01,0.35,0.53,-0.19,0.41,0.51,2.82,-0.13,3.23,3.11,0.01,22256,11100,11156
201588,George Hill,2013,0.74,0.35,0.39,0.52,0.16,0.35,0.77,2.24,2.42,-0.18,-0.52,-0.26,-0.27,-0.69,1.26,1.72,2.03,1.03,3.06,-0.0,17809,8887,8922
200746,LaMarcus Aldridge,2013,0.63,0.31,0.32,-0.01,0.03,-0.04,0.34,1.43,1.18,0.25,0.17,-0.0,0.16,0.42,0.62,1.6,0.96,2.02,2.98,0.0,17753,8901,8852
1717,Dirk Nowitzki,2013,2.89,2.5,0.39,0.84,0.27,0.58,-1.77,-0.31,-0.98,0.67,-0.24,0.14,-0.38,1.51,3.73,-0.55,1.96,0.96,2.92,0.0,14569,7322,7247
201152,Thaddeus Young,2013,2.0,2.15,-0.15,1.04,0.46,0.58,-0.17,0.05,-0.06,0.11,0.08,0.15,-0.07,-0.11,3.04,0.13,2.87,0.02,2.89,0.0,17740,8878,8862
2555,Nick Collison,2013,1.9,1.22,0.68,-0.12,0.1,-0.23,-0.26,0.69,0.43,0.26,0.87,0.35,0.52,-0.21,1.78,1.56,1.52,1.35,2.87,0.0,12961,6483,6478
203143,Pablo Prigioni,2013,2.01,2.65,-0.64,0.38,0.11,0.27,-0.84,0.02,0.01,0.01,0.68,0.62,0.06,0.42,2.39,0.7,1.55,1.12,2.68,0.01,5385,2684,2701
200794,Paul Millsap,2013,-0.22,-0.38,0.16,0.85,0.2,0.65,0.58,-0.96,-0.85,-0.11,0.7,-0.09,0.79,1.66,0.63,-0.26,1.21,1.4,2.61,0.0,17207,8605,8602
2749,Jameer Nelson,2013,1.31,1.58,-0.27,0.17,-0.07,0.25,0.97,-0.34,-0.1,-0.24,-0.27,0.09,-0.36,0.7,1.48,-0.61,2.45,0.09,2.54,0.0,13944,6982,6962
202339,Eric Bledsoe,2013,0.0,0.6,-0.6,-0.58,-0.36,-0.22,0.87,1.1,1.18,-0.08,0.91,0.71,0.2,0.2,-0.58,2.01,0.29,2.21,2.51,0.01,8455,4209,4246
2754,Tony Allen,2013,-0.44,-0.81,0.37,-0.68,-0.27,-0.41,0.28,1.0,0.91,0.09,1.14,0.91,0.23,1.2,-1.12,2.14,-0.84,3.34,2.49,-0.01,15228,7541,7687
2561,David West,2013,0.65,0.47,0.18,0.37,0.31,0.05,-0.2,1.22,0.86,0.36,0.14,0.16,-0.02,0.22,1.02,1.36,0.82,1.58,2.41,0.01,19807,9888,9919
202341,James Anderson,2013,2.75,2.71,0.04,-0.23,0.09,-0.31,0.46,-0.55,-0.51,-0.04,-0.45,0.05,-0.5,0.43,2.52,-1.0,2.98,-0.57,2.41,0.0,4122,2054,2068
101109,Raymond Felton,2013,1.66,1.8,-0.14,1.13,0.46,0.67,0.14,-1.19,-1.03,-0.16,0.36,0.03,0.33,0.29,2.79,-0.83,2.93,-0.54,2.39,0.0,17142,8606,8536
2199,Tyson Chandler,2013,-0.5,-0.75,0.25,-0.62,-0.38,-0.24,0.85,2.44,1.52,0.92,0.13,-0.15,0.28,0.1,-1.12,2.57,-0.27,2.67,2.39,-0.01,17652,8838,8814
2365,Chris Andersen,2013,0.69,0.58,0.11,-0.09,0.02,-0.1,0.71,2.0,1.9,0.1,0.29,0.55,-0.26,-1.2,0.6,2.29,1.31,1.09,2.39,-0.01,5135,2565,2570
2588,Matt Bonner,2013,2.44,2.69,-0.25,0.83,0.25,0.58,-0.42,-0.5,-0.56,0.06,-0.37,-0.71,0.34,0.38,3.27,-0.87,2.85,-0.49,2.36,0.0,9938,5008,4930
2594,Kyle Korver,2013,1.23,1.67,-0.44,0.21,-0.04,0.24,0.36,-0.17,0.16,-0.33,-0.56,-0.03,-0.52,1.26,1.44,-0.73,1.8,0.53,2.34,0.01,14870,7490,7380
201596,Mario Chalmers,2013,1.59,1.87,-0.28,-0.49,-0.38,-0.11,-0.94,0.46,0.21,0.25,1.12,0.73,0.38,0.58,1.1,1.58,0.16,2.16,2.32,-0.0,19785,9925,9860
201168,Tiago Splitter,2013,0.88,1.31,-0.43,-0.47,-0.22,-0.26,-0.55,2.16,1.65,0.51,-0.08,-0.57,0.49,0.29,0.41,2.08,-0.14,2.37,2.23,0.0,13943,6968,6975
2736,Luol Deng,2013,-0.89,-0.84,-0.05,0.19,-0.01,0.2,1.26,1.24,1.21,0.03,0.48,0.4,0.08,-0.09,-0.7,1.72,0.56,1.63,2.19,-0.0,19767,9855,9912
201579,Roy Hibbert,2013,-0.1,0.04,-0.14,-0.31,-0.1,-0.2,1.03,2.73,2.26,0.47,-1.0,-0.63,-0.37,-0.16,-0.41,1.73,0.62,1.57,2.19,0.0,19213,9594,9619
2747,JR Smith,2013,0.78,0.71,0.07,0.37,0.35,0.03,0.75,0.86,1.85,-0.99,0.41,0.33,0.08,-0.98,1.15,1.27,1.9,0.29,2.18,-0.01,15301,7653,7648
201572,Brook Lopez,2013,0.76,0.59,0.17,0.32,0.27,0.05,-0.25,2.11,1.67,0.44,-0.89,-0.79,-0.1,0.08,1.08,1.22,0.83,1.3,2.13,0.0,9694,4875,4819
201142,Kevin Durant,2013,1.79,0.69,1.1,0.23,0.59,-0.36,-0.15,1.63,1.62,0.01,-0.99,-0.45,-0.52,-0.39,2.02,0.64,1.87,0.25,2.12,0.0,26780,13455,13325
959,Steve Nash,2013,2.29,2.13,0.16,0.1,-0.4,0.5,-0.91,0.31,-0.15,0.46,-0.24,-0.16,-0.08,0.52,2.39,0.07,1.48,0.59,2.08,0.01,14046,7039,7007
2734,Devin Harris,2013,0.21,0.36,-0.15,0.52,0.17,0.35,-0.36,1.37,1.47,-0.1,0.41,0.09,0.31,-0.12,0.73,1.78,0.37,1.66,2.03,-0.0,13232,6608,6624
201935,James Harden,2013,4.9,3.21,1.69,0.32,0.31,0.01,-0.78,-1.88,-1.39,-0.49,-0.06,-0.33,0.27,-0.49,5.22,-1.94,4.44,-2.43,2.01,-0.0,22452,11264,11188
2746,Josh Smith,2013,0.86,1.3,-0.44,0.25,-0.23,0.46,-0.44,0.82,0.61,0.21,0.91,0.31,0.59,-0.41,1.11,1.73,0.67,1.32,1.99,0.0,20127,10091,10036
2222,Gerald Wallace,2013,-0.14,-0.52,0.38,-0.54,-0.29,-0.24,-0.03,2.68,1.91,0.77,0.52,-0.02,0.55,-0.59,-0.68,3.2,-0.71,2.61,1.9,-0.0,15914,7945,7969
201149,Joakim Noah,2013,0.71,0.32,0.39,-0.71,-0.87,0.16,-0.13,3.04,2.33,0.71,-0.51,-0.24,-0.27,-0.55,0.0,2.53,-0.13,1.98,1.85,-0.0,17912,8942,8970
203081,Damian Lillard,2013,0.99,1.1,-0.11,0.48,0.18,0.3,0.42,0.42,0.27,0.15,-0.8,-0.13,-0.68,0.32,1.47,-0.38,1.89,-0.06,1.84,0.01,11785,5910,5875
101122,Danny Granger,2013,-0.23,-0.34,0.11,0.16,0.36,-0.2,1.4,0.45,0.63,-0.18,0.13,0.36,-0.23,-0.11,-0.07,0.58,1.33,0.47,1.8,0.0,9455,4715,4740
2048,Jamaal Magloire,2013,0.64,0.82,-0.18,-0.06,0.15,-0.21,0.29,1.08,1.13,-0.05,-0.15,-0.2,0.05,-0.02,0.58,0.93,0.87,0.91,1.79,0.01,1282,642,640
201567,Kevin Love,2013,-0.12,-0.62,0.5,-0.05,0.01,-0.05,1.65,0.71,0.56,0.15,-1.04,-0.66,-0.37,0.58,-0.17,-0.33,1.48,0.25,1.73,0.0,10592,5296,5296
201960,DeMarre Carroll,2013,0.24,0.37,-0.13,-0.21,-0.18,-0.04,1.33,-0.97,-0.93,-0.04,0.68,0.57,0.1,0.59,0.03,-0.29,1.36,0.3,1.66,-0.0,5622,2795,2827
2760,Anderson Varejao,2013,-0.02,0.09,-0.11,-0.36,-0.19,-0.18,1.06,-0.63,-0.55,-0.08,0.78,0.15,0.64,0.81,-0.38,0.15,0.68,0.96,1.64,-0.0,6310,3146,3164
1897,Metta World Peace,2013,0.17,0.45,-0.28,0.1,0.15,-0.05,1.03,1.36,0.83,0.53,-0.08,-0.14,0.07,-0.97,0.27,1.28,1.3,0.31,1.61,0.0,17164,8585,8579
101112,Channing Frye,2013,2.16,2.29,-0.13,0.12,-0.1,0.23,-0.31,0.7,0.45,0.25,-0.59,-0.12,-0.48,-0.51,2.28,0.11,1.97,-0.4,1.57,0.0,6327,3174,3153
200757,Thabo Sefolosha,2013,0.24,-0.02,0.26,-0.27,-0.03,-0.24,-0.71,0.75,0.64,0.11,0.75,0.98,-0.21,0.8,-0.03,1.5,-0.74,2.3,1.56,0.0,14830,7422,7408
1938,Manu Ginobili,2013,3.06,2.28,0.78,-0.21,-0.47,0.27,-0.33,0.13,0.16,-0.03,0.21,0.1,0.1,-1.3,2.85,0.34,2.52,-0.96,1.56,0.0,12204,6140,6064
203083,Andre Drummond,2013,0.37,1.18,-0.81,0.13,0.25,-0.11,1.49,0.75,0.84,-0.09,-0.05,-0.34,0.28,-1.13,0.5,0.7,1.99,-0.43,1.56,-0.0,4562,2273,2289
202329,Al-Farouq Aminu,2013,-0.82,-1.12,0.3,-0.87,0.03,-0.9,0.69,1.75,1.46,0.29,0.64,0.44,0.2,0.16,-1.69,2.39,-1.0,2.55,1.55,0.0,12840,6383,6457
101141,Ersan Ilyasova,2013,0.32,0.26,0.06,0.74,0.31,0.42,1.0,-0.86,-0.94,0.08,0.76,-0.1,0.86,-0.43,1.06,-0.1,2.06,-0.53,1.53,-0.0,14697,7362,7335
201585,Kosta Koufos,2013,0.38,0.7,-0.32,-0.1,0.18,-0.27,0.72,0.4,0.1,0.3,-0.1,0.19,-0.28,0.2,0.28,0.3,1.0,0.5,1.5,0.0,10470,5241,5229
2422,John Salmons,2013,1.2,0.81,0.39,0.05,-0.05,0.09,-0.64,1.08,0.96,0.12,-0.23,-0.21,-0.02,0.03,1.25,0.85,0.61,0.88,1.49,0.0,13320,6661,6659
202970,Gustavo Ayon,2013,0.76,1.17,-0.41,-0.26,-0.07,-0.19,-0.09,1.07,1.32,-0.25,0.58,0.64,-0.06,-0.57,0.5,1.65,0.41,1.08,1.49,-0.0,6738,3352,3386
965,Derek Fisher,2013,0.45,0.21,0.24,0.08,-0.1,0.18,-0.81,0.62,0.74,-0.12,0.37,0.22,0.15,0.73,0.53,0.99,-0.28,1.72,1.44,0.0,10316,5169,5147
2403,Nene,2013,1.58,1.13,0.45,-0.69,-0.46,-0.23,-1.69,0.02,-0.14,0.16,0.16,-0.08,0.26,2.04,0.89,0.18,-0.8,2.22,1.43,0.01,10442,5249,5193
1718,Paul Pierce,2013,1.78,1.13,0.65,-0.26,-0.07,-0.19,-1.78,1.52,1.4,0.12,0.12,-0.03,0.15,0.02,1.52,1.64,-0.26,1.66,1.41,0.01,21269,10651,10618
203112,Quincy Acy,2013,0.77,0.39,0.38,-0.07,0.11,-0.17,0.29,0.48,0.46,0.02,0.01,0.07,-0.06,-0.1,0.7,0.49,0.99,0.39,1.38,0.0,1228,613,615
2203,Shane Battier,2013,-0.1,-0.54,0.44,0.17,-0.2,0.37,0.67,0.99,1.13,-0.14,-0.0,-0.2,0.2,-0.36,0.07,0.99,0.74,0.63,1.37,0.0,16185,8098,8087
2440,Matt Barnes,2013,1.44,1.3,0.14,-0.39,-0.55,0.16,-0.04,0.63,1.13,-0.5,-0.52,-0.2,-0.33,0.22,1.05,0.11,1.01,0.33,1.33,-0.01,14238,7080,7158
2399,Mike Dunleavy,2013,1.18,0.79,0.39,0.04,-0.09,0.12,-0.34,0.81,0.88,-0.07,-0.22,-0.67,0.45,-0.19,1.22,0.59,0.88,0.4,1.28,0.0,13308,6684,6624
1889,Andre Miller,2013,1.98,1.78,0.2,-0.18,-0.18,-0.0,0.22,0.02,-0.18,0.2,-0.06,-0.34,0.28,-0.7,1.8,-0.04,2.02,-0.74,1.28,0.0,16464,8267,8197
2216,Zach Randolph,2013,-1.22,-1.14,-0.08,-0.26,-0.2,-0.07,1.87,0.21,-0.22,0.43,0.4,0.19,0.22,0.27,-1.48,0.61,0.39,0.88,1.27,0.0,14787,7404,7383
2200,Pau Gasol,2013,-0.02,0.13,-0.15,-0.2,-0.42,0.22,0.27,1.44,0.55,0.89,-1.05,-0.57,-0.48,0.83,-0.22,0.39,0.05,1.22,1.27,0.0,17533,8770,8763
101106,Andrew Bogut,2013,0.54,0.89,-0.35,-0.35,-0.63,0.27,-1.11,2.26,1.97,0.29,-0.61,-0.45,-0.15,0.55,0.19,1.65,-0.92,2.2,1.27,-0.01,5663,2823,2840
2755,Kevin Martin,2013,2.86,1.63,1.23,0.29,0.44,-0.14,-1.43,-0.64,-0.16,-0.48,-0.14,-0.51,0.37,0.3,3.15,-0.78,1.72,-0.48,1.24,0.0,14142,7067,7075
201601,Luc Mbah a Moute,2013,-0.22,-0.1,-0.12,-0.59,-0.33,-0.26,0.5,1.58,1.4,0.18,0.36,0.13,0.23,-0.42,-0.81,1.94,-0.31,1.52,1.21,0.0,9455,4718,4737
200758,Ronnie Brewer,2013,-0.68,-0.2,-0.48,0.33,0.4,-0.07,0.8,0.68,0.32,0.36,0.23,0.28,-0.06,-0.16,-0.35,0.91,0.45,0.75,1.2,-0.0,9373,4647,4726
202361,Landry Fields,2013,1.09,1.18,-0.09,-0.59,-0.53,-0.06,-0.21,0.71,1.1,-0.39,0.55,-0.03,0.58,-0.36,0.5,1.26,0.29,0.9,1.19,0.0,11469,5728,5741
202327,Ekpe Udoh,2013,-0.44,-0.1,-0.34,0.15,0.07,0.08,-0.71,1.41,1.64,-0.23,0.28,-0.0,0.28,0.49,-0.29,1.69,-1.0,2.18,1.18,0.0,10059,5038,5021
202362,Lance Stephenson,2013,0.17,0.42,-0.25,0.44,0.41,0.03,0.54,-0.46,-0.53,0.07,0.44,0.21,0.23,0.05,0.61,-0.02,1.15,0.03,1.18,0.0,12373,6180,6193
201599,DeAndre Jordan,2013,0.21,1.25,-1.04,-0.34,-0.03,-0.31,1.32,0.87,0.07,0.8,-0.58,0.01,-0.59,-0.31,-0.13,0.29,1.19,-0.02,1.17,0.0,15313,7629,7684
203077,Michael Kidd-Gilchrist,2013,-1.12,-1.0,-0.12,0.3,0.36,-0.06,1.63,-0.59,-0.61,0.02,0.33,-0.03,0.36,0.62,-0.82,-0.26,0.81,0.36,1.17,0.0,7477,3719,3758
201937,Ricky Rubio,2013,-0.09,-0.82,0.73,-0.06,0.08,-0.13,-0.58,-0.35,0.09,-0.44,2.07,1.07,1.0,0.16,-0.15,1.72,-0.73,1.88,1.16,0.01,11866,5935,5931
202710,Jimmy Butler,2013,-1.94,-2.42,0.48,0.51,0.26,0.26,1.89,0.65,0.96,-0.31,0.07,0.33,-0.26,-0.05,-1.43,0.72,0.46,0.67,1.14,0.01,10734,5330,5404
202725,Josh Harrellson,2013,-0.76,-0.42,-0.34,-0.07,-0.06,-0.01,0.19,0.71,1.04,-0.33,0.48,0.24,0.23,0.57,-0.83,1.19,-0.64,1.76,1.12,0.0,2273,1135,1138
201976,Patrick Beverley,2013,-0.45,-0.37,-0.08,-0.25,-0.14,-0.1,1.38,0.12,0.39,-0.27,0.03,0.09,-0.05,0.27,-0.7,0.15,0.68,0.42,1.1,0.0,3427,1723,1704
202695,Kawhi Leonard,2013,0.96,1.02,-0.06,-0.43,-0.13,-0.29,0.0,-0.4,-0.87,0.47,0.24,0.31,-0.06,0.69,0.53,-0.16,0.53,0.53,1.06,0.0,16912,8476,8436
201980,Danny Green,2013,0.37,0.38,-0.01,0.41,-0.01,0.42,-0.5,1.36,1.09,0.27,-0.58,-0.46,-0.12,-0.01,0.78,0.78,0.28,0.77,1.05,0.0,17664,8854,8810
202340,Avery Bradley,2013,0.58,0.69,-0.11,-0.27,-0.14,-0.13,-1.16,2.09,2.22,-0.13,0.44,0.15,0.3,-0.68,0.31,2.53,-0.85,1.85,1.0,0.0,12000,5987,6013
200768,Kyle Lowry,2013,0.39,-0.08,0.47,-0.04,0.09,-0.12,0.31,0.46,0.77,-0.31,0.21,-0.27,0.49,-0.34,0.35,0.67,0.66,0.33,0.99,0.0,13388,6703,6685
201586,Serge Ibaka,2013,0.43,0.84,-0.41,-0.45,-0.25,-0.21,-0.11,2.26,1.67,0.59,-0.63,-0.35,-0.28,-0.53,-0.02,1.63,-0.13,1.1,0.98,0.01,19855,9959,9896
201978,Chase Budinger,2013,0.12,0.22,-0.1,0.32,0.24,0.09,-0.6,1.11,0.83,0.28,-0.09,0.07,-0.16,0.08,0.44,1.02,-0.16,1.1,0.95,0.01,6782,3387,3395
202322,John Wall,2013,1.14,0.61,0.53,0.34,0.16,0.18,-0.47,-1.01,-0.93,-0.08,0.52,0.08,0.44,0.41,1.48,-0.49,1.01,-0.08,0.94,0.01,15458,7747,7711
101150,Lou Williams,2013,-0.33,-0.81,0.48,0.84,0.18,0.65,0.12,1.04,1.25,-0.21,-0.2,-0.16,-0.03,-0.53,0.51,0.84,0.63,0.31,0.94,0.0,11618,5851,5767
1503,Tracy McGrady,2013,-0.48,-0.3,-0.18,-0.14,0.06,-0.2,0.08,2.04,2.12,-0.08,0.12,-0.06,0.17,-0.7,-0.62,2.16,-0.54,1.46,0.93,0.01,3450,1726,1724
203110,Draymond Green,2013,0.65,0.36,0.29,-0.33,0.01,-0.35,-0.28,1.48,1.82,-0.34,-0.23,0.15,-0.37,-0.36,0.32,1.25,0.04,0.89,0.92,-0.01,4932,2423,2509
202718,Chandler Parsons,2013,-0.41,-0.18,-0.23,-0.04,0.02,-0.06,0.18,0.15,-0.07,0.22,-0.23,0.06,-0.28,1.26,-0.45,-0.08,-0.27,1.18,0.91,0.0,18557,9277,9280
201609,Goran Dragic,2013,1.05,1.01,0.04,0.28,0.33,-0.06,0.28,-1.36,-1.07,-0.29,0.49,0.55,-0.06,0.16,1.33,-0.87,1.61,-0.71,0.9,0.0,16398,8217,8181
201569,Eric Gordon,2013,1.55,0.73,0.82,0.1,0.08,0.02,0.09,-1.35,-1.47,0.12,-0.16,-0.33,0.16,0.64,1.65,-1.51,1.74,-0.87,0.88,0.01,5830,2915,2915
1733,Al Harrington,2013,0.93,1.14,-0.21,0.28,-0.08,0.36,-0.29,-0.73,-0.63,-0.1,0.51,-0.28,0.79,0.17,1.21,-0.22,0.92,-0.05,0.87,0.0,7832,3927,3905
201951,Ty Lawson,2013,0.48,0.38,0.1,0.62,0.47,0.14,0.38,-0.73,-0.64,-0.09,0.69,0.26,0.43,-0.59,1.1,-0.04,1.48,-0.63,0.85,0.0,19823,9956,9867
201961,Wayne Ellington,2013,-0.4,-0.38,-0.02,0.9,0.52,0.38,0.21,1.96,1.89,0.07,-0.24,-0.28,0.03,-1.6,0.5,1.72,0.71,0.12,0.83,0.0,9825,4907,4918
2568,Carlos Delfino,2013,1.28,1.49,-0.21,0.33,0.23,0.1,-0.41,-1.34,-1.13,-0.21,0.63,0.16,0.47,0.32,1.61,-0.71,1.2,-0.39,0.81,0.0,12855,6418,6437
201632,Hamed Haddadi,2013,-1.39,-1.07,-0.32,-0.27,0.01,-0.27,0.8,0.87,1.29,-0.42,0.24,0.09,0.15,0.54,-1.66,1.11,-0.86,1.65,0.79,-0.0,2027,1016,1011
202738,Isaiah Thomas,2013,1.01,0.24,0.77,0.54,0.21,0.33,0.06,-0.51,-0.85,0.34,0.33,0.28,0.05,-0.64,1.55,-0.18,1.61,-0.82,0.79,-0.0,14640,7349,7291
2229,Mike James,2013,-0.01,0.26,-0.27,0.26,0.09,0.17,0.05,1.7,1.86,-0.16,-0.51,0.1,-0.62,-0.72,0.25,1.19,0.3,0.47,0.78,0.01,3541,1768,1773
2202,Jason Richardson,2013,-0.91,-0.01,-0.9,0.64,-0.01,0.65,0.61,0.06,0.08,-0.02,0.22,0.09,0.13,0.13,-0.27,0.28,0.34,0.41,0.75,0.0,10420,5210,5210
2407,Jared Jeffries,2013,-1.9,-1.77,-0.13,-0.05,-0.02,-0.03,0.88,1.09,1.41,-0.32,0.8,-0.23,1.04,-0.11,-1.95,1.89,-1.07,1.78,0.71,-0.0,4155,2060,2095
201143,Al Horford,2013,1.24,1.57,-0.33,-0.42,-0.32,-0.09,-0.34,0.37,-0.14,0.51,-0.29,-0.0,-0.29,0.14,0.82,0.08,0.48,0.22,0.7,-0.0,12812,6434,6378
202330,Gordon Hayward,2013,1.8,1.01,0.79,-0.05,0.07,-0.11,-0.31,-0.78,-0.31,-0.47,-0.28,-0.09,-0.19,0.32,1.75,-1.06,1.44,-0.74,0.7,0.0,15905,7970,7935
203158,Kevin Jones,2013,-0.19,0.06,-0.25,0.06,0.07,-0.0,0.9,-0.42,-0.22,-0.2,0.16,0.23,-0.08,0.18,-0.13,-0.26,0.77,-0.08,0.69,0.0,1244,621,623
201962,Toney Douglas,2013,0.54,0.48,0.06,0.02,0.07,-0.05,0.35,-1.01,-0.62,-0.39,-0.06,0.38,-0.44,0.85,0.56,-1.07,0.91,-0.22,0.69,0.0,7563,3788,3775
201583,Ryan Anderson,2013,0.5,0.66,-0.16,0.72,0.54,0.18,1.22,-1.47,-1.43,-0.04,0.01,-0.38,0.4,-0.3,1.22,-1.46,2.44,-1.76,0.68,0.0,16768,8393,8375
201958,Rodrigue Beaubois,2013,0.6,0.79,-0.19,0.48,0.31,0.16,-0.32,0.29,0.81,-0.52,0.02,0.3,-0.28,-0.39,1.08,0.31,0.76,-0.08,0.67,-0.01,6384,3198,3186
2034,Mike Miller,2013,0.77,1.06,-0.29,-0.0,0.14,-0.14,0.92,-0.62,-0.5,-0.12,-0.2,-0.15,-0.06,-0.21,0.77,-0.82,1.69,-1.03,0.67,0.01,8119,4070,4049
2757,Beno Udrih,2013,-0.61,-0.4,-0.21,0.12,-0.16,0.27,0.71,0.62,0.82,-0.2,0.17,0.22,-0.05,-0.37,-0.49,0.79,0.22,0.42,0.64,0.0,9516,4761,4755
202391,Jeremy Lin,2013,1.93,1.55,0.38,-0.79,-0.65,-0.13,-0.92,0.14,0.01,0.13,0.07,-0.16,0.22,0.19,1.14,0.21,0.22,0.4,0.62,0.0,14396,7211,7185
202692,Alec Burks,2013,0.01,-0.38,0.39,-0.35,-0.27,-0.09,1.66,-1.5,-0.94,-0.56,0.21,-0.15,0.35,0.59,-0.34,-1.29,1.32,-0.7,0.62,0.0,7941,3953,3988
200782,P.J. Tucker,2013,-1.06,-1.03,-0.03,-0.06,-0.25,0.18,0.92,0.29,0.46,-0.17,0.2,0.55,-0.34,0.33,-1.12,0.49,-0.2,0.82,0.62,0.0,7330,3656,3674
201162,Jared Dudley,2013,-0.56,-0.68,0.12,0.15,-0.38,0.53,0.5,0.33,0.07,0.26,-0.01,0.3,-0.31,0.2,-0.41,0.32,0.09,0.52,0.61,0.0,15962,7998,7964
201593,Nikola Pekovic,2013,-0.4,-0.22,-0.18,0.06,-0.07,0.12,1.55,-0.24,-0.85,0.61,-0.55,-0.17,-0.37,0.17,-0.34,-0.79,1.21,-0.62,0.59,0.0,12187,6083,6104
2574,Jason Kapono,2013,0.26,0.43,-0.17,0.01,0.25,-0.24,-0.14,0.93,1.15,-0.22,-0.24,-0.4,0.15,-0.26,0.27,0.69,0.13,0.43,0.57,0.01,911,452,459
101145,Monta Ellis,2013,0.07,0.25,-0.18,0.53,0.04,0.49,0.29,-0.5,-0.35,-0.15,0.85,0.01,0.84,-0.72,0.6,0.35,0.89,-0.37,0.52,-0.0,20701,10368,10333
201163,Wilson Chandler,2013,1.77,1.45,0.32,-0.22,0.07,-0.28,-0.78,-0.9,-0.79,-0.11,0.57,0.24,0.31,0.08,1.55,-0.33,0.77,-0.25,0.52,0.0,5910,2954,2956
2550,Kirk Hinrich,2013,0.93,0.78,0.15,0.13,0.01,0.12,-1.2,-0.58,-0.47,-0.11,0.19,-0.43,0.62,1.04,1.06,-0.39,-0.14,0.65,0.51,-0.0,11981,5993,5988
202697,Iman Shumpert,2013,-0.11,0.27,-0.38,0.09,0.1,-0.02,0.0,-1.32,-0.88,-0.44,1.29,0.33,0.97,0.54,-0.02,-0.03,-0.02,0.51,0.49,0.0,11343,5635,5708
1499,Tony Battie,2013,-0.49,-0.22,-0.27,0.04,0.07,-0.03,-0.23,0.64,0.46,0.18,-0.05,-0.23,0.17,0.56,-0.45,0.59,-0.68,1.15,0.47,-0.0,1158,578,580
101110,Martell Webster,2013,1.05,0.96,0.09,0.28,0.24,0.05,-0.33,0.81,0.5,0.31,-1.28,-0.71,-0.57,-0.06,1.33,-0.47,1.0,-0.53,0.46,-0.01,12661,6343,6318
255,Grant Hill,2013,0.57,0.47,0.1,-0.01,-0.03,0.02,-0.13,0.95,1.24,-0.29,-0.36,-0.26,-0.12,-0.56,0.56,0.59,0.43,0.03,0.46,0.0,6901,3457,3444
202714,Shelvin Mack,2013,0.12,0.55,-0.43,0.15,0.05,0.1,-0.09,0.09,-0.21,0.3,-0.09,-0.15,0.05,0.27,0.27,0.0,0.18,0.27,0.45,-0.0,4398,2191,2207
201148,Brandan Wright,2013,0.91,1.02,-0.11,0.45,0.17,0.27,-0.16,0.59,0.3,0.29,-0.59,-0.19,-0.41,-0.74,1.36,0.0,1.2,-0.74,0.45,-0.01,7432,3727,3705
201950,Jrue Holiday,2013,-1.91,-1.19,-0.72,0.69,0.25,0.45,-0.3,0.49,0.33,0.16,0.57,-0.05,0.62,0.88,-1.22,1.06,-1.52,1.94,0.42,0.0,20758,10400,10358
200779,Steve Novak,2013,1.78,2.11,-0.33,0.56,0.21,0.34,-0.81,-1.7,-1.44,-0.26,0.41,-0.1,0.51,0.17,2.34,-1.29,1.53,-1.12,0.42,0.01,10384,5232,5152
203187,Chris Johnson,2013,-0.38,-0.27,-0.11,0.06,0.09,-0.04,0.48,0.33,0.29,0.04,0.05,-0.08,0.13,-0.11,-0.32,0.38,0.16,0.27,0.42,-0.01,371,187,184
200765,Rajon Rondo,2013,-0.22,0.09,-0.31,0.5,-0.33,0.83,-0.21,0.13,0.32,-0.19,0.68,0.57,0.09,-0.47,0.28,0.81,0.07,0.34,0.41,-0.0,15689,7853,7836
101183,Shavlik Randolph,2013,-0.21,0.12,-0.33,0.14,-0.06,0.2,0.92,-0.7,-0.56,-0.14,-0.05,-0.23,0.2,0.3,-0.07,-0.75,0.85,-0.45,0.41,0.01,748,376,372
977,Kobe Bryant,2013,1.79,0.56,1.23,0.58,0.11,0.46,-0.09,-1.04,-0.98,-0.06,-0.86,-0.48,-0.38,0.03,2.37,-1.9,2.28,-1.87,0.41,-0.0,21452,10744,10708
467,Jason Kidd,2013,-1.16,-1.14,-0.02,0.58,0.14,0.44,0.39,-0.04,-0.09,0.05,0.13,-0.14,0.28,0.48,-0.58,0.09,-0.19,0.57,0.38,0.0,14046,7026,7020
202324,Derrick Favors,2013,-1.68,-1.64,-0.04,-0.58,-0.12,-0.45,1.82,0.39,0.88,-0.49,-0.13,0.07,-0.2,0.56,-2.26,0.26,-0.44,0.82,0.38,-0.0,12130,6055,6075
201577,Robin Lopez,2013,-1.38,-1.02,-0.36,-0.27,-0.15,-0.13,1.02,1.33,0.92,0.41,-0.54,-0.24,-0.29,0.23,-1.65,0.79,-0.63,1.02,0.38,-0.01,11096,5513,5583
2547,Chris Bosh,2013,1.3,1.03,0.27,-0.54,-0.6,0.07,-1.14,0.93,0.4,0.53,-0.23,0.37,-0.61,0.07,0.76,0.7,-0.38,0.77,0.38,-0.01,20859,10471,10388
203084,Harrison Barnes,2013,0.09,-0.37,0.46,-0.42,0.07,-0.48,-0.08,0.79,0.87,-0.08,-0.48,-0.27,-0.21,0.47,-0.33,0.31,-0.41,0.78,0.37,-0.0,9746,4858,4888
101236,Chuck Hayes,2013,-0.96,-0.88,-0.08,0.23,0.21,0.02,0.41,0.46,0.58,-0.12,0.06,0.13,-0.07,0.16,-0.73,0.52,-0.32,0.68,0.35,-0.01,8455,4224,4231
951,Ray Allen,2013,1.99,1.78,0.21,0.55,0.06,0.49,-0.37,-1.69,-1.44,-0.25,-0.17,0.22,-0.38,0.03,2.54,-1.86,2.17,-1.83,0.33,-0.01,17162,8608,8554
202713,Kyle Singler,2013,-0.87,-0.63,-0.24,-0.03,-0.06,0.03,0.63,0.36,0.34,0.02,0.17,0.27,-0.09,0.05,-0.9,0.53,-0.27,0.58,0.32,0.01,8432,4212,4220
1905,Andrei Kirilenko,2013,-0.8,-1.11,0.31,-0.08,-0.38,0.3,0.38,-0.29,-0.53,0.24,0.52,0.27,0.27,0.58,-0.88,0.23,-0.5,0.81,0.31,0.0,7705,3842,3863
2045,Hedo Turkoglu,2013,1.41,1.83,-0.42,-0.07,-0.36,0.29,-0.25,0.39,-0.09,0.48,-0.28,-0.02,-0.27,-0.89,1.34,0.11,1.09,-0.78,0.3,-0.01,7248,3621,3627
202347,Quincy Pondexter,2013,-0.62,-0.44,-0.18,0.33,0.11,0.22,0.68,-0.09,0.43,-0.52,0.22,-0.08,0.31,-0.26,-0.29,0.13,0.39,-0.13,0.26,0.0,9840,4921,4919
202698,Chris Singleton,2013,-1.8,-1.6,-0.2,-0.12,0.11,-0.24,-0.18,1.23,1.52,-0.29,1.13,0.14,0.99,-0.02,-1.92,2.36,-2.1,2.34,0.24,0.0,9340,4665,4675
201147,Corey Brewer,2013,0.66,0.65,0.01,-0.03,-0.03,-0.0,0.51,-0.89,-0.52,-0.37,0.94,0.72,0.22,-0.97,0.63,0.05,1.14,-0.92,0.22,0.0,13782,6877,6905
203114,Khris Middleton,2013,1.16,1.2,-0.04,0.2,0.13,0.07,0.05,-1.87,-1.84,-0.03,0.33,0.35,-0.02,0.34,1.36,-1.54,1.41,-1.2,0.2,-0.01,1754,878,876
2554,Mickael Pietrus,2013,-0.21,-0.14,-0.07,-0.11,-0.03,-0.09,0.13,0.15,0.57,-0.42,0.49,0.3,0.17,-0.27,-0.32,0.64,-0.19,0.37,0.17,-0.01,6256,3124,3132
201165,Morris Almond,2013,-0.01,0.02,-0.03,-0.09,-0.09,-0.01,0.11,-0.34,-0.3,-0.04,0.13,0.09,0.03,0.35,-0.1,-0.21,0.01,0.14,0.15,0.0,249,124,125
203144,Alexey Shved,2013,0.23,0.6,-0.37,-0.18,-0.27,0.09,-0.23,0.36,0.37,-0.01,-0.02,-0.15,0.13,-0.03,0.05,0.34,-0.18,0.31,0.13,0.0,6951,3476,3475
202681,Kyrie Irving,2013,1.97,1.64,0.33,0.17,-0.09,0.26,-0.43,-2.31,-1.77,-0.54,0.12,0.07,0.05,0.6,2.14,-2.19,1.71,-1.59,0.12,-0.0,13768,6868,6900
2546,Carmelo Anthony,2013,1.26,0.46,0.8,0.54,0.49,0.05,-0.29,-2.16,-1.72,-0.44,0.19,-0.13,0.31,0.57,1.8,-1.97,1.51,-1.4,0.11,0.0,18628,9328,9300
202952,Malcolm Thomas,2013,-0.17,-0.12,-0.05,0.02,0.02,-0.01,0.39,-0.41,-0.45,0.04,0.08,0.09,-0.01,0.19,-0.15,-0.33,0.24,-0.14,0.11,0.01,268,137,131
202730,Lavoy Allen,2013,-2.54,-1.77,-0.77,-0.03,-0.08,0.04,1.21,0.83,0.6,0.23,-0.4,0.06,-0.47,1.03,-2.57,0.43,-1.36,1.46,0.1,-0.0,9156,4565,4591
2562,Sasha Pavlovic,2013,-1.62,-1.25,-0.37,-0.05,0.18,-0.23,0.42,0.49,0.71,-0.22,0.73,-0.22,0.96,0.12,-1.67,1.22,-1.25,1.34,0.09,0.0,3818,1890,1928
203079,Dion Waiters,2013,-0.41,-0.22,-0.19,0.72,0.52,0.2,1.64,-1.8,-1.55,-0.25,0.36,0.17,0.19,-0.45,0.31,-1.44,1.95,-1.89,0.05,-0.01,6647,3317,3330
101162,Marcin Gortat,2013,0.03,0.68,-0.65,-0.09,-0.25,0.15,-0.19,0.42,-0.22,0.64,-0.55,-0.23,-0.31,0.42,-0.06,-0.13,-0.25,0.29,0.04,0.0,15167,7593,7574
202933,Julyan Stone,2013,-0.08,-0.13,0.05,-0.08,-0.01,-0.06,0.46,-0.89,-0.7,-0.19,-0.16,0.05,-0.21,0.78,-0.16,-1.05,0.3,-0.27,0.03,-0.0,816,409,407
2217,Brendan Haywood,2013,-1.46,-1.04,-0.42,-0.24,0.08,-0.31,0.78,1.12,0.62,0.5,0.23,0.31,-0.07,-0.41,-1.7,1.35,-0.92,0.94,0.02,-0.0,8820,4387,4433
202386,Ben Uzoh,2013,-1.35,-1.18,-0.17,0.07,0.08,-0.01,0.29,1.14,1.25,-0.11,-0.36,0.13,-0.5,0.2,-1.28,0.78,-0.99,0.98,-0.0,0.01,1231,612,619
202716,Jordan Williams,2013,0.13,0.11,0.02,0.44,0.27,0.16,0.12,-1.18,-0.98,-0.2,0.16,0.03,0.13,0.32,0.57,-1.02,0.69,-0.7,-0.01,-0.0,1964,984,980
2406,Caron Butler,2013,0.58,0.44,0.14,0.03,0.39,-0.36,-0.21,-0.3,-0.45,0.15,-0.26,0.01,-0.27,0.13,0.61,-0.56,0.4,-0.43,-0.03,-0.0,15105,7550,7555
201157,Sean Williams,2013,0.02,0.06,-0.04,-0.0,0.1,-0.1,-0.18,-0.43,-0.24,-0.19,0.23,0.05,0.17,0.33,0.02,-0.2,-0.16,0.13,-0.03,-0.0,417,212,205
201574,Jason Thompson,2013,0.46,0.71,-0.25,0.24,-0.15,0.39,0.05,-1.89,-2.13,0.24,0.2,0.15,0.06,0.89,0.7,-1.69,0.75,-0.8,-0.06,-0.01,15234,7605,7629
101139,CJ Miles,2013,0.32,0.23,0.09,-0.04,-0.02,-0.02,-0.38,0.03,0.58,-0.55,0.24,-0.08,0.31,-0.25,0.28,0.27,-0.1,0.02,-0.07,0.01,9516,4749,4767
1882,Elton Brand,2013,-0.63,-0.35,-0.28,0.07,0.01,0.06,-0.78,1.66,1.35,0.31,-0.61,-0.56,-0.06,0.21,-0.56,1.05,-1.34,1.26,-0.07,0.01,13438,6729,6709
2230,Maurice Evans,2013,0.21,0.36,-0.15,-0.1,-0.07,-0.04,-0.13,0.06,0.12,-0.06,-0.17,-0.21,0.03,0.06,0.11,-0.11,-0.02,-0.05,-0.07,0.0,1161,577,584
1884,Baron Davis,2013,1.24,1.52,-0.28,-0.96,-0.59,-0.37,-0.42,-0.4,-0.33,-0.07,0.98,0.45,0.52,-0.52,0.28,0.58,-0.14,0.06,-0.08,0.0,2565,1276,1289
202083,Wesley Matthews,2013,0.91,0.71,0.2,0.28,0.43,-0.14,0.01,-1.93,-1.91,-0.02,0.26,-0.28,0.52,0.38,1.19,-1.67,1.2,-1.29,-0.09,-0.0,17175,8603,8572
202355,Hassan Whiteside,2013,-0.13,0.17,-0.3,-0.12,-0.21,0.09,-0.08,0.87,0.83,0.04,0.07,0.03,0.02,-0.7,-0.25,0.94,-0.33,0.24,-0.09,-0.0,414,206,208
2551,T.J. Ford,2013,0.07,0.11,-0.04,-0.4,-0.09,-0.3,-0.06,0.07,0.12,-0.05,-0.15,-0.14,-0.01,0.36,-0.33,-0.08,-0.39,0.28,-0.11,-0.0,724,355,369
1112,Ben Wallace,2013,-2.25,-2.31,0.06,0.26,0.23,0.03,-0.41,0.67,0.49,0.18,0.76,0.45,0.3,0.84,-1.99,1.43,-2.4,2.27,-0.12,0.01,3454,1710,1744
202706,Jordan Hamilton,2013,0.0,0.54,-0.54,-0.23,0.11,-0.33,1.33,-0.62,-0.56,-0.06,-0.26,0.16,-0.42,-0.33,-0.23,-0.88,1.1,-1.21,-0.12,-0.01,2523,1251,1272
2564,Boris Diaw,2013,0.53,1.12,-0.59,-0.21,-0.24,0.04,-1.34,0.59,0.61,-0.02,0.29,0.28,0.01,0.01,0.32,0.88,-1.02,0.89,-0.12,0.01,14122,7077,7045
201965,Jeff Ayres,2013,0.02,0.22,-0.2,0.08,-0.13,0.21,0.5,0.09,0.01,0.08,-0.77,-0.14,-0.63,-0.05,0.1,-0.68,0.6,-0.73,-0.13,0.0,2168,1085,1083
200826,J.J. Barea,2013,-1.14,-0.92,-0.22,0.57,0.26,0.31,0.32,0.78,0.38,0.4,-0.0,-0.17,0.17,-0.66,-0.57,0.78,-0.25,0.12,-0.13,0.0,10551,5268,5283
2768,Chris Duhon,2013,0.93,1.01,-0.08,-0.4,-0.28,-0.11,-0.23,0.1,0.13,-0.03,-0.15,-0.28,0.13,-0.39,0.53,-0.05,0.3,-0.44,-0.14,0.0,7526,3748,3778
203096,Jared Sullinger,2013,-1.0,-0.83,-0.17,-0.24,0.08,-0.32,0.88,-0.4,0.24,-0.64,-0.03,-0.05,0.01,0.65,-1.24,-0.43,-0.36,0.22,-0.14,0.0,3357,1674,1683
201175,Glen Davis,2013,-1.74,-1.63,-0.11,0.53,0.51,0.02,-0.1,1.37,0.76,0.61,0.47,0.19,0.29,-0.67,-1.21,1.84,-1.31,1.17,-0.14,0.0,9656,4812,4844
200809,Chris Quinn,2013,-0.45,-0.19,-0.26,0.01,-0.01,0.02,-0.09,-0.11,-0.04,-0.07,0.37,0.14,0.23,0.11,-0.44,0.26,-0.53,0.37,-0.16,0.0,294,147,147
101249,John Lucas III,2013,-1.83,-1.36,-0.47,0.8,0.31,0.48,1.17,0.41,0.47,-0.06,-0.23,-0.12,-0.12,-0.51,-1.03,0.18,0.14,-0.33,-0.19,0.0,5835,2915,2920
2427,Roger Mason Jr.,2013,1.19,1.21,-0.02,0.02,0.11,-0.09,0.88,-0.54,-0.18,-0.36,-0.65,-0.4,-0.26,-1.09,1.21,-1.19,2.09,-2.28,-0.2,-0.01,6730,3381,3349
101115,Andrew Bynum,2013,-0.12,0.07,-0.19,-0.68,-0.4,-0.28,-0.05,2.19,1.26,0.93,-1.29,-0.49,-0.79,-0.25,-0.8,0.9,-0.85,0.65,-0.2,0.0,9460,4740,4720
1885,Lamar Odom,2013,-1.61,-1.12,-0.49,-0.0,-0.09,0.09,0.35,1.7,1.56,0.14,0.17,0.24,-0.08,-0.84,-1.61,1.87,-1.26,1.03,-0.23,0.0,10215,5110,5105
202066,Garrett Temple,2013,-1.14,-0.88,-0.26,0.18,0.21,-0.03,0.15,-0.34,-0.29,-0.05,0.45,-0.07,0.52,0.46,-0.96,0.11,-0.81,0.57,-0.24,-0.0,4310,2156,2154
1497,Chauncey Billups,2013,0.53,0.24,0.29,0.16,0.17,-0.01,-0.51,-0.14,-0.14,-0.0,-0.12,-0.21,0.09,-0.15,0.69,-0.26,0.18,-0.41,-0.24,-0.01,4148,2077,2071
2240,Gilbert Arenas,2013,-0.94,-0.62,-0.32,-0.13,-0.19,0.06,0.75,-0.06,0.1,-0.16,0.14,-0.03,0.17,0.0,-1.07,0.08,-0.32,0.08,-0.24,-0.0,850,426,424
201160,Jason Smith,2013,-0.29,-0.21,-0.08,-0.04,0.41,-0.45,-0.66,1.61,1.67,-0.06,-0.12,-0.05,-0.07,-0.76,-0.33,1.49,-0.99,0.73,-0.25,0.01,6514,3244,3270
101189,James Singleton,2013,0.5,0.5,0.0,0.14,0.13,0.01,-0.36,-0.59,-0.59,-0.0,-0.0,0.09,-0.1,0.03,0.64,-0.59,0.28,-0.56,-0.28,-0.0,919,458,461
2585,Zaza Pachulia,2013,-0.88,-0.58,-0.3,-0.99,-0.64,-0.35,0.88,0.45,0.29,0.16,-0.16,-0.17,0.02,0.4,-1.87,0.29,-0.99,0.69,-0.29,0.01,10140,5067,5073
101131,Jason Maxiell,2013,-1.94,-1.46,-0.48,-0.45,0.1,-0.55,0.51,1.96,1.44,0.52,0.16,0.02,0.14,-0.55,-2.39,2.12,-1.88,1.57,-0.3,0.01,12001,5994,6007
202691,Klay Thompson,2013,0.41,0.77,-0.36,0.11,0.09,0.02,-0.15,0.13,0.25,-0.12,-0.44,-0.49,0.05,-0.37,0.52,-0.31,0.37,-0.68,-0.31,0.0,19393,9717,9676
202702,Kenneth Faried,2013,-0.26,0.22,-0.48,-0.71,-0.52,-0.19,2.15,-1.25,-1.37,0.12,-0.48,-0.44,-0.03,0.24,-0.97,-1.73,1.18,-1.49,-0.31,0.0,13832,6914,6918
202396,Samardo Samuels,2013,-1.67,-1.45,-0.22,-0.67,-0.12,-0.55,0.56,1.5,1.68,-0.18,0.37,0.02,0.35,-0.44,-2.34,1.87,-1.78,1.43,-0.34,0.01,3818,1904,1914
2215,Jason Collins,2013,-1.21,-0.94,-0.27,0.11,0.24,-0.12,-0.07,0.27,0.39,-0.12,0.09,-0.24,0.33,0.47,-1.1,0.36,-1.17,0.83,-0.34,-0.0,2785,1395,1390
201291,Carldell Johnson,2013,-0.25,-0.23,-0.02,0.06,-0.04,0.09,-0.22,0.03,0.12,-0.09,-0.16,-0.12,-0.05,0.19,-0.19,-0.13,-0.41,0.06,-0.35,0.0,391,196,195
200750,Brandon Roy,2013,0.18,0.29,-0.11,-0.27,-0.15,-0.12,-0.08,0.17,0.11,0.06,-0.23,-0.09,-0.15,-0.12,-0.09,-0.06,-0.17,-0.18,-0.35,0.0,444,223,221
2419,Tayshaun Prince,2013,0.04,-0.29,0.33,0.46,0.33,0.13,0.11,0.75,0.76,-0.01,-1.03,-0.38,-0.65,-0.68,0.5,-0.28,0.61,-0.96,-0.35,0.0,18591,9276,9315
101126,Nate Robinson,2013,0.82,0.71,0.11,0.8,0.39,0.41,-0.19,-1.35,-1.01,-0.34,-0.03,0.17,-0.2,-0.42,1.62,-1.38,1.43,-1.8,-0.36,0.01,13429,6742,6687
201274,Ivan Johnson,2013,-1.06,-1.24,0.18,-0.7,-0.66,-0.04,0.11,-0.24,0.01,-0.25,1.43,0.17,1.26,0.09,-1.76,1.19,-1.65,1.28,-0.37,0.0,7974,3967,4007
1902,Jeff Foster,2013,-0.39,-0.32,-0.07,-0.3,-0.09,-0.22,-0.08,-0.15,0.22,-0.37,0.17,0.2,-0.02,0.38,-0.69,0.02,-0.77,0.4,-0.37,-0.0,515,256,259
203382,Aron Baynes,2013,-0.19,-0.23,0.04,-0.02,-0.05,0.02,-0.43,-0.28,-0.3,0.02,0.29,0.07,0.22,0.27,-0.21,0.01,-0.64,0.28,-0.37,-0.01,732,362,370
101113,Ike Diogu,2013,-0.12,-0.02,-0.1,0.01,-0.01,0.02,-0.03,-0.15,-0.09,-0.06,-0.05,-0.06,0.01,-0.03,-0.11,-0.2,-0.14,-0.23,-0.37,0.0,53,27,26
203129,Tornike Shengelia,2013,-0.48,-0.41,-0.07,-0.27,-0.03,-0.25,0.39,-0.37,-0.24,-0.13,0.19,0.23,-0.06,0.16,-0.75,-0.18,-0.36,-0.02,-0.38,0.0,333,167,166
101135,David Lee,2013,0.58,0.41,0.17,0.22,-0.2,0.42,-0.54,-0.02,-0.7,0.68,-0.22,-0.02,-0.21,-0.41,0.8,-0.24,0.26,-0.65,-0.39,0.0,19554,9800,9754
101107,Marvin Williams,2013,-1.91,-2.02,0.11,0.43,0.28,0.15,0.37,1.21,0.97,0.24,-0.62,-0.02,-0.58,0.12,-1.48,0.59,-1.11,0.71,-0.4,-0.0,12717,6353,6364
201814,Gary Forbes,2013,0.37,0.19,0.18,-0.53,-0.26,-0.27,-0.26,-0.16,0.16,-0.32,-0.17,-0.16,-0.01,0.34,-0.16,-0.33,-0.42,0.01,-0.41,0.0,2589,1295,1294
202731,Vernon Macklin,2013,0.02,0.13,-0.11,-0.0,-0.04,0.03,0.02,0.15,0.2,-0.05,-0.47,-0.08,-0.38,-0.13,0.02,-0.32,0.04,-0.45,-0.41,0.0,466,234,232
201991,Lester Hudson,2013,-0.34,-0.21,-0.13,-0.19,-0.17,-0.03,0.09,0.1,0.08,0.02,0.14,-0.06,0.2,-0.22,-0.53,0.24,-0.44,0.02,-0.42,0.0,1258,632,626
201858,Cartier Martin,2013,-0.39,-0.08,-0.31,0.16,0.11,0.04,-0.22,0.49,0.76,-0.27,-0.26,-0.28,0.01,-0.2,-0.23,0.23,-0.45,0.03,-0.42,0.0,4038,2031,2007
203200,Justin Holiday,2013,-0.44,-0.28,-0.16,0.12,0.02,0.1,0.23,-0.06,-0.04,-0.02,-0.29,-0.13,-0.16,0.02,-0.32,-0.35,-0.09,-0.33,-0.42,-0.0,483,240,243
202178,Sundiata Gaines,2013,-0.25,-0.14,-0.11,0.23,0.2,0.03,-0.03,-1.0,-0.96,-0.04,0.61,0.43,0.17,0.02,-0.02,-0.39,-0.05,-0.37,-0.42,0.0,2957,1464,1493
202874,Chris Wright,2013,-0.31,-0.47,0.16,-0.22,-0.05,-0.17,0.42,-0.58,-0.26,-0.32,0.27,0.13,0.14,0.0,-0.53,-0.31,-0.11,-0.31,-0.42,-0.0,706,347,359
202406,Jerome Dyson,2013,-0.78,-0.84,0.06,-0.16,-0.14,-0.02,-0.21,1.37,1.26,0.11,-0.05,-0.17,0.13,-0.59,-0.94,1.32,-1.15,0.73,-0.42,0.0,643,322,321
203142,Chris Copeland,2013,0.91,1.42,-0.51,-0.09,-0.03,-0.08,-0.15,-1.45,-1.66,0.21,-0.23,-0.17,-0.06,0.58,0.82,-1.68,0.67,-1.1,-0.43,0.0,3459,1724,1735
202385,Ryan Reid,2013,-0.31,-0.25,-0.06,-0.09,-0.12,0.02,0.17,-0.26,-0.22,-0.04,0.15,0.06,0.09,-0.08,-0.4,-0.11,-0.23,-0.19,-0.43,-0.01,61,30,31
201178,Kyrylo Fesenko,2013,-0.35,-0.28,-0.07,0.03,-0.0,0.03,0.05,-0.18,-0.15,-0.03,-0.03,0.06,-0.09,0.04,-0.32,-0.21,-0.27,-0.17,-0.44,0.0,65,33,32
203103,Perry Jones III,2013,-0.16,0.03,-0.19,0.02,-0.04,0.06,-0.2,-0.01,0.23,-0.24,-0.12,0.21,-0.34,0.03,-0.14,-0.13,-0.34,-0.1,-0.44,0.0,1071,526,545
201202,Joel Anthony,2013,-0.59,-0.25,-0.34,-0.3,-0.13,-0.16,0.13,0.35,0.05,0.3,-0.37,-0.14,-0.23,0.34,-0.89,-0.02,-0.76,0.32,-0.44,-0.0,8699,4335,4364
202880,Jeff Foote,2013,-0.08,-0.11,0.03,-0.02,-0.04,0.01,-0.14,-0.19,-0.02,-0.17,0.1,0.03,0.07,-0.11,-0.1,-0.09,-0.24,-0.2,-0.44,0.0,142,69,73
2765,Andre Emmett,2013,-0.11,0.04,-0.15,-0.18,-0.1,-0.08,-0.07,0.1,0.16,-0.06,-0.09,-0.06,-0.03,-0.14,-0.29,0.01,-0.36,-0.13,-0.49,0.0,131,63,68
201150,Spencer Hawes,2013,-0.85,-0.48,-0.37,-0.12,-0.13,0.01,0.39,0.62,0.36,0.26,-0.05,-0.12,0.06,-0.47,-0.97,0.57,-0.58,0.1,-0.49,-0.01,12943,6489,6454
2501,Reggie Evans,2013,-1.48,-0.89,-0.59,-0.71,-0.0,-0.71,1.99,-1.69,-1.86,0.17,0.15,0.5,-0.35,1.25,-2.19,-1.54,-0.2,-0.29,-0.49,0.0,11224,5581,5643
201942,DeMar DeRozan,2013,0.09,-0.39,0.48,0.09,0.42,-0.32,-0.95,-0.27,0.16,-0.43,-0.1,0.02,-0.12,0.65,0.18,-0.37,-0.77,0.28,-0.5,-0.01,19347,9688,9659
101154,Andray Blatche,2013,-0.96,-0.88,-0.08,0.13,0.25,-0.11,0.68,-3.15,-2.93,-0.22,1.3,0.46,0.83,1.5,-0.83,-1.85,-0.15,-0.35,-0.51,-0.01,8498,4234,4264
2545,Darko Milicic,2013,-1.4,-0.88,-0.52,-0.25,-0.12,-0.12,0.11,0.95,0.7,0.25,-0.16,-0.1,-0.06,0.23,-1.65,0.79,-1.54,1.02,-0.52,-0.0,1809,901,908
203121,Darius Miller,2013,-0.53,-0.51,-0.02,-0.13,0.21,-0.34,-0.19,-0.43,-0.14,-0.29,0.23,-0.05,0.28,0.52,-0.66,-0.2,-0.85,0.32,-0.52,0.01,2459,1226,1233
203156,Henry Sims,2013,-0.34,-0.27,-0.07,-0.05,-0.02,-0.03,0.06,-0.28,-0.23,-0.05,0.02,0.05,-0.02,0.04,-0.39,-0.26,-0.33,-0.22,-0.55,0.0,17,8,9
202380,Hamady Ndiaye,2013,-0.42,-0.33,-0.09,-0.04,-0.03,-0.02,0.09,-0.2,-0.14,-0.06,0.02,0.02,0.0,0.0,-0.46,-0.18,-0.37,-0.18,-0.55,0.0,5,3,2
2549,Chris Kaman,2013,0.43,0.61,-0.18,-0.72,-0.51,-0.21,-1.12,1.13,0.76,0.37,0.02,0.24,-0.22,-0.29,-0.29,1.15,-1.41,0.86,-0.56,-0.01,10063,5026,5037
1630,Mikki Moore,2013,-0.63,-0.46,-0.17,-0.08,-0.09,0.03,0.14,0.23,0.36,-0.13,-0.07,-0.07,0.01,-0.15,-0.71,0.16,-0.57,0.01,-0.56,-0.0,432,214,218
200797,Ryan Hollins,2013,-1.73,-1.29,-0.44,-0.53,-0.17,-0.36,0.38,2.3,2.17,0.13,-0.13,-0.07,-0.06,-0.85,-2.26,2.17,-1.88,1.32,-0.56,0.0,5077,2528,2549
202814,Mychel Thompson,2013,-0.48,-0.37,-0.11,-0.06,-0.09,0.03,0.06,-0.08,-0.11,0.03,-0.12,-0.01,-0.1,0.12,-0.54,-0.2,-0.48,-0.08,-0.56,0.0,342,171,171
203095,Evan Fournier,2013,0.2,0.24,-0.04,-0.01,0.02,-0.03,-0.45,-0.14,-0.12,-0.02,-0.01,0.17,-0.19,-0.16,0.19,-0.15,-0.26,-0.31,-0.56,0.01,1889,946,943
956,Erick Dampier,2013,0.03,0.19,-0.16,-0.27,-0.15,-0.11,-0.35,-0.37,-0.28,-0.09,0.17,-0.03,0.21,0.21,-0.24,-0.2,-0.59,0.01,-0.57,0.01,423,210,213
202723,Malcolm Lee,2013,-1.54,-1.28,-0.26,-0.27,0.01,-0.28,0.17,-0.16,-0.02,-0.14,0.77,0.1,0.68,0.45,-1.81,0.61,-1.64,1.06,-0.57,0.01,2011,1011,1000
202359,Darington Hobson,2013,-0.28,-0.24,-0.04,-0.08,-0.0,-0.08,-0.26,-0.17,-0.05,-0.12,0.09,-0.0,0.1,0.13,-0.36,-0.08,-0.62,0.05,-0.58,-0.01,136,68,68
201234,Trey Johnson,2013,-0.39,-0.34,-0.05,-0.02,-0.09,0.07,-0.15,0.05,0.15,-0.1,-0.14,-0.07,-0.08,0.06,-0.41,-0.09,-0.56,-0.03,-0.59,0.0,226,112,114
711,Jerry Stackhouse,2013,-0.9,-1.08,0.18,-0.55,-0.52,-0.04,0.31,1.11,1.71,-0.6,-0.09,-0.17,0.07,-0.47,-1.45,1.02,-1.14,0.55,-0.6,-0.01,2916,1466,1450
101132,Linas Kleiza,2013,1.04,0.78,0.26,-0.09,0.12,-0.22,-1.08,0.83,1.61,-0.78,-0.48,-0.64,0.16,-0.82,0.95,0.35,-0.13,-0.47,-0.6,0.0,5225,2621,2604
202728,Keith Benson,2013,-0.45,-0.36,-0.09,-0.02,-0.01,-0.0,0.06,-0.09,-0.04,-0.05,-0.07,-0.02,-0.05,-0.04,-0.47,-0.16,-0.41,-0.2,-0.61,0.0,16,8,8
1888,Richard Hamilton,2013,-1.12,-0.75,-0.37,-0.05,-0.28,0.23,-0.1,0.46,0.45,0.01,-0.19,-0.06,-0.13,0.38,-1.17,0.27,-1.27,0.65,-0.62,0.0,7419,3709,3710
2243,Brian Scalabrine,2013,0.01,0.03,-0.02,0.04,0.03,0.01,0.03,-0.5,-0.61,0.11,0.12,-0.01,0.13,-0.33,0.05,-0.38,0.08,-0.71,-0.63,0.0,445,220,225
1712,Antawn Jamison,2013,0.76,0.73,0.03,0.37,0.09,0.28,0.76,-0.9,-0.9,-0.0,-0.69,-0.48,-0.21,-0.94,1.13,-1.59,1.89,-2.53,-0.63,0.01,14823,7399,7424
202366,Jerome Jordan,2013,-0.18,0.01,-0.19,-0.0,0.05,-0.05,0.21,-0.68,-0.48,-0.2,-0.17,0.05,-0.22,0.18,-0.18,-0.85,0.03,-0.67,-0.64,0.0,433,215,218
2557,Luke Ridnour,2013,-1.33,-1.65,0.32,0.28,0.14,0.15,1.2,-0.78,-0.72,-0.06,0.12,0.03,0.08,-0.14,-1.05,-0.66,0.15,-0.8,-0.65,0.0,15896,7933,7963
201975,Jodie Meeks,2013,-0.43,-0.29,-0.14,0.96,0.54,0.43,-0.38,0.65,0.52,0.13,-0.26,-0.07,-0.2,-1.19,0.53,0.39,0.15,-0.8,-0.65,-0.0,12748,6374,6374
202326,DeMarcus Cousins,2013,-1.24,-1.22,-0.02,-0.45,-0.04,-0.42,1.62,-0.88,-0.79,-0.09,-0.05,-0.21,0.17,0.35,-1.69,-0.93,-0.07,-0.58,-0.65,-0.0,16429,8216,8213
202536,Jerry Smith,2013,-0.41,-0.25,-0.16,-0.0,-0.0,-0.0,-0.22,0.0,0.04,-0.04,0.09,0.23,-0.16,-0.11,-0.41,0.09,-0.63,-0.02,-0.65,0.0,157,78,79
101114,Deron Williams,2013,1.86,1.26,0.6,0.24,0.17,0.07,0.27,-2.86,-2.73,-0.13,-0.05,-0.12,0.07,-0.11,2.1,-2.91,2.37,-3.02,-0.65,-0.0,19242,9645,9597
202686,Jan Vesely,2013,-0.75,-0.11,-0.64,-0.01,0.09,-0.1,0.54,-0.96,-0.49,-0.47,0.44,0.24,0.2,0.08,-0.76,-0.52,-0.22,-0.44,-0.65,0.01,6267,3134,3133
201576,Anthony Randolph,2013,0.72,0.73,-0.01,-0.63,-0.09,-0.53,-0.29,0.25,0.18,0.07,-0.34,0.05,-0.38,-0.37,0.09,-0.09,-0.2,-0.46,-0.66,0.0,3433,1710,1723
203124,Kyle O'Quinn,2013,0.01,0.36,-0.35,0.27,0.09,0.18,0.24,-0.25,-0.14,-0.11,-0.33,0.05,-0.37,-0.6,0.28,-0.58,0.52,-1.18,-0.66,-0.0,2412,1205,1207
2429,Dan Gadzuric,2013,-0.31,-0.16,-0.15,-0.08,-0.08,-0.0,0.0,-0.2,-0.16,-0.04,-0.0,0.08,-0.08,-0.08,-0.39,-0.2,-0.39,-0.28,-0.67,0.0,48,23,25
2059,Eduardo Najera,2013,-0.39,-0.42,0.03,-0.0,0.03,-0.03,-0.08,-0.51,-0.46,-0.05,0.31,0.08,0.22,-0.01,-0.39,-0.2,-0.47,-0.21,-0.68,-0.0,988,497,491
201969,DaJuan Summers,2013,-0.08,-0.05,-0.03,0.02,0.04,-0.02,-0.2,-0.5,-0.39,-0.11,0.1,0.22,-0.12,-0.02,-0.06,-0.4,-0.26,-0.42,-0.68,0.0,776,386,390
2567,Brian Cook,2013,-0.2,-0.17,-0.03,-0.07,0.21,-0.28,-0.53,0.21,0.46,-0.25,0.16,0.19,-0.03,-0.26,-0.27,0.37,-0.8,0.11,-0.69,0.0,1015,512,503
101153,Mickael Gelabale,2013,-0.5,-0.42,-0.08,-0.36,-0.15,-0.21,0.34,-0.32,-0.35,0.03,-0.31,-0.31,0.01,0.44,-0.86,-0.63,-0.52,-0.19,-0.71,0.0,2416,1203,1213
2030,Kenyon Martin,2013,-1.23,-1.04,-0.19,-0.08,0.21,-0.28,0.12,0.35,0.76,-0.41,0.91,0.74,0.16,-0.8,-1.31,1.26,-1.19,0.46,-0.73,0.0,6474,3235,3239
201985,AJ Price,2013,-1.48,-1.39,-0.09,0.15,0.15,-0.01,0.46,-0.8,-0.66,-0.14,0.54,-0.15,0.69,0.4,-1.33,-0.26,-0.87,0.14,-0.73,0.0,6884,3446,3438
201584,Courtney Lee,2013,0.85,0.95,-0.1,0.02,-0.06,0.08,-0.19,-1.62,-1.25,-0.37,0.38,0.46,-0.07,-0.17,0.87,-1.24,0.68,-1.41,-0.73,0.0,13875,6930,6945
202374,Solomon Alabi,2013,-0.3,-0.22,-0.08,-0.06,-0.18,0.12,-0.23,0.07,0.22,-0.15,-0.41,-0.16,-0.24,0.19,-0.36,-0.34,-0.59,-0.15,-0.74,0.0,439,218,221
101142,Ronny Turiaf,2013,-1.39,-1.13,-0.26,-0.59,-0.45,-0.12,-0.17,1.78,1.49,0.29,0.16,0.17,-0.01,-0.53,-1.98,1.94,-2.15,1.41,-0.74,-0.0,4257,2113,2144
200755,JJ Redick,2013,2.29,2.21,0.08,-0.09,0.06,-0.15,-0.57,-1.63,-1.45,-0.18,-0.98,-0.45,-0.52,0.22,2.2,-2.61,1.63,-2.39,-0.76,-0.0,16204,8098,8106
203097,Fab Melo,2013,-0.53,-0.37,-0.16,-0.09,-0.05,-0.05,0.16,0.05,0.08,-0.03,-0.12,-0.07,-0.06,-0.24,-0.62,-0.07,-0.46,-0.31,-0.77,0.0,132,66,66
202397,Ish Smith,2013,-2.85,-2.25,-0.6,0.59,0.05,0.54,0.68,-0.38,-0.36,-0.02,0.2,0.28,-0.08,0.99,-2.26,-0.18,-1.58,0.81,-0.77,0.0,2726,1356,1370
2743,Kris Humphries,2013,0.64,0.42,0.22,-0.36,-0.28,-0.09,-0.78,0.58,0.67,-0.09,-0.9,-0.08,-0.8,0.04,0.28,-0.32,-0.5,-0.28,-0.77,0.01,11980,5965,6015
101235,Kelenna Azubuike,2013,-0.4,-0.32,-0.08,-0.13,-0.04,-0.1,-0.12,-0.35,-0.32,-0.03,0.1,0.14,-0.03,0.13,-0.53,-0.25,-0.65,-0.12,-0.77,0.0,90,46,44
2581,Steve Blake,2013,-1.07,-1.22,0.15,-0.24,-0.17,-0.08,0.46,0.29,0.5,-0.21,-0.35,-0.45,0.1,0.13,-1.31,-0.06,-0.85,0.07,-0.78,0.0,10439,5204,5235
203006,Josh Akognon,2013,-0.36,-0.25,-0.11,-0.08,-0.03,-0.05,-0.02,-0.25,-0.18,-0.07,-0.01,-0.05,0.03,-0.08,-0.44,-0.26,-0.46,-0.34,-0.79,0.01,31,16,15
2073,Brian Cardinal,2013,-0.88,-0.87,-0.01,0.14,-0.02,0.15,-0.47,-0.19,0.15,-0.34,0.4,0.16,0.23,0.2,-0.74,0.21,-1.21,0.41,-0.79,0.01,1090,543,547
2457,Jannero Pargo,2013,0.49,1.05,-0.56,-0.56,-0.52,-0.04,-0.51,-1.59,-1.36,-0.23,-0.0,0.17,-0.17,1.37,-0.07,-1.59,-0.58,-0.22,-0.8,-0.0,4439,2207,2232
2731,Emeka Okafor,2013,-2.65,-1.97,-0.68,-0.08,0.06,-0.12,0.44,1.78,1.28,0.5,-0.15,-0.06,-0.09,-0.14,-2.73,1.63,-2.29,1.49,-0.8,0.0,10550,5291,5259
203317,Tim Ohlbrecht,2013,-0.32,-0.28,-0.04,-0.11,-0.05,-0.07,-0.12,-0.2,-0.12,-0.08,-0.0,0.05,-0.05,-0.06,-0.43,-0.2,-0.55,-0.26,-0.8,0.01,42,20,22
2037,Jamal Crawford,2013,0.73,-0.37,1.1,-0.07,0.33,-0.4,-0.07,-1.09,-0.25,-0.84,0.61,0.12,0.48,-0.91,0.66,-0.48,0.59,-1.39,-0.8,0.0,14915,7504,7411
2735,Josh Childress,2013,-0.67,-0.53,-0.14,-0.0,-0.1,0.1,0.5,-0.26,-0.08,-0.18,0.23,0.14,0.09,-0.61,-0.67,-0.03,-0.17,-0.64,-0.81,0.0,2180,1071,1109
203203,Chris Wright,2013,-0.4,-0.3,-0.1,-0.08,-0.05,-0.03,-0.01,-0.32,-0.23,-0.09,-0.05,-0.03,-0.01,0.05,-0.48,-0.37,-0.49,-0.32,-0.81,0.0,17,8,9
202356,Armon Johnson,2013,-0.94,-0.86,-0.08,0.05,-0.01,0.05,0.05,-0.06,0.1,-0.16,-0.15,-0.15,0.0,0.23,-0.89,-0.21,-0.84,0.02,-0.82,-0.0,465,233,232
200761,Shawne Williams,2013,-0.93,-1.06,0.13,-0.05,0.28,-0.33,0.92,-1.21,-1.11,-0.1,0.24,0.14,0.1,0.21,-0.98,-0.97,-0.06,-0.76,-0.82,0.0,1915,963,952
203126,Kris Joseph,2013,-0.36,-0.2,-0.16,-0.06,-0.1,0.06,0.14,-0.62,-0.49,-0.13,-0.02,0.07,-0.09,0.1,-0.42,-0.64,-0.28,-0.54,-0.82,0.0,186,93,93
201604,Chris Douglas-Roberts,2013,-0.52,-0.44,-0.08,0.03,0.04,-0.02,0.13,-0.38,-0.29,-0.09,-0.26,-0.1,-0.14,0.18,-0.49,-0.64,-0.36,-0.46,-0.82,0.0,226,114,112
1863,Earl Boykins,2013,-0.79,-0.66,-0.13,0.02,-0.02,0.03,-0.1,1.13,1.13,-0.0,-0.26,-0.16,-0.08,-0.82,-0.77,0.87,-0.87,0.05,-0.82,0.0,398,196,202
1941,ID_1941,2013,-0.43,-0.36,-0.07,-0.03,-0.02,-0.01,-0.03,-0.29,-0.24,-0.05,-0.06,-0.01,-0.03,0.01,-0.46,-0.35,-0.49,-0.34,-0.83,0.0,7,4,3
203113,Quincy Miller,2013,-0.47,-0.36,-0.11,-0.14,-0.04,-0.1,0.13,-0.23,-0.19,-0.04,-0.02,0.02,-0.05,-0.1,-0.61,-0.25,-0.48,-0.35,-0.83,0.0,79,39,40
202918,Xavier Silas,2013,-0.59,-0.47,-0.12,0.06,-0.03,0.09,-0.01,-0.51,-0.51,-0.0,0.07,0.14,-0.07,0.14,-0.53,-0.44,-0.54,-0.3,-0.84,0.0,152,76,76
201952,Jeff Teague,2013,0.6,0.83,-0.23,0.41,0.41,-0.01,-0.95,-1.39,-1.48,0.09,0.14,-0.02,0.16,0.35,1.01,-1.25,0.06,-0.9,-0.84,0.0,19717,9911,9806
202962,Greg Smith,2013,-0.14,-0.29,0.15,-0.05,-0.18,0.13,0.31,0.88,0.76,0.12,-0.71,-0.2,-0.52,-1.14,-0.19,0.17,0.12,-0.97,-0.85,-0.0,4777,2396,2381
203111,Orlando Johnson,2013,-0.8,-0.46,-0.34,-0.15,0.05,-0.2,0.21,0.4,0.55,-0.15,-0.41,-0.28,-0.13,-0.1,-0.95,-0.01,-0.74,-0.11,-0.85,0.0,2287,1144,1143
1853,Anthony Carter,2013,-0.63,-0.51,-0.12,-0.43,-0.16,-0.27,-0.3,0.45,0.62,-0.17,0.27,0.03,0.23,-0.22,-1.06,0.72,-1.36,0.5,-0.86,0.0,759,370,389
202688,Brandon Knight,2013,-2.29,-1.68,-0.61,-0.15,-0.07,-0.08,0.45,0.61,0.4,0.21,0.33,0.07,0.26,0.18,-2.44,0.94,-1.99,1.12,-0.87,-0.0,16542,8264,8278
201196,Ramon Sessions,2013,-0.06,-0.62,0.56,0.42,0.5,-0.08,0.18,-0.23,-0.08,-0.15,-0.62,0.12,-0.73,-0.56,0.36,-0.85,0.54,-1.41,-0.87,0.0,13991,6978,7013
203130,Darius Johnson-Odom,2013,-0.47,-0.38,-0.09,-0.0,-0.01,-0.0,-0.08,-0.19,-0.08,-0.11,-0.09,-0.03,-0.06,-0.04,-0.47,-0.28,-0.55,-0.32,-0.87,0.0,25,12,13
202328,Greg Monroe,2013,0.5,0.43,0.07,-0.92,-0.9,-0.03,0.77,-2.4,-2.37,-0.03,-0.08,-0.0,-0.08,1.26,-0.42,-2.48,0.35,-1.22,-0.87,-0.0,17514,8781,8733
202365,Devin Ebanks,2013,-1.06,-0.91,-0.15,0.03,-0.0,0.02,0.32,0.54,0.47,0.07,-0.37,-0.17,-0.21,-0.35,-1.03,0.17,-0.71,-0.18,-0.89,-0.0,2699,1349,1350
1730,Brian Skinner,2013,-0.32,-0.23,-0.09,-0.1,-0.05,-0.06,-0.07,-0.36,-0.29,-0.07,-0.08,-0.02,-0.06,0.04,-0.42,-0.44,-0.49,-0.4,-0.89,0.0,17,9,8
203101,Miles Plumlee,2013,-0.68,-0.6,-0.08,-0.1,-0.07,-0.04,-0.01,0.28,0.28,-0.0,-0.28,-0.09,-0.19,-0.1,-0.78,0.0,-0.79,-0.1,-0.89,0.0,220,110,110
202082,Larry Owens,2013,-0.45,-0.37,-0.08,-0.03,0.03,-0.06,-0.01,-0.41,-0.42,0.01,-0.15,-0.06,-0.09,0.14,-0.48,-0.56,-0.49,-0.42,-0.91,-0.0,267,129,138
979,Jermaine O'Neal,2013,-1.18,-1.03,-0.15,-0.77,-0.12,-0.64,-0.42,1.9,1.97,-0.07,0.03,-0.62,0.65,-0.47,-1.95,1.93,-2.37,1.46,-0.91,0.0,5735,2864,2871
101127,Jarrett Jack,2013,-0.07,-0.23,0.16,0.02,0.26,-0.24,-0.8,0.0,0.44,-0.44,-0.5,-0.24,-0.26,0.43,-0.05,-0.5,-0.85,-0.07,-0.92,0.0,16267,8135,8132
202700,Donatas Motiejunas,2013,-0.09,0.15,-0.24,-0.13,-0.3,0.17,0.44,-0.68,-0.71,0.03,-0.15,-0.07,-0.08,-0.31,-0.22,-0.83,0.22,-1.14,-0.92,0.0,2117,1069,1048
201564,O.J. Mayo,2013,0.44,0.45,-0.01,-0.19,-0.11,-0.07,0.13,-1.18,-0.56,-0.62,0.14,0.06,0.07,-0.27,0.25,-1.04,0.38,-1.31,-0.92,0.01,18468,9249,9219
2449,Luis Scola,2013,-0.85,-0.46,-0.39,-0.14,0.01,-0.15,-0.67,0.45,0.38,0.07,0.27,-0.12,0.38,0.01,-0.99,0.72,-1.66,0.73,-0.93,0.0,15922,7970,7952
1802,Brad Miller,2013,-0.38,-0.32,-0.06,-0.12,-0.18,0.06,-0.31,-0.49,-0.52,0.03,0.2,0.05,0.15,0.15,-0.5,-0.29,-0.81,-0.14,-0.95,0.0,543,273,270
201336,Blake Ahearn,2013,-0.21,-0.13,-0.08,-0.24,-0.15,-0.09,-0.18,-0.55,-0.47,-0.08,0.02,0.03,-0.01,0.21,-0.45,-0.53,-0.63,-0.32,-0.95,0.0,138,68,70
202412,Manny Harris,2013,-0.65,-0.71,0.06,-0.3,-0.21,-0.09,0.11,0.25,0.29,-0.04,-0.02,0.01,-0.03,-0.34,-0.95,0.23,-0.84,-0.11,-0.95,0.0,1640,818,822
200752,Rudy Gay,2013,-0.67,-1.04,0.37,-0.2,-0.08,-0.12,0.53,-1.6,-1.26,-0.34,0.68,0.51,0.16,0.3,-0.87,-0.92,-0.34,-0.62,-0.96,0.0,19785,9887,9898
202498,Lance Thomas,2013,-0.53,-0.75,0.22,0.4,0.08,0.31,-0.75,-0.43,-0.3,-0.13,-0.08,0.1,-0.19,0.42,-0.13,-0.51,-0.88,-0.09,-0.96,0.01,4406,2181,2225
1536,Stephen Jackson,2013,0.01,-0.12,0.13,-0.91,-0.53,-0.39,-0.2,-0.76,-0.51,-0.25,0.72,0.23,0.48,0.19,-0.9,-0.04,-1.1,0.15,-0.96,-0.01,10054,5041,5013
202719,Jeremy Tyler,2013,-0.88,-0.48,-0.4,-0.27,-0.03,-0.25,0.44,-0.38,-0.22,-0.16,0.27,-0.02,0.29,-0.15,-1.15,-0.11,-0.71,-0.26,-0.97,-0.0,2438,1211,1227
2853,Earl Barron,2013,-1.67,-1.44,-0.23,0.09,0.11,-0.03,0.29,0.12,0.42,-0.3,0.07,-0.05,0.12,0.13,-1.58,0.19,-1.29,0.32,-0.97,-0.0,636,315,321
202335,Patrick Patterson,2013,-0.31,-0.1,-0.21,0.22,0.05,0.16,0.1,-0.67,-1.04,0.37,-0.29,-0.03,-0.26,-0.02,-0.09,-0.96,0.01,-0.98,-0.98,-0.01,12454,6220,6234
203145,Kent Bazemore,2013,-0.67,-0.63,-0.04,-0.34,-0.23,-0.11,-0.02,0.12,0.39,-0.27,-0.21,-0.08,-0.13,0.14,-1.01,-0.09,-1.03,0.05,-0.98,0.0,1141,563,578
201972,Jon Brockman,2013,-0.71,-0.46,-0.25,-0.52,-0.3,-0.22,0.03,-0.17,0.04,-0.21,0.47,0.09,0.36,-0.1,-1.23,0.3,-1.2,0.2,-1.0,-0.0,908,460,448
202345,Damion James,2013,-1.22,-1.18,-0.04,-0.22,-0.25,0.03,0.2,0.44,0.68,-0.24,0.03,0.01,0.01,-0.23,-1.44,0.47,-1.24,0.24,-1.0,0.0,601,294,307
202332,Cole Aldrich,2013,-0.24,-0.16,-0.08,-0.16,-0.16,-0.0,-0.23,-0.08,-0.05,-0.03,0.09,-0.01,0.1,-0.39,-0.4,0.01,-0.63,-0.38,-1.01,0.0,2277,1129,1148
203108,Bernard James,2013,-0.36,-0.41,0.05,0.04,-0.04,0.08,0.22,-1.28,-0.82,-0.46,-0.19,0.03,-0.22,0.55,-0.32,-1.47,-0.1,-0.92,-1.02,0.0,2024,1016,1008
1922,Francisco Elson,2013,-0.47,-0.34,-0.13,-0.03,-0.01,-0.02,-0.15,-0.41,-0.36,-0.05,-0.03,0.03,-0.07,0.07,-0.5,-0.44,-0.65,-0.37,-1.02,0.0,59,29,30
202720,Jon Leuer,2013,-1.15,-0.93,-0.22,-0.13,-0.33,0.21,0.42,-1.11,-0.84,-0.27,0.35,0.27,0.08,0.59,-1.28,-0.76,-0.86,-0.17,-1.03,0.0,2830,1416,1414
101123,Gerald Green,2013,-1.8,-1.48,-0.32,-0.03,0.21,-0.25,0.0,1.67,1.72,-0.05,-0.45,-0.29,-0.17,-0.42,-1.83,1.22,-1.83,0.8,-1.03,0.0,7299,3665,3634
2209,Vladimir Radmanovic,2013,-0.83,-0.47,-0.36,-0.3,-0.06,-0.25,-0.36,0.38,0.54,-0.16,0.1,0.12,-0.01,-0.04,-1.13,0.48,-1.49,0.44,-1.05,-0.0,3391,1691,1700
2224,Jamaal Tinsley,2013,0.38,0.26,0.12,-0.64,-0.54,-0.11,-0.34,0.25,0.34,-0.09,-0.36,-0.24,-0.12,-0.34,-0.26,-0.11,-0.6,-0.45,-1.05,0.0,6604,3296,3308
202715,Tyler Honeycutt,2013,-0.19,-0.1,-0.09,-0.07,-0.1,0.04,-0.1,-0.65,-0.6,-0.05,-0.03,-0.05,0.01,-0.02,-0.26,-0.68,-0.36,-0.7,-1.06,0.0,466,232,234
2566,Travis Outlaw,2013,-0.41,-0.39,-0.02,0.62,0.33,0.28,0.07,-0.1,-0.3,0.2,-0.36,0.06,-0.42,-0.88,0.21,-0.46,0.28,-1.34,-1.06,0.0,3614,1816,1798
201164,Rudy Fernandez,2013,0.51,0.71,-0.2,-0.38,-0.38,0.01,-0.96,-1.49,-1.36,-0.13,0.64,0.34,0.3,0.62,0.13,-0.85,-0.83,-0.23,-1.06,-0.0,2734,1375,1359
2772,Trevor Ariza,2013,-1.39,-1.17,-0.22,-0.18,-0.23,0.04,0.22,0.68,0.84,-0.16,0.35,0.02,0.33,-0.75,-1.57,1.03,-1.35,0.28,-1.07,-0.0,10236,5122,5114
203104,Marquis Teague,2013,-0.51,-0.39,-0.12,-0.18,-0.23,0.04,-0.24,0.11,0.41,-0.3,0.07,0.01,0.06,-0.33,-0.69,0.18,-0.93,-0.15,-1.08,0.0,1639,805,834
200764,Renaldo Balkman,2013,-0.29,-0.38,0.09,-0.14,-0.06,-0.08,-0.2,-0.45,-0.37,-0.08,-0.08,0.02,-0.1,0.08,-0.43,-0.53,-0.63,-0.45,-1.08,0.0,444,225,219
2198,Kwame Brown,2013,-0.57,-0.29,-0.28,-0.41,-0.11,-0.3,-0.3,-0.5,-0.59,0.09,0.3,-0.03,0.34,0.39,-0.98,-0.2,-1.28,0.19,-1.09,-0.0,1718,856,862
202775,Edwin Ubiles,2013,-0.88,-0.74,-0.14,0.01,-0.04,0.05,0.26,-0.41,-0.28,-0.13,-0.0,-0.05,0.05,-0.08,-0.87,-0.41,-0.61,-0.49,-1.1,0.0,174,86,88
202349,Greivis Vasquez,2013,1.21,1.28,-0.07,-0.21,0.17,-0.38,-0.07,-1.66,-1.58,-0.08,-0.5,0.07,-0.57,0.13,1.0,-2.16,0.93,-2.03,-1.1,0.0,15822,7900,7922
201182,Derrick Byars,2013,-0.75,-0.65,-0.1,0.06,-0.0,0.06,0.0,-0.41,-0.32,-0.09,-0.08,0.07,-0.16,0.07,-0.69,-0.49,-0.69,-0.42,-1.11,-0.0,144,74,70
202379,Jeremy Evans,2013,0.03,0.06,-0.03,-0.37,-0.5,0.13,0.15,-0.54,-0.49,-0.05,-0.28,-0.15,-0.14,-0.1,-0.34,-0.82,-0.19,-0.92,-1.11,0.0,1636,819,817
202862,Dennis Horner,2013,-0.42,-0.36,-0.06,-0.04,-0.01,-0.02,-0.11,-0.37,-0.33,-0.04,-0.14,-0.08,-0.06,-0.03,-0.46,-0.51,-0.57,-0.54,-1.12,-0.01,51,25,26
2804,Andres Nocioni,2013,-0.64,-0.53,-0.11,-0.08,0.03,-0.1,-0.04,-0.64,-0.52,-0.12,0.03,0.05,0.0,0.25,-0.72,-0.61,-0.76,-0.36,-1.12,-0.0,210,102,108
201155,Rodney Stuckey,2013,0.08,-0.16,0.24,0.04,0.2,-0.16,0.27,-0.59,-0.38,-0.21,-0.66,-0.63,-0.05,-0.26,0.12,-1.25,0.39,-1.51,-1.12,0.0,13962,6975,6987
201973,Jonas Jerebko,2013,-0.26,-0.63,0.37,-0.23,-0.25,0.03,-0.13,-1.35,-1.54,0.19,0.58,0.26,0.33,0.25,-0.49,-0.77,-0.62,-0.52,-1.14,0.0,8625,4301,4324
703,Kurt Thomas,2013,-1.88,-1.56,-0.32,0.31,0.23,0.09,-0.95,1.26,1.15,0.11,0.3,0.2,0.1,-0.18,-1.57,1.56,-2.52,1.38,-1.14,-0.0,4265,2135,2130
203141,Mirza Teletovic,2013,-0.54,-0.28,-0.26,0.07,0.12,-0.06,-0.11,0.09,0.3,-0.21,0.29,0.19,0.12,-0.94,-0.47,0.38,-0.58,-0.56,-1.14,0.0,1812,908,904
202699,Tobias Harris,2013,-0.98,-0.82,-0.16,-0.19,-0.13,-0.06,0.56,-0.82,-0.69,-0.13,-0.01,0.2,-0.21,0.28,-1.17,-0.83,-0.61,-0.55,-1.16,-0.0,6786,3401,3385
202399,Jeff Adrien,2013,-1.11,-0.91,-0.2,0.26,0.21,0.05,0.39,-0.32,-0.37,0.05,0.01,0.03,-0.02,-0.39,-0.85,-0.31,-0.46,-0.7,-1.16,0.0,2892,1448,1444
202810,D.J. Kennedy,2013,-0.45,-0.29,-0.16,-0.01,-0.03,0.02,-0.11,-0.44,-0.4,-0.04,-0.06,-0.06,0.01,-0.09,-0.46,-0.5,-0.57,-0.59,-1.16,0.0,210,105,105
2223,Samuel Dalembert,2013,-1.52,-0.97,-0.55,-0.65,-0.4,-0.26,1.0,-0.41,-0.68,0.27,0.09,0.3,-0.21,0.31,-2.17,-0.32,-1.17,-0.01,-1.18,-0.0,8421,4198,4223
203093,Terrence Jones,2013,-0.87,-0.7,-0.17,0.27,-0.09,0.35,0.18,-0.49,-0.42,-0.07,-0.23,0.05,-0.28,-0.05,-0.6,-0.72,-0.42,-0.77,-1.19,0.0,1182,596,586
201988,Patty Mills,2013,1.28,1.39,-0.11,-0.22,-0.25,0.02,-0.6,-1.49,-1.27,-0.22,0.28,0.44,-0.16,-0.45,1.06,-1.21,0.46,-1.66,-1.19,0.01,3764,1893,1871
2250,Bobby Simmons,2013,-0.08,-0.03,-0.05,-0.27,-0.19,-0.08,-0.03,-1.16,-0.93,-0.23,0.13,0.14,-0.02,0.22,-0.35,-1.03,-0.38,-0.81,-1.19,0.0,1621,808,813
2617,Udonis Haslem,2013,-1.9,-1.71,-0.19,-0.19,-0.5,0.32,0.02,0.14,0.47,-0.33,0.86,0.58,0.28,-0.12,-2.09,1.0,-2.07,0.88,-1.19,0.0,13883,6915,6968
2590,Mo Williams,2013,-0.15,0.03,-0.18,0.1,-0.07,0.17,-0.02,-1.13,-0.58,-0.55,-0.05,-0.02,-0.02,0.05,-0.05,-1.18,-0.07,-1.13,-1.2,0.0,11508,5737,5771
203118,Mike Scott,2013,-0.63,-0.49,-0.14,-0.23,-0.39,0.17,0.37,-0.51,-0.41,-0.1,-0.1,-0.05,-0.05,-0.09,-0.86,-0.61,-0.49,-0.7,-1.2,-0.01,1457,728,729
203099,Jared Cunningham,2013,-0.41,-0.36,-0.05,-0.15,-0.09,-0.07,-0.1,-0.43,-0.33,-0.1,-0.07,0.06,-0.13,-0.04,-0.56,-0.5,-0.66,-0.54,-1.2,0.0,97,50,47
2211,Troy Murphy,2013,-0.27,-0.11,-0.16,-0.02,0.12,-0.14,-0.5,-0.17,-0.04,-0.13,-0.51,-0.0,-0.52,0.25,-0.29,-0.68,-0.79,-0.43,-1.21,0.01,4468,2239,2229
202458,Justin Dentmon,2013,-0.98,-0.94,-0.04,0.02,-0.04,0.06,-0.28,-0.11,-0.09,-0.02,-0.1,-0.12,0.0,0.23,-0.96,-0.21,-1.24,0.02,-1.22,0.0,296,146,150
2863,Damien Wilkins,2013,-0.45,-0.56,0.11,0.08,0.16,-0.09,-0.37,-0.82,-0.83,0.01,-0.19,-0.2,0.02,0.52,-0.37,-1.01,-0.74,-0.49,-1.22,0.01,7113,3523,3590
202343,Elliot Williams,2013,-0.25,0.06,-0.31,-0.21,-0.06,-0.15,-0.18,-0.51,-0.43,-0.08,-0.12,0.07,-0.2,0.05,-0.46,-0.63,-0.64,-0.58,-1.22,0.0,554,277,277
201623,Semih Erden,2013,-0.14,-0.18,0.04,-0.21,-0.17,-0.04,-0.4,-0.67,-0.46,-0.21,-0.21,0.12,-0.34,0.41,-0.35,-0.88,-0.75,-0.47,-1.23,-0.01,1215,606,609
201575,Brandon Rush,2013,1.73,1.58,0.15,-0.04,0.02,-0.05,-0.79,-1.46,-0.96,-0.5,-0.26,-0.35,0.09,-0.42,1.69,-1.72,0.9,-2.14,-1.24,0.0,6590,3310,3280
202727,Travis Leslie,2013,-0.78,-0.69,-0.09,-0.1,-0.01,-0.09,-0.04,-0.27,-0.17,-0.1,-0.0,0.12,-0.13,-0.08,-0.88,-0.27,-0.92,-0.35,-1.26,0.01,150,77,73
203139,Viacheslav Kravtsov,2013,-0.33,-0.02,-0.31,-0.1,0.09,-0.2,-0.02,-0.48,-0.4,-0.08,-0.17,-0.02,-0.15,-0.17,-0.43,-0.65,-0.45,-0.82,-1.27,0.0,860,429,431
203159,Scott Machado,2013,-0.61,-0.47,-0.14,-0.18,-0.19,0.01,-0.21,-0.37,-0.34,-0.03,0.09,-0.0,0.08,0.01,-0.79,-0.28,-1.0,-0.27,-1.27,0.0,107,55,52
2570,Kendrick Perkins,2013,-1.24,-1.38,0.14,-0.54,-0.23,-0.3,-0.85,1.44,1.13,0.31,-0.61,0.03,-0.64,0.52,-1.78,0.83,-2.63,1.35,-1.28,-0.0,16835,8467,8368
101111,Charlie Villanueva,2013,-0.57,-0.09,-0.48,0.41,0.03,0.38,0.36,-0.4,-0.09,-0.31,-0.59,0.13,-0.72,-0.52,-0.16,-0.99,0.2,-1.51,-1.3,0.01,4791,2393,2398
101138,Brandon Bass,2013,-0.04,-0.24,0.2,0.06,-0.14,0.2,-0.85,-0.79,-1.16,0.37,-0.05,0.31,-0.36,0.38,0.02,-0.84,-0.83,-0.46,-1.3,-0.01,18071,9017,9054
2605,Marquis Daniels,2013,-2.93,-2.66,-0.27,0.2,-0.13,0.33,-0.03,0.6,0.92,-0.32,0.41,0.64,-0.23,0.42,-2.73,1.01,-2.76,1.43,-1.34,-0.01,6285,3135,3150
203105,Festus Ezeli,2013,-1.1,-0.69,-0.41,-0.64,-0.06,-0.59,0.57,-0.35,-0.47,0.12,-0.54,-0.36,-0.17,0.72,-1.74,-0.89,-1.17,-0.17,-1.34,0.0,4775,2382,2393
203078,Bradley Beal,2013,-1.08,-0.82,-0.26,-0.39,-0.26,-0.13,-0.28,0.72,0.98,-0.26,-0.37,0.17,-0.54,0.05,-1.47,0.35,-1.75,0.4,-1.35,0.0,6604,3323,3281
203089,John Henson,2013,-2.46,-1.9,-0.56,0.01,-0.26,0.27,1.79,-0.21,-0.31,0.1,0.09,-0.23,0.33,-0.58,-2.45,-0.12,-0.66,-0.7,-1.36,0.0,3292,1646,1646
201963,Christian Eyenga,2013,-0.81,-0.67,-0.14,-0.19,0.06,-0.25,0.05,0.23,0.24,-0.01,-0.26,-0.07,-0.19,-0.38,-1.0,-0.03,-0.95,-0.41,-1.36,-0.0,391,198,193
2744,Al Jefferson,2013,1.02,0.99,0.03,0.61,0.1,0.51,-0.85,-1.33,-1.56,0.23,-0.61,-0.43,-0.16,-0.23,1.63,-1.94,0.78,-2.17,-1.39,0.0,17400,8701,8699
2742,Sebastian Telfair,2013,-1.82,-1.98,0.16,0.4,0.09,0.31,-0.16,0.15,0.74,-0.59,0.58,0.12,0.47,-0.54,-1.42,0.73,-1.58,0.19,-1.39,0.0,6878,3427,3451
202376,Luke Harangody,2013,-0.06,-0.0,-0.06,0.15,0.1,0.06,-0.33,-0.12,-0.13,0.01,-0.36,-0.14,-0.21,-0.68,0.09,-0.48,-0.24,-1.16,-1.39,0.01,804,405,399
203094,Andrew Nicholson,2013,-1.38,-1.06,-0.32,-0.35,-0.11,-0.24,-0.16,-0.39,-0.53,0.14,-0.0,-0.05,0.03,0.9,-1.73,-0.39,-1.89,0.51,-1.39,-0.01,4668,2327,2341
202684,Tristan Thompson,2013,-1.47,-1.21,-0.26,0.28,0.31,-0.03,0.67,-0.31,-0.69,0.38,-0.47,-0.33,-0.15,-0.1,-1.19,-0.78,-0.52,-0.88,-1.4,0.0,14801,7368,7433
202622,Courtney Fortson,2013,-1.16,-1.02,-0.14,-0.23,-0.05,-0.18,-0.03,0.17,0.25,-0.08,-0.13,0.09,-0.22,-0.02,-1.39,0.04,-1.42,0.02,-1.4,0.0,361,178,183
203109,Jae Crowder,2013,-0.32,-0.09,-0.23,0.27,0.28,-0.02,-0.6,-1.74,-1.4,-0.34,0.91,0.23,0.66,0.08,-0.05,-0.83,-0.65,-0.75,-1.4,-0.0,5082,2528,2554
203106,Jeffery Taylor,2013,-1.37,-1.26,-0.11,-0.06,-0.03,-0.02,-0.25,0.19,0.07,0.12,-0.12,0.16,-0.28,0.2,-1.43,0.07,-1.68,0.27,-1.4,0.01,5605,2795,2810
202148,Mickell Gladness,2013,-0.66,-0.49,-0.17,-0.16,-0.06,-0.1,-0.19,0.01,0.2,-0.19,-0.29,-0.21,-0.08,-0.11,-0.82,-0.28,-1.01,-0.39,-1.4,0.0,980,483,497
202363,Jarvis Varnado,2013,-0.62,-0.47,-0.15,-0.16,-0.07,-0.09,-0.06,-0.2,-0.13,-0.07,-0.2,-0.03,-0.17,-0.17,-0.78,-0.4,-0.84,-0.57,-1.41,0.0,185,91,94
201611,Henry Walker,2013,-1.56,-1.52,-0.04,-0.31,0.1,-0.42,-0.49,-0.54,-0.34,-0.2,0.5,-0.22,0.72,0.99,-1.87,-0.04,-2.36,0.95,-1.41,0.0,2388,1192,1196
201229,Anthony Tolliver,2013,-0.81,-0.88,0.07,0.02,-0.07,0.08,-1.19,-0.03,0.1,-0.13,0.26,-0.2,0.45,0.34,-0.79,0.23,-1.98,0.57,-1.41,-0.0,7231,3606,3625
203135,Robert Sacre,2013,-0.5,-0.41,-0.09,-0.2,-0.25,0.05,-0.37,-0.82,-0.47,-0.35,0.2,-0.07,0.26,0.27,-0.7,-0.62,-1.07,-0.35,-1.42,-0.0,792,395,397
202350,Daniel Orton,2013,-1.18,-0.93,-0.25,-0.08,-0.1,0.03,0.05,-0.25,-0.31,0.06,-0.09,-0.0,-0.1,0.13,-1.26,-0.34,-1.21,-0.21,-1.42,0.0,1107,548,559
203085,Austin Rivers,2013,-1.74,-1.35,-0.39,0.12,-0.01,0.13,0.8,0.25,0.36,-0.11,-0.2,-0.26,0.06,-0.65,-1.62,0.05,-0.82,-0.6,-1.42,0.0,4977,2479,2498
101179,Ronnie Price,2013,-0.79,-0.89,0.1,-0.73,-0.24,-0.49,-0.87,0.13,0.56,-0.43,0.99,0.36,0.62,-0.14,-1.52,1.12,-2.39,0.98,-1.42,-0.01,3814,1881,1933
2052,DeShawn Stevenson,2013,-0.6,-0.19,-0.41,-0.22,-0.45,0.23,-0.59,0.07,-0.02,0.09,0.51,0.36,0.15,-0.59,-0.82,0.58,-1.41,-0.01,-1.42,0.0,8091,4016,4075
201208,Darryl Watkins,2013,-0.68,-0.66,-0.02,-0.25,-0.05,-0.2,0.05,-0.13,-0.15,0.02,0.01,-0.05,0.06,-0.42,-0.93,-0.12,-0.88,-0.54,-1.42,0.0,345,175,170
2575,Luke Walton,2013,-0.07,0.08,-0.15,-0.17,-0.22,0.06,-0.57,-1.2,-0.86,-0.34,0.52,0.58,-0.06,0.07,-0.24,-0.68,-0.81,-0.61,-1.43,-0.01,4500,2252,2248
201156,Nick Young,2013,-1.17,-1.21,0.04,-0.05,0.37,-0.43,0.31,0.11,0.58,-0.47,-0.03,-0.1,0.06,-0.59,-1.22,0.08,-0.91,-0.51,-1.43,-0.01,12469,6251,6218
201934,Hasheem Thabeet,2013,-0.97,-0.85,-0.12,-0.95,-0.55,-0.41,-0.28,0.77,0.88,-0.11,-0.06,0.52,-0.58,0.06,-1.92,0.71,-2.2,0.77,-1.43,0.0,3483,1720,1763
203122,Kevin Murphy,2013,-0.46,-0.43,-0.03,0.01,-0.02,0.03,-0.03,-0.61,-0.48,-0.13,-0.17,-0.01,-0.16,-0.19,-0.45,-0.78,-0.48,-0.97,-1.45,-0.0,173,86,87
739,Rasheed Wallace,2013,-1.05,-0.83,-0.22,0.14,0.09,0.07,-0.67,0.48,0.68,-0.2,-0.21,-0.17,-0.03,-0.14,-0.91,0.27,-1.58,0.13,-1.45,0.0,1079,541,538
2404,Chris Wilcox,2013,-1.0,-0.51,-0.49,-0.85,-0.72,-0.13,0.56,0.03,0.59,-0.56,-0.38,-0.03,-0.35,0.18,-1.85,-0.35,-1.29,-0.17,-1.46,0.0,5074,2529,2545
948,Marcus Camby,2013,-1.51,-0.96,-0.55,-0.33,-0.43,0.09,0.46,0.07,-0.21,0.28,-0.15,0.12,-0.27,0.0,-1.84,-0.08,-1.38,-0.08,-1.47,-0.01,5744,2860,2884
2586,Keith Bogans,2013,-0.76,-0.63,-0.13,-0.27,-0.3,0.05,0.46,-0.32,-0.39,0.07,-0.44,-0.19,-0.26,-0.13,-1.03,-0.76,-0.57,-0.89,-1.47,-0.01,5404,2678,2726
2753,Delonte West,2013,-1.69,-1.63,-0.06,-0.29,-0.21,-0.09,-0.45,0.1,-0.09,0.19,-0.02,-0.1,0.08,0.86,-1.98,0.08,-2.43,0.94,-1.49,0.0,4176,2083,2093
201590,Donte Greene,2013,-2.04,-1.67,-0.37,0.45,0.17,0.27,-0.18,-0.08,-0.03,-0.05,0.27,0.03,0.23,0.09,-1.59,0.19,-1.77,0.28,-1.5,-0.01,3023,1508,1515
201286,Eric Dawson,2013,-0.4,-0.4,0.0,-0.04,-0.03,-0.01,-0.1,-0.78,-0.72,-0.06,-0.19,0.01,-0.2,0.01,-0.44,-0.97,-0.54,-0.96,-1.5,0.0,155,79,76
202712,Justin Harper,2013,-0.67,-0.39,-0.28,-0.12,-0.1,-0.02,-0.16,-0.55,-0.62,0.07,-0.16,-0.03,-0.14,0.13,-0.79,-0.71,-0.95,-0.58,-1.53,-0.0,284,142,142
2733,Shaun Livingston,2013,-1.27,-1.43,0.16,-0.04,-0.03,-0.0,-0.21,-0.74,-0.68,-0.06,0.37,0.23,0.14,0.28,-1.31,-0.37,-1.52,-0.09,-1.6,0.01,9539,4756,4783
201146,Yi Jianlian,2013,-0.9,-0.67,-0.23,-0.27,-0.14,-0.13,-0.31,-0.4,-0.29,-0.11,-0.0,-0.02,0.02,0.27,-1.17,-0.4,-1.48,-0.13,-1.61,-0.0,796,395,401
202726,Andrew Goudelock,2013,-1.39,-0.65,-0.74,-0.06,-0.02,-0.04,0.39,0.22,0.15,0.07,-0.55,-0.13,-0.42,-0.22,-1.45,-0.33,-1.06,-0.55,-1.61,0.0,1858,926,932
2668,Josh Davis,2013,-0.74,-0.61,-0.13,-0.25,-0.16,-0.09,0.03,-1.01,-0.83,-0.18,0.2,0.31,-0.12,0.16,-0.99,-0.81,-0.96,-0.65,-1.61,0.0,479,242,237
202545,Luke Zeller,2013,-0.91,-0.83,-0.08,0.16,0.08,0.09,-0.29,-0.31,-0.33,0.02,-0.12,-0.08,-0.03,-0.15,-0.75,-0.43,-1.04,-0.58,-1.62,0.0,220,111,109
201945,Gerald Henderson,2013,0.31,-0.12,0.43,-0.11,-0.16,0.05,-1.4,-0.78,-0.76,-0.02,0.06,0.07,-0.01,0.25,0.2,-0.72,-1.2,-0.47,-1.67,0.0,14880,7426,7454
101215,Will Conroy,2013,-0.98,-0.84,-0.14,-0.12,-0.08,-0.06,0.07,-0.54,-0.41,-0.13,-0.17,-0.09,-0.08,0.07,-1.1,-0.71,-1.03,-0.64,-1.67,0.0,78,38,40
202390,Gary Neal,2013,1.23,1.16,0.07,0.27,0.49,-0.23,-0.34,-2.13,-2.26,0.13,-0.96,-0.77,-0.19,0.26,1.5,-3.09,1.16,-2.83,-1.68,-0.01,12661,6348,6313
101144,Von Wafer,2013,-0.75,-0.59,-0.16,0.16,0.17,-0.02,-0.37,-1.06,-1.12,0.06,-0.14,0.03,-0.17,0.46,-0.59,-1.2,-0.96,-0.74,-1.7,0.0,1691,841,850
203162,Ben Hansbrough,2013,-1.31,-1.3,-0.01,0.05,-0.08,0.11,0.03,-0.27,-0.12,-0.15,-0.05,0.14,-0.19,-0.15,-1.26,-0.32,-1.23,-0.47,-1.7,0.0,628,317,311
202701,Nolan Smith,2013,-2.1,-2.12,0.02,-0.14,0.2,-0.34,0.59,-0.35,-0.23,-0.12,0.13,0.02,0.09,0.17,-2.24,-0.22,-1.65,-0.05,-1.71,-0.01,3364,1679,1685
2572,Josh Howard,2013,-2.24,-1.95,-0.29,-0.2,-0.08,-0.12,0.83,-0.76,-0.42,-0.34,0.5,-0.09,0.59,0.16,-2.44,-0.26,-1.61,-0.1,-1.71,0.0,4691,2339,2352
203087,Jeremy Lamb,2013,-0.84,-0.77,-0.07,0.1,-0.12,0.22,-0.1,-0.62,-0.48,-0.14,-0.16,0.05,-0.21,-0.12,-0.74,-0.78,-0.84,-0.9,-1.74,-0.0,508,251,257
101198,Will Bynum,2013,-0.31,-0.29,-0.02,-0.23,-0.02,-0.21,-0.05,-1.49,-0.73,-0.76,0.43,-0.01,0.44,-0.11,-0.54,-1.06,-0.59,-1.17,-1.76,0.0,6450,3213,3237
201161,Daequan Cook,2013,-1.27,-1.22,-0.05,0.04,0.29,-0.26,-0.22,-0.27,-0.25,-0.02,0.4,0.09,0.29,-0.45,-1.23,0.13,-1.45,-0.32,-1.77,-0.0,5898,2951,2947
203119,Kim English,2013,-0.19,-0.13,-0.06,0.04,-0.07,0.1,-0.16,-0.99,-0.88,-0.11,-0.12,-0.3,0.19,-0.36,-0.15,-1.11,-0.31,-1.47,-1.77,0.01,1544,771,773
2047,Quentin Richardson,2013,-2.29,-2.07,-0.22,-0.28,-0.33,0.05,0.0,0.8,0.43,0.37,-0.02,-0.08,0.07,0.02,-2.57,0.78,-2.57,0.8,-1.77,0.0,3408,1692,1716
1890,Shawn Marion,2013,-0.97,-0.62,-0.35,-0.69,-0.76,0.07,-0.78,0.61,0.46,0.15,-0.1,0.35,-0.45,0.16,-1.66,0.51,-2.44,0.67,-1.77,0.0,15439,7698,7741
2248,Earl Watson,2013,-1.26,-1.54,0.28,-0.62,-0.28,-0.34,0.87,-1.61,-1.47,-0.14,0.83,0.24,0.58,0.01,-1.88,-0.78,-1.01,-0.77,-1.78,0.0,6823,3418,3405
2205,DeSagana Diop,2013,-1.79,-1.75,-0.04,-0.3,-0.02,-0.27,-0.17,0.81,0.69,0.12,-0.17,-0.29,0.13,-0.16,-2.09,0.64,-2.26,0.48,-1.78,-0.0,2049,1024,1025
202683,Enes Kanter,2013,-2.32,-2.29,-0.03,-1.41,-0.36,-1.05,1.79,0.62,0.83,-0.21,0.45,0.22,0.24,-0.91,-3.73,1.07,-1.94,0.16,-1.78,-0.0,7393,3703,3690
201948,Austin Daye,2013,-0.21,0.23,-0.44,0.02,-0.08,0.09,-0.97,-1.09,-0.67,-0.42,0.12,0.13,-0.01,0.31,-0.19,-0.97,-1.16,-0.66,-1.81,0.01,4814,2403,2411
2767,Royal Ivey,2013,-0.71,-0.62,-0.09,-0.55,-0.12,-0.43,0.24,-1.51,-1.34,-0.17,0.79,-0.09,0.89,-0.08,-1.26,-0.72,-1.02,-0.8,-1.82,0.0,3937,1959,1978
203197,Diante Garrett,2013,-0.71,-0.46,-0.25,-0.18,-0.12,-0.05,-0.35,-0.16,-0.05,-0.11,0.15,0.16,-0.02,-0.57,-0.89,-0.01,-1.24,-0.58,-1.82,-0.0,554,279,275
201587,Nicolas Batum,2013,0.74,0.52,0.22,-0.5,-0.49,-0.01,0.0,-1.13,-1.1,-0.03,-0.57,-0.34,-0.23,-0.36,0.24,-1.7,0.24,-2.06,-1.82,-0.0,17275,8655,8620
202704,Reggie Jackson,2013,-0.29,-0.21,-0.08,-0.18,0.29,-0.47,-1.63,0.83,0.85,-0.02,-0.01,0.12,-0.14,-0.55,-0.47,0.82,-2.1,0.27,-1.83,-0.0,6928,3432,3496
1891,Jason Terry,2013,0.06,-0.06,0.12,0.32,0.09,0.25,-1.12,-0.95,-0.69,-0.26,-0.02,-0.16,0.14,-0.14,0.38,-0.97,-0.74,-1.11,-1.85,0.0,16498,8292,8206
202087,Alonzo Gee,2013,-1.17,-1.61,0.44,0.09,0.18,-0.09,0.1,-0.86,-0.82,-0.04,0.31,0.35,-0.03,-0.32,-1.08,-0.55,-0.98,-0.87,-1.85,-0.0,16379,8165,8214
201171,Carl Landry,2013,-0.04,-0.48,0.44,-0.28,0.35,-0.64,-0.16,-0.28,-0.21,-0.07,-0.5,-0.34,-0.16,-0.59,-0.32,-0.78,-0.48,-1.37,-1.85,0.0,11751,5905,5846
203102,Arnett Moultrie,2013,-0.74,-0.57,-0.17,0.19,0.04,0.15,0.24,-1.46,-1.47,0.01,-0.24,-0.13,-0.12,0.15,-0.55,-1.7,-0.31,-1.55,-1.86,-0.0,1968,981,987
2430,Carlos Boozer,2013,-1.49,-0.89,-0.6,-0.1,0.05,-0.15,-0.01,-0.59,-0.71,0.12,-0.94,-0.34,-0.61,1.26,-1.59,-1.53,-1.6,-0.27,-1.87,-0.0,18638,9333,9305
201228,C.J. Watson,2013,-1.08,-0.85,-0.23,0.12,0.42,-0.3,0.6,-0.49,-0.26,-0.23,-0.3,-0.14,-0.16,-0.74,-0.96,-0.79,-0.36,-1.53,-1.89,0.0,10874,5431,5443
201953,Eric Maynor,2013,0.85,0.66,0.19,0.27,0.07,0.2,-0.65,-1.34,-0.95,-0.39,-1.18,-0.49,-0.69,0.16,1.12,-2.52,0.47,-2.36,-1.89,0.0,4125,2050,2075
201944,Terrence Williams,2013,-0.75,-0.37,-0.38,-0.32,-0.18,-0.14,0.22,0.22,0.54,-0.32,-0.29,0.06,-0.35,-0.97,-1.07,-0.07,-0.85,-1.04,-1.89,0.0,3443,1721,1722
203076,Anthony Davis,2013,-0.93,-1.19,0.26,-0.26,-0.28,0.04,0.38,-1.53,-1.4,-0.13,-0.08,0.22,-0.3,0.51,-1.19,-1.61,-0.81,-1.1,-1.91,0.0,6695,3341,3354
202707,JaJuan Johnson,2013,-1.03,-0.73,-0.3,-0.55,-0.17,-0.38,-0.29,0.15,0.2,-0.05,-0.13,-0.16,0.03,-0.06,-1.58,0.02,-1.87,-0.04,-1.92,-0.01,1148,580,568
2679,Matt Carroll,2013,-0.75,-0.61,-0.14,0.02,-0.01,0.03,-0.56,-0.44,-0.25,-0.19,-0.03,-0.1,0.07,-0.17,-0.73,-0.47,-1.29,-0.64,-1.93,0.0,2156,1080,1076
202344,Trevor Booker,2013,-0.93,-0.64,-0.29,-0.0,0.06,-0.06,0.8,-0.95,-1.01,0.06,-0.59,0.08,-0.68,-0.25,-0.93,-1.54,-0.13,-1.79,-1.93,-0.01,8038,4013,4025
200749,Shelden Williams,2013,-0.02,-0.04,0.02,-0.33,-0.09,-0.24,-0.2,-0.94,-1.27,0.33,0.15,0.1,0.05,-0.6,-0.35,-0.79,-0.55,-1.39,-1.94,0.0,5348,2663,2685
202419,Chris Johnson,2013,0.22,0.64,-0.42,-0.27,-0.11,-0.17,0.53,-1.08,-0.88,-0.2,-0.21,0.24,-0.47,-1.13,-0.05,-1.29,0.48,-2.42,-1.94,0.0,1718,863,855
202809,Cory Higgins,2013,-1.2,-0.97,-0.23,-0.39,-0.16,-0.23,0.01,-0.24,-0.06,-0.18,0.38,0.3,0.07,-0.51,-1.59,0.14,-1.58,-0.37,-1.95,0.0,1643,819,824
1716,Larry Hughes,2013,-1.36,-1.18,-0.18,-0.22,-0.07,-0.15,-0.05,0.21,0.15,0.06,-0.21,-0.13,-0.08,-0.32,-1.58,0.0,-1.63,-0.32,-1.96,-0.01,396,195,201
101155,Ryan Gomes,2013,-0.87,-0.73,-0.14,-0.2,0.01,-0.21,-0.17,-0.09,0.15,-0.24,-0.27,-0.0,-0.27,-0.36,-1.07,-0.36,-1.24,-0.72,-1.96,0.0,1583,787,796
202354,Dexter Pittman,2013,-1.44,-1.27,-0.17,-0.52,-0.07,-0.45,0.39,-0.24,0.09,-0.33,-0.0,-0.01,0.01,-0.16,-1.96,-0.24,-1.57,-0.4,-1.97,-0.0,1269,638,631
203092,Tyler Zeller,2013,-2.51,-2.11,-0.4,-0.2,-0.03,-0.17,1.12,0.59,0.46,0.13,-0.24,0.09,-0.34,-0.74,-2.71,0.35,-1.59,-0.39,-1.98,-0.0,7621,3804,3817
201145,Jeff Green,2013,-0.77,-1.24,0.47,-0.17,0.07,-0.24,-1.02,1.12,1.21,-0.09,-0.43,-0.15,-0.28,-0.72,-0.94,0.69,-1.96,-0.03,-1.98,0.01,9298,4668,4630
202690,Jimmer Fredette,2013,-0.47,-0.13,-0.34,0.18,0.27,-0.09,0.59,-1.26,-1.03,-0.23,-0.54,-0.08,-0.47,-0.5,-0.29,-1.8,0.3,-2.3,-1.99,0.01,8051,4038,4013
1737,Nazr Mohammed,2013,-0.84,-0.51,-0.33,-0.44,-0.04,-0.4,-0.44,-0.1,0.05,-0.15,-0.69,-0.4,-0.29,0.51,-1.28,-0.79,-1.72,-0.28,-2.01,-0.01,5746,2867,2879
202323,Evan Turner,2013,-1.16,-0.59,-0.57,0.05,0.18,-0.13,0.2,-0.66,-0.89,0.23,-0.75,-0.44,-0.31,0.29,-1.11,-1.41,-0.91,-1.12,-2.02,0.01,18657,9316,9341
101133,Ian Mahinmi,2013,-2.28,-2.07,-0.21,-0.88,-0.27,-0.62,0.16,0.25,0.33,-0.08,0.15,-0.22,0.38,0.56,-3.16,0.4,-3.0,0.96,-2.04,-0.0,9883,4937,4946
202696,Nikola Vucevic,2013,-2.08,-1.57,-0.51,-0.27,0.06,-0.33,0.31,0.15,-0.28,0.43,-0.91,-0.43,-0.48,0.76,-2.35,-0.76,-2.04,0.0,-2.04,0.0,12512,6256,6256
200789,Daniel Gibson,2013,-0.58,-0.48,-0.1,-0.6,-0.16,-0.45,-0.02,-1.57,-1.22,-0.35,0.17,-0.08,0.26,0.57,-1.18,-1.4,-1.2,-0.83,-2.04,-0.01,6797,3391,3406
2571,Leandro Barbosa,2013,-1.16,-1.07,-0.09,-0.31,0.08,-0.39,0.88,-0.56,0.06,-0.62,0.1,0.03,0.07,-1.0,-1.47,-0.46,-0.59,-1.46,-2.05,0.0,7336,3670,3666
201964,Victor Claver,2013,-1.4,-1.19,-0.21,-0.24,-0.26,0.02,0.71,-0.28,-0.56,0.28,-0.51,-0.35,-0.16,-0.33,-1.64,-0.79,-0.93,-1.12,-2.05,0.0,3073,1536,1537
203100,Tony Wroten,2013,-1.25,-1.06,-0.19,-0.28,0.01,-0.29,0.22,-0.1,-0.06,-0.04,-0.33,-0.13,-0.2,-0.31,-1.53,-0.43,-1.31,-0.74,-2.05,0.0,1046,522,524
202734,E'Twaun Moore,2013,-1.67,-1.12,-0.55,0.02,0.34,-0.32,-0.17,-0.26,0.04,-0.3,-0.31,-0.16,-0.15,0.34,-1.65,-0.57,-1.82,-0.23,-2.05,0.0,7546,3766,3780
201166,Aaron Brooks,2013,-0.62,-0.42,-0.2,-0.06,0.15,-0.21,0.04,-0.75,-0.47,-0.28,-0.34,-0.29,-0.06,-0.34,-0.68,-1.09,-0.64,-1.43,-2.06,0.01,4002,1998,2004
202721,Darius Morris,2013,-1.24,-0.75,-0.49,-0.5,-0.09,-0.41,0.19,-0.09,0.08,-0.17,0.09,0.22,-0.13,-0.54,-1.74,0.0,-1.55,-0.54,-2.08,0.01,3623,1807,1816
202337,Luke Babbitt,2013,-0.74,-0.38,-0.36,0.31,0.12,0.19,-0.16,-0.2,-0.19,-0.01,-0.75,-0.27,-0.48,-0.56,-0.43,-0.95,-0.59,-1.51,-2.1,0.0,4655,2334,2321
202687,Bismack Biyombo,2013,-1.57,-1.2,-0.37,-0.1,-0.26,0.16,0.6,0.31,0.03,0.28,-1.0,-0.5,-0.5,-0.34,-1.67,-0.69,-1.07,-1.03,-2.1,0.0,13382,6659,6723
1952,Raja Bell,2013,-0.7,-0.62,-0.08,0.05,0.02,0.03,0.0,-1.1,-0.78,-0.32,-0.38,-0.29,-0.09,0.03,-0.65,-1.48,-0.65,-1.45,-2.1,0.0,2952,1476,1476
201974,Derrick Brown,2013,-1.7,-1.56,-0.14,-0.04,-0.27,0.23,0.37,-0.98,-0.72,-0.26,-0.22,-0.0,-0.22,0.46,-1.74,-1.2,-1.37,-0.74,-2.11,0.0,5250,2620,2630
203146,Maalik Wayns,2013,-0.61,-0.59,-0.02,-0.18,-0.1,-0.07,0.29,-1.5,-1.37,-0.13,-0.27,-0.07,-0.2,0.16,-0.79,-1.77,-0.5,-1.61,-2.11,0.0,729,359,370
436,Juwan Howard,2013,-0.74,-0.68,-0.06,-0.57,-0.1,-0.47,-0.06,-0.95,-0.99,0.04,0.05,-0.06,0.09,0.15,-1.31,-0.9,-1.37,-0.75,-2.11,0.01,958,478,480
201967,Dante Cunningham,2013,-2.39,-2.01,-0.38,-0.12,0.1,-0.23,0.49,-0.89,-0.55,-0.34,0.64,0.21,0.43,0.13,-2.51,-0.25,-2.02,-0.12,-2.14,0.0,11934,5947,5987
203116,Tyshawn Taylor,2013,-0.65,-0.48,-0.17,-0.25,-0.09,-0.15,0.14,-1.01,-0.79,-0.22,0.1,0.02,0.08,-0.47,-0.9,-0.91,-0.76,-1.38,-2.14,-0.0,855,425,430
201177,Josh McRoberts,2013,-0.33,-0.24,-0.09,-0.22,-0.32,0.09,-0.49,-0.43,-0.6,0.17,-0.44,-0.67,0.23,-0.24,-0.55,-0.87,-1.04,-1.11,-2.15,0.0,8218,4089,4129
101181,Jose Calderon,2013,-0.55,-0.37,-0.18,0.85,0.44,0.42,0.05,-1.82,-1.76,-0.06,-0.38,0.23,-0.62,-0.29,0.3,-2.2,0.35,-2.49,-2.15,-0.01,14521,7288,7233
201941,Jordan Hill,2013,-2.63,-2.17,-0.46,-0.12,0.09,-0.21,1.74,-0.95,-1.33,0.38,-0.34,0.02,-0.36,0.15,-2.75,-1.29,-1.01,-1.14,-2.15,0.0,4717,2353,2364
200783,Craig Smith,2013,-1.24,-1.05,-0.19,0.1,0.13,-0.03,0.14,-1.06,-0.97,-0.09,-0.5,-0.42,-0.08,0.4,-1.14,-1.56,-1.0,-1.16,-2.16,0.0,1801,900,901
200769,Shannon Brown,2013,-1.08,-0.86,-0.22,0.83,0.58,0.26,-0.12,-0.74,-0.73,-0.01,-0.12,0.02,-0.14,-0.94,-0.25,-0.86,-0.37,-1.8,-2.17,0.0,10500,5237,5263
202333,Xavier Henry,2013,-1.5,-1.64,0.14,-0.34,0.22,-0.56,0.07,-0.63,-0.67,0.04,0.27,0.22,0.05,-0.06,-1.84,-0.36,-1.77,-0.42,-2.19,0.0,4892,2442,2450
202227,Terrel Harris,2013,-1.07,-0.84,-0.23,-0.89,-0.31,-0.58,-0.04,-0.58,-0.42,-0.16,0.31,-0.1,0.43,0.06,-1.96,-0.27,-2.0,-0.21,-2.21,0.0,1650,823,827
2446,Rasual Butler,2013,-1.36,-1.2,-0.16,-0.65,-0.24,-0.42,-0.45,0.6,0.5,0.1,-0.13,-0.15,0.02,-0.22,-2.01,0.47,-2.46,0.25,-2.21,0.0,1616,809,807
202685,Jonas Valanciunas,2013,-0.21,-0.19,-0.02,-0.77,-0.24,-0.54,-0.67,0.23,-0.24,0.47,-0.3,-0.08,-0.22,-0.5,-0.98,-0.07,-1.65,-0.57,-2.22,-0.0,5529,2759,2770
203117,Doron Lamb,2013,-0.43,-0.27,-0.16,-0.15,-0.21,0.05,-0.18,-1.61,-1.51,-0.1,0.14,0.05,0.09,-0.01,-0.58,-1.47,-0.76,-1.48,-2.24,-0.0,2158,1084,1074
201573,Jerryd Bayless,2013,-0.1,-0.12,0.02,-0.13,-0.07,-0.07,-0.16,-1.75,-1.06,-0.69,-0.7,-0.58,-0.12,0.58,-0.23,-2.45,-0.39,-1.87,-2.26,0.0,10104,5063,5041
201936,Tyreke Evans,2013,0.0,-0.12,0.12,0.02,0.26,-0.24,-0.65,-1.66,-1.65,-0.01,-0.19,-0.16,-0.02,0.22,0.02,-1.85,-0.63,-1.63,-2.26,0.0,16087,8048,8039
2400,Drew Gooden,2013,-0.13,-0.25,0.12,0.24,0.12,0.11,-0.21,-2.28,-2.64,0.36,-0.43,-0.29,-0.14,0.55,0.11,-2.71,-0.1,-2.16,-2.26,0.0,6285,3140,3145
201189,Aaron Gray,2013,-1.97,-1.42,-0.55,0.08,0.11,-0.04,-0.13,-0.16,-0.5,0.34,-0.42,-0.1,-0.33,0.33,-1.89,-0.58,-2.02,-0.25,-2.26,0.01,4854,2415,2439
202342,Craig Brackins,2013,-1.02,-0.83,-0.19,0.03,-0.1,0.13,0.0,-1.48,-1.49,0.01,-0.05,-0.07,0.01,0.26,-0.99,-1.53,-0.99,-1.27,-2.26,0.0,305,151,154
202717,Trey Thompkins,2013,-0.47,-0.37,-0.1,-0.19,-0.06,-0.13,-0.39,-0.91,-0.63,-0.28,-0.19,0.13,-0.31,-0.13,-0.66,-1.1,-1.05,-1.23,-2.28,0.0,444,223,221
202334,Ed Davis,2013,-2.1,-1.54,-0.56,-0.7,-0.19,-0.51,0.64,0.1,0.16,-0.06,-0.17,0.2,-0.37,-0.07,-2.8,-0.07,-2.16,-0.14,-2.3,-0.0,11381,5689,5692
201041,Walker Russell,2013,-1.49,-1.28,-0.21,-0.37,-0.15,-0.22,0.26,-0.69,-0.41,-0.28,0.05,0.06,-0.02,-0.07,-1.86,-0.64,-1.6,-0.71,-2.32,-0.01,1312,658,654
202732,DeAndre Liggins,2013,-1.2,-0.74,-0.46,-0.35,-0.27,-0.09,-0.47,-0.81,-0.78,-0.03,0.12,0.1,0.02,0.39,-1.55,-0.69,-2.02,-0.3,-2.32,-0.0,1737,856,881
203148,Brian Roberts,2013,-1.47,-1.37,-0.1,0.34,0.42,-0.08,0.16,-1.98,-1.77,-0.21,0.09,-0.01,0.12,0.47,-1.13,-1.89,-0.97,-1.42,-2.39,-0.0,4660,2332,2328
1515,Anthony Parker,2013,0.24,0.93,-0.69,-0.67,-0.42,-0.27,-0.77,-1.46,-2.01,0.55,0.21,0.24,-0.03,0.06,-0.43,-1.25,-1.2,-1.19,-2.39,0.0,4865,2431,2434
202693,Markieff Morris,2013,0.04,0.02,0.02,-0.49,-0.33,-0.16,-0.15,-2.55,-1.96,-0.59,0.66,0.05,0.62,0.11,-0.45,-1.89,-0.6,-1.78,-2.39,-0.01,11815,5896,5919
200778,James White,2013,-0.71,-0.4,-0.31,0.28,-0.01,0.29,-0.6,-0.86,-0.95,0.09,-0.5,-0.27,-0.23,-0.02,-0.43,-1.36,-1.03,-1.38,-2.41,-0.0,1631,809,822
101128,Francisco Garcia,2013,-1.62,-1.15,-0.47,-0.06,-0.17,0.11,-0.57,-0.16,0.21,-0.37,0.33,0.42,-0.09,-0.35,-1.68,0.17,-2.25,-0.18,-2.43,0.0,7678,3848,3830
2210,Richard Jefferson,2013,-1.47,-1.08,-0.39,0.36,0.25,0.11,-0.94,-0.88,-1.12,0.24,-0.09,-0.06,-0.03,0.59,-1.11,-0.97,-2.05,-0.38,-2.43,-0.0,8805,4422,4383
201977,Marcus Thornton,2013,-0.47,-0.31,-0.16,0.03,0.03,-0.0,0.5,-1.88,-1.19,-0.69,-0.02,0.41,-0.43,-0.6,-0.44,-1.9,0.06,-2.5,-2.44,0.0,13452,6733,6719
200770,Jordan Farmar,2013,-0.32,-0.47,0.15,-0.23,0.07,-0.29,0.45,-1.73,-1.45,-0.28,-0.64,-0.44,-0.2,0.02,-0.55,-2.37,-0.1,-2.35,-2.45,0.0,3055,1536,1519
200745,Andrea Bargnani,2013,-0.42,-0.42,0.0,0.19,-0.01,0.2,-0.62,-1.94,-1.77,-0.17,0.09,0.31,-0.22,0.23,-0.23,-1.85,-0.85,-1.62,-2.46,0.01,7563,3792,3771
203082,Terrence Ross,2013,-0.81,-0.6,-0.21,0.08,-0.08,0.15,0.21,-2.44,-1.91,-0.53,-0.08,0.03,-0.12,0.56,-0.73,-2.52,-0.52,-1.96,-2.47,0.01,4554,2284,2270
200811,Lou Amundson,2013,-1.03,-0.98,-0.05,-0.58,0.01,-0.58,0.32,-1.31,-0.58,-0.73,0.52,-0.06,0.57,-0.39,-1.61,-0.79,-1.29,-1.18,-2.47,-0.0,4441,2218,2223
203080,Thomas Robinson,2013,-0.96,-0.99,0.03,-1.01,-0.19,-0.82,0.59,-0.38,-0.46,0.08,-0.03,-0.21,0.17,-0.69,-1.97,-0.41,-1.38,-1.1,-2.48,-0.0,4040,2015,2025
202709,Cory Joseph,2013,-1.3,-1.21,-0.09,0.24,0.14,0.09,-0.1,-1.06,-1.28,0.22,-0.72,-0.36,-0.36,0.45,-1.06,-1.78,-1.16,-1.33,-2.48,0.01,3214,1604,1610
2748,Dorell Wright,2013,-0.29,-0.15,-0.14,0.04,0.01,0.02,-0.43,-2.03,-1.66,-0.37,0.41,0.38,0.02,-0.17,-0.25,-1.62,-0.68,-1.79,-2.48,-0.01,12586,6289,6297
201946,Tyler Hansbrough,2013,-3.35,-3.79,0.44,-0.11,0.22,-0.33,1.43,-1.35,-1.07,-0.28,0.64,0.09,0.55,0.24,-3.46,-0.71,-2.03,-0.47,-2.5,0.0,11958,5969,5989
202729,Josh Selby,2013,-0.66,-0.4,-0.26,-0.7,-0.29,-0.42,-0.35,-0.84,-0.85,0.01,-0.08,0.12,-0.2,0.11,-1.36,-0.92,-1.71,-0.81,-2.51,0.01,1118,561,557
201986,Nando De Colo,2013,-0.81,-0.64,-0.17,-0.95,-0.5,-0.45,-0.87,-0.22,-0.06,-0.16,0.44,0.26,0.19,-0.1,-1.76,0.22,-2.63,0.12,-2.52,-0.01,3601,1795,1806
201971,DeJuan Blair,2013,-1.29,-0.11,-1.18,-0.55,-0.45,-0.1,0.13,-1.3,-1.38,0.08,-0.14,-0.16,0.02,0.62,-1.84,-1.44,-1.71,-0.82,-2.53,0.0,9092,4548,4544
201627,Anthony Morrow,2013,0.15,0.07,0.08,0.04,0.08,-0.04,-0.67,-3.09,-2.61,-0.48,0.41,0.22,0.19,0.63,0.19,-2.68,-0.48,-2.05,-2.53,0.0,7536,3792,3744
202694,Marcus Morris Sr.,2013,-1.59,-1.47,-0.12,-0.26,-0.08,-0.18,0.02,-1.04,-1.05,0.01,0.1,0.35,-0.24,0.24,-1.85,-0.94,-1.83,-0.7,-2.53,0.0,6396,3186,3210
200777,Joel Freeland,2013,-2.97,-2.63,-0.34,-0.03,-0.21,0.18,0.51,0.0,0.01,-0.01,-0.16,-0.01,-0.16,0.11,-3.0,-0.16,-2.49,-0.05,-2.54,0.0,1744,872,872
203088,Kendall Marshall,2013,-0.89,-0.7,-0.19,-0.14,0.08,-0.23,-0.06,-1.18,-1.34,0.16,-0.02,0.12,-0.14,-0.27,-1.03,-1.2,-1.09,-1.47,-2.55,0.01,2675,1336,1339
201167,Arron Afflalo,2013,0.45,0.2,0.25,-0.3,0.24,-0.55,-1.15,-0.97,-1.13,0.16,-0.68,-0.35,-0.33,0.09,0.15,-1.65,-1.0,-1.56,-2.56,0.0,17484,8756,8728
201880,Greg Stiemsma,2013,-1.46,-1.27,-0.19,-0.32,0.02,-0.34,-1.69,0.1,0.25,-0.15,0.52,-0.06,0.57,0.28,-1.78,0.62,-3.47,0.9,-2.57,-0.0,7982,3972,4010
202689,Kemba Walker,2013,-1.9,-2.37,0.47,0.6,0.43,0.17,-0.53,-0.99,-1.11,0.12,0.36,0.28,0.08,-0.13,-1.3,-0.63,-1.83,-0.76,-2.58,0.01,17267,8624,8643
202346,Dominique Jones,2013,-1.13,-1.05,-0.08,-0.36,-0.1,-0.25,-0.64,0.01,0.22,-0.21,0.07,-0.07,0.14,-0.54,-1.49,0.08,-2.13,-0.46,-2.59,0.0,2290,1154,1136
201591,DJ White,2013,-0.89,-0.42,-0.47,0.07,0.07,-0.0,-0.69,-0.98,-1.11,0.13,0.63,0.03,0.59,-0.73,-0.82,-0.35,-1.51,-1.08,-2.59,0.0,4328,2160,2168
200780,Solomon Jones,2013,-1.45,-1.39,-0.06,-0.03,0.05,-0.08,0.25,-1.64,-1.37,-0.27,-0.14,0.02,-0.16,0.41,-1.48,-1.78,-1.23,-1.37,-2.6,0.0,1150,572,578
203098,John Jenkins,2013,-0.54,-0.47,-0.07,-0.27,-0.49,0.23,-0.12,-0.78,-0.5,-0.28,-0.56,-0.13,-0.43,-0.36,-0.81,-1.34,-0.93,-1.7,-2.63,0.0,3477,1735,1742
1894,Corey Maggette,2013,-1.85,-2.35,0.5,0.33,0.3,0.03,-0.76,0.76,1.24,-0.48,0.09,-0.17,0.27,-1.22,-1.52,0.85,-2.28,-0.37,-2.65,0.0,4296,2144,2152
200081,Jamario Moon,2013,-1.27,-1.22,-0.05,-0.26,-0.23,-0.03,-0.38,-0.71,-0.63,-0.08,0.09,-0.01,0.1,-0.13,-1.53,-0.62,-1.91,-0.75,-2.66,0.0,437,217,220
2563,Dahntay Jones,2013,0.11,-0.19,0.3,0.03,0.01,0.02,-1.12,-1.27,-1.02,-0.25,-0.16,-0.28,0.1,-0.25,0.14,-1.43,-0.98,-1.68,-2.67,-0.01,8001,3967,4034
202682,Derrick Williams,2013,-0.52,-0.78,0.26,-0.27,-0.13,-0.14,-0.91,-0.63,-1.05,0.42,-0.22,-0.4,0.17,-0.12,-0.79,-0.85,-1.7,-0.97,-2.67,0.0,12708,6350,6358
2584,Willie Green,2013,-0.96,-0.64,-0.32,0.38,-0.01,0.39,-0.24,-1.39,-1.56,0.17,-0.13,0.24,-0.37,-0.35,-0.58,-1.52,-0.82,-1.87,-2.69,0.0,7681,3831,3850
2072,Michael Redd,2013,-0.12,-0.07,-0.05,0.11,-0.09,0.21,-0.57,-1.62,-1.4,-0.22,-0.21,-0.13,-0.09,-0.32,-0.01,-1.83,-0.58,-2.15,-2.73,0.0,2890,1445,1445
202338,Kevin Seraphin,2013,-2.57,-1.79,-0.78,-0.74,-0.23,-0.51,0.13,0.84,0.88,-0.04,-0.36,-0.45,0.09,-0.03,-3.31,0.48,-3.18,0.45,-2.74,-0.01,10839,5434,5405
200751,Randy Foye,2013,-0.81,-0.31,-0.5,0.22,0.27,-0.04,-0.89,-0.13,0.04,-0.17,-0.22,-0.13,-0.09,-0.94,-0.59,-0.35,-1.48,-1.29,-2.76,0.01,15478,7747,7731
202130,Reggie Williams,2013,-1.67,-1.27,-0.4,0.44,0.07,0.38,0.62,-0.38,-0.64,0.26,-0.58,0.08,-0.68,-1.25,-1.23,-0.96,-0.61,-2.21,-2.82,0.0,4069,2029,2040
202351,Lazar Hayward,2013,-1.08,-0.94,-0.14,-0.37,-0.27,-0.1,-0.45,-0.35,-0.23,-0.12,-0.14,-0.24,0.1,-0.47,-1.45,-0.49,-1.9,-0.96,-2.85,0.01,670,331,339
201187,Dominic McGuire,2013,0.7,1.02,-0.32,-0.84,-0.54,-0.3,-1.4,-1.12,-0.98,-0.14,-0.26,0.28,-0.54,0.05,-0.14,-1.38,-1.54,-1.33,-2.87,0.0,5552,2748,2804
203199,DeQuan Jones,2013,-1.48,-1.13,-0.35,0.28,0.02,0.27,0.71,-1.74,-1.62,-0.12,-0.41,-0.12,-0.29,-0.23,-1.2,-2.15,-0.49,-2.38,-2.87,0.0,3056,1518,1538
1710,Mike Bibby,2013,-1.13,-0.75,-0.38,0.39,0.39,-0.0,-0.78,-1.55,-1.56,0.01,0.16,-0.34,0.5,0.03,-0.74,-1.39,-1.52,-1.36,-2.88,0.0,2513,1251,1262
201970,Sam Young,2013,-1.9,-1.58,-0.32,-0.83,-0.41,-0.43,0.06,-0.27,-0.22,-0.05,-0.36,-0.34,-0.02,0.4,-2.73,-0.63,-2.67,-0.23,-2.89,0.01,4552,2253,2299
203115,Will Barton,2013,-2.1,-1.87,-0.23,-0.09,-0.45,0.35,-0.39,-0.96,-1.01,0.05,0.16,-0.19,0.35,0.39,-2.19,-0.8,-2.58,-0.41,-2.99,-0.0,3271,1633,1638
201589,Darrell Arthur,2013,-1.31,-1.13,-0.18,0.09,-0.11,0.2,-0.46,-1.43,-0.93,-0.5,0.01,-0.14,0.15,0.09,-1.22,-1.42,-1.68,-1.33,-3.01,0.0,4118,2053,2065
2740,Andris Biedrins,2013,-1.3,-0.43,-0.87,-0.3,-0.26,-0.05,-1.2,1.83,1.81,0.02,-0.78,-0.3,-0.48,-1.26,-1.6,1.05,-2.8,-0.21,-3.01,0.0,4789,2384,2405
2592,James Jones,2013,-0.8,-0.81,0.01,-0.71,-0.36,-0.34,-0.85,0.23,0.33,-0.1,-0.31,0.02,-0.35,-0.59,-1.51,-0.08,-2.36,-0.67,-3.03,0.0,3837,1922,1915
202348,Jordan Crawford,2013,-0.96,-0.93,-0.03,0.06,-0.09,0.13,-0.8,-0.05,0.1,-0.15,-0.38,-0.14,-0.24,-0.91,-0.9,-0.43,-1.7,-1.34,-3.03,0.01,13462,6737,6725
202724,Charles Jenkins,2013,-2.62,-2.55,-0.07,-0.16,-0.07,-0.09,-0.07,-0.11,-0.0,-0.11,-0.13,-0.02,-0.1,-0.01,-2.78,-0.24,-2.85,-0.25,-3.1,-0.0,5031,2499,2532
2201,Eddy Curry,2013,-0.84,-0.62,-0.22,-0.45,-0.39,-0.05,-0.13,-1.29,-1.28,-0.01,-0.35,-0.19,-0.16,-0.14,-1.29,-1.64,-1.42,-1.78,-3.2,0.0,399,204,195
2246,Mehmet Okur,2013,-1.1,-0.72,-0.38,-0.28,-0.1,-0.18,-0.24,-1.63,-1.47,-0.16,0.23,0.27,-0.03,-0.19,-1.38,-1.4,-1.62,-1.59,-3.21,0.0,1526,763,763
201938,Jonny Flynn,2013,-0.09,0.29,-0.38,0.06,-0.15,0.2,-0.09,-1.07,-1.23,0.16,-0.87,-0.3,-0.57,-1.16,-0.03,-1.94,-0.12,-3.1,-3.22,-0.0,1537,763,774
2038,Joel Przybilla,2013,-0.74,-0.62,-0.12,-0.02,-0.02,-0.0,-0.51,-1.79,-2.07,0.28,-0.42,-0.26,-0.17,0.21,-0.76,-2.21,-1.27,-2.0,-3.26,0.01,1859,928,931
101187,Alan Anderson,2013,-1.27,-1.42,0.15,0.31,0.24,0.08,-0.19,-1.65,-1.14,-0.51,-0.0,-0.53,0.54,-0.5,-0.96,-1.65,-1.15,-2.15,-3.3,0.0,7097,3554,3543
202708,Norris Cole,2013,0.01,0.08,-0.07,-0.9,-0.3,-0.6,-1.08,-1.04,-0.78,-0.26,0.35,-0.03,0.37,-0.66,-0.89,-0.69,-1.97,-1.35,-3.32,0.0,12432,6197,6235
200748,Tyrus Thomas,2013,-1.02,-1.14,0.12,0.08,0.13,-0.06,-0.77,-1.1,-0.84,-0.26,-0.14,-0.12,-0.03,-0.37,-0.94,-1.24,-1.71,-1.61,-3.32,0.0,5109,2542,2567
203086,Meyers Leonard,2013,0.05,0.09,-0.04,-0.44,-0.54,0.1,-1.32,-1.37,-1.21,-0.16,-0.28,-0.45,0.17,0.03,-0.39,-1.65,-1.71,-1.62,-3.33,0.0,4541,2272,2269
201954,Darren Collison,2013,0.63,0.07,0.56,0.27,0.27,-0.0,-1.59,-2.13,-1.78,-0.35,-0.09,-0.4,0.3,-0.49,0.9,-2.22,-0.69,-2.71,-3.4,-0.0,16991,8488,8503
201580,JaVale McGee,2013,-1.67,-1.08,-0.59,-0.86,-0.75,-0.11,1.35,0.55,0.2,0.35,-0.63,-0.26,-0.36,-2.15,-2.53,-0.08,-1.18,-2.23,-3.41,-0.0,12572,6296,6276
202951,Jeremy Pargo,2013,-3.31,-2.88,-0.43,-0.21,-0.05,-0.16,0.93,-0.15,0.2,-0.35,-0.3,-0.43,0.13,-0.39,-3.52,-0.45,-2.59,-0.84,-3.43,-0.0,3912,1949,1963
1740,Rashard Lewis,2013,-1.48,-1.19,-0.29,-0.67,-0.29,-0.37,-0.2,-0.64,-0.58,-0.06,-0.02,0.27,-0.29,-0.44,-2.15,-0.66,-2.35,-1.1,-3.45,0.0,5896,2947,2949
101130,Johan Petro,2013,-1.5,-1.31,-0.19,-0.01,-0.17,0.16,-0.98,-0.75,-0.85,0.1,-0.61,-0.28,-0.33,0.31,-1.51,-1.36,-2.49,-1.05,-3.55,-0.01,5090,2538,2552
201956,Omri Casspi,2013,-3.04,-2.27,-0.77,-0.19,-0.26,0.07,0.09,-0.56,-0.77,0.21,0.19,0.08,0.1,-0.05,-3.23,-0.37,-3.14,-0.42,-3.56,0.0,6874,3432,3442
201949,James Johnson,2013,-1.73,-1.54,-0.19,-1.0,-0.04,-0.96,0.06,-1.31,-0.74,-0.57,0.57,0.38,0.19,-0.18,-2.73,-0.74,-2.67,-0.92,-3.59,0.0,9537,4756,4781
201563,Michael Beasley,2013,-1.2,-0.89,-0.31,-0.78,-0.36,-0.42,-0.24,-0.35,-0.47,0.12,-0.77,-0.38,-0.38,-0.28,-1.98,-1.12,-2.22,-1.4,-3.62,0.0,10085,5049,5036
2405,Amar'e Stoudemire,2013,-0.86,-1.05,0.19,-0.95,-0.24,-0.71,-0.54,-0.97,-0.99,0.02,-0.24,-0.13,-0.13,-0.08,-1.81,-1.21,-2.35,-1.29,-3.64,0.0,8988,4502,4486
101124,Hakim Warrick,2013,-0.64,-0.9,0.26,-0.14,0.38,-0.52,-1.33,-1.2,-1.07,-0.13,-0.02,0.02,-0.05,-0.44,-0.78,-1.22,-2.11,-1.66,-3.76,0.01,3769,1887,1882
202325,Wesley Johnson,2013,-0.81,-0.42,-0.39,-0.91,-0.69,-0.21,-1.26,-0.8,-0.68,-0.12,-0.43,0.22,-0.66,0.38,-1.72,-1.23,-2.98,-0.85,-3.83,0.0,9362,4673,4689
201581,JJ Hickson,2013,-1.87,-1.36,-0.51,-0.75,-0.53,-0.23,0.4,-0.36,-1.31,0.95,-0.47,0.2,-0.66,-0.81,-2.62,-0.83,-2.22,-1.64,-3.87,-0.01,13305,6649,6656
201158,Marco Belinelli,2013,-1.33,-1.22,-0.11,-0.1,0.2,-0.3,-0.35,-1.38,-1.34,-0.04,-0.63,-0.14,-0.49,-0.21,-1.43,-2.01,-1.78,-2.22,-4.0,0.0,15048,7508,7540
201578,Marreese Speights,2013,-1.76,-1.14,-0.62,-0.67,-0.39,-0.28,-0.39,-0.67,-0.98,0.31,0.06,-0.27,0.31,-0.74,-2.43,-0.61,-2.82,-1.35,-4.16,0.01,10169,5046,5123
201571,D.J. Augustin,2013,-1.26,-1.14,-0.12,-0.27,-0.01,-0.26,0.23,-1.53,-1.11,-0.42,-0.76,-0.84,0.08,-0.58,-1.53,-2.29,-1.3,-2.87,-4.16,0.01,10887,5432,5455
202389,Timofey Mozgov,2013,-1.22,-0.88,-0.34,-0.77,-0.26,-0.51,0.16,-0.81,-1.27,0.46,-0.59,0.15,-0.75,-1.0,-1.99,-1.4,-1.83,-2.4,-4.23,0.0,4424,2205,2219
202705,MarShon Brooks,2013,-1.65,-1.24,-0.41,-0.46,-0.09,-0.36,-0.1,-0.89,-0.75,-0.14,0.09,0.33,-0.24,-1.23,-2.11,-0.8,-2.21,-2.03,-4.24,0.0,9566,4784,4782
2039,Keyon Dooling,2013,-1.7,-1.7,0.0,-0.15,0.18,-0.33,0.11,-0.48,0.05,-0.53,-0.66,-1.02,0.37,-1.51,-1.85,-1.14,-1.74,-2.65,-4.39,0.0,3721,1869,1852
201943,Brandon Jennings,2013,-2.2,-2.06,-0.14,0.15,-0.17,0.32,0.11,-1.29,-1.37,0.08,-0.14,0.15,-0.28,-1.05,-2.05,-1.43,-1.94,-2.48,-4.42,0.0,20742,10372,10370
203090,Maurice Harkless,2013,-2.74,-2.26,-0.48,0.06,-0.02,0.08,-0.04,-1.04,-1.28,0.24,-0.19,0.19,-0.38,-0.53,-2.68,-1.23,-2.72,-1.76,-4.48,0.0,7395,3678,3717
201947,Earl Clark,2013,-1.39,-0.9,-0.49,-0.71,-0.23,-0.48,-0.8,-1.23,-1.07,-0.16,-0.38,-0.02,-0.36,0.0,-2.1,-1.61,-2.9,-1.61,-4.51,-0.0,7831,3888,3943
201957,Byron Mullens,2013,-1.87,-1.95,0.08,0.5,0.01,0.49,0.53,-1.79,-1.68,-0.11,-1.39,-0.27,-1.12,-0.67,-1.37,-3.18,-0.84,-3.85,-4.69,-0.0,10751,5351,5400
2732,Ben Gordon,2013,0.2,-0.16,0.36,-0.53,-0.45,-0.08,-0.52,-4.05,-3.42,-0.63,0.73,0.48,0.26,-0.52,-0.33,-3.32,-0.85,-3.84,-4.69,-0.0,10833,5418,5415
202388,Donald Sloan,2013,-2.56,-2.26,-0.3,-0.12,-0.03,-0.09,-0.44,-0.76,-0.7,-0.06,-0.57,-0.21,-0.36,-0.44,-2.68,-1.33,-3.12,-1.77,-4.89,0.0,3394,1686,1708
