player_id,player_name,Latest_Year,oALT_EFG_VALUE,oALT_EFG_RIM,oALT_EFG_RIM_FREQ,oALT_EFG_RIM_FG,oALT_EFG_MID,oALT_EFG_MID_FREQ,oALT_EFG_MID_FG,oALT_EFG_THREE,oALT_EFG_THREE_FREQ,oALT_EFG_THREE_FG,oALT_FT,oALT_FT_FREQ,oALT_FT_SEVERITY,oALT_TOV_VALUE,oSC,oFC,oDISPLAY_SUM,oRESID,oALT_TOV_LOSS_VALUE,oALT_BADPASS_TOV_VALUE,oALT_SCORING_TOV_VALUE,oALT_TOV_VALUE_split,dALT_EFG_VALUE,dALT_EFG_RIM,dALT_EFG_RIM_FREQ,dALT_EFG_RIM_FG,dALT_EFG_MID,dALT_EFG_MID_FREQ,dALT_EFG_MID_FG,dALT_EFG_THREE,dALT_EFG_THREE_FREQ,dALT_EFG_THREE_FG,dALT_FT,dALT_FT_FREQ,dALT_FT_SEVERITY,dALT_TOV_VALUE,dSC,dFC,dDISPLAY_SUM,dRESID,dALT_TOV_LOSS_VALUE,dALT_BADPASS_TOV_VALUE,dALT_SCORING_TOV_VALUE,dALT_TOV_VALUE_split,nALT_EFG_VALUE,nALT_FT,nALT_FT_FREQ,nALT_FT_SEVERITY,nALT_TOV_VALUE,nSC,nDISPLAY_SUM,RESID,off,def,net_rapm,possessions,off_poss,def_poss
1627668,Breanna Stewart,2026,1.79,0.353,-0.214,0.568,0.752,0.229,0.523,0.685,-0.047,0.732,0.389,0.157,0.232,-0.239,-0.117,1.94,1.823,-0.0,-0.013,-0.03,0.016,-0.013,0.613,0.256,0.066,0.19,-0.032,0.139,-0.17,0.389,0.009,0.38,0.378,0.386,-0.008,-0.127,0.379,0.863,1.242,0.0,-0.19,0.014,-0.204,-0.19,2.403,0.767,0.543,0.224,-0.367,0.262,3.065,0.0,1.823,1.242,3.065,30582,15439,15143
1628276,Kelsey Plum,2026,3.425,1.223,0.365,0.859,1.621,0.847,0.774,0.581,0.027,0.554,0.246,-0.001,0.246,0.368,-0.606,4.039,3.433,-0.0,0.324,0.0,0.324,0.324,0.085,0.488,0.18,0.308,-0.108,0.007,-0.115,-0.295,-0.0,-0.295,0.162,0.253,-0.091,-0.161,-0.615,0.086,-0.529,0.0,-0.257,-0.056,-0.201,-0.257,3.51,0.407,0.252,0.155,0.207,-1.221,2.904,-0.0,3.433,-0.529,2.904,27577,13877,13700
1628280,Brionna Jones,2026,0.341,0.193,0.303,-0.11,0.49,0.539,-0.049,-0.342,-0.063,-0.278,-0.062,-0.036,-0.026,0.21,0.617,0.49,1.107,-0.0,0.396,0.161,0.235,0.396,1.243,0.144,-0.046,0.19,0.091,0.148,-0.057,1.009,-0.009,1.018,0.2,0.15,0.05,-0.202,0.347,1.242,1.588,0.0,-0.095,-0.01,-0.084,-0.095,1.585,0.139,0.114,0.025,0.008,0.964,2.695,-0.0,1.107,1.588,2.695,20454,10305,10149
203825,Kayla McBride,2026,1.022,0.58,0.046,0.534,0.084,-0.131,0.215,0.358,-0.007,0.365,-0.064,-0.173,0.109,0.159,0.595,1.117,1.712,-0.0,0.095,0.043,0.052,0.095,1.082,0.487,0.016,0.471,0.107,0.005,0.102,0.488,0.022,0.467,0.348,0.424,-0.076,-0.332,-0.465,1.099,0.633,-0.0,-0.263,0.024,-0.287,-0.263,2.104,0.285,0.251,0.033,-0.173,0.13,2.345,-0.0,1.712,0.633,2.345,30110,15077,15033
1629483,Napheesa Collier,2026,1.432,0.156,-0.368,0.524,0.613,-0.17,0.783,0.663,0.062,0.601,0.207,-0.278,0.484,0.095,-0.325,1.734,1.409,0.0,0.436,0.133,0.303,0.436,0.711,0.108,0.062,0.046,0.745,0.164,0.58,-0.142,-0.071,-0.071,0.13,0.247,-0.117,0.274,-0.281,1.114,0.833,0.0,0.02,0.045,-0.025,0.02,2.143,0.336,-0.031,0.367,0.369,-0.606,2.242,0.0,1.409,0.833,2.242,22070,11052,11018
1627673,Jonquel Jones,2026,0.595,-0.049,0.067,-0.116,0.393,0.261,0.132,0.251,-0.068,0.319,0.094,-0.065,0.159,-0.426,0.718,0.262,0.981,-0.0,-0.394,-0.336,-0.058,-0.394,0.956,0.388,0.017,0.371,0.2,-0.033,0.234,0.367,0.012,0.356,0.242,0.175,0.068,-0.346,0.355,0.852,1.207,-0.0,-0.258,-0.059,-0.199,-0.258,1.551,0.336,0.109,0.226,-0.772,1.074,2.188,-0.0,0.981,1.207,2.188,31152,15703,15449
203826,Alyssa Thomas,2026,0.71,0.177,0.145,0.033,0.228,0.009,0.219,0.304,-0.045,0.35,0.004,0.256,-0.251,0.331,0.043,1.045,1.088,0.0,0.341,0.005,0.336,0.341,0.754,-0.092,-0.033,-0.059,0.114,0.012,0.102,0.733,0.032,0.701,0.106,0.141,-0.035,0.201,-0.096,1.062,0.966,-0.0,0.202,0.078,0.124,0.202,1.464,0.11,0.397,-0.287,0.533,-0.053,2.054,0.0,1.088,0.966,2.054,28656,14382,14274
1643426,Olivia Miles,2026,0.893,0.69,0.358,0.332,0.073,-0.019,0.092,0.13,-0.152,0.282,-0.155,-0.129,-0.026,0.689,0.627,1.427,2.054,0.0,0.103,-0.115,0.218,0.103,0.569,0.212,0.09,0.123,-0.176,-0.144,-0.032,0.533,0.128,0.405,-0.035,-0.034,-0.001,-0.36,-0.326,0.175,-0.151,0.0,-0.059,-0.02,-0.039,-0.059,1.463,-0.19,-0.163,-0.027,0.329,0.302,1.903,0.0,2.054,-0.151,1.903,1971,1007,964
1628932,A'ja Wilson,2026,1.347,0.219,-0.254,0.472,0.55,-0.275,0.825,0.579,0.025,0.554,0.286,0.168,0.118,0.611,-0.591,2.244,1.653,0.0,0.859,0.219,0.64,0.859,-0.142,-0.193,0.001,-0.194,0.19,0.056,0.134,-0.14,-0.015,-0.125,0.182,0.128,0.053,-0.112,0.301,-0.073,0.228,0.0,-0.236,-0.053,-0.183,-0.236,1.205,0.468,0.296,0.171,0.498,-0.29,1.881,0.0,1.653,0.228,1.881,34735,17582,17153
1627675,Courtney Williams,2026,0.312,-0.093,-0.037,-0.056,-0.081,-0.465,0.385,0.486,0.041,0.445,-0.75,-0.486,-0.264,0.317,1.015,-0.121,0.895,-0.0,0.155,-0.006,0.161,0.155,0.537,0.034,0.018,0.016,0.243,-0.006,0.248,0.26,0.013,0.247,0.216,0.166,0.05,0.072,0.112,0.826,0.937,-0.0,0.206,0.238,-0.032,0.206,0.849,-0.534,-0.32,-0.214,0.389,1.127,1.832,-0.0,0.895,0.937,1.832,33030,16656,16374
1642291,Angel Reese,2026,0.732,0.363,0.539,-0.176,0.104,0.269,-0.165,0.265,-0.132,0.397,0.312,0.425,-0.113,-0.106,1.464,0.939,2.403,0.0,-0.384,0.137,-0.521,-0.384,0.315,0.26,-0.083,0.343,0.078,-0.275,0.353,-0.023,0.121,-0.143,-0.226,-0.176,-0.05,-0.489,-0.311,-0.4,-0.711,-0.0,-0.163,-0.086,-0.077,-0.163,1.047,0.087,0.249,-0.163,-0.595,1.153,1.692,0.0,2.403,-0.711,1.692,10649,5260,5389
1630142,Leonie Fiebich,2026,0.881,0.072,0.119,-0.046,0.072,0.389,-0.316,0.737,-0.182,0.918,0.49,0.254,0.236,-0.204,-0.606,1.167,0.562,0.0,-0.256,-0.261,0.005,-0.256,1.182,0.217,-0.063,0.28,-0.082,-0.108,0.026,1.047,0.082,0.965,0.072,-0.014,0.086,-0.192,0.068,1.062,1.13,-0.0,-0.204,0.014,-0.218,-0.204,2.063,0.562,0.24,0.322,-0.396,-0.538,1.692,0.0,0.562,1.13,1.692,10229,5154,5075
1631044,Naz Hillmon,2026,0.654,0.748,0.42,0.328,0.207,0.4,-0.193,-0.301,-0.163,-0.138,-0.233,-0.183,-0.049,0.402,0.534,0.823,1.358,-0.0,0.017,0.085,-0.069,0.017,0.432,0.151,-0.052,0.203,-0.207,-0.012,-0.194,0.488,0.074,0.414,0.009,0.023,-0.014,-0.4,0.272,0.041,0.313,0.0,-0.189,-0.082,-0.107,-0.189,1.086,-0.224,-0.16,-0.064,0.002,0.806,1.671,-0.0,1.358,0.313,1.671,9585,4808,4777
1631086,Lexie Hull,2026,1.612,0.495,0.112,0.383,0.798,-0.047,0.845,0.319,-0.012,0.332,0.311,0.199,0.112,-0.412,-0.456,1.511,1.055,-0.0,-0.555,-0.04,-0.515,-0.555,0.414,0.039,-0.186,0.225,0.025,-0.042,0.068,0.35,-0.01,0.36,-0.212,-0.222,0.01,0.273,0.06,0.475,0.535,0.0,0.075,-0.03,0.105,0.075,2.026,0.099,-0.023,0.122,-0.139,-0.396,1.59,-0.0,1.055,0.535,1.59,12804,6354,6450
1643425,Azzi Fudd,2026,-0.117,-0.146,-0.034,-0.111,0.178,-0.079,0.257,-0.149,-0.102,-0.047,-0.015,-0.022,0.007,0.638,0.405,0.507,0.911,0.0,0.364,-0.008,0.372,0.364,0.432,0.113,-0.007,0.12,0.292,0.077,0.214,0.027,0.043,-0.016,0.116,0.108,0.008,-0.23,0.35,0.318,0.668,0.0,-0.079,0.044,-0.123,-0.079,0.315,0.101,0.086,0.016,0.409,0.755,1.58,0.0,0.911,0.668,1.58,1004,506,498
201496,Candace Parker,2026,1.233,0.956,0.268,0.688,0.406,-0.03,0.436,-0.129,0.175,-0.304,0.07,-0.129,0.199,-0.046,-0.392,1.257,0.865,0.0,-0.039,0.032,-0.071,-0.039,0.511,0.01,-0.114,0.124,0.568,0.178,0.39,-0.067,-0.088,0.022,0.156,0.151,0.005,0.063,-0.064,0.73,0.666,-0.0,0.037,-0.012,0.05,0.037,1.745,0.226,0.022,0.204,0.016,-0.456,1.531,0.0,0.865,0.666,1.531,12959,6531,6428
1628878,Ariel Atkins,2026,1.432,-0.578,-0.252,-0.326,0.878,0.105,0.773,1.132,-0.054,1.186,0.023,-0.012,0.034,-0.171,0.227,1.284,1.511,0.0,-0.332,-0.074,-0.257,-0.332,-0.469,-0.17,0.102,-0.272,-0.094,0.048,-0.141,-0.204,0.01,-0.214,0.057,-0.142,0.199,0.112,0.31,-0.299,0.011,-0.0,0.244,-0.009,0.253,0.244,0.963,0.08,-0.154,0.234,-0.058,0.538,1.522,0.0,1.511,0.011,1.522,25698,12750,12948
1631007,Veronica Burton,2026,-0.507,-0.954,-0.147,-0.807,0.225,0.496,-0.271,0.223,-0.181,0.404,0.202,0.029,0.173,0.581,0.285,0.277,0.562,0.0,0.24,0.105,0.135,0.24,1.24,0.896,0.366,0.53,0.108,-0.003,0.111,0.236,0.105,0.131,0.123,0.009,0.114,-0.195,-0.333,1.167,0.835,0.0,0.07,-0.05,0.12,0.07,0.733,0.325,0.038,0.287,0.386,-0.048,1.397,0.0,0.562,0.835,1.397,11394,5674,5720
203833,Chelsea Gray,2026,0.574,0.026,-0.232,0.258,0.025,-0.319,0.344,0.524,0.014,0.51,-0.043,-0.14,0.097,0.367,-0.032,0.897,0.865,-0.0,0.199,-0.052,0.251,0.199,0.227,-0.318,0.052,-0.37,0.169,0.118,0.051,0.376,-0.015,0.39,0.324,0.252,0.072,-0.151,0.131,0.4,0.531,-0.0,-0.252,0.021,-0.273,-0.252,0.801,0.28,0.111,0.169,0.215,0.1,1.396,-0.0,0.865,0.531,1.396,33093,16757,16336
201886,DeWanna Bonner,2026,0.216,0.558,0.367,0.19,-0.71,-0.133,-0.577,0.368,0.208,0.161,0.373,0.614,-0.242,-0.68,0.176,-0.091,0.085,-0.0,-0.544,-0.193,-0.351,-0.544,0.199,0.211,-0.057,0.268,0.22,-0.025,0.245,-0.231,-0.09,-0.142,-0.038,-0.068,0.03,0.527,0.583,0.688,1.271,-0.0,0.583,0.127,0.456,0.583,0.416,0.334,0.546,-0.212,-0.153,0.759,1.356,-0.0,0.085,1.271,1.356,25662,12911,12751
203400,Skylar Diggins-Smith,2026,0.437,0.132,0.159,-0.028,0.877,0.11,0.767,-0.572,-0.067,-0.505,0.192,0.062,0.13,0.594,-0.661,1.223,0.562,0.0,0.352,0.203,0.148,0.352,0.789,0.189,-0.107,0.296,0.17,-0.031,0.201,0.431,0.028,0.403,-0.185,-0.068,-0.117,0.256,-0.216,0.86,0.645,0.0,0.205,0.056,0.149,0.205,1.227,0.007,-0.007,0.013,0.85,-0.877,1.206,0.0,0.562,0.645,1.206,24360,12292,12068
203026,Tiffany Hayes,2026,0.729,-0.223,0.16,-0.384,0.137,0.398,-0.261,0.815,0.075,0.741,-0.148,0.052,-0.2,0.178,-0.264,0.759,0.495,-0.0,0.397,0.08,0.317,0.397,0.793,0.503,0.208,0.295,0.028,-0.002,0.03,0.262,-0.056,0.318,-0.231,-0.214,-0.017,0.205,-0.152,0.766,0.614,0.0,0.037,-0.026,0.063,0.037,1.521,-0.379,-0.162,-0.216,0.383,-0.416,1.109,-0.0,0.495,0.614,1.109,14855,7421,7434
203399,Elena Delle Donne,2026,0.518,0.102,-0.163,0.265,-0.072,-0.318,0.246,0.488,0.175,0.313,0.143,-0.01,0.153,-0.012,-0.508,0.649,0.141,0.0,0.291,0.184,0.107,0.291,0.756,0.117,0.077,0.04,0.322,0.12,0.202,0.317,-0.076,0.393,-0.022,-0.051,0.029,0.054,0.174,0.787,0.961,-0.0,-0.006,-0.098,0.092,-0.006,1.273,0.121,-0.061,0.182,0.042,-0.334,1.102,0.0,0.141,0.961,1.102,7704,3862,3842
1643447,Gabriela Jaquez,2026,-0.286,-0.666,0.158,-0.824,0.151,0.046,0.106,0.228,-0.034,0.262,0.602,0.547,0.054,0.487,-0.157,0.803,0.646,0.0,0.071,0.276,-0.205,0.071,0.551,0.054,0.078,-0.023,0.211,0.095,0.116,0.286,0.024,0.261,-0.194,-0.134,-0.06,0.147,-0.069,0.504,0.435,0.0,0.136,-0.014,0.15,0.136,0.265,0.408,0.414,-0.006,0.634,-0.226,1.081,0.0,0.646,0.435,1.081,1180,587,593
1628269,Nia Coffey,2026,0.655,0.039,0.26,-0.221,0.134,-0.165,0.299,0.482,0.034,0.448,-0.013,0.124,-0.138,-0.405,0.025,0.238,0.263,-0.0,-0.457,-0.008,-0.45,-0.457,1.038,0.704,0.075,0.63,0.071,-0.128,0.199,0.262,0.028,0.235,-0.282,-0.248,-0.034,0.035,-0.001,0.791,0.79,0.0,0.124,-0.0,0.125,0.124,1.693,-0.295,-0.123,-0.172,-0.37,0.024,1.053,-0.0,0.263,0.79,1.053,12929,6453,6476
1642286,Caitlin Clark,2026,1.73,0.822,0.182,0.64,0.61,0.672,-0.062,0.298,-0.185,0.484,-0.139,-0.432,0.293,-0.029,-0.286,1.562,1.276,-0.0,-0.046,-0.175,0.129,-0.046,0.28,0.065,0.059,0.006,-0.204,-0.154,-0.049,0.418,0.081,0.338,-0.199,-0.189,-0.01,-0.392,0.082,-0.311,-0.229,0.0,-0.28,-0.121,-0.158,-0.28,2.01,-0.338,-0.621,0.283,-0.421,-0.204,1.047,-0.0,1.276,-0.229,1.047,9756,4827,4929
1629501,Alanna Smith,2026,1.638,0.152,-0.238,0.389,-0.06,0.04,-0.1,1.547,-0.077,1.624,-0.262,-0.205,-0.057,-0.179,-0.732,1.197,0.465,0.0,-0.242,-0.112,-0.129,-0.242,0.068,-0.169,-0.141,-0.028,-0.066,0.029,-0.095,0.302,0.015,0.287,0.208,0.229,-0.021,0.321,-0.042,0.596,0.554,-0.0,0.199,0.125,0.073,0.199,1.706,-0.055,0.024,-0.079,0.142,-0.774,1.019,0.0,0.465,0.554,1.019,20102,10133,9969
1629498,Jackie Young,2026,0.083,-0.227,-0.262,0.034,0.347,-0.201,0.548,-0.037,-0.029,-0.008,0.121,-0.055,0.176,0.198,0.009,0.402,0.411,-0.0,0.25,0.026,0.224,0.25,0.182,-0.222,-0.012,-0.21,0.281,0.089,0.192,0.123,-0.004,0.126,0.216,0.156,0.06,-0.08,0.27,0.318,0.588,0.0,-0.222,-0.035,-0.187,-0.222,0.265,0.337,0.101,0.236,0.118,0.279,0.999,0.0,0.411,0.588,0.999,34852,17632,17220
1628277,Allisha Gray,2026,-0.89,-0.263,0.151,-0.413,0.191,0.349,-0.158,-0.818,-0.035,-0.784,0.126,0.507,-0.381,0.267,0.542,-0.497,0.045,-0.0,0.106,0.486,-0.38,0.106,0.725,0.194,-0.086,0.281,0.069,0.06,0.008,0.462,0.006,0.456,0.086,0.112,-0.026,-0.246,0.384,0.565,0.949,-0.0,-0.221,-0.119,-0.101,-0.221,-0.165,0.212,0.618,-0.406,0.021,0.926,0.994,-0.0,0.045,0.949,0.994,27080,13533,13547
1630097,Kaila Charles,2026,0.056,0.175,0.026,0.149,-0.639,-0.028,-0.611,0.52,-0.086,0.605,0.526,0.295,0.231,0.265,-0.501,0.846,0.346,-0.0,0.148,0.121,0.026,0.148,0.732,0.529,0.099,0.43,-0.164,0.014,-0.178,0.368,0.058,0.31,-0.136,-0.077,-0.059,-0.342,0.378,0.254,0.632,0.0,-0.031,0.01,-0.041,-0.031,0.788,0.39,0.218,0.172,-0.077,-0.123,0.978,-0.0,0.346,0.632,0.978,3339,1664,1675
203827,Natasha Howard,2026,0.577,0.535,0.27,0.265,-0.196,0.022,-0.218,0.237,-0.041,0.279,-0.317,-0.044,-0.273,0.076,1.082,0.336,1.418,0.0,-0.186,-0.065,-0.122,-0.186,0.052,0.02,-0.115,0.135,-0.029,-0.113,0.084,0.061,0.045,0.016,-0.035,-0.091,0.056,-0.173,-0.301,-0.156,-0.457,0.0,0.121,0.136,-0.015,0.121,0.629,-0.352,-0.134,-0.217,-0.097,0.781,0.961,0.0,1.418,-0.457,0.961,26940,13511,13429
202664,Courtney Vandersloot,2026,0.33,0.595,0.048,0.546,-0.004,0.045,-0.049,-0.26,0.152,-0.412,-0.582,-0.445,-0.137,-0.196,0.551,-0.448,0.103,0.0,0.001,0.054,-0.053,0.001,0.257,0.31,-0.048,0.358,0.414,0.168,0.246,-0.468,-0.097,-0.371,0.182,0.236,-0.054,0.323,0.081,0.762,0.843,0.0,0.187,0.053,0.133,0.187,0.587,-0.4,-0.208,-0.191,0.127,0.632,0.946,0.0,0.103,0.843,0.946,24094,12101,11993
1631006,Kierstan Bell,2026,0.959,-0.057,-0.237,0.18,0.453,-0.071,0.524,0.562,-0.179,0.741,0.085,-0.209,0.294,0.513,-0.137,1.556,1.419,0.0,0.356,0.001,0.355,0.356,-0.143,-0.276,-0.161,-0.115,-0.378,-0.119,-0.258,0.511,0.066,0.445,-0.222,-0.101,-0.121,-0.059,-0.053,-0.424,-0.477,0.0,-0.053,-0.094,0.04,-0.053,0.816,-0.137,-0.31,0.172,0.453,-0.19,0.942,0.0,1.419,-0.477,0.942,4022,2056,1966
1631136,Pauline Astier,2026,0.373,-0.229,-0.061,-0.168,0.669,0.17,0.499,-0.067,-0.185,0.118,0.765,0.245,0.519,0.009,-0.175,1.147,0.971,0.0,-0.303,-0.001,-0.302,-0.303,0.561,0.065,0.077,-0.012,0.284,0.105,0.178,0.212,0.067,0.145,-0.135,-0.078,-0.057,-0.301,-0.214,0.125,-0.09,0.0,-0.219,-0.02,-0.199,-0.219,0.933,0.629,0.167,0.462,-0.291,-0.39,0.882,0.0,0.971,-0.09,0.882,1874,934,940
1628881,Monique Billings,2026,-0.502,0.162,0.116,0.046,-0.49,-0.03,-0.46,-0.174,-0.097,-0.078,0.363,0.086,0.277,-0.027,0.256,-0.166,0.09,0.0,-0.457,-0.299,-0.158,-0.457,0.894,0.224,-0.124,0.348,0.042,-0.039,0.081,0.628,0.018,0.609,-0.082,-0.072,-0.011,-0.092,0.006,0.72,0.726,0.0,-0.055,-0.082,0.027,-0.055,0.392,0.281,0.015,0.266,-0.119,0.262,0.816,0.0,0.09,0.726,0.816,8800,4351,4449
1642784,Paige Bueckers,2026,0.073,-0.115,-0.159,0.044,0.434,-0.291,0.725,-0.246,-0.186,-0.06,-0.038,-0.29,0.252,1.484,0.039,1.52,1.559,-0.0,0.62,0.209,0.411,0.62,-0.581,-0.161,-0.027,-0.134,0.216,0.023,0.193,-0.636,0.074,-0.71,-0.008,0.002,-0.01,-0.311,0.137,-0.899,-0.762,-0.0,-0.152,-0.015,-0.136,-0.152,-0.507,-0.046,-0.288,0.242,1.174,0.176,0.797,-0.0,1.559,-0.762,0.797,6931,3478,3453
1642781,Georgia Amoore,2026,-0.148,0.349,0.21,0.138,0.091,0.254,-0.163,-0.588,-0.129,-0.459,0.368,0.499,-0.131,0.541,0.626,0.762,1.388,0.0,0.113,-0.032,0.145,0.113,-0.388,0.164,0.022,0.142,0.082,-0.055,0.137,-0.634,0.071,-0.705,-0.236,-0.088,-0.148,0.086,-0.056,-0.537,-0.594,0.0,0.238,0.093,0.145,0.238,-0.536,0.133,0.412,-0.279,0.627,0.57,0.794,0.0,1.388,-0.594,0.794,1705,819,886
203866,Kayla Thornton,2026,0.33,-0.349,-0.043,-0.306,0.076,0.247,-0.171,0.602,-0.096,0.699,-0.218,-0.0,-0.218,0.14,-0.024,0.252,0.228,0.0,0.09,0.212,-0.122,0.09,0.818,0.509,0.084,0.426,0.246,-0.019,0.265,0.062,0.042,0.02,-0.049,-0.172,0.123,-0.019,-0.222,0.75,0.528,0.0,0.154,-0.043,0.196,0.154,1.147,-0.267,-0.172,-0.095,0.121,-0.246,0.756,0.0,0.228,0.528,0.756,15515,7775,7740
203416,Emma Meesseman,2026,1.405,0.8,0.207,0.593,0.065,0.016,0.049,0.54,-0.026,0.566,-0.22,-0.167,-0.052,0.274,-0.578,1.459,0.881,-0.0,0.173,-0.085,0.259,0.173,0.541,0.002,-0.088,0.09,0.118,0.016,0.101,0.421,0.006,0.414,0.056,0.062,-0.006,-0.355,-0.42,0.242,-0.178,-0.0,-0.282,-0.137,-0.145,-0.282,1.946,-0.163,-0.105,-0.058,-0.081,-0.999,0.703,-0.0,0.881,-0.178,0.703,7896,3960,3936
1630112,Tyasha Harris,2026,-0.163,0.051,0.175,-0.124,-0.031,0.088,-0.119,-0.183,-0.02,-0.164,0.121,0.329,-0.207,0.018,-0.224,-0.023,-0.247,0.0,0.139,0.217,-0.078,0.139,0.04,-0.183,-0.028,-0.155,-0.053,-0.034,-0.019,0.276,0.015,0.261,0.072,0.067,0.005,0.562,0.271,0.674,0.945,0.0,0.393,0.108,0.285,0.393,-0.123,0.193,0.396,-0.203,0.58,0.048,0.698,0.0,-0.247,0.945,0.698,6814,3404,3410
1642801,Aaliyah Nye,2026,1.18,-0.02,-0.086,0.066,0.11,0.127,-0.017,1.09,-0.059,1.149,-0.272,-0.206,-0.066,0.023,-0.313,0.932,0.619,0.0,0.118,0.043,0.075,0.118,0.205,-0.077,-0.041,-0.036,-0.054,-0.085,0.031,0.336,0.021,0.315,-0.008,0.021,-0.028,-0.061,-0.074,0.137,0.063,0.0,-0.044,-0.01,-0.034,-0.044,1.385,-0.279,-0.185,-0.094,-0.038,-0.387,0.682,0.0,0.619,0.063,0.682,268,140,128
1641648,Aliyah Boston,2026,0.317,-0.016,0.086,-0.102,0.227,0.4,-0.173,0.106,-0.075,0.181,-0.016,0.077,-0.094,-0.464,0.617,-0.163,0.454,-0.0,-0.326,0.038,-0.365,-0.326,-0.122,0.356,-0.016,0.372,-0.148,0.007,-0.154,-0.331,0.015,-0.346,-0.029,-0.015,-0.014,0.219,0.156,0.068,0.223,-0.0,0.209,0.047,0.163,0.209,0.195,-0.045,0.062,-0.107,-0.245,0.773,0.678,-0.0,0.454,0.223,0.678,20913,10386,10527
1630386,Awak Kuier,2026,0.486,0.081,0.041,0.041,0.295,0.031,0.263,0.11,-0.027,0.137,-0.004,0.039,-0.043,-0.035,0.21,0.447,0.657,0.0,0.007,-0.05,0.057,0.007,0.214,-0.16,0.02,-0.18,0.098,0.026,0.072,0.276,0.013,0.263,0.013,0.013,0.0,-0.136,-0.097,0.091,-0.006,0.0,-0.028,0.021,-0.049,-0.028,0.7,0.009,0.052,-0.043,-0.171,0.113,0.651,0.0,0.657,-0.006,0.651,707,362,345
1642792,Kiki Iriafen,2026,0.116,0.14,0.372,-0.232,-0.001,0.173,-0.174,-0.024,-0.058,0.035,0.369,0.695,-0.327,0.08,0.011,0.564,0.575,0.0,-0.215,-0.029,-0.187,-0.215,0.065,0.279,0.085,0.194,0.04,-0.005,0.045,-0.254,0.074,-0.328,-0.06,-0.053,-0.007,-0.114,0.084,-0.109,-0.026,-0.0,0.055,0.001,0.054,0.055,0.18,0.308,0.643,-0.334,-0.034,0.095,0.55,0.0,0.575,-0.026,0.55,7563,3710,3853
201896,Briann January,2026,-0.095,0.032,0.029,0.003,-0.338,-0.076,-0.262,0.211,0.07,0.141,-0.034,0.017,-0.051,-0.222,0.504,-0.35,0.153,0.0,-0.119,0.02,-0.14,-0.119,0.156,0.041,0.0,0.041,0.017,0.002,0.015,0.098,-0.026,0.124,0.046,0.071,-0.025,0.103,0.081,0.305,0.387,0.0,0.043,0.059,-0.015,0.043,0.061,0.012,0.087,-0.075,-0.119,0.585,0.54,0.0,0.153,0.387,0.54,4939,2488,2451
1643430,Cotie McMahon,2026,0.675,-0.011,0.181,-0.192,0.411,0.068,0.343,0.275,-0.029,0.305,0.007,0.126,-0.119,0.057,0.097,0.74,0.837,0.0,-0.203,-0.026,-0.178,-0.203,-0.293,0.153,0.007,0.145,0.086,0.028,0.058,-0.532,0.028,-0.56,0.099,0.089,0.01,-0.111,-0.013,-0.305,-0.317,0.0,-0.057,0.057,-0.115,-0.057,0.382,0.106,0.215,-0.109,-0.053,0.085,0.52,0.0,0.837,-0.317,0.52,436,208,228
1642296,Nyadiew Puoch,2026,1.272,0.069,0.091,-0.021,0.657,0.093,0.563,0.546,-0.09,0.636,0.159,0.097,0.062,-0.352,-0.155,1.079,0.925,0.0,-0.572,-0.299,-0.274,-0.572,-0.455,-0.278,-0.017,-0.261,-0.151,-0.133,-0.018,-0.027,0.062,-0.089,-0.069,-0.177,0.108,0.13,-0.059,-0.395,-0.453,0.0,0.207,-0.054,0.26,0.207,0.817,0.089,-0.081,0.17,-0.222,-0.213,0.471,0.0,0.925,-0.453,0.471,1520,753,767
1642288,Rickea Jackson,2026,0.754,0.699,0.337,0.362,0.215,0.433,-0.218,-0.16,-0.074,-0.086,0.172,0.218,-0.046,-0.241,-0.116,0.685,0.57,-0.0,0.002,0.115,-0.113,0.002,0.036,0.213,0.006,0.206,-0.01,-0.08,0.071,-0.167,0.05,-0.217,0.071,0.032,0.038,-0.031,-0.197,0.076,-0.122,-0.0,-0.078,0.011,-0.088,-0.078,0.79,0.243,0.25,-0.007,-0.272,-0.313,0.448,-0.0,0.57,-0.122,0.448,10793,5308,5485
1630471,Maya Caldwell,2026,0.89,0.256,0.047,0.209,0.242,0.016,0.226,0.392,-0.033,0.424,0.034,-0.031,0.065,0.158,-0.773,1.082,0.309,0.0,-0.031,-0.05,0.02,-0.031,0.36,0.17,0.006,0.163,0.211,0.03,0.181,-0.021,0.019,-0.04,0.093,0.19,-0.097,-0.182,-0.145,0.27,0.125,-0.0,-0.126,-0.092,-0.034,-0.126,1.249,0.127,0.159,-0.031,-0.024,-0.918,0.434,0.0,0.309,0.125,0.434,4170,2077,2093
1630387,Iliana Rupert,2026,0.367,-0.068,-0.008,-0.06,0.31,0.095,0.215,0.125,-0.036,0.161,-0.03,-0.141,0.111,-0.328,0.272,0.009,0.281,0.0,-0.178,-0.081,-0.097,-0.178,0.334,0.316,0.103,0.213,0.01,0.001,0.009,0.007,0.033,-0.026,0.154,0.168,-0.014,-0.173,-0.182,0.315,0.134,0.0,-0.095,-0.073,-0.022,-0.095,0.701,0.124,0.027,0.097,-0.501,0.09,0.415,0.0,0.281,0.134,0.415,1558,766,792
1628931,Gabby Williams,2026,0.769,0.232,-0.133,0.365,-0.455,-0.253,-0.201,0.992,-0.159,1.152,-0.987,-0.729,-0.258,1.187,-0.303,0.969,0.666,0.0,0.797,0.135,0.662,0.797,-0.459,-0.058,-0.073,0.015,0.094,0.014,0.08,-0.495,0.061,-0.555,0.109,0.015,0.094,0.068,-0.022,-0.282,-0.303,-0.0,0.214,0.014,0.2,0.214,0.311,-0.878,-0.714,-0.164,1.255,-0.325,0.363,0.0,0.666,-0.303,0.363,16983,8605,8378
1642804,Te-Hina Paopao,2026,-0.397,-0.258,0.039,-0.297,0.375,0.3,0.075,-0.514,-0.071,-0.443,-0.104,-0.102,-0.002,0.407,0.561,-0.094,0.467,0.0,0.296,0.163,0.132,0.296,-0.095,-0.223,0.034,-0.257,-0.027,0.017,-0.044,0.155,0.029,0.126,0.135,0.13,0.005,-0.189,0.034,-0.148,-0.114,0.0,-0.206,-0.028,-0.178,-0.206,-0.492,0.031,0.028,0.003,0.218,0.595,0.352,0.0,0.467,-0.114,0.352,2217,1122,1095
201516,Allie Quigley,2026,0.414,0.596,0.257,0.339,0.129,0.009,0.12,-0.311,0.066,-0.377,0.047,-0.11,0.157,0.066,-0.304,0.527,0.223,-0.0,0.053,0.084,-0.031,0.053,0.212,0.007,-0.108,0.115,0.304,0.123,0.182,-0.099,-0.041,-0.058,0.062,0.075,-0.014,-0.141,-0.016,0.133,0.117,0.0,-0.097,-0.023,-0.074,-0.097,0.626,0.109,-0.034,0.143,-0.075,-0.32,0.34,0.0,0.223,0.117,0.34,8961,4504,4457
1627674,Kahleah Copper,2026,0.292,0.041,-0.052,0.093,-0.003,0.09,-0.092,0.253,-0.016,0.269,0.356,0.203,0.153,0.038,0.138,0.686,0.825,0.0,0.178,-0.163,0.34,0.178,-0.258,-0.325,-0.076,-0.25,0.057,-0.005,0.062,0.01,0.028,-0.018,0.056,0.093,-0.037,-0.158,-0.125,-0.36,-0.484,-0.0,-0.28,-0.08,-0.2,-0.28,0.034,0.412,0.297,0.116,-0.119,0.014,0.34,0.0,0.825,-0.484,0.34,30255,15092,15163
203398,Brittney Griner,2026,1.472,0.347,-0.369,0.715,1.182,-0.283,1.466,-0.057,-0.046,-0.011,0.106,0.363,-0.257,0.244,-0.675,1.822,1.148,0.0,0.113,0.085,0.028,0.113,-0.151,0.19,0.33,-0.14,-0.279,0.135,-0.414,-0.063,0.025,-0.088,0.011,0.003,0.008,-0.027,-0.647,-0.167,-0.814,0.0,-0.12,-0.125,0.004,-0.12,1.321,0.117,0.365,-0.248,0.217,-1.321,0.334,0.0,1.148,-0.814,0.334,19129,9514,9615
100720,Sue Bird,2026,0.701,0.417,-0.036,0.453,-0.3,-0.111,-0.189,0.584,0.136,0.448,-0.218,-0.208,-0.011,0.235,-0.45,0.717,0.267,0.0,0.294,-0.01,0.305,0.294,-0.143,-0.182,0.065,-0.246,-0.008,0.109,-0.118,0.047,-0.055,0.102,0.067,0.04,0.027,0.086,0.011,0.01,0.021,-0.0,-0.05,-0.019,-0.031,-0.05,0.558,-0.151,-0.167,0.016,0.321,-0.44,0.288,0.0,0.267,0.021,0.288,9689,4878,4811
1643445,Kiki Rice,2026,0.751,-0.044,-0.09,0.046,0.491,0.183,0.308,0.304,-0.145,0.45,0.292,0.045,0.247,-0.068,0.413,0.974,1.388,0.0,-0.024,0.208,-0.232,-0.024,-0.068,-0.046,-0.023,-0.023,-0.264,-0.063,-0.201,0.242,0.062,0.181,-0.086,0.021,-0.106,-0.345,-0.601,-0.499,-1.1,0.0,-0.147,0.013,-0.16,-0.147,0.683,0.206,0.065,0.141,-0.414,-0.188,0.287,0.0,1.388,-1.1,0.287,1014,508,506
203024,Damiris Dantas,2026,0.203,0.094,0.099,-0.005,0.298,0.041,0.257,-0.189,0.034,-0.223,0.078,0.006,0.072,-0.308,-0.079,-0.026,-0.105,0.0,-0.171,-0.049,-0.123,-0.171,0.176,0.064,-0.024,0.088,0.158,-0.014,0.172,-0.047,-0.018,-0.029,-0.047,-0.002,-0.045,-0.035,0.272,0.093,0.366,0.0,-0.053,-0.013,-0.04,-0.053,0.379,0.031,0.004,0.028,-0.343,0.193,0.261,0.0,-0.105,0.366,0.261,4992,2471,2521
203029,Riquna Williams,2026,-0.049,0.222,0.051,0.171,-0.145,-0.35,0.205,-0.126,0.092,-0.218,0.178,0.204,-0.026,0.124,-0.096,0.252,0.156,0.0,0.3,0.042,0.257,0.3,0.032,0.135,0.091,0.044,-0.148,0.077,-0.225,0.045,-0.037,0.083,0.078,0.077,0.001,-0.097,0.09,0.013,0.104,0.0,-0.149,-0.079,-0.07,-0.149,-0.017,0.256,0.281,-0.025,0.027,-0.006,0.26,0.0,0.156,0.104,0.26,5429,2720,2709
1642817,Hailey Van Lith,2026,0.624,0.218,0.269,-0.051,0.234,0.104,0.129,0.172,-0.04,0.212,-0.199,-0.025,-0.174,0.364,-0.021,0.789,0.768,0.0,0.145,0.133,0.011,0.145,-0.355,-0.237,-0.077,-0.16,-0.148,-0.076,-0.072,0.03,0.019,0.011,-0.207,-0.184,-0.024,-0.1,0.086,-0.662,-0.576,0.0,-0.03,-0.05,0.02,-0.03,0.269,-0.407,-0.209,-0.198,0.264,0.065,0.191,0.0,0.768,-0.576,0.191,406,205,201
1630149,Satou Sabally,2026,-0.663,-0.072,0.106,-0.177,-0.306,0.324,-0.63,-0.285,-0.007,-0.278,-0.11,-0.214,0.104,0.175,0.825,-0.597,0.228,-0.0,0.192,0.136,0.056,0.192,-0.595,0.173,0.162,0.011,-0.653,-0.054,-0.599,-0.114,-0.005,-0.109,-0.266,-0.272,0.006,0.058,0.748,-0.802,-0.055,0.0,-0.016,0.009,-0.025,-0.016,-1.257,-0.376,-0.486,0.11,0.234,1.572,0.173,-0.0,0.228,-0.055,0.173,18581,9326,9255
1628508,Cecilia Zandalasini,2026,0.606,-0.173,-0.136,-0.037,-0.141,0.181,-0.322,0.92,-0.167,1.087,0.276,0.068,0.208,0.088,-0.708,0.971,0.263,0.0,0.026,-0.114,0.14,0.026,-0.091,0.4,0.076,0.324,-0.397,0.011,-0.408,-0.093,0.066,-0.159,0.065,-0.017,0.082,0.007,-0.103,-0.019,-0.122,-0.0,0.062,-0.007,0.07,0.062,0.515,0.341,0.051,0.29,0.095,-0.81,0.141,0.0,0.263,-0.122,0.141,2542,1280,1262
1642287,Cameron Brink,2026,0.569,0.283,0.088,0.195,0.232,0.128,0.104,0.055,-0.072,0.127,0.048,0.067,-0.019,-0.419,-0.073,0.198,0.125,-0.0,-0.562,-0.057,-0.505,-0.562,0.346,0.263,0.049,0.214,0.084,0.053,0.031,-0.002,0.026,-0.028,0.03,0.021,0.009,-0.122,-0.262,0.253,-0.008,0.0,-0.136,-0.025,-0.111,-0.136,0.915,0.078,0.088,-0.011,-0.542,-0.335,0.116,0.0,0.125,-0.008,0.116,2234,1086,1148
1641641,Robyn Parks,2026,0.463,0.124,0.033,0.091,0.084,0.013,0.071,0.255,-0.009,0.263,-0.027,-0.031,0.004,-0.013,-0.069,0.422,0.353,0.0,-0.05,-0.015,-0.035,-0.05,-0.151,-0.026,0.01,-0.036,-0.107,-0.006,-0.101,-0.018,0.008,-0.026,-0.039,-0.024,-0.015,-0.045,-0.014,-0.235,-0.249,0.0,-0.049,-0.011,-0.037,-0.049,0.311,-0.067,-0.055,-0.011,-0.058,-0.083,0.104,0.0,0.353,-0.249,0.104,289,143,146
1631055,Nyara Sabally,2026,0.01,0.328,-0.092,0.42,0.437,0.077,0.36,-0.754,-0.153,-0.601,0.747,0.435,0.311,0.334,0.258,1.091,1.349,0.0,0.142,0.061,0.082,0.142,-0.543,-0.184,0.055,-0.239,-0.126,-0.112,-0.014,-0.233,0.096,-0.329,-0.042,0.024,-0.066,-0.315,-0.387,-0.901,-1.287,0.0,-0.096,0.096,-0.192,-0.096,-0.533,0.705,0.46,0.245,0.019,-0.129,0.061,0.0,1.349,-1.287,0.061,2861,1460,1401
201480,Sylvia Fowles,2026,0.148,-0.001,0.04,-0.041,0.07,-0.167,0.237,0.079,0.098,-0.019,0.151,0.153,-0.002,-0.333,0.215,-0.035,0.181,0.0,-0.082,-0.009,-0.074,-0.082,-0.233,-0.054,-0.009,-0.044,-0.076,0.038,-0.114,-0.103,-0.046,-0.057,-0.078,-0.038,-0.04,-0.038,0.217,-0.349,-0.131,0.0,-0.085,-0.082,-0.003,-0.085,-0.085,0.072,0.115,-0.042,-0.371,0.433,0.049,0.0,0.181,-0.131,0.049,8744,4323,4421
1642798,Dominique Malonga,2026,0.774,0.115,-0.073,0.188,-0.349,-0.022,-0.327,1.008,-0.091,1.099,0.032,0.28,-0.249,0.273,-0.488,1.078,0.59,0.0,-0.051,0.02,-0.07,-0.051,-0.183,0.109,0.084,0.025,-0.318,-0.037,-0.281,0.026,0.068,-0.043,-0.092,-0.02,-0.072,-0.115,-0.164,-0.391,-0.554,0.0,-0.086,-0.026,-0.06,-0.086,0.591,-0.061,0.26,-0.321,0.157,-0.652,0.036,0.0,0.59,-0.554,0.036,843,416,427
1642777,Monique Akoa Makani,2026,0.404,0.315,-0.073,0.389,-0.034,0.114,-0.148,0.122,-0.203,0.325,-0.161,-0.227,0.066,0.208,-0.888,0.451,-0.437,-0.0,-0.083,-0.348,0.264,-0.083,0.69,0.102,0.165,-0.064,-0.1,-0.012,-0.088,0.689,0.116,0.573,-0.139,-0.014,-0.124,0.175,-0.275,0.727,0.452,0.0,0.08,0.07,0.01,0.08,1.094,-0.299,-0.241,-0.058,0.384,-1.163,0.016,-0.0,-0.437,0.452,0.016,8263,4130,4133
1631009,Rhyne Howard,2026,-1.414,-1.341,-0.239,-1.103,0.043,0.0,0.043,-0.115,-0.091,-0.024,-0.066,-0.2,0.134,0.234,0.509,-1.246,-0.737,0.0,0.103,0.157,-0.054,0.103,0.656,0.4,-0.053,0.452,-0.33,0.006,-0.336,0.586,0.001,0.585,-0.132,-0.194,0.061,-0.187,0.403,0.337,0.74,0.0,-0.055,-0.107,0.052,-0.055,-0.758,-0.199,-0.394,0.195,0.047,0.912,0.003,0.0,-0.737,0.74,0.003,21699,10849,10850
1629477,Sabrina Ionescu,2026,0.81,-0.026,-0.171,0.146,0.025,0.24,-0.215,0.811,0.032,0.78,-0.193,-0.507,0.314,-0.2,-0.586,0.417,-0.169,-0.0,-0.028,0.073,-0.1,-0.028,0.064,0.24,-0.15,0.389,-0.12,-0.099,-0.021,-0.055,-0.035,-0.021,0.183,0.17,0.013,-0.142,0.065,0.105,0.17,-0.0,-0.259,-0.031,-0.227,-0.259,0.875,-0.011,-0.337,0.326,-0.342,-0.521,0.0,-0.0,-0.169,0.17,0.0,28913,14492,14421
1630101,Crystal Dangerfield,2026,-0.145,-0.327,-0.064,-0.262,0.175,-0.188,0.363,0.007,0.183,-0.177,0.125,0.009,0.116,-0.213,-0.06,-0.233,-0.293,0.0,0.017,-0.105,0.122,0.017,0.433,0.161,-0.048,0.209,0.202,0.162,0.04,0.07,-0.112,0.182,-0.139,-0.121,-0.018,-0.2,0.186,0.094,0.28,0.0,-0.182,-0.056,-0.126,-0.182,0.288,-0.014,-0.112,0.099,-0.413,0.126,-0.013,0.0,-0.293,0.28,-0.013,11319,5684,5635
1628957,Kathryn Westbeld,2026,-0.715,-0.751,-0.249,-0.502,-0.117,0.069,-0.186,0.154,-0.104,0.258,-0.087,0.035,-0.122,0.384,0.324,-0.418,-0.093,0.0,-0.006,0.021,-0.027,-0.006,-0.352,-0.125,0.105,-0.23,-0.039,-0.061,0.022,-0.189,0.035,-0.224,-0.175,-0.146,-0.029,0.465,0.14,-0.062,0.078,0.0,0.389,0.1,0.289,0.389,-1.067,-0.262,-0.111,-0.151,0.849,0.464,-0.016,0.0,-0.093,0.078,-0.016,3384,1703,1681
1627672,Aerial Powers,2026,0.015,0.125,0.1,0.025,0.013,-0.117,0.13,-0.123,0.044,-0.167,0.053,0.045,0.008,-0.165,0.26,-0.097,0.163,0.0,-0.019,-0.066,0.047,-0.019,-0.145,-0.105,-0.009,-0.096,0.063,0.024,0.039,-0.102,-0.022,-0.08,-0.064,-0.017,-0.047,-0.115,0.141,-0.324,-0.183,0.0,-0.077,-0.046,-0.03,-0.077,-0.13,-0.011,0.028,-0.039,-0.279,0.4,-0.02,0.0,0.163,-0.183,-0.02,5829,2883,2946
203855,Stephanie Talbot,2026,-0.847,0.538,0.115,0.423,-0.672,-0.077,-0.595,-0.714,-0.127,-0.586,-0.523,-0.04,-0.483,0.572,1.078,-0.798,0.28,0.0,0.026,0.057,-0.031,0.026,-0.041,-0.072,0.037,-0.109,0.293,-0.068,0.361,-0.261,0.101,-0.362,0.149,0.052,0.098,-0.34,-0.091,-0.232,-0.323,0.0,-0.061,-0.012,-0.049,-0.061,-0.888,-0.373,0.012,-0.385,0.231,0.987,-0.043,0.0,0.28,-0.323,-0.043,6539,3276,3263
203406,Layshia Clarendon,2026,0.066,0.077,0.099,-0.022,-0.042,-0.109,0.067,0.031,0.129,-0.098,0.344,0.05,0.294,-0.286,-0.451,0.124,-0.327,0.0,-0.141,-0.02,-0.121,-0.141,-0.229,-0.271,-0.042,-0.229,0.076,0.004,0.072,-0.034,-0.058,0.024,0.053,0.07,-0.017,0.195,0.256,0.019,0.275,0.0,0.017,-0.036,0.052,0.017,-0.163,0.397,0.12,0.277,-0.091,-0.195,-0.052,0.0,-0.327,0.275,-0.052,7983,3973,4010
1642304,Carla Leite,2026,0.447,0.014,0.277,-0.263,0.456,0.324,0.132,-0.022,-0.113,0.091,0.054,-0.22,0.274,0.305,0.142,0.807,0.949,-0.0,-0.139,0.048,-0.187,-0.139,-0.123,-0.228,0.04,-0.268,-0.022,-0.109,0.087,0.127,0.067,0.06,-0.132,-0.156,0.024,0.195,-0.942,-0.06,-1.002,-0.0,0.206,0.002,0.205,0.206,0.324,-0.078,-0.376,0.299,0.501,-0.8,-0.053,-0.0,0.949,-1.002,-0.053,2609,1286,1323
1629524,Bridget Carleton,2026,0.29,-0.201,0.014,-0.215,0.564,0.336,0.229,-0.074,-0.22,0.146,-0.125,-0.111,-0.013,0.067,-0.452,0.232,-0.22,-0.0,-0.059,-0.076,0.017,-0.059,0.033,0.015,0.02,-0.005,0.085,-0.169,0.254,-0.067,0.112,-0.18,0.068,-0.075,0.142,0.294,-0.274,0.395,0.121,0.0,0.254,0.081,0.173,0.254,0.323,-0.057,-0.186,0.129,0.361,-0.726,-0.099,-0.0,-0.22,0.121,-0.099,17885,8989,8896
204335,Betnijah Laney-Hamilton,2026,0.463,0.374,-0.121,0.495,-0.317,0.119,-0.436,0.407,0.152,0.255,-0.174,-0.153,-0.021,-0.407,-0.117,-0.118,-0.235,0.0,-0.397,-0.106,-0.291,-0.397,0.176,0.069,-0.006,0.075,-0.025,0.059,-0.084,0.132,-0.085,0.218,0.124,0.088,0.036,0.003,-0.179,0.303,0.124,-0.0,-0.048,-0.088,0.04,-0.048,0.64,-0.051,-0.065,0.015,-0.404,-0.296,-0.111,0.0,-0.235,0.124,-0.111,18941,9485,9456
1628282,Sydney Wiese,2026,0.088,0.049,-0.052,0.101,-0.005,0.03,-0.035,0.044,0.011,0.032,-0.081,-0.1,0.019,0.096,0.003,0.103,0.107,0.0,0.128,0.051,0.077,0.128,-0.261,-0.062,0.008,-0.07,-0.033,-0.001,-0.031,-0.166,0.003,-0.169,-0.001,0.016,-0.017,0.006,0.027,-0.255,-0.228,0.0,0.003,0.002,0.001,0.003,-0.173,-0.082,-0.083,0.002,0.103,0.03,-0.122,0.0,0.107,-0.228,-0.122,1121,548,573
1630114,Mikiah Herbert Harrigan,2026,0.132,0.079,0.02,0.059,0.057,0.057,0.0,-0.004,-0.02,0.016,0.115,0.122,-0.007,-0.034,-0.158,0.212,0.055,0.0,-0.061,-0.026,-0.035,-0.061,-0.195,-0.156,0.017,-0.173,-0.139,-0.014,-0.126,0.101,0.012,0.089,-0.043,-0.012,-0.031,0.013,0.045,-0.225,-0.18,0.0,-0.017,0.015,-0.032,-0.017,-0.063,0.072,0.109,-0.038,-0.021,-0.113,-0.126,0.0,0.055,-0.18,-0.126,433,217,216
1630389,Dana Evans,2026,-0.699,-0.028,-0.014,-0.014,-0.584,-0.103,-0.481,-0.087,-0.02,-0.067,0.038,0.223,-0.184,-0.044,0.365,-0.705,-0.339,0.0,0.147,0.037,0.11,0.147,0.506,0.182,-0.008,0.19,-0.111,-0.017,-0.094,0.435,0.019,0.416,-0.035,-0.023,-0.012,0.201,-0.481,0.672,0.191,0.0,0.113,0.018,0.094,0.113,-0.193,0.003,0.199,-0.196,0.157,-0.116,-0.148,0.0,-0.339,0.191,-0.148,2096,1044,1052
1641642,Li Meng,2026,0.016,-0.05,-0.019,-0.031,0.076,0.006,0.07,-0.01,-0.016,0.006,-0.004,-0.011,0.007,0.007,-0.01,0.02,0.01,0.0,-0.011,0.009,-0.021,-0.011,-0.093,-0.021,0.011,-0.032,-0.028,-0.024,-0.004,-0.044,0.012,-0.056,-0.031,-0.032,0.001,-0.012,-0.023,-0.136,-0.159,0.0,0.011,-0.014,0.025,0.011,-0.076,-0.035,-0.043,0.008,-0.004,-0.033,-0.149,0.0,0.01,-0.159,-0.149,136,68,68
1629496,Ezi Magbegor,2026,0.155,0.369,-0.098,0.467,-0.54,-0.194,-0.346,0.326,0.077,0.249,-0.322,-0.229,-0.093,0.159,-0.338,-0.008,-0.346,0.0,0.21,0.018,0.191,0.21,-0.231,-0.138,-0.139,0.002,0.037,-0.05,0.088,-0.131,-0.032,-0.099,-0.036,0.022,-0.059,0.378,0.085,0.11,0.196,0.0,0.197,0.089,0.108,0.197,-0.077,-0.358,-0.207,-0.151,0.537,-0.252,-0.15,0.0,-0.346,0.196,-0.15,21322,10775,10547
1631263,Nikolina Milić,2026,0.268,-0.007,0.071,-0.078,0.28,0.086,0.194,-0.005,-0.035,0.03,0.07,-0.111,0.181,-0.134,0.043,0.204,0.247,0.0,-0.18,-0.059,-0.121,-0.18,-0.352,-0.166,-0.044,-0.122,-0.069,-0.046,-0.022,-0.118,0.008,-0.126,-0.022,-0.009,-0.013,-0.061,0.038,-0.436,-0.397,0.0,-0.102,-0.036,-0.066,-0.102,-0.085,0.048,-0.12,0.168,-0.195,0.082,-0.15,0.0,0.247,-0.397,-0.15,1147,569,578
1628926,Maria Kliundikova,2026,0.227,-0.014,-0.029,0.014,0.114,0.026,0.089,0.127,-0.025,0.152,0.007,0.071,-0.064,-0.267,-0.167,-0.032,-0.199,0.0,-0.3,-0.018,-0.282,-0.3,0.081,-0.027,0.041,-0.068,-0.033,-0.016,-0.017,0.141,0.019,0.122,0.022,-0.012,0.034,0.015,-0.101,0.117,0.016,0.0,0.024,0.011,0.013,0.024,0.308,0.028,0.059,-0.03,-0.252,-0.267,-0.183,0.0,-0.199,0.016,-0.183,137,69,68
1630043,Bernadett Határ,2026,-0.09,0.001,0.002,-0.001,0.036,-0.001,0.036,-0.127,-0.017,-0.11,0.031,0.023,0.008,0.043,0.016,-0.016,0.001,0.0,0.038,-0.002,0.039,0.038,-0.048,0.006,0.008,-0.002,-0.057,-0.014,-0.043,0.003,0.011,-0.008,-0.045,-0.036,-0.009,-0.059,-0.036,-0.151,-0.187,0.0,-0.03,-0.012,-0.018,-0.03,-0.138,-0.014,-0.013,-0.001,-0.015,-0.02,-0.186,0.0,0.001,-0.187,-0.186,262,130,132
1643443,Awa Fam,2026,-0.127,-0.335,-0.03,-0.306,0.087,0.051,0.036,0.121,-0.119,0.24,-0.396,-0.377,-0.019,0.478,0.115,-0.045,0.069,0.0,0.097,-0.107,0.204,0.097,0.356,-0.054,-0.002,-0.052,-0.388,-0.072,-0.316,0.798,0.052,0.746,-0.185,-0.061,-0.124,-0.228,-0.206,-0.057,-0.263,0.0,-0.15,-0.06,-0.09,-0.15,0.229,-0.581,-0.438,-0.143,0.249,-0.091,-0.194,0.0,0.069,-0.263,-0.194,680,332,348
1630454,Charli Collier,2026,-0.096,-0.095,0.005,-0.1,0.05,0.014,0.036,-0.051,0.031,-0.081,-0.032,-0.059,0.027,-0.036,0.028,-0.164,-0.136,0.0,0.023,0.052,-0.028,0.023,-0.019,-0.015,0.004,-0.019,-0.027,-0.018,-0.009,0.022,-0.01,0.032,-0.051,-0.061,0.01,-0.03,0.018,-0.1,-0.082,0.0,-0.052,-0.021,-0.03,-0.052,-0.115,-0.083,-0.12,0.038,-0.067,0.046,-0.218,0.0,-0.136,-0.082,-0.218,2595,1301,1294
1630115,Joyner Holmes,2026,-0.186,-0.077,-0.015,-0.062,-0.212,-0.018,-0.194,0.103,-0.013,0.116,-0.014,-0.002,-0.012,0.082,0.113,-0.118,-0.005,0.0,-0.024,0.003,-0.027,-0.024,-0.148,-0.051,0.007,-0.058,-0.041,-0.008,-0.033,-0.056,0.01,-0.066,-0.018,-0.029,0.011,-0.062,0.007,-0.228,-0.221,0.0,-0.032,-0.013,-0.019,-0.032,-0.334,-0.032,-0.031,-0.001,0.02,0.119,-0.226,0.0,-0.005,-0.221,-0.226,287,136,151
1628286,Erica McCall,2026,0.019,-0.046,-0.012,-0.034,-0.019,0.026,-0.045,0.084,0.002,0.083,0.016,0.029,-0.014,-0.021,-0.058,0.014,-0.044,0.0,0.046,0.015,0.031,0.046,-0.143,-0.076,-0.006,-0.071,-0.029,-0.01,-0.019,-0.038,0.005,-0.043,-0.017,0.014,-0.031,-0.02,-0.01,-0.18,-0.19,0.0,-0.021,-0.009,-0.013,-0.021,-0.125,-0.001,0.043,-0.045,-0.041,-0.068,-0.234,0.0,-0.044,-0.19,-0.234,845,425,420
1642295,Elizabeth Kitley,2026,-0.13,-0.006,0.028,-0.034,-0.039,0.079,-0.118,-0.085,-0.031,-0.054,0.047,-0.015,0.061,-0.031,0.112,-0.114,-0.002,0.0,-0.103,-0.129,0.026,-0.103,-0.176,-0.022,0.033,-0.054,-0.028,0.007,-0.036,-0.126,0.016,-0.142,0.005,0.008,-0.003,-0.016,-0.058,-0.187,-0.245,0.0,-0.0,-0.002,0.002,-0.0,-0.306,0.052,-0.007,0.058,-0.047,0.054,-0.247,0.0,-0.002,-0.245,-0.247,138,69,69
1643457,Teonni Key,2026,0.208,0.064,-0.012,0.076,-0.202,0.014,-0.216,0.345,-0.039,0.384,-0.084,-0.103,0.019,0.013,-0.258,0.137,-0.121,0.0,0.018,-0.035,0.053,0.018,-0.228,-0.147,0.006,-0.153,-0.02,-0.009,-0.011,-0.061,0.015,-0.076,0.002,-0.034,0.036,0.011,0.089,-0.215,-0.126,0.0,0.038,-0.007,0.045,0.038,-0.02,-0.082,-0.138,0.055,0.024,-0.169,-0.247,0.0,-0.121,-0.126,-0.247,140,73,67
1630957,Rui Machida,2026,0.083,0.064,0.008,0.055,-0.029,0.012,-0.041,0.049,-0.016,0.065,-0.007,-0.004,-0.003,-0.056,-0.067,0.02,-0.046,0.0,-0.088,-0.028,-0.059,-0.088,-0.149,-0.016,0.016,-0.032,-0.043,-0.01,-0.033,-0.09,0.01,-0.1,-0.021,-0.013,-0.008,-0.03,-0.002,-0.2,-0.202,0.0,-0.025,-0.012,-0.013,-0.025,-0.066,-0.028,-0.017,-0.011,-0.086,-0.068,-0.248,0.0,-0.046,-0.202,-0.248,283,143,140
1629571,Morgan Bertsch,2026,-0.42,-0.049,-0.021,-0.029,-0.282,-0.038,-0.244,-0.088,0.002,-0.091,-0.045,-0.033,-0.012,-0.029,0.15,-0.493,-0.343,0.0,-0.077,0.085,-0.162,-0.077,0.028,0.019,0.04,-0.021,0.059,0.02,0.039,-0.049,0.0,-0.05,-0.021,-0.022,0.001,0.078,0.007,0.086,0.092,0.0,0.066,-0.004,0.07,0.066,-0.391,-0.066,-0.055,-0.011,0.05,0.157,-0.251,0.0,-0.343,0.092,-0.251,683,335,348
1629546,Marine Johannes,2026,0.034,-0.509,-0.043,-0.467,0.557,0.201,0.356,-0.013,-0.122,0.109,0.563,0.208,0.355,0.031,-0.457,0.628,0.171,0.0,-0.21,-0.219,0.009,-0.21,0.593,0.225,0.119,0.106,0.363,0.074,0.289,0.006,0.069,-0.064,-0.084,0.005,-0.09,-0.502,-0.435,0.006,-0.429,-0.0,-0.298,-0.118,-0.18,-0.298,0.627,0.478,0.213,0.265,-0.471,-0.893,-0.259,0.0,0.171,-0.429,-0.259,5009,2499,2510
1628244,Sami Whitcomb,2026,-0.513,-0.588,-0.134,-0.454,0.378,0.18,0.198,-0.304,0.078,-0.382,-0.087,0.019,-0.106,-0.486,0.018,-1.086,-1.069,0.0,-0.238,0.018,-0.257,-0.238,0.886,0.26,0.009,0.251,0.23,0.053,0.177,0.396,-0.053,0.449,0.049,0.043,0.007,0.161,-0.298,1.097,0.799,0.0,0.032,0.058,-0.026,0.032,0.373,-0.038,0.062,-0.099,-0.324,-0.281,-0.27,0.0,-1.069,0.799,-0.27,10979,5425,5554
100940,Diana Taurasi,2026,0.603,0.165,-0.098,0.263,0.505,0.08,0.425,-0.067,0.075,-0.142,0.48,0.197,0.282,-0.697,-0.434,0.386,-0.049,-0.0,-0.701,-0.34,-0.362,-0.701,0.116,-0.013,0.147,-0.16,0.232,0.001,0.231,-0.102,-0.042,-0.06,0.097,0.039,0.058,0.16,-0.603,0.373,-0.23,-0.0,-0.002,-0.089,0.087,-0.002,0.719,0.577,0.237,0.34,-0.537,-1.038,-0.279,-0.0,-0.049,-0.23,-0.279,17213,8594,8619
1641654,Stephanie Soares,2026,-0.277,-0.04,0.013,-0.053,-0.117,0.007,-0.124,-0.12,-0.024,-0.096,-0.007,-0.027,0.02,-0.025,0.175,-0.308,-0.134,0.0,-0.03,-0.037,0.007,-0.03,-0.002,0.012,0.005,0.007,-0.07,-0.013,-0.057,0.057,0.017,0.04,-0.037,-0.028,-0.009,-0.057,-0.054,-0.096,-0.15,0.0,-0.013,-0.024,0.011,-0.013,-0.279,-0.044,-0.055,0.011,-0.082,0.121,-0.283,0.0,-0.134,-0.15,-0.283,420,199,221
1641660,Zia Cooke,2026,-0.167,0.241,0.0,0.241,-0.093,0.021,-0.113,-0.315,0.009,-0.324,0.014,0.047,-0.032,0.091,-0.143,-0.061,-0.205,0.0,0.094,0.043,0.051,0.094,-0.316,-0.007,0.015,-0.022,-0.134,-0.011,-0.123,-0.175,0.001,-0.176,-0.004,0.002,-0.006,0.072,0.161,-0.248,-0.087,0.0,0.04,0.023,0.017,0.04,-0.483,0.01,0.049,-0.038,0.163,0.018,-0.291,0.0,-0.205,-0.087,-0.291,557,275,282
204468,Valeriane Ayayi,2026,-0.39,-0.237,0.045,-0.283,-0.119,0.067,-0.186,-0.033,-0.038,0.005,0.205,0.154,0.051,0.122,0.101,-0.063,0.038,0.0,-0.011,0.011,-0.022,-0.011,-0.198,-0.081,0.007,-0.088,-0.041,-0.034,-0.006,-0.077,0.018,-0.095,-0.036,-0.079,0.043,-0.086,-0.011,-0.32,-0.331,0.0,-0.061,-0.052,-0.01,-0.061,-0.588,0.169,0.075,0.094,0.036,0.091,-0.293,0.0,0.038,-0.331,-0.293,140,72,68
203824,Odyssey Sims,2026,0.249,-0.016,0.061,-0.077,0.07,-0.023,0.093,0.195,-0.086,0.281,-0.09,0.168,-0.258,-0.205,-0.331,-0.046,-0.377,0.0,0.075,0.099,-0.024,0.075,-0.375,-0.796,-0.257,-0.539,0.001,-0.06,0.061,0.42,0.035,0.385,0.104,0.127,-0.024,0.509,-0.154,0.237,0.084,0.0,0.304,0.067,0.237,0.304,-0.126,0.013,0.296,-0.282,0.304,-0.484,-0.293,0.0,-0.377,0.084,-0.293,10706,5377,5329
1643420,Laura Juskaite,2026,0.244,0.312,-0.077,0.389,0.325,0.202,0.123,-0.393,-0.176,-0.217,0.542,0.285,0.257,-0.082,0.25,0.704,0.954,0.0,-0.15,0.075,-0.224,-0.15,0.042,-0.137,0.023,-0.161,-0.133,-0.067,-0.066,0.311,0.088,0.224,-0.036,-0.071,0.034,-0.524,-0.737,-0.518,-1.255,0.0,-0.224,0.055,-0.279,-0.224,0.286,0.505,0.215,0.291,-0.606,-0.487,-0.301,0.0,0.954,-1.255,-0.301,1613,815,798
1628909,Kelsey Mitchell,2026,-0.432,0.212,0.213,-0.001,-0.214,0.114,-0.328,-0.43,0.016,-0.446,0.018,0.076,-0.059,-0.353,0.404,-0.767,-0.363,0.0,-0.348,-0.058,-0.29,-0.348,-0.288,0.118,-0.082,0.2,-0.233,0.059,-0.292,-0.174,-0.037,-0.137,-0.057,-0.067,0.011,0.207,0.199,-0.138,0.061,0.0,0.145,0.028,0.117,0.145,-0.72,-0.039,0.009,-0.048,-0.146,0.603,-0.302,0.0,-0.363,0.061,-0.302,29707,14739,14968
1629491,Jessica Shepard,2026,-0.631,0.109,-0.042,0.151,-0.494,-0.263,-0.231,-0.246,-0.057,-0.189,0.154,0.225,-0.071,0.378,-0.263,-0.098,-0.361,0.0,-0.018,0.043,-0.061,-0.018,0.31,0.011,-0.058,0.069,0.274,0.061,0.213,0.024,0.026,-0.002,0.375,0.375,0.0,-0.25,-0.393,0.435,0.041,-0.0,-0.08,-0.095,0.015,-0.08,-0.321,0.529,0.6,-0.07,0.128,-0.656,-0.319,0.0,-0.361,0.041,-0.319,9275,4618,4657
1628882,Lexie Brown,2026,0.89,0.301,0.076,0.225,0.087,-0.068,0.155,0.502,0.063,0.439,0.004,0.168,-0.164,-0.059,-0.737,0.835,0.098,0.0,-0.106,-0.038,-0.068,-0.106,-0.288,-0.161,0.038,-0.198,0.032,0.018,0.014,-0.159,-0.024,-0.135,-0.058,-0.049,-0.009,0.042,-0.114,-0.304,-0.418,0.0,0.043,0.018,0.025,0.043,0.602,-0.054,0.119,-0.173,-0.017,-0.851,-0.32,0.0,0.098,-0.418,-0.32,4898,2424,2474
1628929,Kristy Wallace,2026,0.405,-0.311,-0.058,-0.253,0.091,-0.002,0.092,0.625,0.065,0.56,-0.059,-0.039,-0.02,-0.133,-0.075,0.213,0.139,0.0,0.184,0.303,-0.118,0.184,-0.322,0.138,0.092,0.046,-0.016,0.019,-0.036,-0.443,-0.015,-0.428,-0.047,-0.071,0.024,-0.131,0.036,-0.499,-0.463,0.0,-0.113,0.003,-0.116,-0.113,0.083,-0.105,-0.11,0.005,-0.263,-0.038,-0.324,0.0,0.139,-0.463,-0.324,5952,2955,2997
1628886,Jordin Canada,2026,-0.018,-0.138,0.334,-0.473,-0.442,0.255,-0.697,0.562,-0.011,0.573,0.085,0.147,-0.062,0.206,-0.701,0.273,-0.428,0.0,-0.13,0.197,-0.327,-0.13,-0.035,0.077,-0.059,0.136,-0.363,0.005,-0.368,0.252,0.006,0.246,-0.06,0.009,-0.069,-0.106,0.296,-0.2,0.096,0.0,-0.008,0.001,-0.009,-0.008,-0.052,0.025,0.156,-0.131,0.101,-0.404,-0.332,0.0,-0.428,0.096,-0.332,17866,9002,8864
1629576,Maria Conde,2026,-0.655,-0.327,-0.08,-0.247,-0.022,0.133,-0.155,-0.306,-0.104,-0.201,-0.029,-0.181,0.152,0.163,0.488,-0.521,-0.034,0.0,0.093,0.15,-0.057,0.093,-0.053,0.016,-0.022,0.038,-0.212,-0.061,-0.151,0.143,0.028,0.115,0.01,-0.046,0.056,-0.081,-0.176,-0.124,-0.3,0.0,-0.035,-0.022,-0.013,-0.035,-0.708,-0.019,-0.227,0.208,0.082,0.312,-0.334,0.0,-0.034,-0.3,-0.334,294,145,149
1643467,Cassandre Prosper,2026,-0.858,-0.124,-0.036,-0.089,-0.04,0.007,-0.047,-0.693,-0.045,-0.648,0.099,0.136,-0.037,-0.001,0.467,-0.761,-0.293,0.0,-0.114,-0.048,-0.066,-0.114,0.322,0.114,0.022,0.092,-0.009,-0.007,-0.003,0.218,0.022,0.196,-0.164,-0.08,-0.084,-0.072,-0.132,0.087,-0.045,0.0,0.002,-0.045,0.046,0.002,-0.536,-0.065,0.056,-0.121,-0.073,0.336,-0.338,0.0,-0.293,-0.045,-0.338,294,144,150
1630444,Jasmine Walker,2026,-0.131,0.048,0.04,0.008,-0.001,0.009,-0.01,-0.177,-0.016,-0.161,-0.03,-0.02,-0.011,0.001,0.014,-0.16,-0.147,0.0,-0.027,-0.011,-0.016,-0.027,-0.1,-0.006,0.007,-0.013,-0.018,-0.012,-0.006,-0.076,0.012,-0.088,-0.014,-0.013,-0.0,-0.063,-0.026,-0.176,-0.202,0.0,-0.032,-0.011,-0.021,-0.032,-0.23,-0.044,-0.033,-0.011,-0.062,-0.012,-0.348,0.0,-0.147,-0.202,-0.348,142,73,69
1631056,Amy Atwell,2026,-0.149,-0.061,0.004,-0.066,0.007,0.013,-0.007,-0.095,-0.017,-0.077,0.025,0.025,-0.0,0.002,0.018,-0.122,-0.105,0.0,-0.064,-0.02,-0.045,-0.064,-0.175,-0.026,0.014,-0.04,-0.094,-0.009,-0.086,-0.054,0.013,-0.067,-0.034,-0.018,-0.016,-0.024,-0.011,-0.233,-0.244,0.0,-0.013,0.0,-0.013,-0.013,-0.324,-0.009,0.007,-0.016,-0.022,0.007,-0.348,0.0,-0.105,-0.244,-0.348,154,83,71
1630441,Arella Guirantes,2026,-0.088,-0.106,0.036,-0.143,-0.038,0.031,-0.069,0.056,-0.012,0.069,0.008,-0.003,0.011,-0.066,-0.074,-0.146,-0.22,0.0,-0.071,0.007,-0.077,-0.071,-0.094,-0.014,0.007,-0.021,-0.04,-0.018,-0.022,-0.04,0.01,-0.05,-0.02,-0.015,-0.005,0.007,-0.024,-0.107,-0.131,0.0,0.032,0.004,0.028,0.032,-0.181,-0.012,-0.018,0.005,-0.058,-0.098,-0.351,0.0,-0.22,-0.131,-0.351,282,148,134
202259,Epiphanny Prince,2026,-0.23,-0.068,0.016,-0.084,-0.135,-0.008,-0.127,-0.027,-0.015,-0.013,-0.024,0.004,-0.028,0.038,0.048,-0.216,-0.168,0.0,0.008,0.014,-0.006,0.008,-0.11,-0.033,-0.004,-0.029,-0.02,-0.025,0.005,-0.057,0.011,-0.068,-0.02,-0.012,-0.008,-0.035,-0.018,-0.165,-0.184,0.0,-0.015,-0.002,-0.013,-0.015,-0.34,-0.044,-0.008,-0.036,0.003,0.03,-0.351,0.0,-0.168,-0.184,-0.351,296,151,145
1631022,Shakira Austin,2026,-0.925,0.123,0.092,0.031,-0.381,-0.156,-0.225,-0.666,0.029,-0.695,-0.249,0.104,-0.353,-0.247,-0.343,-1.421,-1.765,-0.0,-0.113,-0.073,-0.04,-0.113,0.39,0.211,-0.006,0.218,-0.093,0.088,-0.181,0.272,-0.001,0.272,0.062,0.009,0.053,0.318,0.634,0.769,1.404,0.0,0.409,0.125,0.284,0.409,-0.535,-0.188,0.113,-0.3,0.071,0.291,-0.361,-0.0,-1.765,1.404,-0.361,14558,7205,7353
203831,Natalie Achonwa,2026,-0.25,-0.03,0.019,-0.049,-0.07,0.024,-0.094,-0.15,-0.017,-0.134,0.008,0.0,0.008,0.02,-0.025,-0.222,-0.247,0.0,-0.006,-0.018,0.013,-0.006,-0.039,-0.011,0.001,-0.012,-0.027,-0.02,-0.007,-0.001,0.012,-0.013,-0.036,-0.021,-0.015,-0.027,-0.019,-0.102,-0.121,0.0,-0.006,-0.001,-0.004,-0.006,-0.289,-0.028,-0.021,-0.007,-0.008,-0.044,-0.368,0.0,-0.247,-0.121,-0.368,147,71,76
1629476,Asia (AD) Durr,2026,-0.053,0.05,0.032,0.018,-0.06,0.004,-0.064,-0.043,-0.017,-0.026,-0.053,-0.006,-0.047,0.036,-0.074,-0.07,-0.144,0.0,0.025,0.001,0.024,0.025,-0.098,-0.001,0.013,-0.014,-0.034,-0.016,-0.018,-0.063,0.012,-0.075,-0.044,-0.046,0.002,-0.055,-0.03,-0.197,-0.227,0.0,-0.013,-0.024,0.01,-0.013,-0.151,-0.097,-0.052,-0.045,-0.019,-0.104,-0.371,0.0,-0.144,-0.227,-0.371,281,137,144
201919,Shavonte Zellous,2026,-0.015,0.043,0.002,0.041,-0.051,0.023,-0.074,-0.007,0.0,-0.007,0.013,0.055,-0.042,0.001,-0.138,-0.001,-0.14,0.0,0.071,0.057,0.014,0.071,-0.097,-0.051,0.007,-0.058,0.011,-0.022,0.034,-0.057,0.006,-0.063,-0.064,-0.055,-0.009,-0.026,-0.045,-0.187,-0.232,0.0,-0.024,-0.01,-0.014,-0.024,-0.113,-0.052,-0.0,-0.051,-0.024,-0.183,-0.372,0.0,-0.14,-0.232,-0.372,731,370,361
1629485,Kristine Anigwe,2026,-0.068,-0.015,0.025,-0.039,0.02,0.004,0.016,-0.073,-0.013,-0.06,-0.004,0.002,-0.006,-0.003,-0.06,-0.075,-0.135,0.0,-0.046,0.011,-0.057,-0.046,-0.201,-0.054,0.008,-0.062,-0.035,-0.011,-0.024,-0.111,0.009,-0.12,-0.034,-0.021,-0.013,0.033,-0.039,-0.201,-0.241,0.0,0.035,-0.007,0.041,0.035,-0.268,-0.038,-0.019,-0.019,0.03,-0.1,-0.376,0.0,-0.135,-0.241,-0.376,302,153,149
1628287,Jennie Simms,2026,0.037,-0.02,0.048,-0.068,0.082,0.02,0.063,-0.026,-0.014,-0.012,-0.138,-0.103,-0.035,-0.059,-0.094,-0.161,-0.254,0.0,-0.033,0.03,-0.063,-0.033,-0.109,0.032,0.023,0.009,0.012,-0.014,0.026,-0.152,0.01,-0.162,-0.0,0.012,-0.012,-0.028,0.01,-0.137,-0.127,0.0,0.031,-0.031,0.063,0.031,-0.072,-0.138,-0.091,-0.047,-0.088,-0.084,-0.381,0.0,-0.254,-0.127,-0.381,831,408,423
1630136,Megan Walker,2026,-0.209,-0.132,0.065,-0.198,0.089,0.048,0.041,-0.166,-0.0,-0.166,0.034,0.044,-0.01,-0.081,-0.029,-0.256,-0.285,0.0,-0.009,0.002,-0.01,-0.009,-0.012,0.004,0.008,-0.004,-0.065,-0.009,-0.056,0.049,0.004,0.045,-0.032,-0.004,-0.028,-0.027,-0.045,-0.071,-0.116,0.0,-0.027,-0.004,-0.023,-0.027,-0.221,0.002,0.04,-0.038,-0.107,-0.074,-0.4,0.0,-0.285,-0.116,-0.4,998,491,507
1628920,Mercedes Russell,2026,-0.175,-0.319,-0.167,-0.153,-0.67,-0.21,-0.46,0.814,0.086,0.728,-0.036,0.0,-0.037,-0.248,-0.0,-0.459,-0.459,0.0,0.082,0.038,0.044,0.082,-0.022,-0.228,-0.044,-0.184,0.153,0.017,0.136,0.054,-0.042,0.095,-0.081,-0.055,-0.026,0.03,0.13,-0.073,0.057,-0.0,-0.042,0.0,-0.042,-0.042,-0.197,-0.118,-0.055,-0.063,-0.218,0.13,-0.402,0.0,-0.459,0.057,-0.402,7003,3516,3487
1641683,Holly Winterburn,2026,0.117,0.18,0.031,0.149,0.086,0.058,0.028,-0.148,-0.035,-0.113,-0.057,-0.063,0.006,-0.328,-0.049,-0.268,-0.318,0.0,-0.4,-0.146,-0.254,-0.4,0.028,-0.038,0.017,-0.055,0.048,-0.009,0.057,0.018,0.021,-0.003,-0.025,0.033,-0.058,0.024,-0.117,0.028,-0.09,0.0,0.074,0.019,0.055,0.074,0.145,-0.082,-0.029,-0.052,-0.304,-0.167,-0.407,0.0,-0.318,-0.09,-0.407,132,59,73
1631002,Nia Clouden,2026,-0.192,-0.064,-0.002,-0.062,-0.109,-0.01,-0.099,-0.019,-0.013,-0.006,-0.06,-0.048,-0.012,0.016,-0.0,-0.236,-0.237,0.0,0.017,0.004,0.013,0.017,-0.114,-0.042,0.005,-0.047,-0.073,-0.02,-0.053,0.001,0.01,-0.009,-0.004,-0.002,-0.002,-0.036,-0.016,-0.154,-0.17,0.0,0.008,-0.003,0.012,0.008,-0.306,-0.064,-0.05,-0.014,-0.02,-0.017,-0.407,0.0,-0.237,-0.17,-0.407,139,61,78
1642785,Sonia Citron,2026,-0.402,0.432,0.265,0.166,-0.297,0.124,-0.421,-0.537,-0.078,-0.458,0.191,0.556,-0.366,0.011,-0.066,-0.2,-0.266,0.0,-0.155,-0.138,-0.017,-0.155,-0.092,0.123,0.067,0.056,-0.048,-0.068,0.02,-0.167,0.087,-0.254,-0.126,-0.059,-0.066,-0.053,0.119,-0.271,-0.152,-0.0,0.183,0.113,0.069,0.183,-0.494,0.065,0.497,-0.432,-0.042,0.053,-0.417,0.0,-0.266,-0.152,-0.417,7702,3776,3926
1641675,Dulcy Fankam Mendjiadeu,2026,-0.532,-0.165,0.03,-0.196,-0.318,-0.054,-0.264,-0.048,0.079,-0.127,0.112,0.164,-0.052,0.012,0.114,-0.407,-0.293,-0.0,-0.102,-0.097,-0.005,-0.102,0.351,0.232,0.007,0.226,-0.086,0.025,-0.112,0.205,-0.032,0.237,-0.051,-0.07,0.019,-0.277,-0.158,0.023,-0.135,0.0,-0.234,-0.098,-0.136,-0.234,-0.181,0.061,0.094,-0.033,-0.264,-0.044,-0.428,0.0,-0.293,-0.135,-0.428,2934,1454,1480
1642767,Janelle Salaün,2026,-0.407,-0.313,-0.204,-0.109,0.189,0.251,-0.062,-0.283,-0.105,-0.177,0.328,-0.064,0.392,-0.095,-0.226,-0.173,-0.399,-0.0,-0.067,0.033,-0.1,-0.067,0.357,0.483,0.198,0.285,-0.515,-0.117,-0.398,0.388,0.072,0.317,0.004,-0.011,0.015,-0.154,-0.237,0.207,-0.03,-0.0,-0.216,-0.119,-0.097,-0.216,-0.05,0.333,-0.075,0.407,-0.249,-0.464,-0.43,-0.0,-0.399,-0.03,-0.43,4699,2329,2370
1631091,Evina Westbrook,2026,-0.225,-0.091,-0.01,-0.081,0.035,0.023,0.011,-0.169,-0.015,-0.154,0.049,0.082,-0.032,-0.015,-0.002,-0.191,-0.193,0.0,-0.035,-0.01,-0.025,-0.035,-0.171,-0.013,0.023,-0.036,-0.08,-0.005,-0.075,-0.077,0.012,-0.089,-0.043,-0.037,-0.006,-0.005,-0.033,-0.22,-0.253,0.0,0.012,0.006,0.005,0.012,-0.396,0.006,0.044,-0.038,-0.02,-0.036,-0.446,0.0,-0.193,-0.253,-0.446,279,136,143
204297,Cayla George,2026,-0.227,0.018,0.024,-0.006,-0.036,0.005,-0.041,-0.209,-0.009,-0.2,-0.025,-0.033,0.008,-0.052,-0.071,-0.305,-0.376,0.0,-0.061,-0.06,-0.002,-0.061,-0.013,0.029,0.009,0.019,-0.001,-0.005,0.004,-0.041,0.008,-0.049,-0.006,-0.014,0.008,-0.044,-0.013,-0.063,-0.075,0.0,-0.012,0.005,-0.017,-0.012,-0.24,-0.031,-0.047,0.015,-0.096,-0.084,-0.451,0.0,-0.376,-0.075,-0.451,142,71,71
201507,Leilani Mitchell,2026,-0.283,-0.044,-0.067,0.024,-0.177,0.049,-0.226,-0.063,0.026,-0.089,-0.049,-0.026,-0.022,0.01,0.031,-0.322,-0.29,0.0,0.099,0.067,0.032,0.099,-0.237,-0.136,-0.013,-0.122,0.069,-0.009,0.078,-0.17,-0.003,-0.167,-0.001,0.008,-0.008,0.002,0.041,-0.236,-0.195,0.0,-0.024,0.002,-0.026,-0.024,-0.52,-0.049,-0.018,-0.031,0.012,0.072,-0.485,0.0,-0.29,-0.195,-0.485,1691,851,840
1643455,Angela Dugalic,2026,-0.499,0.188,-0.02,0.208,-0.141,0.012,-0.153,-0.545,-0.048,-0.497,-0.13,0.005,-0.136,0.003,0.277,-0.626,-0.348,0.0,-0.002,-0.241,0.239,-0.002,-0.328,-0.14,-0.008,-0.132,-0.109,-0.035,-0.074,-0.079,0.024,-0.103,-0.009,0.006,-0.015,0.079,0.114,-0.259,-0.145,0.0,0.153,0.163,-0.01,0.153,-0.826,-0.14,0.011,-0.151,0.082,0.391,-0.493,0.0,-0.348,-0.145,-0.493,279,134,145
1642240,Jaelyn Brown,2026,-0.301,-0.126,0.031,-0.157,-0.024,-0.001,-0.024,-0.15,-0.022,-0.129,-0.131,-0.129,-0.002,-0.008,0.198,-0.44,-0.243,0.0,0.022,0.031,-0.009,0.022,-0.136,0.001,0.005,-0.003,-0.076,-0.023,-0.054,-0.06,0.013,-0.074,-0.038,-0.07,0.032,-0.051,-0.03,-0.225,-0.255,0.0,-0.029,-0.012,-0.017,-0.029,-0.437,-0.169,-0.199,0.03,-0.059,0.168,-0.497,0.0,-0.243,-0.255,-0.497,142,73,69
203822,Rebekah Gardner,2026,0.192,-0.166,0.008,-0.175,0.003,0.048,-0.045,0.355,-0.031,0.387,0.002,0.015,-0.013,-0.086,-0.082,0.108,0.026,0.0,0.101,0.006,0.094,0.101,-0.531,-0.16,-0.054,-0.107,-0.275,-0.063,-0.212,-0.096,0.021,-0.117,0.028,0.046,-0.018,-0.086,0.066,-0.59,-0.524,0.0,-0.001,0.019,-0.02,-0.001,-0.34,0.03,0.061,-0.031,-0.172,-0.016,-0.498,0.0,0.026,-0.524,-0.498,974,491,483
201913,Kia Vaughn,2026,-0.194,0.016,0.018,-0.003,-0.032,-0.004,-0.027,-0.178,-0.009,-0.168,-0.003,-0.002,-0.002,0.016,-0.162,-0.181,-0.344,0.0,0.05,0.023,0.026,0.05,-0.098,0.018,0.008,0.01,-0.106,0.0,-0.106,-0.009,0.009,-0.018,-0.02,-0.009,-0.011,-0.056,0.01,-0.173,-0.163,0.0,-0.031,-0.002,-0.03,-0.031,-0.291,-0.023,-0.01,-0.013,-0.039,-0.153,-0.506,0.0,-0.344,-0.163,-0.506,418,208,210
1631032,Lorela Cubaj,2026,-0.193,-0.044,-0.006,-0.038,-0.14,0.005,-0.145,-0.009,-0.022,0.013,-0.086,-0.029,-0.057,0.04,-0.013,-0.238,-0.252,0.0,0.022,-0.005,0.027,0.022,-0.175,-0.018,0.02,-0.039,-0.069,-0.016,-0.053,-0.088,0.016,-0.104,-0.006,-0.005,-0.001,-0.058,-0.023,-0.238,-0.262,0.0,-0.041,-0.009,-0.031,-0.041,-0.368,-0.092,-0.034,-0.058,-0.018,-0.036,-0.513,0.0,-0.252,-0.262,-0.513,133,66,67
201881,Angel McCoughtry,2026,-0.345,-0.035,0.051,-0.086,-0.165,-0.0,-0.164,-0.145,-0.013,-0.132,-0.025,-0.019,-0.006,0.013,0.011,-0.357,-0.345,0.0,-0.065,-0.056,-0.009,-0.065,-0.106,-0.0,-0.002,0.002,-0.041,-0.01,-0.031,-0.065,0.01,-0.075,-0.036,-0.011,-0.025,0.014,-0.049,-0.128,-0.177,0.0,0.018,-0.008,0.026,0.018,-0.451,-0.06,-0.03,-0.03,0.027,-0.038,-0.523,0.0,-0.345,-0.177,-0.523,284,142,142
1630150,Chennedy Carter,2026,-0.0,-0.053,0.201,-0.254,-0.325,-0.189,-0.136,0.377,0.049,0.328,-0.367,-0.224,-0.142,0.215,-0.235,-0.152,-0.387,0.0,0.533,0.2,0.332,0.533,-0.031,-0.051,0.007,-0.058,-0.067,-0.002,-0.065,0.087,-0.006,0.093,-0.146,-0.157,0.01,-0.264,0.302,-0.441,-0.14,-0.0,-0.197,-0.044,-0.153,-0.197,-0.031,-0.513,-0.381,-0.132,-0.049,0.067,-0.527,0.0,-0.387,-0.14,-0.527,4661,2338,2323
202633,Liz Cambage,2026,-0.618,-0.137,0.047,-0.184,-0.359,-0.441,0.082,-0.122,0.101,-0.224,0.084,0.306,-0.221,0.171,0.043,-0.363,-0.32,0.0,0.156,-0.009,0.166,0.156,-0.182,0.145,0.115,0.029,-0.189,0.104,-0.293,-0.137,-0.045,-0.093,-0.047,-0.076,0.029,-0.007,0.027,-0.236,-0.21,-0.0,-0.033,0.005,-0.037,-0.033,-0.799,0.037,0.23,-0.192,0.163,0.069,-0.53,0.0,-0.32,-0.21,-0.53,7365,3684,3681
1630113,Ruthy Hebard,2026,-0.231,0.008,0.049,-0.04,-0.115,0.0,-0.115,-0.125,-0.005,-0.12,0.016,0.032,-0.016,-0.127,0.02,-0.342,-0.322,0.0,-0.145,-0.043,-0.101,-0.145,-0.186,0.046,-0.021,0.068,-0.062,-0.031,-0.031,-0.17,0.006,-0.176,-0.045,-0.036,-0.01,0.047,-0.024,-0.184,-0.208,0.0,0.069,-0.002,0.071,0.069,-0.417,-0.029,-0.003,-0.026,-0.08,-0.004,-0.53,0.0,-0.322,-0.208,-0.53,864,419,445
1631019,NaLyssa Smith,2026,-0.198,-0.813,-0.198,-0.615,0.025,-0.39,0.414,0.59,-0.103,0.693,-0.456,-0.147,-0.309,0.18,1.481,-0.474,1.007,0.0,0.091,-0.016,0.107,0.091,-0.353,0.156,0.041,0.115,-0.432,-0.151,-0.282,-0.077,0.102,-0.179,-0.458,-0.384,-0.074,-0.612,-0.117,-1.424,-1.54,-0.0,-0.308,-0.131,-0.177,-0.308,-0.552,-0.914,-0.531,-0.384,-0.432,1.365,-0.534,0.0,1.007,-1.54,-0.534,23508,11715,11793
1628899,Myisha Hines-Allen,2026,-0.344,-0.069,0.004,-0.073,-0.272,-0.092,-0.181,-0.003,0.091,-0.093,0.06,-0.014,0.075,0.192,0.558,-0.092,0.466,0.0,0.191,0.005,0.186,0.191,-1.476,-0.165,0.065,-0.231,-0.323,-0.044,-0.279,-0.987,-0.026,-0.961,-0.095,-0.111,0.015,0.149,0.421,-1.422,-1.001,0.0,0.115,0.179,-0.065,0.115,-1.82,-0.035,-0.125,0.09,0.341,0.978,-0.536,0.0,0.466,-1.001,-0.536,12079,6018,6061
203014,Nneka Ogwumike,2026,-0.817,0.639,0.115,0.525,-0.245,-0.346,0.101,-1.212,-0.055,-1.157,0.166,-0.147,0.313,0.723,-0.067,0.073,0.006,-0.0,0.686,0.156,0.53,0.686,-1.086,-0.878,-0.229,-0.649,-0.241,-0.181,-0.06,0.033,0.017,0.015,-0.123,-0.094,-0.029,0.425,0.238,-0.784,-0.546,-0.0,0.358,0.068,0.291,0.358,-1.903,0.043,-0.241,0.284,1.148,0.171,-0.541,-0.0,0.006,-0.546,-0.541,26088,13149,12939
1630459,DiDi Richards,2026,0.16,-0.417,0.019,-0.436,0.065,-0.002,0.067,0.512,-0.032,0.544,-0.175,-0.109,-0.066,-0.205,-0.151,-0.221,-0.371,0.0,-0.23,-0.314,0.084,-0.23,-0.556,-0.097,0.021,-0.118,-0.226,-0.049,-0.176,-0.234,0.018,-0.252,0.058,0.002,0.056,0.176,0.145,-0.322,-0.177,0.0,0.104,0.06,0.043,0.104,-0.396,-0.117,-0.107,-0.01,-0.03,-0.006,-0.549,0.0,-0.371,-0.177,-0.549,1013,500,513
1629481,Arike Ogunbowale,2026,-1.02,-0.299,-0.098,-0.201,-0.049,-0.435,0.386,-0.673,0.106,-0.779,0.349,0.01,0.339,-0.163,1.265,-0.835,0.43,-0.0,-0.238,0.045,-0.284,-0.238,-0.855,-0.447,-0.187,-0.259,-0.057,-0.024,-0.033,-0.351,-0.052,-0.299,-0.16,-0.109,-0.051,-0.092,0.098,-1.107,-1.008,-0.0,-0.079,-0.086,0.006,-0.079,-1.875,0.189,-0.1,0.288,-0.255,1.363,-0.579,-0.0,0.43,-1.008,-0.579,27019,13566,13453
1629574,Li Yueru,2026,-0.462,0.146,0.05,0.095,-0.242,-0.029,-0.213,-0.366,-0.013,-0.353,0.05,0.083,-0.033,0.285,-0.072,-0.127,-0.199,0.0,0.025,0.149,-0.124,0.025,-0.061,0.166,0.04,0.125,-0.091,-0.007,-0.084,-0.136,0.022,-0.158,-0.094,-0.079,-0.015,-0.402,0.163,-0.557,-0.394,0.0,-0.168,-0.062,-0.106,-0.168,-0.524,-0.044,0.004,-0.048,-0.117,0.092,-0.593,0.0,-0.199,-0.394,-0.593,1972,976,996
1642324,Kate Martin,2026,-0.755,-0.475,0.019,-0.494,-0.298,0.147,-0.444,0.018,-0.048,0.066,-0.129,-0.156,0.027,0.2,0.185,-0.684,-0.5,0.0,0.125,-0.042,0.167,0.125,-0.008,-0.094,0.045,-0.138,0.08,0.01,0.07,0.005,0.017,-0.012,-0.047,0.019,-0.066,-0.013,-0.025,-0.068,-0.093,0.0,-0.134,-0.028,-0.106,-0.134,-0.763,-0.176,-0.137,-0.039,0.187,0.16,-0.593,0.0,-0.5,-0.093,-0.593,849,426,423
202662,Jasmine Thomas,2026,-0.71,0.012,0.017,-0.005,-0.708,-0.175,-0.533,-0.014,0.118,-0.133,0.004,0.087,-0.082,-0.34,0.584,-1.045,-0.461,0.0,-0.166,0.029,-0.195,-0.166,-0.311,-0.004,0.004,-0.009,-0.14,0.015,-0.155,-0.167,-0.047,-0.119,-0.063,-0.062,-0.002,0.005,0.235,-0.369,-0.135,0.0,-0.025,-0.028,0.002,-0.025,-1.021,-0.059,0.025,-0.084,-0.335,0.819,-0.596,0.0,-0.461,-0.135,-0.596,6193,3124,3069
1630096,DiJonai Carrington,2026,-1.231,-0.549,0.046,-0.595,-0.218,-0.126,-0.092,-0.464,-0.032,-0.432,-0.14,-0.043,-0.097,0.193,0.37,-1.178,-0.808,0.0,0.075,-0.029,0.104,0.075,-0.051,-0.284,0.011,-0.296,0.171,-0.049,0.22,0.063,0.031,0.031,0.021,-0.006,0.027,0.138,0.099,0.109,0.208,0.0,0.346,0.114,0.233,0.346,-1.282,-0.119,-0.049,-0.07,0.331,0.47,-0.6,0.0,-0.808,0.208,-0.6,8612,4305,4307
1641602,Ivana Dojkić,2026,-0.128,0.09,0.016,0.074,-0.552,0.122,-0.674,0.334,0.044,0.289,-0.03,0.091,-0.121,-0.085,0.022,-0.244,-0.222,0.0,-0.158,0.058,-0.215,-0.158,-0.544,-0.228,-0.052,-0.176,-0.081,-0.014,-0.068,-0.235,-0.018,-0.217,-0.084,-0.051,-0.033,0.03,0.218,-0.597,-0.379,0.0,0.054,-0.046,0.1,0.054,-0.672,-0.114,0.04,-0.154,-0.055,0.24,-0.601,0.0,-0.222,-0.379,-0.601,2161,1077,1084
1631083,Emily Engstler,2026,0.836,0.109,0.305,-0.196,0.731,0.293,0.438,-0.003,-0.143,0.14,0.087,-0.031,0.118,0.143,-0.572,1.066,0.494,0.0,-0.364,-0.045,-0.318,-0.364,-0.587,-0.305,-0.048,-0.257,-0.23,-0.13,-0.1,-0.051,0.077,-0.128,-0.203,-0.312,0.109,0.071,-0.38,-0.719,-1.099,-0.0,0.228,0.017,0.211,0.228,0.249,-0.116,-0.343,0.227,0.213,-0.952,-0.605,0.0,0.494,-1.099,-0.605,3529,1732,1797
1642793,Aziaha James,2026,-0.831,-0.044,-0.113,0.069,0.075,-0.003,0.078,-0.862,-0.03,-0.832,0.218,0.224,-0.006,0.13,0.354,-0.482,-0.128,0.0,0.155,0.144,0.011,0.155,-0.313,0.236,0.058,0.178,-0.016,-0.008,-0.008,-0.534,0.019,-0.552,-0.237,-0.181,-0.056,-0.242,0.313,-0.793,-0.48,0.0,-0.05,-0.061,0.011,-0.05,-1.144,-0.019,0.043,-0.062,-0.112,0.667,-0.608,0.0,-0.128,-0.48,-0.608,1296,642,654
1642818,Maddy Westbeld,2026,0.105,0.03,-0.012,0.041,0.278,0.005,0.272,-0.202,-0.01,-0.192,0.033,0.192,-0.159,-0.333,-0.215,-0.195,-0.411,0.0,-0.301,0.006,-0.307,-0.301,-0.135,-0.027,0.027,-0.054,-0.157,0.003,-0.16,0.049,0.011,0.037,-0.035,-0.008,-0.028,0.033,-0.071,-0.138,-0.208,0.0,0.004,-0.025,0.029,0.004,-0.03,-0.002,0.185,-0.187,-0.3,-0.286,-0.619,0.0,-0.411,-0.208,-0.619,152,73,79
203838,Astou Ndour-Fall,2026,-0.331,0.033,0.063,-0.03,-0.199,0.018,-0.217,-0.164,0.002,-0.166,-0.005,0.008,-0.012,-0.142,0.006,-0.478,-0.472,0.0,-0.15,-0.031,-0.119,-0.15,-0.127,0.075,-0.028,0.103,-0.014,-0.024,0.01,-0.188,0.004,-0.192,-0.047,-0.044,-0.003,0.051,-0.031,-0.123,-0.153,0.0,0.06,0.003,0.056,0.06,-0.458,-0.052,-0.037,-0.015,-0.091,-0.025,-0.626,0.0,-0.472,-0.153,-0.626,1178,575,603
1627700,Julie Allemand,2026,-0.158,0.454,0.35,0.105,0.155,0.553,-0.398,-0.767,-0.169,-0.598,0.042,-0.071,0.113,0.519,-0.058,0.403,0.345,0.0,0.383,0.095,0.288,0.383,-0.807,-0.167,-0.019,-0.149,0.079,-0.106,0.185,-0.719,0.079,-0.798,0.285,0.148,0.137,-0.297,-0.164,-0.82,-0.984,0.0,-0.1,0.112,-0.212,-0.1,-0.965,0.327,0.078,0.249,0.221,-0.222,-0.639,0.0,0.345,-0.984,-0.639,5481,2746,2735
1627678,Bria Holmes,2026,-0.246,-0.16,0.056,-0.216,0.012,0.021,-0.009,-0.097,-0.006,-0.091,-0.042,-0.033,-0.008,-0.042,-0.045,-0.33,-0.375,0.0,-0.035,-0.013,-0.022,-0.035,-0.138,-0.046,0.005,-0.051,-0.064,-0.023,-0.041,-0.028,0.006,-0.034,-0.047,-0.042,-0.006,-0.001,-0.08,-0.186,-0.266,0.0,0.013,-0.023,0.036,0.013,-0.384,-0.089,-0.075,-0.014,-0.044,-0.126,-0.641,0.0,-0.375,-0.266,-0.641,681,350,331
1642210,Julie Vanloo,2026,0.106,-0.397,0.096,-0.493,0.408,0.284,0.123,0.096,-0.077,0.173,-0.597,-0.552,-0.045,-0.231,-0.445,-0.722,-1.167,-0.0,-0.207,-0.22,0.013,-0.207,-0.147,0.016,0.055,-0.039,-0.09,-0.057,-0.033,-0.072,0.025,-0.097,0.028,-0.025,0.053,0.461,0.182,0.342,0.524,0.0,0.313,0.073,0.24,0.313,-0.04,-0.569,-0.577,0.008,0.23,-0.263,-0.643,-0.0,-1.167,0.524,-0.643,5130,2547,2583
1631089,Destanni Henderson,2026,-0.027,-0.058,0.016,-0.074,-0.128,-0.043,-0.085,0.158,0.003,0.155,-0.03,0.028,-0.058,-0.018,-0.161,-0.075,-0.236,0.0,0.03,0.04,-0.01,0.03,-0.262,-0.175,-0.026,-0.15,-0.119,-0.016,-0.102,0.032,0.004,0.028,-0.082,-0.068,-0.013,-0.06,-0.004,-0.403,-0.407,0.0,-0.03,0.021,-0.051,-0.03,-0.289,-0.111,-0.04,-0.071,-0.078,-0.165,-0.643,0.0,-0.236,-0.407,-0.643,848,414,434
200676,Candice Dupree,2026,-0.317,-0.115,0.024,-0.14,0.028,-0.003,0.032,-0.23,0.001,-0.231,-0.114,-0.061,-0.052,-0.049,0.072,-0.479,-0.407,0.0,-0.04,-0.025,-0.015,-0.04,-0.211,-0.045,0.001,-0.046,-0.073,-0.008,-0.065,-0.093,0.005,-0.098,-0.024,-0.019,-0.005,0.017,-0.029,-0.218,-0.247,0.0,0.018,0.009,0.008,0.018,-0.527,-0.138,-0.08,-0.058,-0.032,0.043,-0.654,0.0,-0.407,-0.247,-0.654,895,455,440
1629566,Xu Han,2026,-0.436,-0.054,-0.01,-0.043,0.168,-0.03,0.198,-0.551,-0.019,-0.532,0.025,-0.02,0.045,-0.099,0.004,-0.51,-0.506,0.0,-0.104,0.13,-0.234,-0.104,-0.124,-0.108,0.004,-0.113,-0.045,0.017,-0.063,0.029,0.007,0.022,-0.059,-0.037,-0.022,0.02,0.009,-0.163,-0.154,0.0,-0.043,-0.047,0.004,-0.043,-0.56,-0.033,-0.057,0.024,-0.079,0.014,-0.66,0.0,-0.506,-0.154,-0.66,152,75,77
203849,Theresa Plaisance,2026,-0.408,0.022,-0.031,0.053,-0.007,0.04,-0.047,-0.423,0.032,-0.455,-0.001,-0.045,0.044,-0.02,-0.137,-0.429,-0.566,0.0,0.014,0.028,-0.014,0.014,-0.187,-0.109,0.012,-0.122,0.044,-0.009,0.054,-0.122,-0.004,-0.118,0.003,0.013,-0.01,0.054,0.027,-0.129,-0.103,0.0,0.015,-0.005,0.02,0.015,-0.595,0.002,-0.032,0.035,0.034,-0.11,-0.668,0.0,-0.566,-0.103,-0.668,1861,935,926
1630093,Bella Alarie,2026,-0.081,0.037,0.016,0.021,-0.21,0.013,-0.223,0.092,0.019,0.072,-0.059,-0.086,0.027,-0.189,-0.119,-0.329,-0.448,0.0,-0.085,-0.013,-0.072,-0.085,-0.186,-0.052,-0.008,-0.044,-0.083,-0.03,-0.053,-0.051,-0.004,-0.047,0.012,0.011,0.001,-0.016,-0.036,-0.19,-0.227,0.0,-0.039,-0.01,-0.029,-0.039,-0.268,-0.047,-0.075,0.028,-0.205,-0.155,-0.675,0.0,-0.448,-0.227,-0.675,1598,792,806
1629539,Amy Okonkwo,2026,-0.489,0.017,0.019,-0.002,-0.179,-0.009,-0.17,-0.327,-0.015,-0.312,0.08,0.108,-0.029,-0.007,0.107,-0.416,-0.31,0.0,-0.071,0.05,-0.121,-0.071,-0.343,-0.024,-0.005,-0.019,-0.077,-0.026,-0.051,-0.243,0.015,-0.258,-0.005,0.018,-0.023,-0.046,0.022,-0.395,-0.373,0.0,-0.02,-0.004,-0.016,-0.02,-0.833,0.074,0.126,-0.052,-0.053,0.129,-0.682,0.0,-0.31,-0.373,-0.682,138,69,69
1642808,JJ Quinerly,2026,-0.419,0.09,-0.034,0.124,-0.257,-0.09,-0.167,-0.252,-0.03,-0.222,-0.067,-0.177,0.11,0.226,0.054,-0.261,-0.207,0.0,0.042,0.02,0.022,0.042,-0.247,0.041,-0.016,0.057,-0.007,-0.047,0.04,-0.281,0.022,-0.303,0.017,-0.022,0.039,-0.256,0.008,-0.486,-0.478,0.0,-0.131,-0.065,-0.066,-0.131,-0.666,-0.051,-0.199,0.149,-0.03,0.062,-0.685,0.0,-0.207,-0.478,-0.685,1846,919,927
1642298,Celeste Taylor,2026,0.001,0.313,-0.079,0.391,0.128,-0.01,0.138,-0.439,-0.034,-0.405,-0.052,0.001,-0.052,0.107,-0.504,0.057,-0.447,0.0,0.003,-0.039,0.041,0.003,0.015,0.057,0.045,0.012,0.113,-0.006,0.119,-0.155,0.018,-0.173,0.056,0.039,0.018,-0.071,-0.243,0.0,-0.243,0.0,-0.055,-0.016,-0.039,-0.055,0.016,0.005,0.039,-0.035,0.036,-0.747,-0.69,0.0,-0.447,-0.243,-0.69,561,287,274
1641652,Maddy Siegrist,2026,-1.432,0.172,0.179,-0.007,-0.361,-0.162,-0.199,-1.242,-0.066,-1.176,-0.355,-0.458,0.103,0.451,1.043,-1.336,-0.293,0.0,0.269,-0.445,0.714,0.269,-0.744,-0.171,0.033,-0.204,-0.07,0.017,-0.087,-0.502,0.06,-0.563,0.111,0.155,-0.044,-0.092,0.311,-0.725,-0.414,0.0,-0.002,0.001,-0.003,-0.002,-2.175,-0.245,-0.303,0.059,0.359,1.354,-0.707,0.0,-0.293,-0.414,-0.707,4851,2397,2454
1630131,Kylee Shook,2026,0.03,-0.069,0.048,-0.116,0.105,0.121,-0.016,-0.007,0.024,-0.031,-0.04,-0.025,-0.015,-0.284,-0.382,-0.294,-0.676,0.0,-0.213,-0.011,-0.201,-0.213,-0.113,-0.005,-0.011,0.006,-0.101,0.008,-0.109,-0.007,-0.004,-0.003,0.009,0.03,-0.021,0.071,-0.002,-0.033,-0.034,0.0,0.016,-0.044,0.06,0.016,-0.083,-0.03,0.005,-0.035,-0.213,-0.383,-0.71,0.0,-0.676,-0.034,-0.71,2800,1370,1430
1630099,Te'a Cooper,2026,-0.34,-0.191,0.011,-0.202,-0.093,0.047,-0.14,-0.056,0.018,-0.074,-0.106,0.002,-0.108,0.017,-0.246,-0.429,-0.676,0.0,0.055,0.012,0.043,0.055,-0.098,-0.095,0.023,-0.118,0.088,-0.007,0.095,-0.091,-0.002,-0.088,-0.065,-0.055,-0.01,0.172,-0.067,0.01,-0.058,0.0,0.113,0.0,0.112,0.113,-0.438,-0.171,-0.053,-0.118,0.189,-0.313,-0.733,0.0,-0.676,-0.058,-0.733,1777,888,889
1628242,Emma Cannon,2026,-0.143,-0.067,0.037,-0.104,0.028,-0.019,0.046,-0.103,0.012,-0.115,0.026,0.028,-0.001,-0.196,-0.01,-0.313,-0.323,0.0,-0.208,-0.048,-0.16,-0.208,-0.344,-0.037,0.043,-0.079,-0.164,0.014,-0.178,-0.143,-0.001,-0.142,-0.078,-0.058,-0.02,-0.003,-0.018,-0.425,-0.443,0.0,-0.015,0.025,-0.04,-0.015,-0.487,-0.052,-0.03,-0.022,-0.199,-0.028,-0.766,0.0,-0.323,-0.443,-0.766,1491,734,757
1630996,Rae Burrell,2026,-1.027,0.46,0.18,0.28,-0.429,0.19,-0.618,-1.059,-0.073,-0.985,0.035,0.099,-0.064,0.051,1.146,-0.941,0.205,0.0,0.019,0.011,0.009,0.019,-0.837,-0.367,-0.042,-0.326,-0.118,-0.146,0.028,-0.352,0.058,-0.41,-0.117,-0.106,-0.011,-0.281,0.261,-1.236,-0.975,0.0,-0.111,-0.073,-0.038,-0.111,-1.864,-0.083,-0.008,-0.075,-0.23,1.407,-0.77,0.0,0.205,-0.975,-0.77,2635,1290,1345
1627701,Temi Fagbenle,2026,-1.91,-0.853,-0.177,-0.676,0.308,0.474,-0.166,-1.364,-0.121,-1.244,0.357,-0.098,0.455,-0.141,0.27,-1.693,-1.424,0.0,-0.149,0.117,-0.266,-0.149,0.987,0.499,0.269,0.23,-0.083,-0.091,0.008,0.57,0.074,0.496,0.003,0.057,-0.054,-0.147,-0.201,0.842,0.641,-0.0,-0.193,0.004,-0.197,-0.193,-0.923,0.36,-0.041,0.401,-0.288,0.068,-0.783,0.0,-1.424,0.641,-0.783,5826,2875,2951
1643505,Jovana Nogic,2026,-0.282,-0.064,-0.043,-0.021,0.089,0.065,0.024,-0.307,-0.098,-0.209,0.4,0.234,0.166,0.151,-0.313,0.27,-0.043,-0.0,-0.143,-0.005,-0.138,-0.143,-0.693,0.096,-0.057,0.153,-0.132,-0.106,-0.027,-0.657,0.058,-0.714,-0.096,-0.023,-0.073,0.056,-0.01,-0.733,-0.743,0.0,0.202,0.017,0.185,0.202,-0.975,0.304,0.211,0.094,0.207,-0.323,-0.787,0.0,-0.043,-0.743,-0.787,988,502,486
1630139,Jocelyn Willoughby,2026,-0.195,0.074,0.008,0.066,-0.163,-0.028,-0.135,-0.105,-0.008,-0.097,0.003,0.003,0.0,-0.098,-0.241,-0.29,-0.531,0.0,-0.084,-0.008,-0.076,-0.084,-0.151,-0.002,-0.002,0.001,-0.059,-0.006,-0.053,-0.091,0.008,-0.099,-0.044,-0.025,-0.019,-0.041,-0.037,-0.236,-0.273,0.0,0.007,0.018,-0.011,0.007,-0.346,-0.041,-0.023,-0.018,-0.139,-0.278,-0.804,0.0,-0.531,-0.273,-0.804,561,280,281
204324,Dearica Hamby,2026,0.056,0.256,0.352,-0.096,0.374,0.659,-0.285,-0.574,-0.158,-0.416,0.289,0.436,-0.148,0.221,0.173,0.566,0.738,0.0,-0.139,-0.023,-0.116,-0.139,-1.333,-0.458,-0.043,-0.415,-0.553,-0.163,-0.39,-0.323,0.08,-0.402,0.113,0.113,0.0,-0.492,0.17,-1.712,-1.542,-0.0,-0.318,-0.208,-0.109,-0.318,-1.277,0.402,0.549,-0.147,-0.271,0.342,-0.804,0.0,0.738,-1.542,-0.804,21203,10494,10709
202638,Jessica Breland,2026,-0.204,0.012,0.013,-0.002,0.046,-0.06,0.106,-0.261,0.003,-0.264,-0.022,-0.044,0.022,-0.251,-0.068,-0.477,-0.544,0.0,-0.161,-0.074,-0.087,-0.161,-0.202,-0.054,0.016,-0.07,-0.064,0.0,-0.064,-0.084,-0.002,-0.082,0.006,-0.021,0.027,-0.05,-0.037,-0.246,-0.283,0.0,-0.08,-0.036,-0.044,-0.08,-0.406,-0.016,-0.065,0.049,-0.301,-0.105,-0.828,0.0,-0.544,-0.283,-0.828,2541,1262,1279
203828,Stefanie Dolson,2026,-0.367,-0.252,-0.137,-0.116,-0.121,0.303,-0.424,0.007,-0.097,0.104,-0.107,-0.1,-0.007,-0.482,-0.985,-0.957,-1.941,-0.0,-0.451,-0.217,-0.234,-0.451,0.981,0.164,0.145,0.019,0.184,-0.051,0.235,0.633,0.06,0.573,-0.277,-0.171,-0.106,0.276,0.106,0.98,1.086,0.0,0.174,-0.088,0.262,0.174,0.614,-0.384,-0.271,-0.113,-0.207,-0.879,-0.856,-0.0,-1.941,1.086,-0.856,16914,8397,8517
1630154,Kamiah Smalls,2026,-0.214,-0.017,0.021,-0.037,0.063,0.05,0.013,-0.261,-0.033,-0.227,-0.107,0.052,-0.159,-0.071,-0.15,-0.392,-0.542,0.0,-0.075,-0.043,-0.032,-0.075,-0.254,-0.039,-0.002,-0.037,-0.123,-0.065,-0.058,-0.092,0.032,-0.123,0.043,0.012,0.03,-0.147,0.02,-0.358,-0.337,0.0,-0.078,-0.013,-0.065,-0.078,-0.468,-0.064,0.064,-0.128,-0.218,-0.129,-0.879,0.0,-0.542,-0.337,-0.879,155,79,76
1630442,Natasha Mack,2026,-0.852,-0.32,-0.01,-0.31,0.144,0.239,-0.095,-0.676,-0.255,-0.421,0.267,0.071,0.196,0.24,-0.521,-0.345,-0.866,-0.0,0.206,-0.004,0.209,0.206,0.629,0.174,0.051,0.123,0.247,-0.08,0.327,0.207,0.162,0.046,0.092,0.211,-0.119,-0.26,-0.475,0.461,-0.015,0.0,-0.179,0.022,-0.202,-0.179,-0.224,0.36,0.282,0.077,-0.02,-0.996,-0.881,0.0,-0.866,-0.015,-0.881,8457,4224,4233
1629480,Kalani Brown,2026,-0.693,0.231,0.045,0.186,-0.314,-0.021,-0.292,-0.61,0.021,-0.632,-0.047,0.008,-0.055,-0.023,0.312,-0.763,-0.451,0.0,0.031,0.029,0.002,0.031,-0.301,0.017,0.037,-0.021,-0.185,-0.011,-0.174,-0.133,0.002,-0.135,0.034,-0.036,0.07,-0.069,-0.119,-0.336,-0.455,0.0,-0.058,0.015,-0.074,-0.058,-0.994,-0.014,-0.028,0.015,-0.092,0.193,-0.907,0.0,-0.451,-0.455,-0.907,1164,578,586
1629490,Kitija Laksa,2026,-0.574,-0.128,0.141,-0.269,0.117,0.107,0.009,-0.563,-0.031,-0.532,-0.063,-0.045,-0.018,0.005,-0.236,-0.632,-0.869,0.0,-0.087,0.068,-0.155,-0.087,-0.292,-0.091,0.046,-0.137,-0.059,-0.032,-0.027,-0.142,0.019,-0.16,-0.085,-0.038,-0.047,0.176,0.142,-0.201,-0.058,0.0,0.194,0.055,0.139,0.194,-0.866,-0.148,-0.083,-0.065,0.181,-0.094,-0.927,0.0,-0.869,-0.058,-0.927,709,353,356
202641,Sydney Colson,2026,-1.14,-0.586,-0.124,-0.462,-0.143,0.136,-0.279,-0.411,-0.059,-0.352,0.084,0.185,-0.1,0.042,0.294,-1.014,-0.72,0.0,-0.16,0.042,-0.203,-0.16,-0.253,-0.121,-0.034,-0.087,-0.113,-0.026,-0.087,-0.02,0.013,-0.033,-0.009,-0.027,0.018,0.168,-0.117,-0.095,-0.211,0.0,0.172,-0.002,0.175,0.172,-1.393,0.075,0.158,-0.082,0.21,0.177,-0.931,0.0,-0.72,-0.211,-0.931,953,482,471
203823,Chiney Ogwumike,2026,-0.422,0.183,0.052,0.131,-0.508,-0.018,-0.49,-0.097,0.024,-0.12,-0.014,-0.012,-0.002,0.102,-0.053,-0.334,-0.387,0.0,0.079,-0.037,0.116,0.079,-0.621,-0.114,0.007,-0.121,-0.125,-0.002,-0.123,-0.382,-0.002,-0.38,-0.108,-0.082,-0.026,0.104,0.074,-0.624,-0.551,0.0,0.125,0.022,0.104,0.125,-1.042,-0.122,-0.094,-0.028,0.206,0.02,-0.938,0.0,-0.387,-0.551,-0.938,2001,1026,975
1628890,Diamond DeShields,2026,-0.511,0.11,0.156,-0.046,-0.43,0.021,-0.451,-0.191,0.052,-0.244,-0.016,0.052,-0.067,-0.324,-0.179,-0.851,-1.029,0.0,-0.075,-0.057,-0.019,-0.075,0.238,0.387,-0.085,0.471,-0.112,-0.026,-0.086,-0.037,-0.018,-0.019,0.008,0.004,0.004,0.327,-0.506,0.573,0.067,-0.0,0.307,-0.032,0.339,0.307,-0.273,-0.008,0.056,-0.064,0.003,-0.685,-0.963,0.0,-1.029,0.067,-0.963,7541,3752,3789
203863,Haley Peters,2026,-0.496,-0.042,-0.013,-0.029,-0.341,-0.06,-0.281,-0.113,-0.021,-0.092,-0.038,-0.1,0.062,0.043,0.06,-0.49,-0.43,0.0,-0.084,-0.061,-0.023,-0.084,-0.375,-0.237,0.007,-0.245,-0.122,-0.02,-0.102,-0.016,0.011,-0.028,-0.077,-0.095,0.018,-0.061,-0.04,-0.513,-0.553,0.0,-0.001,-0.038,0.037,-0.001,-0.87,-0.115,-0.194,0.08,-0.018,0.02,-0.983,0.0,-0.43,-0.553,-0.983,279,142,137
1629484,Megan Gustafson,2026,0.074,-0.016,0.111,-0.126,0.383,0.24,0.143,-0.293,-0.101,-0.192,-0.264,-0.28,0.016,0.279,-0.326,0.089,-0.236,0.0,0.251,0.192,0.059,0.251,-0.086,0.106,0.024,0.082,-0.046,-0.015,-0.032,-0.145,0.038,-0.184,-0.131,-0.189,0.058,0.055,-0.587,-0.162,-0.749,-0.0,0.03,0.072,-0.042,0.03,-0.012,-0.395,-0.47,0.075,0.334,-0.913,-0.985,0.0,-0.236,-0.749,-0.985,2768,1368,1400
1629488,Brianna Turner,2026,-0.206,-0.589,-0.025,-0.563,0.044,-0.174,0.217,0.339,0.213,0.126,0.076,-0.165,0.241,-0.462,-0.025,-0.593,-0.618,0.0,-0.173,0.059,-0.232,-0.173,-0.417,0.003,-0.014,0.017,-0.077,0.135,-0.212,-0.342,-0.115,-0.228,-0.033,-0.037,0.004,0.18,-0.105,-0.27,-0.375,0.0,0.11,0.011,0.099,0.11,-0.623,0.042,-0.203,0.245,-0.282,-0.13,-0.993,0.0,-0.618,-0.375,-0.993,16143,8023,8120
202650,Jantel Lavender,2026,-0.917,-0.124,-0.022,-0.102,-0.299,-0.118,-0.18,-0.495,0.01,-0.505,-0.072,-0.088,0.015,-0.019,0.146,-1.009,-0.862,0.0,0.006,0.029,-0.023,0.006,-0.213,-0.014,0.032,-0.046,-0.065,0.0,-0.065,-0.134,-0.002,-0.132,-0.012,0.02,-0.032,0.074,-0.008,-0.151,-0.159,0.0,0.026,-0.04,0.065,0.026,-1.13,-0.084,-0.068,-0.017,0.054,0.138,-1.021,0.0,-0.862,-0.159,-1.021,2522,1265,1257
1642290,Aaliyah Edwards,2026,0.247,-0.245,0.205,-0.45,-0.037,-0.036,-0.002,0.53,-0.067,0.598,-0.623,-0.192,-0.431,0.066,-0.066,-0.31,-0.375,0.0,-0.274,-0.129,-0.145,-0.274,-0.61,-0.177,-0.044,-0.133,-0.188,-0.096,-0.093,-0.245,0.037,-0.281,-0.264,-0.357,0.093,0.362,-0.16,-0.512,-0.672,0.0,0.331,0.016,0.315,0.331,-0.362,-0.886,-0.549,-0.338,0.427,-0.226,-1.047,0.0,-0.375,-0.672,-1.047,3644,1826,1818
1630462,Aari McDonald,2026,0.393,0.453,0.025,0.428,-0.341,-0.023,-0.319,0.281,0.007,0.274,-0.087,-0.01,-0.077,-0.336,-0.757,-0.029,-0.786,-0.0,-0.15,0.029,-0.179,-0.15,-0.272,0.213,-0.042,0.255,-0.059,0.021,-0.08,-0.427,-0.015,-0.412,-0.085,-0.002,-0.082,0.041,0.051,-0.316,-0.266,0.0,0.045,-0.052,0.097,0.045,0.12,-0.171,-0.012,-0.159,-0.295,-0.706,-1.052,-0.0,-0.786,-0.266,-1.052,6003,2992,3011
201911,Kristi Toliver,2026,-0.931,-0.379,0.09,-0.469,-0.401,-0.029,-0.371,-0.151,0.056,-0.207,-0.237,-0.136,-0.1,0.031,0.043,-1.136,-1.094,0.0,0.12,0.104,0.016,0.12,-0.097,0.075,0.01,0.065,0.052,-0.021,0.073,-0.225,-0.021,-0.203,-0.114,-0.121,0.007,0.257,-0.032,0.046,0.014,0.0,0.2,0.018,0.183,0.2,-1.028,-0.351,-0.258,-0.094,0.288,0.01,-1.08,0.0,-1.094,0.014,-1.08,4083,2058,2025
204325,Crystal Bradford,2026,-0.466,-0.122,0.021,-0.143,-0.066,-0.009,-0.057,-0.278,0.003,-0.281,-0.193,-0.087,-0.106,0.009,-0.006,-0.65,-0.656,0.0,0.063,0.043,0.02,0.063,-0.414,-0.099,-0.004,-0.095,-0.086,-0.019,-0.067,-0.228,0.003,-0.232,-0.044,-0.055,0.011,0.029,-0.005,-0.428,-0.433,0.0,0.012,0.018,-0.005,0.012,-0.88,-0.237,-0.142,-0.095,0.039,-0.01,-1.089,0.0,-0.656,-0.433,-1.089,1311,670,641
1629497,Marina Mabrey,2026,-0.392,0.055,-0.125,0.18,-0.435,-0.31,-0.124,-0.012,0.065,-0.077,0.195,0.068,0.127,-0.077,0.371,-0.273,0.098,-0.0,0.082,-0.044,0.126,0.082,-0.542,-0.897,-0.248,-0.649,0.107,-0.09,0.197,0.248,-0.035,0.283,-0.343,-0.323,-0.02,0.08,-0.39,-0.805,-1.194,-0.0,0.263,0.212,0.051,0.263,-0.934,-0.148,-0.255,0.107,0.004,-0.018,-1.096,-0.0,0.098,-1.194,-1.096,22908,11445,11463
204296,Rebecca Allen,2026,0.491,-0.139,0.13,-0.27,0.719,0.334,0.385,-0.089,0.039,-0.127,-0.154,-0.324,0.17,-0.228,-0.024,0.109,0.085,0.0,-0.068,-0.089,0.021,-0.068,-1.204,-0.611,-0.044,-0.567,0.022,-0.139,0.161,-0.615,-0.03,-0.585,-0.103,-0.061,-0.042,0.08,0.033,-1.227,-1.194,-0.0,-0.204,-0.059,-0.146,-0.204,-0.712,-0.257,-0.386,0.128,-0.148,0.009,-1.109,0.0,0.085,-1.194,-1.109,14172,7065,7107
1642303,Leïla Lacan,2026,-0.391,0.501,-0.017,0.517,-0.17,-0.226,0.056,-0.722,-0.06,-0.662,-0.134,0.069,-0.203,0.246,0.191,-0.279,-0.088,0.0,0.081,0.193,-0.111,0.081,-0.623,-0.165,0.005,-0.17,0.009,-0.098,0.107,-0.467,0.053,-0.52,-0.174,-0.262,0.088,-0.165,-0.059,-0.962,-1.022,-0.0,0.065,0.002,0.063,0.065,-1.014,-0.308,-0.193,-0.115,0.081,0.131,-1.11,0.0,-0.088,-1.022,-1.11,2947,1490,1457
203403,Tianna Hawkins,2026,-0.442,-0.013,-0.019,0.007,-0.372,-0.129,-0.244,-0.057,0.083,-0.14,0.102,0.15,-0.047,-0.04,0.027,-0.38,-0.352,0.0,-0.065,-0.068,0.003,-0.065,-0.864,-0.046,-0.006,-0.039,-0.165,-0.05,-0.116,-0.653,-0.036,-0.617,-0.111,-0.118,0.007,0.032,0.181,-0.943,-0.762,0.0,-0.097,0.095,-0.192,-0.097,-1.306,-0.009,0.031,-0.04,-0.007,0.208,-1.114,0.0,-0.352,-0.762,-1.114,4149,2097,2052
1631141,Jade Melbourne,2026,-0.227,-0.428,-0.012,-0.416,0.265,0.01,0.256,-0.064,-0.065,0.001,0.065,-0.041,0.106,-0.346,-0.649,-0.508,-1.157,0.0,-0.13,-0.178,0.048,-0.13,0.212,-0.39,0.072,-0.462,0.102,0.046,0.056,0.499,0.043,0.456,0.057,-0.041,0.097,-0.278,0.049,-0.01,0.039,0.0,-0.238,-0.023,-0.215,-0.238,-0.015,0.122,-0.082,0.203,-0.624,-0.6,-1.118,0.0,-1.157,0.039,-1.118,2610,1294,1316
202252,Alysha Clark,2026,-0.548,-0.578,-0.181,-0.397,-0.284,-0.024,-0.259,0.314,-0.019,0.333,-0.35,-0.118,-0.231,0.028,-0.535,-0.869,-1.405,0.0,0.106,0.117,-0.011,0.106,-0.339,0.417,0.086,0.331,-0.044,0.056,-0.101,-0.712,0.006,-0.718,0.109,0.05,0.058,0.173,0.342,-0.058,0.285,-0.0,0.048,-0.041,0.089,0.048,-0.887,-0.241,-0.068,-0.173,0.201,-0.193,-1.12,0.0,-1.405,0.285,-1.12,9680,4824,4856
1628278,Shatori Walker-Kimbrough,2026,-0.582,0.194,0.09,0.105,-0.154,-0.01,-0.144,-0.622,0.077,-0.699,-0.025,-0.033,0.009,-0.149,0.145,-0.756,-0.611,0.0,-0.09,-0.073,-0.017,-0.09,-0.457,-0.116,-0.009,-0.107,-0.116,0.055,-0.17,-0.225,-0.034,-0.191,-0.103,-0.042,-0.061,-0.001,0.046,-0.56,-0.514,0.0,-0.058,0.018,-0.076,-0.058,-1.039,-0.127,-0.075,-0.052,-0.15,0.191,-1.125,0.0,-0.611,-0.514,-1.125,4826,2423,2403
204320,Amanda Zahui B,2026,-0.883,-0.332,0.05,-0.383,-0.244,0.003,-0.248,-0.306,0.061,-0.367,-0.11,0.042,-0.152,0.01,-0.278,-0.983,-1.261,0.0,0.051,-0.039,0.09,0.051,-0.032,-0.046,0.033,-0.079,0.125,-0.009,0.134,-0.112,-0.021,-0.09,-0.113,-0.101,-0.012,0.367,-0.144,0.222,0.078,0.0,0.23,0.003,0.228,0.23,-0.915,-0.222,-0.059,-0.163,0.377,-0.422,-1.183,0.0,-1.261,0.078,-1.183,3816,1918,1898
1642800,Aneesah Morrow,2026,-1.098,0.102,0.103,-0.001,0.009,-0.008,0.017,-1.209,-0.093,-1.116,-0.13,0.268,-0.398,0.271,0.182,-0.957,-0.775,0.0,-0.237,-0.209,-0.027,-0.237,-0.54,-0.506,-0.076,-0.431,0.023,-0.116,0.138,-0.056,0.056,-0.112,-0.141,-0.077,-0.063,0.077,0.18,-0.604,-0.424,0.0,0.207,0.193,0.015,0.207,-1.638,-0.271,0.191,-0.461,0.348,0.362,-1.199,0.0,-0.775,-0.424,-1.199,4011,2016,1995
1643429,Gianna Kneepkens,2026,-0.609,-0.234,0.181,-0.415,-0.112,0.008,-0.12,-0.264,-0.049,-0.215,-0.18,0.027,-0.207,0.27,0.008,-0.52,-0.512,0.0,-0.14,0.003,-0.143,-0.14,-0.613,-0.258,-0.051,-0.207,-0.18,-0.041,-0.139,-0.175,0.024,-0.198,-0.111,-0.141,0.03,-0.146,0.162,-0.87,-0.708,0.0,-0.101,-0.01,-0.091,-0.101,-1.223,-0.291,-0.114,-0.177,0.124,0.17,-1.219,0.0,-0.512,-0.708,-1.219,551,279,272
203389,Yvonne Turner,2026,-0.581,-0.084,-0.053,-0.031,-0.195,-0.112,-0.083,-0.302,0.013,-0.314,-0.119,0.011,-0.13,0.066,-0.197,-0.634,-0.83,0.0,0.025,0.052,-0.027,0.025,-0.493,-0.045,0.022,-0.066,-0.025,-0.009,-0.016,-0.423,-0.004,-0.419,-0.063,-0.019,-0.044,0.073,0.09,-0.483,-0.393,0.0,0.098,0.039,0.06,0.098,-1.074,-0.181,-0.008,-0.174,0.139,-0.106,-1.223,0.0,-0.83,-0.393,-1.223,1412,707,705
1629567,Natisha Hiedeman,2026,-0.379,0.228,0.116,0.111,-0.625,-0.109,-0.516,0.018,0.055,-0.037,-0.187,-0.113,-0.074,-0.126,-0.407,-0.692,-1.099,0.0,-0.085,-0.004,-0.081,-0.085,0.559,-0.091,-0.042,-0.048,-0.054,-0.007,-0.047,0.704,-0.029,0.733,-0.18,-0.05,-0.13,-0.259,-0.27,0.12,-0.15,0.0,-0.134,-0.156,0.023,-0.134,0.18,-0.367,-0.162,-0.204,-0.385,-0.676,-1.248,0.0,-1.099,-0.15,-1.248,15331,7700,7631
1628263,Lindsay Allen,2026,0.116,0.209,0.013,0.196,-0.332,-0.346,0.014,0.239,0.087,0.152,-0.07,-0.121,0.051,-0.444,-0.369,-0.398,-0.767,0.0,-0.132,-0.123,-0.009,-0.132,-0.177,-0.104,0.007,-0.111,-0.111,0.016,-0.127,0.038,-0.036,0.074,-0.114,-0.003,-0.111,-0.216,-0.004,-0.507,-0.511,0.0,-0.125,0.091,-0.216,-0.125,-0.061,-0.184,-0.124,-0.06,-0.659,-0.373,-1.278,0.0,-0.767,-0.511,-1.278,9033,4430,4603
1629478,Katie Lou Samuelson,2026,0.456,0.738,0.162,0.576,-0.127,-0.085,-0.041,-0.155,0.084,-0.239,-0.315,-0.278,-0.037,-0.737,-0.132,-0.596,-0.729,0.0,-0.372,-0.195,-0.177,-0.372,-0.359,0.172,0.108,0.063,-0.178,0.015,-0.193,-0.353,-0.021,-0.332,-0.07,-0.025,-0.046,0.159,-0.281,-0.27,-0.551,0.0,0.008,0.087,-0.079,0.008,0.097,-0.385,-0.303,-0.082,-0.579,-0.413,-1.28,0.0,-0.729,-0.551,-1.28,9810,4901,4909
1629479,Teaira McCowan,2026,0.486,0.638,0.21,0.429,-0.235,-0.165,-0.07,0.082,0.139,-0.056,-0.136,0.005,-0.141,-0.8,0.968,-0.45,0.519,-0.0,-0.482,-0.476,-0.006,-0.482,-1.599,-0.697,0.002,-0.698,-0.15,0.062,-0.213,-0.752,-0.074,-0.678,-0.217,-0.104,-0.113,-0.031,0.047,-1.848,-1.801,-0.0,-0.203,-0.085,-0.117,-0.203,-1.113,-0.353,-0.099,-0.254,-0.832,1.016,-1.282,-0.0,0.519,-1.801,-1.282,15871,7953,7918
203035,Shey Peddy,2026,-1.202,-0.021,0.123,-0.144,-0.598,0.224,-0.822,-0.583,0.013,-0.596,0.151,0.102,0.049,-0.174,0.225,-1.225,-1.0,0.0,-0.259,-0.038,-0.221,-0.259,-0.219,0.002,-0.026,0.028,-0.028,-0.072,0.044,-0.193,-0.006,-0.187,-0.108,-0.096,-0.012,0.161,-0.238,-0.167,-0.404,0.0,0.188,-0.067,0.255,0.188,-1.421,0.043,0.006,0.037,-0.014,-0.013,-1.404,0.0,-1.0,-0.404,-1.404,5494,2754,2740
1641651,Jordan Horston,2026,-1.966,-0.227,-0.105,-0.122,-1.023,0.026,-1.049,-0.716,-0.118,-0.597,0.442,0.185,0.257,0.577,-0.209,-0.947,-1.156,0.0,0.304,0.136,0.169,0.304,0.697,0.042,0.082,-0.04,-0.055,-0.024,-0.031,0.709,0.069,0.64,-0.143,-0.073,-0.07,-0.398,-0.413,0.155,-0.258,-0.0,-0.219,-0.193,-0.026,-0.219,-1.269,0.299,0.112,0.187,0.179,-0.623,-1.414,0.0,-1.156,-0.258,-1.414,6446,3232,3214
1628927,Victoria Vivians,2026,-1.211,-0.044,0.109,-0.154,-0.492,-0.193,-0.299,-0.675,0.072,-0.747,-0.109,-0.034,-0.075,-0.128,0.409,-1.449,-1.04,-0.0,-0.177,-0.045,-0.132,-0.177,-0.157,-0.044,0.002,-0.045,0.14,0.051,0.089,-0.253,-0.034,-0.219,-0.054,-0.055,0.001,0.069,-0.233,-0.142,-0.375,0.0,0.046,0.007,0.039,0.046,-1.368,-0.163,-0.089,-0.074,-0.059,0.176,-1.415,0.0,-1.04,-0.375,-1.415,9546,4736,4810
1628317,Karlie Samuelson,2026,-0.817,-0.139,-0.179,0.041,-0.636,-0.063,-0.573,-0.042,0.056,-0.098,0.047,0.071,-0.024,-0.448,-0.617,-1.218,-1.835,0.0,-0.095,-0.176,0.08,-0.095,0.124,-0.292,0.125,-0.417,0.105,-0.071,0.175,0.311,-0.013,0.324,-0.103,-0.083,-0.02,0.315,0.06,0.336,0.396,-0.0,0.18,0.042,0.138,0.18,-0.693,-0.057,-0.013,-0.044,-0.133,-0.557,-1.439,0.0,-1.835,0.396,-1.439,6915,3437,3478
1628922,Azurá Stevens,2026,-0.052,0.489,0.162,0.327,-0.48,0.164,-0.644,-0.062,0.047,-0.109,-0.153,0.023,-0.175,-0.011,-0.644,-0.216,-0.859,0.0,-0.017,-0.148,0.131,-0.017,-0.405,-0.04,-0.213,0.173,-0.321,-0.184,-0.137,-0.044,-0.015,-0.029,0.051,0.156,-0.104,0.124,-0.353,-0.23,-0.583,-0.0,0.194,0.076,0.118,0.194,-0.457,-0.101,0.179,-0.28,0.113,-0.997,-1.443,0.0,-0.859,-0.583,-1.443,18128,8981,9147
204319,Jewell Loyd,2026,-2.802,-1.312,-0.205,-1.107,-0.2,-0.064,-0.136,-1.289,0.09,-1.379,0.588,0.094,0.494,-0.181,0.698,-2.395,-1.697,0.0,-0.099,-0.11,0.011,-0.099,0.228,-0.265,0.006,-0.27,0.436,0.166,0.27,0.057,-0.071,0.127,0.133,0.103,0.03,0.071,-0.18,0.431,0.251,-0.0,0.038,0.105,-0.067,0.038,-2.574,0.72,0.197,0.524,-0.111,0.518,-1.446,-0.0,-1.697,0.251,-1.446,24920,12557,12363
204323,Cheyenne Parker-Tyus,2026,-1.126,-0.526,-0.093,-0.433,-0.792,-0.468,-0.325,0.193,0.216,-0.023,0.277,0.489,-0.212,-0.355,-0.124,-1.203,-1.327,0.0,0.047,0.084,-0.036,0.047,-0.268,0.124,0.081,0.044,-0.051,0.081,-0.132,-0.342,-0.1,-0.241,-0.197,-0.222,0.025,0.246,0.091,-0.219,-0.128,-0.0,0.053,0.044,0.009,0.053,-1.394,0.08,0.268,-0.188,-0.109,-0.033,-1.455,0.0,-1.327,-0.128,-1.455,13958,6952,7006
1641658,Grace Berger,2026,-0.065,0.44,0.129,0.311,0.073,0.062,0.011,-0.578,0.003,-0.581,-0.193,-0.13,-0.063,0.26,-0.466,0.002,-0.463,0.0,0.258,-0.046,0.304,0.258,-0.995,-0.208,0.061,-0.269,-0.103,-0.045,-0.058,-0.685,0.017,-0.702,-0.053,-0.014,-0.04,-0.085,0.12,-1.134,-1.014,0.0,-0.099,0.017,-0.116,-0.099,-1.06,-0.246,-0.143,-0.102,0.174,-0.345,-1.477,0.0,-0.463,-1.014,-1.477,1850,919,931
1631031,Queen Egbo,2026,-1.086,-0.407,0.07,-0.477,-0.398,-0.085,-0.314,-0.281,0.032,-0.313,-0.016,0.163,-0.18,0.112,-0.003,-0.991,-0.994,-0.0,-0.096,-0.043,-0.052,-0.096,-0.372,-0.239,-0.046,-0.193,-0.162,0.016,-0.179,0.03,-0.016,0.046,-0.051,-0.086,0.035,0.021,-0.124,-0.402,-0.527,0.0,0.071,0.02,0.051,0.071,-1.458,-0.067,0.078,-0.145,0.132,-0.127,-1.521,-0.0,-0.994,-0.527,-1.521,4454,2191,2263
1630143,Luisa Geiselsöder,2026,0.306,0.272,0.037,0.236,0.045,0.097,-0.052,-0.011,-0.102,0.09,-0.046,-0.165,0.119,-0.018,-0.348,0.241,-0.106,0.0,-0.329,-0.283,-0.045,-0.329,-1.347,-0.362,-0.023,-0.339,-0.242,-0.224,-0.019,-0.742,0.082,-0.824,-0.093,-0.036,-0.058,-0.159,0.177,-1.6,-1.423,-0.0,0.018,-0.153,0.171,0.018,-1.041,-0.14,-0.201,0.061,-0.177,-0.171,-1.529,0.0,-0.106,-1.423,-1.529,4644,2298,2346
1627669,Moriah Jefferson,2026,-0.101,-0.368,-0.196,-0.172,-0.269,-0.452,0.183,0.536,0.168,0.367,-0.077,-0.117,0.039,-0.914,-0.117,-1.092,-1.21,0.0,-0.473,-0.19,-0.283,-0.473,-0.163,-0.113,0.016,-0.128,0.166,0.087,0.079,-0.217,-0.095,-0.122,-0.122,-0.235,0.113,-0.018,-0.062,-0.303,-0.366,0.0,-0.064,-0.028,-0.036,-0.064,-0.264,-0.199,-0.352,0.153,-0.933,-0.18,-1.575,0.0,-1.21,-0.366,-1.575,13503,6689,6814
204329,Kiah Stokes,2026,-1.273,-1.008,-0.292,-0.717,-0.397,0.102,-0.499,0.133,-0.085,0.218,0.408,0.056,0.352,0.115,-0.953,-0.749,-1.702,0.0,0.145,0.031,0.114,0.145,0.178,0.355,0.206,0.149,0.434,0.198,0.236,-0.611,0.002,-0.612,0.091,-0.034,0.125,-0.058,-0.094,0.211,0.117,-0.0,0.065,-0.024,0.089,0.065,-1.095,0.499,0.022,0.477,0.057,-1.047,-1.585,0.0,-1.702,0.117,-1.585,16843,8547,8296
1628279,Brittney Sykes,2026,-0.794,-0.448,0.13,-0.578,-0.49,0.099,-0.588,0.144,0.035,0.109,0.299,0.176,0.123,-0.474,-0.472,-0.969,-1.441,0.0,-0.191,-0.11,-0.081,-0.191,-0.244,-0.25,-0.037,-0.213,-0.273,-0.039,-0.234,0.279,-0.017,0.296,-0.251,-0.333,0.082,0.302,0.043,-0.193,-0.15,-0.0,0.398,0.144,0.254,0.398,-1.038,0.048,-0.157,0.205,-0.172,-0.429,-1.591,0.0,-1.441,-0.15,-1.591,22406,11258,11148
1642782,Sarah Ashlee Barker,2026,-0.717,-0.31,0.228,-0.537,0.153,0.309,-0.156,-0.56,-0.104,-0.456,-0.112,0.042,-0.154,0.142,0.27,-0.687,-0.417,0.0,-0.09,0.037,-0.127,-0.09,-0.621,0.106,0.053,0.054,-0.262,-0.086,-0.176,-0.466,0.061,-0.527,-0.051,-0.057,0.006,-0.221,-0.319,-0.893,-1.212,0.0,-0.079,-0.035,-0.044,-0.079,-1.338,-0.163,-0.015,-0.148,-0.079,-0.049,-1.629,0.0,-0.417,-1.212,-1.629,1815,875,940
1630134,Sug Sutton,2026,-0.869,-0.202,0.154,-0.356,-0.55,-0.194,-0.356,-0.118,0.049,-0.166,-0.034,0.188,-0.222,-0.288,-0.074,-1.191,-1.264,-0.0,-0.237,-0.061,-0.176,-0.237,-0.484,-0.207,0.028,-0.235,-0.248,-0.046,-0.202,-0.029,0.008,-0.037,0.115,-0.057,0.172,-0.083,0.08,-0.451,-0.372,-0.0,-0.011,-0.021,0.01,-0.011,-1.353,0.081,0.131,-0.05,-0.37,0.006,-1.636,-0.0,-1.264,-0.372,-1.636,7915,3899,4016
1642244,Sevgi Uzun,2026,-1.126,-0.255,-0.042,-0.214,-0.225,-0.019,-0.207,-0.645,-0.063,-0.582,-0.261,-0.363,0.102,-0.225,0.667,-1.612,-0.945,0.0,-0.27,-0.186,-0.084,-0.27,-0.219,-0.068,-0.006,-0.062,-0.15,-0.007,-0.142,-0.002,0.034,-0.035,-0.071,-0.006,-0.065,-0.194,-0.233,-0.483,-0.716,0.0,-0.199,-0.036,-0.163,-0.199,-1.345,-0.332,-0.369,0.037,-0.418,0.434,-1.661,0.0,-0.945,-0.716,-1.661,3081,1514,1567
1630446,Michaela Onyenwere,2026,-0.241,0.177,-0.109,0.286,-0.551,-0.232,-0.319,0.132,0.048,0.084,-0.191,0.06,-0.251,-0.47,-0.02,-0.902,-0.922,-0.0,-0.277,-0.091,-0.186,-0.277,-0.697,-0.2,0.005,-0.204,-0.283,0.067,-0.35,-0.214,-0.013,-0.201,-0.124,-0.093,-0.032,-0.103,0.154,-0.925,-0.77,0.0,-0.068,0.09,-0.158,-0.068,-0.938,-0.315,-0.032,-0.283,-0.573,0.134,-1.692,-0.0,-0.922,-0.77,-1.692,14644,7145,7499
1643428,Flau'jae Johnson,2026,-1.237,-0.153,-0.161,0.008,-0.784,0.001,-0.785,-0.3,-0.207,-0.094,0.035,0.004,0.031,0.472,-0.474,-0.73,-1.204,0.0,0.106,0.022,0.085,0.106,0.291,-0.131,0.066,-0.197,-0.229,-0.071,-0.158,0.65,0.107,0.543,-0.211,-0.073,-0.138,-0.33,-0.256,-0.25,-0.506,-0.0,-0.223,-0.146,-0.078,-0.223,-0.946,-0.177,-0.069,-0.107,0.142,-0.73,-1.711,-0.0,-1.204,-0.506,-1.711,2074,1031,1043
204365,Erica Wheeler,2026,-0.603,0.144,-0.065,0.209,-0.476,-0.193,-0.283,-0.271,0.064,-0.335,-0.096,0.067,-0.163,-0.343,-0.156,-1.042,-1.198,0.0,-0.516,-0.017,-0.499,-0.516,0.046,0.138,0.165,-0.027,0.071,0.032,0.039,-0.163,-0.035,-0.128,-0.394,-0.287,-0.106,0.156,-0.329,-0.191,-0.52,0.0,0.111,-0.046,0.157,0.111,-0.557,-0.49,-0.22,-0.27,-0.186,-0.485,-1.718,0.0,-1.198,-0.52,-1.718,19655,9800,9855
1627671,Rachel Banham,2026,-0.321,-0.048,-0.058,0.01,-0.554,-0.052,-0.502,0.281,-0.069,0.35,-0.185,-0.032,-0.153,-0.464,0.106,-0.97,-0.864,-0.0,-0.453,-0.34,-0.113,-0.453,-0.619,-0.32,0.028,-0.349,-0.263,-0.004,-0.259,-0.035,0.043,-0.078,-0.022,0.045,-0.067,-0.497,0.248,-1.138,-0.89,0.0,-0.481,-0.071,-0.41,-0.481,-0.939,-0.207,0.013,-0.22,-0.962,0.355,-1.754,0.0,-0.864,-0.89,-1.754,6786,3292,3494
204333,Natasha Cloud,2026,-1.322,-0.018,-0.139,0.121,0.136,0.18,-0.044,-1.44,-0.031,-1.409,0.049,-0.067,0.115,0.606,-1.075,-0.667,-1.742,-0.0,0.602,0.124,0.478,0.602,0.075,0.162,0.248,-0.085,0.007,-0.057,0.063,-0.094,0.017,-0.111,-0.035,-0.015,-0.02,0.224,-0.358,0.265,-0.093,-0.0,-0.07,0.035,-0.105,-0.07,-1.247,0.014,-0.082,0.096,0.831,-1.432,-1.835,-0.0,-1.742,-0.093,-1.835,27173,13608,13565
1643493,Noemie Brochant,2026,-0.735,-0.655,-0.224,-0.431,0.375,-0.16,0.535,-0.455,-0.078,-0.378,0.202,0.09,0.111,-0.019,-0.203,-0.552,-0.755,-0.0,-0.229,-0.032,-0.197,-0.229,-0.866,-0.023,-0.034,0.011,-0.233,-0.011,-0.222,-0.61,0.041,-0.651,-0.011,0.125,-0.135,-0.068,-0.165,-0.945,-1.111,0.0,0.023,-0.043,0.066,0.023,-1.601,0.191,0.215,-0.024,-0.087,-0.368,-1.866,0.0,-0.755,-1.111,-1.866,1234,617,617
203829,Bria Hartley,2026,-0.602,0.221,-0.12,0.341,-0.443,-0.089,-0.354,-0.38,-0.066,-0.314,-0.461,-0.574,0.114,-0.225,0.019,-1.287,-1.268,-0.0,-0.228,-0.124,-0.104,-0.228,-0.747,-0.394,-0.09,-0.304,-0.077,-0.152,0.074,-0.275,0.029,-0.304,-0.015,-0.056,0.041,-0.138,0.131,-0.9,-0.769,0.0,0.01,-0.008,0.018,0.01,-1.349,-0.475,-0.63,0.155,-0.363,0.15,-2.037,0.0,-1.268,-0.769,-2.037,4440,2249,2191
1641657,Dorka Juhász,2026,-1.13,-0.571,-0.004,-0.567,0.063,0.011,0.053,-0.622,0.108,-0.729,0.146,0.08,0.065,-0.288,-0.419,-1.272,-1.691,0.0,-0.045,-0.155,0.11,-0.045,-0.455,0.101,-0.011,0.112,-0.35,0.008,-0.358,-0.206,-0.059,-0.147,0.063,0.078,-0.015,0.036,-0.036,-0.355,-0.391,0.0,0.007,0.092,-0.085,0.007,-1.584,0.209,0.159,0.051,-0.252,-0.455,-2.082,0.0,-1.691,-0.391,-2.082,5217,2600,2617
1641650,Haley Jones,2026,-1.004,0.5,-0.082,0.582,-0.419,-0.296,-0.122,-1.085,-0.009,-1.076,0.085,0.143,-0.058,-0.028,-0.872,-0.947,-1.819,-0.0,0.078,-0.023,0.102,0.078,-0.433,0.123,0.067,0.057,0.071,-0.103,0.174,-0.627,0.028,-0.655,-0.097,-0.028,-0.069,-0.035,0.252,-0.565,-0.313,0.0,-0.28,-0.117,-0.163,-0.28,-1.437,-0.012,0.115,-0.127,-0.063,-0.619,-2.132,-0.0,-1.819,-0.313,-2.132,6558,3257,3301
202658,Danielle Robinson,2026,-1.36,-0.513,0.097,-0.61,-0.579,-0.275,-0.303,-0.269,0.189,-0.458,0.133,0.429,-0.296,-0.144,-0.404,-1.371,-1.775,-0.0,0.069,0.075,-0.006,0.069,-0.546,-0.227,-0.004,-0.223,-0.08,0.105,-0.185,-0.238,-0.093,-0.145,-0.076,-0.133,0.058,0.205,-0.023,-0.417,-0.44,0.0,0.078,-0.027,0.105,0.078,-1.906,0.058,0.296,-0.238,0.06,-0.427,-2.215,-0.0,-1.775,-0.44,-2.215,11931,5909,6022
1629482,Sophie Cunningham,2026,-1.258,-0.324,-0.178,-0.146,-0.107,0.131,-0.238,-0.827,-0.044,-0.783,-0.291,-0.209,-0.082,-0.267,0.198,-1.815,-1.618,0.0,-0.506,0.004,-0.51,-0.506,-0.592,0.0,0.029,-0.029,-0.274,0.016,-0.29,-0.318,-0.016,-0.302,0.096,0.085,0.01,0.121,-0.273,-0.375,-0.648,-0.0,0.087,-0.005,0.091,0.087,-1.85,-0.195,-0.124,-0.071,-0.146,-0.075,-2.266,0.0,-1.618,-0.648,-2.266,13830,6919,6911
204330,Isabelle Harrison,2026,-0.33,-0.181,0.001,-0.182,0.149,-0.021,0.17,-0.298,-0.0,-0.298,-0.169,-0.126,-0.042,-0.551,-0.555,-1.049,-1.605,0.0,-0.276,-0.034,-0.242,-0.276,-0.273,-0.334,-0.024,-0.31,-0.047,0.029,-0.076,0.109,0.003,0.106,-0.055,-0.082,0.027,-0.202,-0.174,-0.529,-0.704,0.0,-0.068,0.045,-0.113,-0.068,-0.602,-0.223,-0.208,-0.015,-0.753,-0.73,-2.308,0.0,-1.605,-0.704,-2.308,4629,2306,2323
1642289,Kamilla Cardoso,2026,-1.382,-0.433,0.318,-0.751,-0.075,-0.264,0.19,-0.875,-0.085,-0.79,-0.456,-0.11,-0.346,0.39,-0.193,-1.448,-1.641,0.0,0.152,0.12,0.032,0.152,-0.403,-0.07,0.086,-0.156,-0.063,-0.026,-0.036,-0.27,0.099,-0.369,-0.085,-0.082,-0.004,-0.482,0.073,-0.97,-0.896,-0.0,-0.225,-0.027,-0.198,-0.225,-1.785,-0.541,-0.192,-0.349,-0.092,-0.119,-2.537,-0.0,-1.641,-0.896,-2.537,11208,5481,5727
1642809,Saniya Rivers,2026,-1.29,-0.486,-0.262,-0.225,-0.373,-0.325,-0.048,-0.43,-0.106,-0.325,-0.268,0.19,-0.458,0.323,-0.048,-1.234,-1.282,0.0,-0.034,0.007,-0.042,-0.034,-1.216,-0.653,-0.034,-0.618,-0.532,-0.163,-0.369,-0.032,0.078,-0.11,-0.297,-0.354,0.057,0.141,0.092,-1.372,-1.281,0.0,0.368,0.142,0.225,0.368,-2.506,-0.565,-0.164,-0.401,0.464,0.044,-2.563,0.0,-1.282,-1.281,-2.563,4887,2428,2459
1629568,Kennedy Burke,2026,-1.987,-0.694,0.03,-0.724,-0.623,0.016,-0.64,-0.67,-0.079,-0.591,0.173,0.183,-0.009,-0.064,0.451,-1.878,-1.427,0.0,-0.414,-0.282,-0.132,-0.414,-0.875,-0.328,-0.022,-0.306,-0.461,-0.057,-0.404,-0.086,0.045,-0.131,-0.217,-0.246,0.029,0.014,-0.073,-1.079,-1.152,0.0,0.104,0.173,-0.069,0.104,-2.862,-0.044,-0.064,0.02,-0.051,0.377,-2.579,0.0,-1.427,-1.152,-2.579,3191,1603,1588
202250,Tina Charles,2026,-2.217,-0.567,-0.586,0.019,-0.976,-0.648,-0.328,-0.674,0.072,-0.746,-0.046,-0.039,-0.007,0.027,0.151,-2.237,-2.086,-0.0,0.043,0.186,-0.144,0.043,-0.801,-0.051,-0.008,-0.043,0.108,-0.08,0.188,-0.857,-0.006,-0.852,-0.106,-0.018,-0.088,-0.077,0.358,-0.984,-0.625,0.0,-0.079,-0.057,-0.022,-0.079,-3.018,-0.153,-0.057,-0.096,-0.05,0.509,-2.712,-0.0,-2.086,-0.625,-2.712,20025,10016,10009
1643449,Charlisse Leger-Walker,2026,-1.719,-0.665,0.055,-0.72,-0.482,-0.105,-0.377,-0.572,-0.023,-0.549,-0.178,0.19,-0.367,-0.215,-0.089,-2.111,-2.2,0.0,-0.486,-0.079,-0.408,-0.486,-0.412,-0.179,-0.029,-0.15,-0.059,-0.02,-0.039,-0.173,0.026,-0.199,-0.06,-0.103,0.043,-0.078,0.006,-0.55,-0.544,0.0,0.027,0.027,0.0,0.027,-2.131,-0.238,0.087,-0.325,-0.293,-0.083,-2.744,0.0,-2.2,-0.544,-2.744,693,344,349
1628915,Kia Nurse,2026,-0.806,-0.536,-0.167,-0.368,-0.463,0.074,-0.536,0.192,0.065,0.127,-0.197,0.136,-0.333,-0.427,-0.317,-1.43,-1.747,-0.0,-0.231,0.159,-0.39,-0.231,-1.589,-0.231,-0.058,-0.173,-0.046,-0.04,-0.007,-1.312,-0.036,-1.276,0.085,0.029,0.057,0.138,0.279,-1.366,-1.086,0.0,-0.047,-0.173,0.126,-0.047,-2.396,-0.111,0.165,-0.276,-0.288,-0.038,-2.833,-0.0,-1.747,-1.086,-2.833,14525,7188,7337
1627676,Tiffany Mitchell,2026,-2.029,-0.53,-0.172,-0.358,-0.715,-0.268,-0.447,-0.784,0.117,-0.902,-0.148,-0.06,-0.088,-0.516,-0.2,-2.693,-2.894,-0.0,-0.38,-0.084,-0.296,-0.38,-0.107,0.042,0.016,0.026,0.042,0.05,-0.008,-0.191,-0.065,-0.126,0.033,0.017,0.015,0.034,-0.2,-0.04,-0.24,0.0,-0.012,-0.042,0.03,-0.012,-2.136,-0.115,-0.043,-0.073,-0.482,-0.4,-3.133,-0.0,-2.894,-0.24,-3.133,8424,4156,4268
1642292,Jacy Sheldon,2026,-1.721,-0.095,-0.126,0.031,-0.908,-0.164,-0.744,-0.718,-0.132,-0.586,0.368,0.426,-0.058,0.515,-0.705,-0.838,-1.543,0.0,0.113,-0.038,0.151,0.113,-0.459,-0.265,0.017,-0.281,-0.155,-0.077,-0.078,-0.039,0.084,-0.124,-0.341,-0.284,-0.057,-0.231,-0.622,-1.031,-1.654,-0.0,-0.019,-0.053,0.033,-0.019,-2.18,0.027,0.142,-0.115,0.284,-1.327,-3.196,0.0,-1.543,-1.654,-3.196,8040,4008,4032
1641649,Diamond Miller,2026,-1.249,-0.386,0.117,-0.503,0.143,-0.307,0.45,-1.006,0.048,-1.054,-0.285,0.402,-0.688,0.134,-0.131,-1.401,-1.532,0.0,-0.162,0.359,-0.522,-0.162,-1.095,-0.279,-0.052,-0.227,-0.444,-0.032,-0.412,-0.372,0.002,-0.374,-0.21,-0.277,0.068,-0.105,-0.277,-1.41,-1.687,-0.0,0.145,0.02,0.125,0.145,-2.344,-0.495,0.125,-0.62,0.029,-0.409,-3.219,-0.0,-1.532,-1.687,-3.219,7796,3855,3941
1631135,Olivia Nelson-Ododa,2026,-1.581,-0.185,-0.195,0.01,-0.413,-0.253,-0.16,-0.983,-0.026,-0.957,-0.15,0.026,-0.176,-0.33,-0.038,-2.061,-2.1,0.0,-0.152,0.079,-0.23,-0.152,-0.563,-0.024,-0.085,0.06,-0.351,-0.134,-0.217,-0.188,0.03,-0.218,-0.102,-0.155,0.052,-0.12,-0.367,-0.786,-1.153,-0.0,0.066,-0.151,0.217,0.066,-2.145,-0.252,-0.129,-0.123,-0.45,-0.406,-3.253,-0.0,-2.1,-1.153,-3.253,4332,2154,2178
204322,Elizabeth Williams,2026,-1.924,-0.904,-0.172,-0.733,-0.476,-0.392,-0.084,-0.543,0.156,-0.699,-0.809,-0.388,-0.422,0.063,-0.578,-2.671,-3.248,0.0,0.278,0.165,0.114,0.278,-0.492,-0.208,-0.022,-0.187,-0.066,0.077,-0.144,-0.217,-0.085,-0.131,-0.099,-0.2,0.102,0.088,0.012,-0.503,-0.491,-0.0,0.021,0.052,-0.031,0.021,-2.415,-0.908,-0.588,-0.32,0.15,-0.566,-3.739,0.0,-3.248,-0.491,-3.739,13730,6855,6875
